build job id: 96056385463
﻿2026-08-19T11:46:32.0364704Z Current runner version: '2.336.0'
2026-08-19T11:46:32.0391640Z ##[group]Runner Image Provisioner
2026-08-19T11:46:32.0392994Z Hosted Compute Agent
2026-08-19T11:46:32.0393611Z Version: 20260729.566
2026-08-19T11:46:32.0394312Z Commit: cf7153fe6e25b664e8693c24944bf2b00355d109
2026-08-19T11:46:32.0395030Z Build Date: 2026-07-29T19:17:02Z
2026-08-19T11:46:32.0395686Z Worker ID: {ab42f4fb-6f41-4983-bb7a-d380ddb156ac}
2026-08-19T11:46:32.0396459Z Azure Region: westus
2026-08-19T11:46:32.0397049Z ##[endgroup]
2026-08-19T11:46:32.0398718Z ##[group]Operating System
2026-08-19T11:46:32.0399371Z Ubuntu
2026-08-19T11:46:32.0399876Z 24.04.4
2026-08-19T11:46:32.0400849Z LTS
2026-08-19T11:46:32.0401363Z ##[endgroup]
2026-08-19T11:46:32.0402110Z ##[group]Runner Image
2026-08-19T11:46:32.0402801Z Image: ubuntu-24.04
2026-08-19T11:46:32.0403356Z Version: 20260810.271.1
2026-08-19T11:46:32.0404639Z Included Software: https://github.com/actions/runner-images/blob/ubuntu24/20260810.271/images/ubuntu/Ubuntu2404-Readme.md
2026-08-19T11:46:32.0406170Z Image Release: https://github.com/actions/runner-images/releases/tag/ubuntu24%2F20260810.271
2026-08-19T11:46:32.0407164Z ##[endgroup]
2026-08-19T11:46:32.0408314Z ##[group]GITHUB_TOKEN Permissions
2026-08-19T11:46:32.0410710Z Actions: read
2026-08-19T11:46:32.0411339Z Contents: write
2026-08-19T11:46:32.0412225Z Metadata: read
2026-08-19T11:46:32.0412808Z ##[endgroup]
2026-08-19T11:46:32.0414984Z Secret source: Actions
2026-08-19T11:46:32.0416210Z Prepare workflow directory
2026-08-19T11:46:32.0777386Z Prepare all required actions
2026-08-19T11:46:32.0829519Z Getting action download info
2026-08-19T11:46:32.4408529Z Download action repository 'actions/checkout@v6' (SHA:d23441a48e516b6c34aea4fa41551a30e30af803)
2026-08-19T11:46:32.6857699Z Complete job name: OP-ACE-3-PRO-6.1.75 KSUN no-wakelock-timeout
2026-08-19T11:46:32.7709598Z ##[group]Run actions/checkout@v6
2026-08-19T11:46:32.7710492Z with:
2026-08-19T11:46:32.7710920Z   fetch-depth: 1
2026-08-19T11:46:32.7711414Z   repository: net00188/OnePlus_KernelSU_SUSFS
2026-08-19T11:46:32.7715646Z   token: ***
2026-08-19T11:46:32.7716083Z   ssh-strict: true
2026-08-19T11:46:32.7716523Z   ssh-user: git
2026-08-19T11:46:32.7716962Z   persist-credentials: true
2026-08-19T11:46:32.7717451Z   clean: true
2026-08-19T11:46:32.7717890Z   sparse-checkout-cone-mode: true
2026-08-19T11:46:32.7718414Z   fetch-tags: false
2026-08-19T11:46:32.7718852Z   show-progress: true
2026-08-19T11:46:32.7719298Z   lfs: false
2026-08-19T11:46:32.7719693Z   submodules: false
2026-08-19T11:46:32.7720142Z   set-safe-directory: true
2026-08-19T11:46:32.7720651Z   allow-unsafe-pr-checkout: false
2026-08-19T11:46:32.7721509Z ##[endgroup]
2026-08-19T11:46:32.8770915Z Syncing repository: net00188/OnePlus_KernelSU_SUSFS
2026-08-19T11:46:32.8773256Z ##[group]Getting Git version info
2026-08-19T11:46:32.8774460Z Working directory is '/home/runner/work/OnePlus_KernelSU_SUSFS/OnePlus_KernelSU_SUSFS'
2026-08-19T11:46:32.8776495Z [command]/usr/bin/git version
2026-08-19T11:46:32.8919897Z git version 2.54.0
2026-08-19T11:46:32.8977807Z ##[endgroup]
2026-08-19T11:46:32.8994727Z Temporarily overriding HOME='/home/runner/work/_temp/5267eb81-a0c9-4685-b766-e4e8e8179fbc' before making global git config changes
2026-08-19T11:46:32.8997063Z Adding repository directory to the temporary git global config as a safe directory
2026-08-19T11:46:32.9001703Z [command]/usr/bin/git config --global --add safe.directory /home/runner/work/OnePlus_KernelSU_SUSFS/OnePlus_KernelSU_SUSFS
2026-08-19T11:46:32.9067716Z Deleting the contents of '/home/runner/work/OnePlus_KernelSU_SUSFS/OnePlus_KernelSU_SUSFS'
2026-08-19T11:46:32.9074829Z ##[group]Determining repository object format
2026-08-19T11:46:32.9082933Z ##[endgroup]
2026-08-19T11:46:32.9084273Z ##[group]Initializing the repository
2026-08-19T11:46:32.9085490Z [command]/usr/bin/git init /home/runner/work/OnePlus_KernelSU_SUSFS/OnePlus_KernelSU_SUSFS
2026-08-19T11:46:32.9237536Z hint: Using 'master' as the name for the initial branch. This default branch name
2026-08-19T11:46:32.9239513Z hint: will change to "main" in Git 3.0. To configure the initial branch name
2026-08-19T11:46:32.9240539Z hint: to use in all of your new repositories, which will suppress this warning,
2026-08-19T11:46:32.9241323Z hint: call:
2026-08-19T11:46:32.9241743Z hint:
2026-08-19T11:46:32.9242623Z hint: 	git config --global init.defaultBranch <name>
2026-08-19T11:46:32.9243279Z hint:
2026-08-19T11:46:32.9243884Z hint: Names commonly chosen instead of 'master' are 'main', 'trunk' and
2026-08-19T11:46:32.9245475Z hint: 'development'. The just-created branch can be renamed via this command:
2026-08-19T11:46:32.9246891Z hint:
2026-08-19T11:46:32.9247707Z hint: 	git branch -m <name>
2026-08-19T11:46:32.9248584Z hint:
2026-08-19T11:46:32.9249858Z hint: Disable this message with "git config set advice.defaultBranchName false"
2026-08-19T11:46:32.9252236Z Initialized empty Git repository in /home/runner/work/OnePlus_KernelSU_SUSFS/OnePlus_KernelSU_SUSFS/.git/
2026-08-19T11:46:32.9263510Z [command]/usr/bin/git remote add origin https://github.com/net00188/OnePlus_KernelSU_SUSFS
2026-08-19T11:46:32.9324241Z ##[endgroup]
2026-08-19T11:46:32.9325559Z ##[group]Disabling automatic garbage collection
2026-08-19T11:46:32.9329534Z [command]/usr/bin/git config --local gc.auto 0
2026-08-19T11:46:32.9366779Z ##[endgroup]
2026-08-19T11:46:32.9368168Z ##[group]Setting up auth
2026-08-19T11:46:32.9376580Z Removing SSH command configuration
2026-08-19T11:46:32.9383774Z [command]/usr/bin/git config --local --name-only --get-regexp core\.sshCommand
2026-08-19T11:46:32.9426229Z [command]/usr/bin/git submodule foreach --recursive sh -c "git config --local --name-only --get-regexp 'core\.sshCommand' && git config --local --unset-all 'core.sshCommand' || :"
2026-08-19T11:46:32.9904069Z Removing HTTP extra header
2026-08-19T11:46:32.9911024Z [command]/usr/bin/git config --local --name-only --get-regexp http\.https\:\/\/github\.com\/\.extraheader
2026-08-19T11:46:32.9947549Z [command]/usr/bin/git submodule foreach --recursive sh -c "git config --local --name-only --get-regexp 'http\.https\:\/\/github\.com\/\.extraheader' && git config --local --unset-all 'http.https://github.com/.extraheader' || :"
2026-08-19T11:46:33.0183221Z Removing includeIf entries pointing to credentials config files
2026-08-19T11:46:33.0190877Z [command]/usr/bin/git config --local --name-only --get-regexp ^includeIf\.gitdir:
2026-08-19T11:46:33.0230185Z [command]/usr/bin/git submodule foreach --recursive git config --local --show-origin --name-only --get-regexp remote.origin.url
2026-08-19T11:46:33.0459552Z [command]/usr/bin/git config --file /home/runner/work/_temp/git-credentials-f648876c-de16-4920-93e8-c8ad136fce79.config http.https://github.com/.extraheader AUTHORIZATION: basic ***
2026-08-19T11:46:33.0505382Z [command]/usr/bin/git config --local includeIf.gitdir:/home/runner/work/OnePlus_KernelSU_SUSFS/OnePlus_KernelSU_SUSFS/.git.path /home/runner/work/_temp/git-credentials-f648876c-de16-4920-93e8-c8ad136fce79.config
2026-08-19T11:46:33.0541992Z [command]/usr/bin/git config --local includeIf.gitdir:/home/runner/work/OnePlus_KernelSU_SUSFS/OnePlus_KernelSU_SUSFS/.git/worktrees/*.path /home/runner/work/_temp/git-credentials-f648876c-de16-4920-93e8-c8ad136fce79.config
2026-08-19T11:46:33.0583840Z [command]/usr/bin/git config --local includeIf.gitdir:/github/workspace/.git.path /github/runner_temp/git-credentials-f648876c-de16-4920-93e8-c8ad136fce79.config
2026-08-19T11:46:33.0620657Z [command]/usr/bin/git config --local includeIf.gitdir:/github/workspace/.git/worktrees/*.path /github/runner_temp/git-credentials-f648876c-de16-4920-93e8-c8ad136fce79.config
2026-08-19T11:46:33.0660662Z ##[endgroup]
2026-08-19T11:46:33.0661411Z ##[group]Fetching the repository
2026-08-19T11:46:33.0671100Z [command]/usr/bin/git -c protocol.version=2 fetch --no-tags --prune --no-recurse-submodules --depth=1 origin +7a8b42f7b95ef33a2a84e4906424f06e39954708:refs/remotes/origin/main
2026-08-19T11:46:33.6353408Z From https://github.com/net00188/OnePlus_KernelSU_SUSFS
2026-08-19T11:46:33.6355853Z  * [new ref]         7a8b42f7b95ef33a2a84e4906424f06e39954708 -> origin/main
2026-08-19T11:46:33.6408244Z [command]/usr/bin/git branch --list --remote origin/main
2026-08-19T11:46:33.6445250Z   origin/main
2026-08-19T11:46:33.6467004Z [command]/usr/bin/git rev-parse refs/remotes/origin/main
2026-08-19T11:46:33.6489276Z 7a8b42f7b95ef33a2a84e4906424f06e39954708
2026-08-19T11:46:33.6495883Z ##[endgroup]
2026-08-19T11:46:33.6497388Z ##[group]Determining the checkout info
2026-08-19T11:46:33.6499012Z ##[endgroup]
2026-08-19T11:46:33.6503486Z [command]/usr/bin/git sparse-checkout disable
2026-08-19T11:46:33.6566469Z [command]/usr/bin/git config --local --unset-all extensions.worktreeConfig
2026-08-19T11:46:33.6601743Z ##[group]Checking out the ref
2026-08-19T11:46:33.6607045Z [command]/usr/bin/git checkout --progress --force -B main refs/remotes/origin/main
2026-08-19T11:46:33.6820401Z Switched to a new branch 'main'
2026-08-19T11:46:33.6824197Z branch 'main' set up to track 'origin/main'.
2026-08-19T11:46:33.6829718Z ##[endgroup]
2026-08-19T11:46:33.6879710Z [command]/usr/bin/git log -1 --format=%H
2026-08-19T11:46:33.6908809Z 7a8b42f7b95ef33a2a84e4906424f06e39954708
2026-08-19T11:46:33.7147234Z ##[group]Run set -euo pipefail
2026-08-19T11:46:33.7148248Z [36;1mset -euo pipefail[0m
2026-08-19T11:46:33.7149031Z [36;1mpython3 - <<'PYEOF'[0m
2026-08-19T11:46:33.7149956Z [36;1mp = '.github/actions/build-kernel/action.yml'[0m
2026-08-19T11:46:33.7151003Z [36;1ms = open(p).read()[0m
2026-08-19T11:46:33.7152963Z [36;1manchor = 'patch -p1 --forward < "$KERNEL_PATCHES_FOLDER/common/add_timeout_wakelocks_globally.patch"'[0m
2026-08-19T11:46:33.7154915Z [36;1minject = anchor + '\n' + '\n'.join([[0m
2026-08-19T11:46:33.7156593Z [36;1m    '        # CUSTOM REVERT: restore persistent sysfs wakelocks (screen-off VPN access)',[0m
2026-08-19T11:46:33.7158897Z [36;1m    "        sed -i 's/__pm_wakeup_event(wl->ws, 500)/__pm_stay_awake(wl->ws)/' kernel/power/wakelock.c",[0m
2026-08-19T11:46:33.7161537Z [36;1m    "        grep -q '__pm_stay_awake(wl->ws)' kernel/power/wakelock.c || { echo '::error::wakelock revert failed'; exit 1; }",[0m
2026-08-19T11:46:33.7164116Z [36;1m    '        echo "CUSTOM: persistent wakelocks restored"'])[0m
2026-08-19T11:46:33.7165730Z [36;1massert s.count(anchor) == 1, 'anchor not found in build-kernel action'[0m
2026-08-19T11:46:33.7167244Z [36;1mopen(p, 'w').write(s.replace(anchor, inject))[0m
2026-08-19T11:46:33.7168234Z [36;1m[0m
2026-08-19T11:46:33.7169013Z [36;1mp2 = '.github/actions/kernel-source-sync/action.yml'[0m
2026-08-19T11:46:33.7170146Z [36;1ms2 = open(p2).read()[0m
2026-08-19T11:46:33.7171977Z [36;1mfatal = 'print(f"::error::[FATAL ERROR] Toolchain {base_filename} NOT FOUND in GitHub Release cache!")'[0m
2026-08-19T11:46:33.7174290Z [36;1massert s2.count(fatal) == 1, 'fatal block not found'[0m
2026-08-19T11:46:33.7175513Z [36;1mlines = s2.split('\n')[0m
2026-08-19T11:46:33.7176294Z [36;1mout = [][0m
2026-08-19T11:46:33.7176877Z [36;1mskip = 0[0m
2026-08-19T11:46:33.7177479Z [36;1mfor l in lines:[0m
2026-08-19T11:46:33.7178171Z [36;1m    if skip > 0:[0m
2026-08-19T11:46:33.7178871Z [36;1m        skip -= 1[0m
2026-08-19T11:46:33.7179576Z [36;1m        continue[0m
2026-08-19T11:46:33.7180261Z [36;1m    if fatal in l:[0m
2026-08-19T11:46:33.7181348Z [36;1m        out.append(l.replace('::error::[FATAL ERROR]', '::warning::')[0m
2026-08-19T11:46:33.7183675Z [36;1m                   .replace(' NOT FOUND in GitHub Release cache!', ' not in release cache - direct download'))[0m
2026-08-19T11:46:33.7185592Z [36;1m        skip = 2  # drop the second error print + return False[0m
2026-08-19T11:46:33.7186721Z [36;1m        continue[0m
2026-08-19T11:46:33.7187426Z [36;1m    out.append(l)[0m
2026-08-19T11:46:33.7188142Z [36;1ms2 = '\n'.join(out)[0m
2026-08-19T11:46:33.7189223Z [36;1massert 'FATAL ERROR' not in s2, 'fatal prints still present'[0m
2026-08-19T11:46:33.7190469Z [36;1mopen(p2, 'w').write(s2)[0m
2026-08-19T11:46:33.7191216Z [36;1m[0m
2026-08-19T11:46:33.7192648Z [36;1m# 3) use UPSTREAM toolchain cache release (fork has none of its own)[0m
2026-08-19T11:46:33.7194212Z [36;1mp3 = '.github/actions/kernel-source-sync/action.yml'[0m
2026-08-19T11:46:33.7195320Z [36;1ms3 = open(p3).read()[0m
2026-08-19T11:46:33.7196359Z [36;1moldrepo = 'TARGET_REPO = "${' + '{ github.repository }}"'[0m
2026-08-19T11:46:33.7197890Z [36;1mnewrepo = 'TARGET_REPO = "WildKernels/OnePlus_KernelSU_SUSFS"'[0m
2026-08-19T11:46:33.7199350Z [36;1massert oldrepo in s3, 'TARGET_REPO line not found'[0m
2026-08-19T11:46:33.7200639Z [36;1mopen(p3, 'w').write(s3.replace(oldrepo, newrepo))[0m
2026-08-19T11:46:33.7201660Z [36;1m[0m
2026-08-19T11:46:33.7202879Z [36;1m# 4) the composite re-checks-out PRISTINE upstream into action-source/[0m
2026-08-19T11:46:33.7204597Z [36;1m#    and calls sub-actions from there, bypassing our patches above.[0m
2026-08-19T11:46:33.7206254Z [36;1m#    Point all internal action refs at our patched workspace copies.[0m
2026-08-19T11:46:33.7207710Z [36;1mp4 = '.github/actions/build-kernel/action.yml'[0m
2026-08-19T11:46:33.7208723Z [36;1ms4 = open(p4).read()[0m
2026-08-19T11:46:33.7209831Z [36;1mold4 = 'uses: ./action-source/.github/actions/'[0m
2026-08-19T11:46:33.7210867Z [36;1mn4 = s4.count(old4)[0m
2026-08-19T11:46:33.7212006Z [36;1massert n4 >= 1, 'action-source refs not found'[0m
2026-08-19T11:46:33.7213462Z [36;1mopen(p4, 'w').write(s4.replace(old4, 'uses: ./.github/actions/'))[0m
2026-08-19T11:46:33.7215231Z [36;1mprint('custom injections applied (incl. %d internal action refs)' % n4)[0m
2026-08-19T11:46:33.7216597Z [36;1mPYEOF[0m
2026-08-19T11:46:33.7217548Z [36;1mgrep -n "__pm_stay_awake" .github/actions/build-kernel/action.yml[0m
2026-08-19T11:46:33.7219593Z [36;1mgrep -n "WildKernels/OnePlus_KernelSU_SUSFS" .github/actions/kernel-source-sync/action.yml[0m
2026-08-19T11:46:33.7222055Z [36;1mgrep -c "action-source/.github" .github/actions/build-kernel/action.yml || true[0m
2026-08-19T11:46:33.7266548Z shell: /usr/bin/bash -e {0}
2026-08-19T11:46:33.7267326Z ##[endgroup]
2026-08-19T11:46:33.7583888Z custom injections applied (incl. 3 internal action refs)
2026-08-19T11:46:33.7638841Z 1459:        sed -i 's/__pm_wakeup_event(wl->ws, 500)/__pm_stay_awake(wl->ws)/' kernel/power/wakelock.c
2026-08-19T11:46:33.7647216Z 1460:        grep -q '__pm_stay_awake(wl->ws)' kernel/power/wakelock.c || { echo '::error::wakelock revert failed'; exit 1; }
2026-08-19T11:46:33.7652093Z 52:        TARGET_REPO = "WildKernels/OnePlus_KernelSU_SUSFS"
2026-08-19T11:46:33.7665486Z 0
2026-08-19T11:46:33.7735382Z ##[group]Run set -euo pipefail
2026-08-19T11:46:33.7736257Z [36;1mset -euo pipefail[0m
2026-08-19T11:46:33.7737071Z [36;1mecho "::group::Install dependencies"[0m
2026-08-19T11:46:33.7740482Z [36;1msudo timeout 300 apt-get -o Acquire::ForceIPv4=true -o Acquire::Retries=3 -o Acquire::http::Timeout=20 -o Acquire::https::Timeout=20 update -qq || echo "::warning::apt update failed/timed out - continuing with cached indexes"[0m
2026-08-19T11:46:33.7745540Z [36;1msudo DEBIAN_FRONTEND=noninteractive timeout 900 apt-get -o Acquire::ForceIPv4=true install -y --no-install-recommends \[0m
2026-08-19T11:46:33.7748047Z [36;1m  git curl ca-certificates build-essential clang lld flex bison \[0m
2026-08-19T11:46:33.7749701Z [36;1m  libelf-dev libssl-dev libncurses-dev zlib1g-dev liblz4-tool \[0m
2026-08-19T11:46:33.7752207Z [36;1m  libxml2-utils rsync unzip dwarves file python3 ccache jq bc dos2unix kmod libdw-dev elfutils pigz[0m
2026-08-19T11:46:33.7754139Z [36;1msudo apt-get clean[0m
2026-08-19T11:46:33.7756139Z [36;1mcommand -v aria2c >/dev/null 2>&1 || sudo DEBIAN_FRONTEND=noninteractive timeout 300 apt-get install -y --no-install-recommends aria2[0m
2026-08-19T11:46:33.7759511Z [36;1mcommand -v zip >/dev/null 2>&1 || sudo DEBIAN_FRONTEND=noninteractive timeout 300 apt-get install -y --no-install-recommends zip[0m
2026-08-19T11:46:33.7762151Z [36;1mecho "aria2c: $(command -v aria2c)  zip: $(command -v zip)"[0m
2026-08-19T11:46:33.7763652Z [36;1mecho "✅ Dependencies installed"[0m
2026-08-19T11:46:33.7764515Z [36;1mecho "::endgroup::"[0m
2026-08-19T11:46:33.7802990Z shell: /usr/bin/bash -e {0}
2026-08-19T11:46:33.7803701Z ##[endgroup]
2026-08-19T11:46:33.7871654Z ##[group]Install dependencies
2026-08-19T11:47:37.8121142Z Reading package lists...
2026-08-19T11:47:38.0258567Z Building dependency tree...
2026-08-19T11:47:38.0268574Z Reading state information...
2026-08-19T11:47:38.2230615Z git is already the newest version (1:2.54.0-0ppa1~ubuntu24.04.1).
2026-08-19T11:47:38.2233937Z git set to manually installed.
2026-08-19T11:47:38.2235117Z curl is already the newest version (8.5.0-2ubuntu10.11).
2026-08-19T11:47:38.2235702Z ca-certificates is already the newest version (20260601~24.04.1).
2026-08-19T11:47:38.2236229Z flex is already the newest version (2.6.4-8.2build1).
2026-08-19T11:47:38.2236925Z bison is already the newest version (2:3.8.2+dfsg-1build2).
2026-08-19T11:47:38.2237640Z libssl-dev is already the newest version (3.0.13-0ubuntu3.12).
2026-08-19T11:47:38.2238421Z libncurses-dev is already the newest version (6.4+20240113-1ubuntu2.1).
2026-08-19T11:47:38.2239120Z libncurses-dev set to manually installed.
2026-08-19T11:47:38.2239777Z zlib1g-dev is already the newest version (1:1.3.dfsg-3.1ubuntu2.1).
2026-08-19T11:47:38.2240519Z rsync is already the newest version (3.2.7-1ubuntu1.5).
2026-08-19T11:47:38.2241701Z unzip is already the newest version (6.0-28ubuntu4.1).
2026-08-19T11:47:38.2242608Z file is already the newest version (1:5.45-3build1).
2026-08-19T11:47:38.2243196Z python3 is already the newest version (3.12.3-0ubuntu2.1).
2026-08-19T11:47:38.2243774Z jq is already the newest version (1.7.1-3ubuntu0.24.04.2).
2026-08-19T11:47:38.2244323Z bc is already the newest version (1.07.1-3ubuntu4).
2026-08-19T11:47:38.2244886Z bc set to manually installed.
2026-08-19T11:47:38.2245401Z kmod is already the newest version (31+20240202-2ubuntu7.2).
2026-08-19T11:47:38.2245967Z kmod set to manually installed.
2026-08-19T11:47:38.2246442Z pigz is already the newest version (2.8-1).
2026-08-19T11:47:38.2247032Z The following additional packages will be installed:
2026-08-19T11:47:38.2247730Z   libasm1t64 libhiredis1.1.0 liblzma-dev pahole
2026-08-19T11:47:38.2252563Z Suggested packages:
2026-08-19T11:47:38.2253022Z   distcc | icecc liblzma-doc
2026-08-19T11:47:38.2558770Z The following NEW packages will be installed:
2026-08-19T11:47:38.2560970Z   build-essential ccache clang dos2unix dwarves elfutils libasm1t64 libdw-dev
2026-08-19T11:47:38.2571585Z   libelf-dev libhiredis1.1.0 liblz4-tool liblzma-dev libxml2-utils lld pahole
2026-08-19T11:47:38.2782192Z 0 upgraded, 15 newly installed, 0 to remove and 12 not upgraded.
2026-08-19T11:47:38.2782970Z Need to get 2598 kB of archives.
2026-08-19T11:47:38.2783578Z After this operation, 11.6 MB of additional disk space will be used.
2026-08-19T11:47:38.2784372Z Get:1 file:/etc/apt/apt-mirrors.txt Mirrorlist [144 B]
2026-08-19T11:47:38.5625656Z Get:2 http://azure.archive.ubuntu.com/ubuntu noble/main amd64 build-essential amd64 12.10ubuntu1 [4928 B]
2026-08-19T11:47:38.6666901Z Get:3 http://azure.archive.ubuntu.com/ubuntu noble/universe amd64 libhiredis1.1.0 amd64 1.2.0-6ubuntu3 [41.4 kB]
2026-08-19T11:47:38.9872925Z Get:4 http://azure.archive.ubuntu.com/ubuntu noble/universe amd64 ccache amd64 4.9.1-1 [592 kB]
2026-08-19T11:47:43.5103308Z Get:5 http://azure.archive.ubuntu.com/ubuntu noble/universe amd64 clang amd64 1:18.0-59~exp2 [5846 B]
2026-08-19T11:47:43.6685607Z Get:6 http://azure.archive.ubuntu.com/ubuntu noble-updates/main amd64 libasm1t64 amd64 0.190-1.1ubuntu0.1 [17.5 kB]
2026-08-19T11:47:43.8721146Z Get:7 http://azure.archive.ubuntu.com/ubuntu noble-updates/main amd64 elfutils amd64 0.190-1.1ubuntu0.1 [525 kB]
2026-08-19T11:47:48.1755235Z Get:8 http://azure.archive.ubuntu.com/ubuntu noble-updates/main amd64 libelf-dev amd64 0.190-1.1ubuntu0.1 [68.5 kB]
2026-08-19T11:47:48.8382605Z Get:9 http://azure.archive.ubuntu.com/ubuntu noble-updates/main amd64 liblzma-dev amd64 5.6.1+really5.4.5-1ubuntu0.3 [176 kB]
2026-08-19T11:47:50.6043332Z Get:10 http://azure.archive.ubuntu.com/ubuntu noble-updates/main amd64 libdw-dev amd64 0.190-1.1ubuntu0.1 [340 kB]
2026-08-19T11:47:53.5496569Z Get:11 http://azure.archive.ubuntu.com/ubuntu noble-updates/main amd64 libxml2-utils amd64 2.9.14+dfsg-1.3ubuntu3.8 [39.4 kB]
2026-08-19T11:47:53.9876394Z Get:12 http://azure.archive.ubuntu.com/ubuntu noble/universe amd64 lld amd64 1:18.0-59~exp2 [5494 B]
2026-08-19T11:47:54.1261185Z Get:13 http://azure.archive.ubuntu.com/ubuntu noble/universe amd64 pahole amd64 1.25-0ubuntu3 [277 kB]
2026-08-19T11:47:56.4870230Z Get:14 http://azure.archive.ubuntu.com/ubuntu noble/universe amd64 dos2unix amd64 7.5.1-1 [501 kB]
2026-08-19T11:48:00.7064076Z Get:15 http://azure.archive.ubuntu.com/ubuntu noble/universe amd64 dwarves all 1.25-0ubuntu3 [2186 B]
2026-08-19T11:48:00.8723384Z Get:16 http://azure.archive.ubuntu.com/ubuntu noble-updates/universe amd64 liblz4-tool all 1.9.4-1build1.1 [2484 B]
2026-08-19T11:48:01.2012413Z Fetched 2598 kB in 23s (115 kB/s)
2026-08-19T11:48:01.2245546Z Selecting previously unselected package build-essential.
2026-08-19T11:48:01.2684082Z (Reading database ... 
2026-08-19T11:48:01.2684805Z (Reading database ... 5%
2026-08-19T11:48:01.2685220Z (Reading database ... 10%
2026-08-19T11:48:01.2685544Z (Reading database ... 15%
2026-08-19T11:48:01.2685868Z (Reading database ... 20%
2026-08-19T11:48:01.2686115Z (Reading database ... 25%
2026-08-19T11:48:01.2686341Z (Reading database ... 30%
2026-08-19T11:48:01.2686561Z (Reading database ... 35%
2026-08-19T11:48:01.2686807Z (Reading database ... 40%
2026-08-19T11:48:01.2687029Z (Reading database ... 45%
2026-08-19T11:48:01.2687241Z (Reading database ... 50%
2026-08-19T11:48:01.2767882Z (Reading database ... 55%
2026-08-19T11:48:01.3782158Z (Reading database ... 60%
2026-08-19T11:48:01.5740303Z (Reading database ... 65%
2026-08-19T11:48:01.7723936Z (Reading database ... 70%
2026-08-19T11:48:01.9852488Z (Reading database ... 75%
2026-08-19T11:48:02.1080978Z (Reading database ... 80%
2026-08-19T11:48:02.2272900Z (Reading database ... 85%
2026-08-19T11:48:02.3865362Z (Reading database ... 90%
2026-08-19T11:48:02.5399868Z (Reading database ... 95%
2026-08-19T11:48:02.5400503Z (Reading database ... 100%
2026-08-19T11:48:02.5401072Z (Reading database ... 203139 files and directories currently installed.)
2026-08-19T11:48:02.5452678Z Preparing to unpack .../00-build-essential_12.10ubuntu1_amd64.deb ...
2026-08-19T11:48:02.5488022Z Unpacking build-essential (12.10ubuntu1) ...
2026-08-19T11:48:02.5753567Z Selecting previously unselected package libhiredis1.1.0:amd64.
2026-08-19T11:48:02.5886096Z Preparing to unpack .../01-libhiredis1.1.0_1.2.0-6ubuntu3_amd64.deb ...
2026-08-19T11:48:02.5916369Z Unpacking libhiredis1.1.0:amd64 (1.2.0-6ubuntu3) ...
2026-08-19T11:48:02.6198917Z Selecting previously unselected package ccache.
2026-08-19T11:48:02.6328603Z Preparing to unpack .../02-ccache_4.9.1-1_amd64.deb ...
2026-08-19T11:48:02.6350582Z Unpacking ccache (4.9.1-1) ...
2026-08-19T11:48:02.6856057Z Selecting previously unselected package clang.
2026-08-19T11:48:02.6988704Z Preparing to unpack .../03-clang_1%3a18.0-59~exp2_amd64.deb ...
2026-08-19T11:48:02.7004072Z Unpacking clang (1:18.0-59~exp2) ...
2026-08-19T11:48:02.7286486Z Selecting previously unselected package libasm1t64:amd64.
2026-08-19T11:48:02.7419586Z Preparing to unpack .../04-libasm1t64_0.190-1.1ubuntu0.1_amd64.deb ...
2026-08-19T11:48:02.7441666Z Unpacking libasm1t64:amd64 (0.190-1.1ubuntu0.1) ...
2026-08-19T11:48:02.7684295Z Selecting previously unselected package elfutils.
2026-08-19T11:48:02.7843421Z Preparing to unpack .../05-elfutils_0.190-1.1ubuntu0.1_amd64.deb ...
2026-08-19T11:48:02.7853011Z Unpacking elfutils (0.190-1.1ubuntu0.1) ...
2026-08-19T11:48:02.8295036Z Selecting previously unselected package libelf-dev:amd64.
2026-08-19T11:48:02.8432300Z Preparing to unpack .../06-libelf-dev_0.190-1.1ubuntu0.1_amd64.deb ...
2026-08-19T11:48:02.8446845Z Unpacking libelf-dev:amd64 (0.190-1.1ubuntu0.1) ...
2026-08-19T11:48:02.8792680Z Selecting previously unselected package liblzma-dev:amd64.
2026-08-19T11:48:02.8927078Z Preparing to unpack .../07-liblzma-dev_5.6.1+really5.4.5-1ubuntu0.3_amd64.deb ...
2026-08-19T11:48:02.8949785Z Unpacking liblzma-dev:amd64 (5.6.1+really5.4.5-1ubuntu0.3) ...
2026-08-19T11:48:02.9277307Z Selecting previously unselected package libdw-dev:amd64.
2026-08-19T11:48:02.9407013Z Preparing to unpack .../08-libdw-dev_0.190-1.1ubuntu0.1_amd64.deb ...
2026-08-19T11:48:02.9432849Z Unpacking libdw-dev:amd64 (0.190-1.1ubuntu0.1) ...
2026-08-19T11:48:02.9745993Z Selecting previously unselected package libxml2-utils.
2026-08-19T11:48:02.9876705Z Preparing to unpack .../09-libxml2-utils_2.9.14+dfsg-1.3ubuntu3.8_amd64.deb ...
2026-08-19T11:48:02.9893588Z Unpacking libxml2-utils (2.9.14+dfsg-1.3ubuntu3.8) ...
2026-08-19T11:48:03.0161616Z Selecting previously unselected package lld:amd64.
2026-08-19T11:48:03.0297811Z Preparing to unpack .../10-lld_1%3a18.0-59~exp2_amd64.deb ...
2026-08-19T11:48:03.0315233Z Unpacking lld:amd64 (1:18.0-59~exp2) ...
2026-08-19T11:48:03.0586846Z Selecting previously unselected package pahole.
2026-08-19T11:48:03.0723937Z Preparing to unpack .../11-pahole_1.25-0ubuntu3_amd64.deb ...
2026-08-19T11:48:03.0738153Z Unpacking pahole (1.25-0ubuntu3) ...
2026-08-19T11:48:03.1090630Z Selecting previously unselected package dos2unix.
2026-08-19T11:48:03.1224972Z Preparing to unpack .../12-dos2unix_7.5.1-1_amd64.deb ...
2026-08-19T11:48:03.1241067Z Unpacking dos2unix (7.5.1-1) ...
2026-08-19T11:48:03.2095070Z Selecting previously unselected package dwarves.
2026-08-19T11:48:03.2229796Z Preparing to unpack .../13-dwarves_1.25-0ubuntu3_all.deb ...
2026-08-19T11:48:03.2243725Z Unpacking dwarves (1.25-0ubuntu3) ...
2026-08-19T11:48:03.2483751Z Selecting previously unselected package liblz4-tool.
2026-08-19T11:48:03.2618469Z Preparing to unpack .../14-liblz4-tool_1.9.4-1build1.1_all.deb ...
2026-08-19T11:48:03.2634161Z Unpacking liblz4-tool (1.9.4-1build1.1) ...
2026-08-19T11:48:03.3066005Z Setting up lld:amd64 (1:18.0-59~exp2) ...
2026-08-19T11:48:03.3116126Z Setting up clang (1:18.0-59~exp2) ...
2026-08-19T11:48:03.3377739Z Setting up libasm1t64:amd64 (0.190-1.1ubuntu0.1) ...
2026-08-19T11:48:03.3420007Z Setting up libelf-dev:amd64 (0.190-1.1ubuntu0.1) ...
2026-08-19T11:48:03.3459681Z Setting up pahole (1.25-0ubuntu3) ...
2026-08-19T11:48:03.3504050Z Setting up liblzma-dev:amd64 (5.6.1+really5.4.5-1ubuntu0.3) ...
2026-08-19T11:48:03.3547233Z Setting up liblz4-tool (1.9.4-1build1.1) ...
2026-08-19T11:48:03.3593371Z Setting up build-essential (12.10ubuntu1) ...
2026-08-19T11:48:03.3637157Z Setting up dos2unix (7.5.1-1) ...
2026-08-19T11:48:03.3687572Z Setting up libxml2-utils (2.9.14+dfsg-1.3ubuntu3.8) ...
2026-08-19T11:48:03.3723329Z Setting up libhiredis1.1.0:amd64 (1.2.0-6ubuntu3) ...
2026-08-19T11:48:03.3793776Z Setting up elfutils (0.190-1.1ubuntu0.1) ...
2026-08-19T11:48:03.3835063Z Setting up ccache (4.9.1-1) ...
2026-08-19T11:48:03.3873111Z Updating symlinks in /usr/lib/ccache ...
2026-08-19T11:48:03.4186679Z Setting up libdw-dev:amd64 (0.190-1.1ubuntu0.1) ...
2026-08-19T11:48:03.4226557Z Setting up dwarves (1.25-0ubuntu3) ...
2026-08-19T11:48:03.4274468Z Processing triggers for man-db (2.12.0-4build2) ...
2026-08-19T11:48:03.4326646Z Not building database; man-db/auto-update is not 'true'.
2026-08-19T11:48:03.4352289Z Processing triggers for libc-bin (2.39-0ubuntu8.8) ...
2026-08-19T11:48:04.1766201Z 
2026-08-19T11:48:04.1766766Z Running kernel seems to be up-to-date.
2026-08-19T11:48:04.1767098Z 
2026-08-19T11:48:04.1767262Z No services need to be restarted.
2026-08-19T11:48:04.1767466Z 
2026-08-19T11:48:04.1767588Z No containers need to be restarted.
2026-08-19T11:48:04.1767794Z 
2026-08-19T11:48:04.1767936Z No user sessions are running outdated binaries.
2026-08-19T11:48:04.1768180Z 
2026-08-19T11:48:04.1768415Z No VM guests are running outdated hypervisor (qemu) binaries on this host.
2026-08-19T11:48:05.2333389Z aria2c: /usr/bin/aria2c  zip: /usr/bin/zip
2026-08-19T11:48:05.2334212Z ✅ Dependencies installed
2026-08-19T11:48:05.2335817Z ##[endgroup]
2026-08-19T11:48:05.2394309Z ##[group]Run set -euo pipefail
2026-08-19T11:48:05.2394637Z [36;1mset -euo pipefail[0m
2026-08-19T11:48:05.2395048Z [36;1mmkdir -p "/home/runner/work/OnePlus_KernelSU_SUSFS/OnePlus_KernelSU_SUSFS/.ccache"[0m
2026-08-19T11:48:05.2395480Z [36;1mfor setting in \[0m
2026-08-19T11:48:05.2395877Z [36;1m  "CCACHE_DIR=/home/runner/work/OnePlus_KernelSU_SUSFS/OnePlus_KernelSU_SUSFS/.ccache" \[0m
2026-08-19T11:48:05.2396326Z [36;1m  "CCACHE_MAXSIZE=12G" \[0m
2026-08-19T11:48:05.2396602Z [36;1m  "CCACHE_COMPILERCHECK=content" \[0m
2026-08-19T11:48:05.2396905Z [36;1m  "CCACHE_BASEDIR=${GITHUB_WORKSPACE}" \[0m
2026-08-19T11:48:05.2397194Z [36;1m  "CCACHE_NOHASHDIR=true" \[0m
2026-08-19T11:48:05.2397472Z [36;1m  "CCACHE_IGNOREOPTIONS=--sysroot*" \[0m
2026-08-19T11:48:05.2397758Z [36;1m  "CCACHE_COMPRESSION=true" \[0m
2026-08-19T11:48:05.2398042Z [36;1m  "CCACHE_COMPRESSION_LEVEL=3" \[0m
2026-08-19T11:48:05.2398335Z [36;1m  "CCACHE_DIRECT=true" \[0m
2026-08-19T11:48:05.2398634Z [36;1m  "CCACHE_FILE_CLONE=true" \[0m
2026-08-19T11:48:05.2398901Z [36;1m  "CCACHE_INODE_CACHE=true" \[0m
2026-08-19T11:48:05.2399173Z [36;1m  "CCACHE_IS_KERNEL_COMPILING=true" \[0m
2026-08-19T11:48:05.2399450Z [36;1m  "CCACHE_UMASK=002" \[0m
2026-08-19T11:48:05.2399984Z [36;1m  "CCACHE_SLOPPINESS=file_macro,time_macros,include_file_mtime,include_file_ctime,pch_defines,system_headers,locale"; do[0m
2026-08-19T11:48:05.2400542Z [36;1m  export "$setting"[0m
2026-08-19T11:48:05.2400784Z [36;1m  echo "$setting" >> "$GITHUB_ENV"[0m
2026-08-19T11:48:05.2401042Z [36;1mdone[0m
2026-08-19T11:48:05.2401245Z [36;1mccache -p | head -n 5 || true[0m
2026-08-19T11:48:05.2439758Z shell: /usr/bin/bash -e {0}
2026-08-19T11:48:05.2440017Z ##[endgroup]
2026-08-19T11:48:05.2543725Z (default) absolute_paths_in_stderr = false
2026-08-19T11:48:05.2544591Z (environment) base_dir = /home/runner/work/OnePlus_KernelSU_SUSFS/OnePlus_KernelSU_SUSFS
2026-08-19T11:48:05.2547835Z (environment) cache_dir = /home/runner/work/OnePlus_KernelSU_SUSFS/OnePlus_KernelSU_SUSFS/.ccache
2026-08-19T11:48:05.2548761Z (default) compiler = 
2026-08-19T11:48:05.2549467Z (environment) compiler_check = content
2026-08-19T11:48:05.2592496Z ##[group]Run set -euo pipefail
2026-08-19T11:48:05.2592831Z [36;1mset -euo pipefail[0m
2026-08-19T11:48:05.2593112Z [36;1mjq . configs/a15/OP-ACE-3-PRO-6.1.75.json[0m
2026-08-19T11:48:05.2593584Z [36;1mecho "config_json=$(jq -c . configs/a15/OP-ACE-3-PRO-6.1.75.json)" >> "$GITHUB_OUTPUT"[0m
2026-08-19T11:48:05.2632218Z shell: /usr/bin/bash --noprofile --norc -e -o pipefail {0}
2026-08-19T11:48:05.2632563Z env:
2026-08-19T11:48:05.2632899Z   CCACHE_DIR: /home/runner/work/OnePlus_KernelSU_SUSFS/OnePlus_KernelSU_SUSFS/.ccache
2026-08-19T11:48:05.2633313Z   CCACHE_MAXSIZE: 12G
2026-08-19T11:48:05.2633538Z   CCACHE_COMPILERCHECK: content
2026-08-19T11:48:05.2633913Z   CCACHE_BASEDIR: /home/runner/work/OnePlus_KernelSU_SUSFS/OnePlus_KernelSU_SUSFS
2026-08-19T11:48:05.2634326Z   CCACHE_NOHASHDIR: true
2026-08-19T11:48:05.2634582Z   CCACHE_IGNOREOPTIONS: --sysroot*
2026-08-19T11:48:05.2634839Z   CCACHE_COMPRESSION: true
2026-08-19T11:48:05.2635071Z   CCACHE_COMPRESSION_LEVEL: 3
2026-08-19T11:48:05.2635348Z   CCACHE_DIRECT: true
2026-08-19T11:48:05.2635557Z   CCACHE_FILE_CLONE: true
2026-08-19T11:48:05.2635773Z   CCACHE_INODE_CACHE: true
2026-08-19T11:48:05.2636005Z   CCACHE_IS_KERNEL_COMPILING: true
2026-08-19T11:48:05.2636244Z   CCACHE_UMASK: 002
2026-08-19T11:48:05.2636697Z   CCACHE_SLOPPINESS: file_macro,time_macros,include_file_mtime,include_file_ctime,pch_defines,system_headers,locale
2026-08-19T11:48:05.2637208Z ##[endgroup]
2026-08-19T11:48:05.2718322Z {
2026-08-19T11:48:05.2718674Z   "model": "OP-ACE-3-PRO-6.1.75",
2026-08-19T11:48:05.2719123Z   "soc": "pineapple",
2026-08-19T11:48:05.2719508Z   "branch": "wild/sm8650",
2026-08-19T11:48:05.2719940Z   "manifest": "oneplus_ace3_pro_6.1.75_v.xml",
2026-08-19T11:48:05.2720443Z   "android_version": "android14",
2026-08-19T11:48:05.2720983Z   "kernel_version": "6.1",
2026-08-19T11:48:05.2721249Z   "os_version": "A15",
2026-08-19T11:48:05.2721487Z   "lto": "thin",
2026-08-19T11:48:05.2721719Z   "zyc_compiler": "",
2026-08-19T11:48:05.2722384Z   "c_compiler": "kernel_platform/prebuilts/clang/host/linux-x86/clang-r487747c/bin",
2026-08-19T11:48:05.2722877Z   "rust_compiler": "",
2026-08-19T11:48:05.2723118Z   "bindgen": "",
2026-08-19T11:48:05.2723345Z   "rust_build": false,
2026-08-19T11:48:05.2723591Z   "disk_cleanup": false,
2026-08-19T11:48:05.2723844Z   "hmbird": false,
2026-08-19T11:48:05.2724065Z   "susfs": true,
2026-08-19T11:48:05.2724285Z   "opt": true,
2026-08-19T11:48:05.2724497Z   "ds": true,
2026-08-19T11:48:05.2724704Z   "bbg": true,
2026-08-19T11:48:05.2724925Z   "bbr": true,
2026-08-19T11:48:05.2725136Z   "bbr3": true,
2026-08-19T11:48:05.2725350Z   "ttl": true,
2026-08-19T11:48:05.2725562Z   "ip_set": true,
2026-08-19T11:48:05.2725788Z   "unicode": true,
2026-08-19T11:48:05.2726012Z   "ntsync": true,
2026-08-19T11:48:05.2728459Z   "blacklist_modules": "kernelsu,oplus_security_guard,oplus_qr_scan,oplus_score,oplus_vip_task,oplus_dns_cache,oplus_network_linkpower_module,oplus_data_module,oplus_secure_harden,oplus_security_keventupload,oplus_secure_guard_new,oplus_secure_guard,coresight_tpda,coresight_tgu,coresight_trace_noc,coresight_cti,coresight_qmi,coresight_dummy,coresight_remote_etm,coresight_tpdm,coresight_uetm,coresight_stm,coresight_tmc_sec,f_fs_ipc_log,qcom_iommu_debug,qti_battery_debug,rdbg,stm_heartbeat,stm_p_ost,stm_core,stm_ftrace,stm_console,spmi_pmic_arb_debug",
2026-08-19T11:48:05.2730958Z   "uname": "OP-WILD"
2026-08-19T11:48:05.2731186Z }
2026-08-19T11:48:05.2808883Z ##[group]Run set -euo pipefail
2026-08-19T11:48:05.2809209Z [36;1mset -euo pipefail[0m
2026-08-19T11:48:05.2809661Z [36;1m{ df -h; echo ---; df -h /dev/shm; echo ---; free -m; echo ---; nproc; echo ---; ulimit -a; } | tee runner_diag.txt[0m
2026-08-19T11:48:05.2850548Z shell: /usr/bin/bash -e {0}
2026-08-19T11:48:05.2850803Z env:
2026-08-19T11:48:05.2851149Z   CCACHE_DIR: /home/runner/work/OnePlus_KernelSU_SUSFS/OnePlus_KernelSU_SUSFS/.ccache
2026-08-19T11:48:05.2851568Z   CCACHE_MAXSIZE: 12G
2026-08-19T11:48:05.2852070Z   CCACHE_COMPILERCHECK: content
2026-08-19T11:48:05.2852462Z   CCACHE_BASEDIR: /home/runner/work/OnePlus_KernelSU_SUSFS/OnePlus_KernelSU_SUSFS
2026-08-19T11:48:05.2852865Z   CCACHE_NOHASHDIR: true
2026-08-19T11:48:05.2853100Z   CCACHE_IGNOREOPTIONS: --sysroot*
2026-08-19T11:48:05.2853354Z   CCACHE_COMPRESSION: true
2026-08-19T11:48:05.2853581Z   CCACHE_COMPRESSION_LEVEL: 3
2026-08-19T11:48:05.2853811Z   CCACHE_DIRECT: true
2026-08-19T11:48:05.2854063Z   CCACHE_FILE_CLONE: true
2026-08-19T11:48:05.2854281Z   CCACHE_INODE_CACHE: true
2026-08-19T11:48:05.2854506Z   CCACHE_IS_KERNEL_COMPILING: true
2026-08-19T11:48:05.2854758Z   CCACHE_UMASK: 002
2026-08-19T11:48:05.2855221Z   CCACHE_SLOPPINESS: file_macro,time_macros,include_file_mtime,include_file_ctime,pch_defines,system_headers,locale
2026-08-19T11:48:05.2855739Z ##[endgroup]
2026-08-19T11:48:05.3023400Z Filesystem      Size  Used Avail Use% Mounted on
2026-08-19T11:48:05.3023959Z /dev/root       145G   58G   87G  40% /
2026-08-19T11:48:05.3024360Z tmpfs           7.9G     0  7.9G   0% /dev/shm
2026-08-19T11:48:05.3024838Z tmpfs           3.2G 1016K  3.2G   1% /run
2026-08-19T11:48:05.3025291Z tmpfs           5.0M     0  5.0M   0% /run/lock
2026-08-19T11:48:05.3025725Z efivarfs        128M   26K  128M   1% /sys/firmware/efi/efivars
2026-08-19T11:48:05.3026334Z /dev/sda16      881M   64M  756M   8% /boot
2026-08-19T11:48:05.3027081Z /dev/sda15      105M  6.2M   99M   6% /boot/efi
2026-08-19T11:48:05.3027691Z tmpfs           1.6G   12K  1.6G   1% /run/user/1001
2026-08-19T11:48:05.3028132Z ---
2026-08-19T11:48:05.3037636Z Filesystem      Size  Used Avail Use% Mounted on
2026-08-19T11:48:05.3038207Z tmpfs           7.9G     0  7.9G   0% /dev/shm
2026-08-19T11:48:05.3039177Z ---
2026-08-19T11:48:05.3056567Z                total        used        free      shared  buff/cache   available
2026-08-19T11:48:05.3057463Z Mem:           15993        1064       12584          43        2711       14929
2026-08-19T11:48:05.3057999Z Swap:           3071           0        3071
2026-08-19T11:48:05.3059120Z ---
2026-08-19T11:48:05.3291111Z 4
2026-08-19T11:48:05.3292366Z ---
2026-08-19T11:48:05.3293044Z real-time non-blocking time  (microseconds, -R) unlimited
2026-08-19T11:48:05.3293677Z core file size              (blocks, -c) 0
2026-08-19T11:48:05.3294369Z data seg size               (kbytes, -d) unlimited
2026-08-19T11:48:05.3295103Z scheduling priority                 (-e) 0
2026-08-19T11:48:05.3295786Z file size                   (blocks, -f) unlimited
2026-08-19T11:48:05.3296486Z pending signals                     (-i) 63882
2026-08-19T11:48:05.3297261Z max locked memory           (kbytes, -l) 8192
2026-08-19T11:48:05.3298016Z max memory size             (kbytes, -m) unlimited
2026-08-19T11:48:05.3298749Z open files                          (-n) 65536
2026-08-19T11:48:05.3299294Z pipe size                (512 bytes, -p) 8
2026-08-19T11:48:05.3300049Z POSIX message queues         (bytes, -q) 819200
2026-08-19T11:48:05.3300731Z real-time priority                  (-r) 0
2026-08-19T11:48:05.3301335Z stack size                  (kbytes, -s) 16384
2026-08-19T11:48:05.3302188Z cpu time                   (seconds, -t) unlimited
2026-08-19T11:48:05.3302637Z max user processes                  (-u) 63882
2026-08-19T11:48:05.3303039Z virtual memory              (kbytes, -v) unlimited
2026-08-19T11:48:05.3303446Z file locks                          (-x) unlimited
2026-08-19T11:48:05.4528957Z Prepare all required actions
2026-08-19T11:48:05.4529696Z Getting action download info
2026-08-19T11:48:05.7935772Z Download action repository 'actions/upload-artifact@v7' (SHA:043fb46d1a93c77aae656e7c1c64a875d1fc6a0a)
2026-08-19T11:48:06.0163704Z ##[group]Run ./.github/actions/build-kernel
2026-08-19T11:48:06.0163993Z with:
2026-08-19T11:48:06.0167675Z   op_config_json: {"model":"OP-ACE-3-PRO-6.1.75","soc":"pineapple","branch":"wild/sm8650","manifest":"oneplus_ace3_pro_6.1.75_v.xml","android_version":"android14","kernel_version":"6.1","os_version":"A15","lto":"thin","zyc_compiler":"","c_compiler":"kernel_platform/prebuilts/clang/host/linux-x86/clang-r487747c/bin","rust_compiler":"","bindgen":"","rust_build":false,"disk_cleanup":false,"hmbird":false,"susfs":true,"opt":true,"ds":true,"bbg":true,"bbr":true,"bbr3":true,"ttl":true,"ip_set":true,"unicode":true,"ntsync":true,"blacklist_modules":"kernelsu,oplus_security_guard,oplus_qr_scan,oplus_score,oplus_vip_task,oplus_dns_cache,oplus_network_linkpower_module,oplus_data_module,oplus_secure_harden,oplus_security_keventupload,oplus_secure_guard_new,oplus_secure_guard,coresight_tpda,coresight_tgu,coresight_trace_noc,coresight_cti,coresight_qmi,coresight_dummy,coresight_remote_etm,coresight_tpdm,coresight_uetm,coresight_stm,coresight_tmc_sec,f_fs_ipc_log,qcom_iommu_debug,qti_battery_debug,rdbg,stm_heartbeat,stm_p_ost,stm_core,stm_ftrace,stm_console,spmi_pmic_arb_debug","uname":"OP-WILD"}
2026-08-19T11:48:06.0171509Z   ksu_type: KSUN
2026-08-19T11:48:06.0171941Z   ksu_branch_or_hash: 234f6e040fcbca18b16d2398e1aa225712ec99ad
2026-08-19T11:48:06.0172274Z   optimize_level: O2
2026-08-19T11:48:06.0172478Z   clean: true
2026-08-19T11:48:06.0172659Z   debug: true
2026-08-19T11:48:06.0175365Z   github_token: ***
2026-08-19T11:48:06.0175571Z env:
2026-08-19T11:48:06.0175896Z   CCACHE_DIR: /home/runner/work/OnePlus_KernelSU_SUSFS/OnePlus_KernelSU_SUSFS/.ccache
2026-08-19T11:48:06.0176304Z   CCACHE_MAXSIZE: 12G
2026-08-19T11:48:06.0176528Z   CCACHE_COMPILERCHECK: content
2026-08-19T11:48:06.0176894Z   CCACHE_BASEDIR: /home/runner/work/OnePlus_KernelSU_SUSFS/OnePlus_KernelSU_SUSFS
2026-08-19T11:48:06.0177285Z   CCACHE_NOHASHDIR: true
2026-08-19T11:48:06.0177513Z   CCACHE_IGNOREOPTIONS: --sysroot*
2026-08-19T11:48:06.0177762Z   CCACHE_COMPRESSION: true
2026-08-19T11:48:06.0177987Z   CCACHE_COMPRESSION_LEVEL: 3
2026-08-19T11:48:06.0178216Z   CCACHE_DIRECT: true
2026-08-19T11:48:06.0178615Z   CCACHE_FILE_CLONE: true
2026-08-19T11:48:06.0178829Z   CCACHE_INODE_CACHE: true
2026-08-19T11:48:06.0179049Z   CCACHE_IS_KERNEL_COMPILING: true
2026-08-19T11:48:06.0179284Z   CCACHE_UMASK: 002
2026-08-19T11:48:06.0179733Z   CCACHE_SLOPPINESS: file_macro,time_macros,include_file_mtime,include_file_ctime,pch_defines,system_headers,locale
2026-08-19T11:48:06.0180241Z ##[endgroup]
2026-08-19T11:48:06.0266392Z ##[start-action display=Get Action info;id=build.__run]
2026-08-19T11:48:06.0289057Z ##[group]Run set -euo pipefail
2026-08-19T11:48:06.0289357Z [36;1mset -euo pipefail[0m
2026-08-19T11:48:06.0289653Z [36;1mecho "ACTION_REPO=$ACTION_REPO_VAL" >> $GITHUB_ENV[0m
2026-08-19T11:48:06.0290020Z [36;1mecho "ACTION_REF=$ACTION_REF_VAL" >> $GITHUB_ENV[0m
2026-08-19T11:48:06.0328938Z shell: /usr/bin/bash --noprofile --norc -e -o pipefail {0}
2026-08-19T11:48:06.0329269Z env:
2026-08-19T11:48:06.0329602Z   CCACHE_DIR: /home/runner/work/OnePlus_KernelSU_SUSFS/OnePlus_KernelSU_SUSFS/.ccache
2026-08-19T11:48:06.0330030Z   CCACHE_MAXSIZE: 12G
2026-08-19T11:48:06.0330250Z   CCACHE_COMPILERCHECK: content
2026-08-19T11:48:06.0330617Z   CCACHE_BASEDIR: /home/runner/work/OnePlus_KernelSU_SUSFS/OnePlus_KernelSU_SUSFS
2026-08-19T11:48:06.0331007Z   CCACHE_NOHASHDIR: true
2026-08-19T11:48:06.0331237Z   CCACHE_IGNOREOPTIONS: --sysroot*
2026-08-19T11:48:06.0331487Z   CCACHE_COMPRESSION: true
2026-08-19T11:48:06.0331710Z   CCACHE_COMPRESSION_LEVEL: 3
2026-08-19T11:48:06.0332111Z   CCACHE_DIRECT: true
2026-08-19T11:48:06.0332319Z   CCACHE_FILE_CLONE: true
2026-08-19T11:48:06.0332749Z   CCACHE_INODE_CACHE: true
2026-08-19T11:48:06.0332985Z   CCACHE_IS_KERNEL_COMPILING: true
2026-08-19T11:48:06.0333224Z   CCACHE_UMASK: 002
2026-08-19T11:48:06.0333679Z   CCACHE_SLOPPINESS: file_macro,time_macros,include_file_mtime,include_file_ctime,pch_defines,system_headers,locale
2026-08-19T11:48:06.0334186Z   ACTION_REPO_VAL: 
2026-08-19T11:48:06.0334385Z   ACTION_REF_VAL: 
2026-08-19T11:48:06.0334577Z ##[endgroup]
2026-08-19T11:48:06.0406977Z ##[end-action id=build.__run;outcome=success;conclusion=success;duration_ms=13]
2026-08-19T11:48:06.0409348Z ##[start-action display=📥 Checkout Code;id=build.__actions_checkout]
2026-08-19T11:48:06.0479061Z ##[group]Run actions/checkout@v6
2026-08-19T11:48:06.0479300Z with:
2026-08-19T11:48:06.0479489Z   path: action-source
2026-08-19T11:48:06.0479701Z   fetch-depth: 1
2026-08-19T11:48:06.0482520Z   token: ***
2026-08-19T11:48:06.0482740Z   ssh-strict: true
2026-08-19T11:48:06.0482969Z   ssh-user: git
2026-08-19T11:48:06.0483177Z   persist-credentials: true
2026-08-19T11:48:06.0483425Z   clean: true
2026-08-19T11:48:06.0483632Z   sparse-checkout-cone-mode: true
2026-08-19T11:48:06.0483883Z   fetch-tags: false
2026-08-19T11:48:06.0484095Z   show-progress: true
2026-08-19T11:48:06.0484304Z   lfs: false
2026-08-19T11:48:06.0484491Z   submodules: false
2026-08-19T11:48:06.0484696Z   set-safe-directory: true
2026-08-19T11:48:06.0484939Z   allow-unsafe-pr-checkout: false
2026-08-19T11:48:06.0485190Z env:
2026-08-19T11:48:06.0485529Z   CCACHE_DIR: /home/runner/work/OnePlus_KernelSU_SUSFS/OnePlus_KernelSU_SUSFS/.ccache
2026-08-19T11:48:06.0485939Z   CCACHE_MAXSIZE: 12G
2026-08-19T11:48:06.0486152Z   CCACHE_COMPILERCHECK: content
2026-08-19T11:48:06.0486513Z   CCACHE_BASEDIR: /home/runner/work/OnePlus_KernelSU_SUSFS/OnePlus_KernelSU_SUSFS
2026-08-19T11:48:06.0486906Z   CCACHE_NOHASHDIR: true
2026-08-19T11:48:06.0487137Z   CCACHE_IGNOREOPTIONS: --sysroot*
2026-08-19T11:48:06.0487391Z   CCACHE_COMPRESSION: true
2026-08-19T11:48:06.0487615Z   CCACHE_COMPRESSION_LEVEL: 3
2026-08-19T11:48:06.0487846Z   CCACHE_DIRECT: true
2026-08-19T11:48:06.0488050Z   CCACHE_FILE_CLONE: true
2026-08-19T11:48:06.0488266Z   CCACHE_INODE_CACHE: true
2026-08-19T11:48:06.0488485Z   CCACHE_IS_KERNEL_COMPILING: true
2026-08-19T11:48:06.0488722Z   CCACHE_UMASK: 002
2026-08-19T11:48:06.0489174Z   CCACHE_SLOPPINESS: file_macro,time_macros,include_file_mtime,include_file_ctime,pch_defines,system_headers,locale
2026-08-19T11:48:06.0489862Z   ACTION_REPO: 
2026-08-19T11:48:06.0490045Z   ACTION_REF: 
2026-08-19T11:48:06.0490226Z ##[endgroup]
2026-08-19T11:48:06.1349735Z Syncing repository: net00188/OnePlus_KernelSU_SUSFS
2026-08-19T11:48:06.1350755Z ##[group]Getting Git version info
2026-08-19T11:48:06.1351658Z Working directory is '/home/runner/work/OnePlus_KernelSU_SUSFS/OnePlus_KernelSU_SUSFS/action-source'
2026-08-19T11:48:06.1388864Z [command]/usr/bin/git version
2026-08-19T11:48:06.1432822Z git version 2.54.0
2026-08-19T11:48:06.1456391Z ##[endgroup]
2026-08-19T11:48:06.1471125Z Temporarily overriding HOME='/home/runner/work/_temp/421e88cc-fb33-4796-9ad0-4619971b2948' before making global git config changes
2026-08-19T11:48:06.1472699Z Adding repository directory to the temporary git global config as a safe directory
2026-08-19T11:48:06.1484796Z [command]/usr/bin/git config --global --add safe.directory /home/runner/work/OnePlus_KernelSU_SUSFS/OnePlus_KernelSU_SUSFS/action-source
2026-08-19T11:48:06.1524509Z ##[group]Determining repository object format
2026-08-19T11:48:06.1527427Z ##[endgroup]
2026-08-19T11:48:06.1528059Z ##[group]Initializing the repository
2026-08-19T11:48:06.1533576Z [command]/usr/bin/git init /home/runner/work/OnePlus_KernelSU_SUSFS/OnePlus_KernelSU_SUSFS/action-source
2026-08-19T11:48:06.1581470Z hint: Using 'master' as the name for the initial branch. This default branch name
2026-08-19T11:48:06.1582726Z hint: will change to "main" in Git 3.0. To configure the initial branch name
2026-08-19T11:48:06.1583686Z hint: to use in all of your new repositories, which will suppress this warning,
2026-08-19T11:48:06.1584794Z hint: call:
2026-08-19T11:48:06.1585344Z hint:
2026-08-19T11:48:06.1585796Z hint: 	git config --global init.defaultBranch <name>
2026-08-19T11:48:06.1586491Z hint:
2026-08-19T11:48:06.1587042Z hint: Names commonly chosen instead of 'master' are 'main', 'trunk' and
2026-08-19T11:48:06.1587958Z hint: 'development'. The just-created branch can be renamed via this command:
2026-08-19T11:48:06.1588713Z hint:
2026-08-19T11:48:06.1589127Z hint: 	git branch -m <name>
2026-08-19T11:48:06.1589587Z hint:
2026-08-19T11:48:06.1590144Z hint: Disable this message with "git config set advice.defaultBranchName false"
2026-08-19T11:48:06.1591333Z Initialized empty Git repository in /home/runner/work/OnePlus_KernelSU_SUSFS/OnePlus_KernelSU_SUSFS/action-source/.git/
2026-08-19T11:48:06.1593765Z [command]/usr/bin/git remote add origin https://github.com/net00188/OnePlus_KernelSU_SUSFS
2026-08-19T11:48:06.1635846Z ##[endgroup]
2026-08-19T11:48:06.1636504Z ##[group]Disabling automatic garbage collection
2026-08-19T11:48:06.1640270Z [command]/usr/bin/git config --local gc.auto 0
2026-08-19T11:48:06.1674828Z ##[endgroup]
2026-08-19T11:48:06.1675396Z ##[group]Setting up auth
2026-08-19T11:48:06.1676599Z Removing SSH command configuration
2026-08-19T11:48:06.1683729Z [command]/usr/bin/git config --local --name-only --get-regexp core\.sshCommand
2026-08-19T11:48:06.1718064Z [command]/usr/bin/git submodule foreach --recursive sh -c "git config --local --name-only --get-regexp 'core\.sshCommand' && git config --local --unset-all 'core.sshCommand' || :"
2026-08-19T11:48:06.2023952Z Removing HTTP extra header
2026-08-19T11:48:06.2034406Z [command]/usr/bin/git config --local --name-only --get-regexp http\.https\:\/\/github\.com\/\.extraheader
2026-08-19T11:48:06.2108470Z [command]/usr/bin/git submodule foreach --recursive sh -c "git config --local --name-only --get-regexp 'http\.https\:\/\/github\.com\/\.extraheader' && git config --local --unset-all 'http.https://github.com/.extraheader' || :"
2026-08-19T11:48:06.2402348Z Removing includeIf entries pointing to credentials config files
2026-08-19T11:48:06.2422013Z [command]/usr/bin/git config --local --name-only --get-regexp ^includeIf\.gitdir:
2026-08-19T11:48:06.2470981Z [command]/usr/bin/git submodule foreach --recursive git config --local --show-origin --name-only --get-regexp remote.origin.url
2026-08-19T11:48:06.2777604Z [command]/usr/bin/git config --file /home/runner/work/_temp/git-credentials-d30d7fd6-66c7-4e16-9560-1ee917260cff.config http.https://github.com/.extraheader AUTHORIZATION: basic ***
2026-08-19T11:48:06.2832790Z [command]/usr/bin/git config --local includeIf.gitdir:/home/runner/work/OnePlus_KernelSU_SUSFS/OnePlus_KernelSU_SUSFS/action-source/.git.path /home/runner/work/_temp/git-credentials-d30d7fd6-66c7-4e16-9560-1ee917260cff.config
2026-08-19T11:48:06.2879928Z [command]/usr/bin/git config --local includeIf.gitdir:/home/runner/work/OnePlus_KernelSU_SUSFS/OnePlus_KernelSU_SUSFS/action-source/.git/worktrees/*.path /home/runner/work/_temp/git-credentials-d30d7fd6-66c7-4e16-9560-1ee917260cff.config
2026-08-19T11:48:06.2923446Z [command]/usr/bin/git config --local includeIf.gitdir:/github/workspace/action-source/.git.path /github/runner_temp/git-credentials-d30d7fd6-66c7-4e16-9560-1ee917260cff.config
2026-08-19T11:48:06.2971433Z [command]/usr/bin/git config --local includeIf.gitdir:/github/workspace/action-source/.git/worktrees/*.path /github/runner_temp/git-credentials-d30d7fd6-66c7-4e16-9560-1ee917260cff.config
2026-08-19T11:48:06.3006468Z ##[endgroup]
2026-08-19T11:48:06.3007100Z ##[group]Fetching the repository
2026-08-19T11:48:06.3017109Z [command]/usr/bin/git -c protocol.version=2 fetch --no-tags --prune --no-recurse-submodules --depth=1 origin +7a8b42f7b95ef33a2a84e4906424f06e39954708:refs/remotes/origin/main
2026-08-19T11:48:06.8064215Z From https://github.com/net00188/OnePlus_KernelSU_SUSFS
2026-08-19T11:48:06.8064865Z  * [new ref]         7a8b42f7b95ef33a2a84e4906424f06e39954708 -> origin/main
2026-08-19T11:48:06.8097312Z [command]/usr/bin/git branch --list --remote origin/main
2026-08-19T11:48:06.8126451Z   origin/main
2026-08-19T11:48:06.8135099Z [command]/usr/bin/git rev-parse refs/remotes/origin/main
2026-08-19T11:48:06.8161772Z 7a8b42f7b95ef33a2a84e4906424f06e39954708
2026-08-19T11:48:06.8166085Z ##[endgroup]
2026-08-19T11:48:06.8166491Z ##[group]Determining the checkout info
2026-08-19T11:48:06.8167410Z ##[endgroup]
2026-08-19T11:48:06.8171903Z [command]/usr/bin/git sparse-checkout disable
2026-08-19T11:48:06.8213491Z [command]/usr/bin/git config --local --unset-all extensions.worktreeConfig
2026-08-19T11:48:06.8243439Z ##[group]Checking out the ref
2026-08-19T11:48:06.8247730Z [command]/usr/bin/git checkout --progress --force -B main refs/remotes/origin/main
2026-08-19T11:48:06.8440324Z Switched to a new branch 'main'
2026-08-19T11:48:06.8442770Z branch 'main' set up to track 'origin/main'.
2026-08-19T11:48:06.8450183Z ##[endgroup]
2026-08-19T11:48:06.8494874Z [command]/usr/bin/git log -1 --format=%H
2026-08-19T11:48:06.8523565Z 7a8b42f7b95ef33a2a84e4906424f06e39954708
2026-08-19T11:48:06.8626303Z ##[end-action id=build.__actions_checkout;outcome=success;conclusion=success;duration_ms=821]
2026-08-19T11:48:06.8630005Z ##[start-action display=Parse op_config_json;id=build.__run_2]
2026-08-19T11:48:06.8648173Z ##[group]Run set -euo pipefail
2026-08-19T11:48:06.8648481Z [36;1mset -euo pipefail[0m
2026-08-19T11:48:06.8652535Z [36;1mecho '{"model":"OP-ACE-3-PRO-6.1.75","soc":"pineapple","branch":"wild/sm8650","manifest":"oneplus_ace3_pro_6.1.75_v.xml","android_version":"android14","kernel_version":"6.1","os_version":"A15","lto":"thin","zyc_compiler":"","c_compiler":"kernel_platform/prebuilts/clang/host/linux-x86/clang-r487747c/bin","rust_compiler":"","bindgen":"","rust_build":false,"disk_cleanup":false,"hmbird":false,"susfs":true,"opt":true,"ds":true,"bbg":true,"bbr":true,"bbr3":true,"ttl":true,"ip_set":true,"unicode":true,"ntsync":true,"blacklist_modules":"kernelsu,oplus_security_guard,oplus_qr_scan,oplus_score,oplus_vip_task,oplus_dns_cache,oplus_network_linkpower_module,oplus_data_module,oplus_secure_harden,oplus_security_keventupload,oplus_secure_guard_new,oplus_secure_guard,coresight_tpda,coresight_tgu,coresight_trace_noc,coresight_cti,coresight_qmi,coresight_dummy,coresight_remote_etm,coresight_tpdm,coresight_uetm,coresight_stm,coresight_tmc_sec,f_fs_ipc_log,qcom_iommu_debug,qti_battery_debug,rdbg,stm_heartbeat,stm_p_ost,stm_core,stm_ftrace,stm_console,spmi_pmic_arb_debug","uname":"OP-WILD"}' > /tmp/config.json[0m
2026-08-19T11:48:06.8656827Z [36;1mjq -r 'to_entries[] | "OP_\(.key | ascii_upcase)=\(.value)"' /tmp/config.json >> "$GITHUB_ENV"[0m
2026-08-19T11:48:06.8657303Z [36;1mecho "Parsed config:"[0m
2026-08-19T11:48:06.8657557Z [36;1mjq '.' /tmp/config.json[0m
2026-08-19T11:48:06.8693944Z shell: /usr/bin/bash --noprofile --norc -e -o pipefail {0}
2026-08-19T11:48:06.8694283Z env:
2026-08-19T11:48:06.8694627Z   CCACHE_DIR: /home/runner/work/OnePlus_KernelSU_SUSFS/OnePlus_KernelSU_SUSFS/.ccache
2026-08-19T11:48:06.8695050Z   CCACHE_MAXSIZE: 12G
2026-08-19T11:48:06.8695290Z   CCACHE_COMPILERCHECK: content
2026-08-19T11:48:06.8695661Z   CCACHE_BASEDIR: /home/runner/work/OnePlus_KernelSU_SUSFS/OnePlus_KernelSU_SUSFS
2026-08-19T11:48:06.8696061Z   CCACHE_NOHASHDIR: true
2026-08-19T11:48:06.8696291Z   CCACHE_IGNOREOPTIONS: --sysroot*
2026-08-19T11:48:06.8696540Z   CCACHE_COMPRESSION: true
2026-08-19T11:48:06.8696765Z   CCACHE_COMPRESSION_LEVEL: 3
2026-08-19T11:48:06.8697000Z   CCACHE_DIRECT: true
2026-08-19T11:48:06.8697201Z   CCACHE_FILE_CLONE: true
2026-08-19T11:48:06.8697412Z   CCACHE_INODE_CACHE: true
2026-08-19T11:48:06.8697635Z   CCACHE_IS_KERNEL_COMPILING: true
2026-08-19T11:48:06.8697868Z   CCACHE_UMASK: 002
2026-08-19T11:48:06.8698328Z   CCACHE_SLOPPINESS: file_macro,time_macros,include_file_mtime,include_file_ctime,pch_defines,system_headers,locale
2026-08-19T11:48:06.8698861Z   ACTION_REPO: 
2026-08-19T11:48:06.8699047Z   ACTION_REF: 
2026-08-19T11:48:06.8699231Z ##[endgroup]
2026-08-19T11:48:06.8786934Z Parsed config:
2026-08-19T11:48:06.8811232Z {
2026-08-19T11:48:06.8812072Z   "model": "OP-ACE-3-PRO-6.1.75",
2026-08-19T11:48:06.8812511Z   "soc": "pineapple",
2026-08-19T11:48:06.8812797Z   "branch": "wild/sm8650",
2026-08-19T11:48:06.8813256Z   "manifest": "oneplus_ace3_pro_6.1.75_v.xml",
2026-08-19T11:48:06.8813885Z   "android_version": "android14",
2026-08-19T11:48:06.8814464Z   "kernel_version": "6.1",
2026-08-19T11:48:06.8814960Z   "os_version": "A15",
2026-08-19T11:48:06.8815447Z   "lto": "thin",
2026-08-19T11:48:06.8815850Z   "zyc_compiler": "",
2026-08-19T11:48:06.8816520Z   "c_compiler": "kernel_platform/prebuilts/clang/host/linux-x86/clang-r487747c/bin",
2026-08-19T11:48:06.8817194Z   "rust_compiler": "",
2026-08-19T11:48:06.8817459Z   "bindgen": "",
2026-08-19T11:48:06.8817708Z   "rust_build": false,
2026-08-19T11:48:06.8839328Z   "disk_cleanup": false,
2026-08-19T11:48:06.8839742Z   "hmbird": false,
2026-08-19T11:48:06.8840077Z   "susfs": true,
2026-08-19T11:48:06.8840307Z   "opt": true,
2026-08-19T11:48:06.8840498Z   "ds": true,
2026-08-19T11:48:06.8840692Z   "bbg": true,
2026-08-19T11:48:06.8840872Z   "bbr": true,
2026-08-19T11:48:06.8841049Z   "bbr3": true,
2026-08-19T11:48:06.8841224Z   "ttl": true,
2026-08-19T11:48:06.8841403Z   "ip_set": true,
2026-08-19T11:48:06.8841592Z   "unicode": true,
2026-08-19T11:48:06.8842055Z   "ntsync": true,
2026-08-19T11:48:06.8844116Z   "blacklist_modules": "kernelsu,oplus_security_guard,oplus_qr_scan,oplus_score,oplus_vip_task,oplus_dns_cache,oplus_network_linkpower_module,oplus_data_module,oplus_secure_harden,oplus_security_keventupload,oplus_secure_guard_new,oplus_secure_guard,coresight_tpda,coresight_tgu,coresight_trace_noc,coresight_cti,coresight_qmi,coresight_dummy,coresight_remote_etm,coresight_tpdm,coresight_uetm,coresight_stm,coresight_tmc_sec,f_fs_ipc_log,qcom_iommu_debug,qti_battery_debug,rdbg,stm_heartbeat,stm_p_ost,stm_core,stm_ftrace,stm_console,spmi_pmic_arb_debug",
2026-08-19T11:48:06.8846195Z   "uname": "OP-WILD"
2026-08-19T11:48:06.8846395Z }
2026-08-19T11:48:06.8851193Z ##[end-action id=build.__run_2;outcome=success;conclusion=success;duration_ms=22]
2026-08-19T11:48:06.8853746Z ##[start-action display=Validate Inputs;id=build.__run_3]
2026-08-19T11:48:06.8871493Z ##[group]Run set -euo pipefail
2026-08-19T11:48:06.8872214Z [36;1mset -euo pipefail[0m
2026-08-19T11:48:06.8872476Z [36;1mecho "::group::Validate inputs"[0m
2026-08-19T11:48:06.8872740Z [36;1mmodel="$OP_MODEL"[0m
2026-08-19T11:48:06.8873156Z [36;1msoc="$OP_SOC"[0m
2026-08-19T11:48:06.8873371Z [36;1mbranch="$OP_BRANCH"[0m
2026-08-19T11:48:06.8873601Z [36;1mmanifest="$OP_MANIFEST"[0m
2026-08-19T11:48:06.8873870Z [36;1mandroid_version="$OP_ANDROID_VERSION"[0m
2026-08-19T11:48:06.8874178Z [36;1mkernel_version="$OP_KERNEL_VERSION"[0m
2026-08-19T11:48:06.8874465Z [36;1mos_version="$OP_OS_VERSION"[0m
2026-08-19T11:48:06.8874721Z [36;1mhmbird="$OP_HMBIRD"[0m
2026-08-19T11:48:06.8874947Z [36;1msusfs="$OP_SUSFS"[0m
2026-08-19T11:48:06.8875167Z [36;1mopt="$OP_OPT"[0m
2026-08-19T11:48:06.8875376Z [36;1mbbg="$OP_BBG"[0m
2026-08-19T11:48:06.8875583Z [36;1mbbr="$OP_BBR"[0m
2026-08-19T11:48:06.8875787Z [36;1mbbr3="$OP_BBR3"[0m
2026-08-19T11:48:06.8875994Z [36;1mttl="$OP_TTL"[0m
2026-08-19T11:48:06.8876203Z [36;1mip_set="$OP_IP_SET"[0m
2026-08-19T11:48:06.8876433Z [36;1mrust_build="$OP_RUST_BUILD"[0m
2026-08-19T11:48:06.8876673Z [36;1mlto="$OP_LTO"[0m
2026-08-19T11:48:06.8876876Z [36;1muname="$OP_UNAME"[0m
2026-08-19T11:48:06.8877104Z [36;1municode="$OP_UNICODE"[0m
2026-08-19T11:48:06.8877338Z [36;1mc_compiler="$OP_C_COMPILER"[0m
2026-08-19T11:48:06.8877598Z [36;1mrust_compiler="$OP_RUST_COMPILER"[0m
2026-08-19T11:48:06.8877876Z [36;1mzyc_compiler="$OP_ZYC_COMPILER"[0m
2026-08-19T11:48:06.8878148Z [36;1mbindgen="$OP_BINDGEN"[0m
2026-08-19T11:48:06.8878376Z [36;1mds="$OP_DS"[0m
2026-08-19T11:48:06.8878583Z [36;1mntsync="$OP_NTSYNC"[0m
2026-08-19T11:48:06.8878850Z [36;1mblacklist_modules="$OP_BLACKLIST_MODULES"[0m
2026-08-19T11:48:06.8879155Z [36;1moptimize='O2'[0m
2026-08-19T11:48:06.8879487Z [36;1m[0m
2026-08-19T11:48:06.8879670Z [36;1merrors=()[0m
2026-08-19T11:48:06.8879862Z [36;1m[0m
2026-08-19T11:48:06.8880042Z [36;1mif [[ -z "$model" ]]; then[0m
2026-08-19T11:48:06.8880330Z [36;1m  errors+=("Input 'model' cannot be empty")[0m
2026-08-19T11:48:06.8880636Z [36;1melif [[ ! "$model" =~ ^OP ]]; then[0m
2026-08-19T11:48:06.8880997Z [36;1m  errors+=("Input 'model' does not start with 'OP'. Got: '$model'")[0m
2026-08-19T11:48:06.8881354Z [36;1mfi[0m
2026-08-19T11:48:06.8881525Z [36;1m[0m
2026-08-19T11:48:06.8881706Z [36;1mif [[ -z "$soc" ]]; then[0m
2026-08-19T11:48:06.8882219Z [36;1m  errors+=("Input 'soc' cannot be empty")[0m
2026-08-19T11:48:06.8882538Z [36;1melif [[ ! "$soc" =~ ^[A-Za-z0-9_-]+$ ]]; then[0m
2026-08-19T11:48:06.8883067Z [36;1m  errors+=("Input 'soc' contains invalid characters. Allowed: letters, digits, underscore, dash. Got: '$soc'")[0m
2026-08-19T11:48:06.8883561Z [36;1mfi[0m
2026-08-19T11:48:06.8883737Z [36;1m[0m
2026-08-19T11:48:06.8883923Z [36;1mif [[ -z "$branch" ]]; then[0m
2026-08-19T11:48:06.8884207Z [36;1m  errors+=("Input 'branch' cannot be empty")[0m
2026-08-19T11:48:06.8884539Z [36;1melif [[ ! "$branch" =~ ^[A-Za-z0-9._/-]+$ ]]; then[0m
2026-08-19T11:48:06.8885084Z [36;1m  errors+=("Input 'branch' contains invalid characters. Allowed: letters, digits, ., _, -, /. Got: '$branch'")[0m
2026-08-19T11:48:06.8885584Z [36;1mfi[0m
2026-08-19T11:48:06.8885758Z [36;1m[0m
2026-08-19T11:48:06.8885945Z [36;1mif [[ -z "$manifest" ]]; then[0m
2026-08-19T11:48:06.8886244Z [36;1m  errors+=("Input 'manifest' cannot be empty")[0m
2026-08-19T11:48:06.8886562Z [36;1melif [[ "$manifest" == http*://* ]]; then[0m
2026-08-19T11:48:06.8886871Z [36;1m  if [[ ! "$manifest" =~ ^https:// ]]; then[0m
2026-08-19T11:48:06.8887233Z [36;1m    errors+=("Manifest URL must be HTTPS. Got: '$manifest'")[0m
2026-08-19T11:48:06.8887560Z [36;1m  fi[0m
2026-08-19T11:48:06.8887778Z [36;1m  if [[ ! "$manifest" =~ \.xml($|\?) ]]; then[0m
2026-08-19T11:48:06.8888191Z [36;1m    errors+=("Manifest URL should point to an XML file (.xml). Got: '$manifest'")[0m
2026-08-19T11:48:06.8888586Z [36;1m  fi[0m
2026-08-19T11:48:06.8888765Z [36;1melse[0m
2026-08-19T11:48:06.8888970Z [36;1m  if [[ ! "$manifest" =~ \.xml$ ]]; then[0m
2026-08-19T11:48:06.8889350Z [36;1m    errors+=("Manifest filename must end with .xml. Got: '$manifest'")[0m
2026-08-19T11:48:06.8889703Z [36;1m  fi[0m
2026-08-19T11:48:06.8890050Z [36;1m  if [[ "$manifest" =~ [[:space:]] ]]; then[0m
2026-08-19T11:48:06.8890441Z [36;1m    errors+=("Manifest filename cannot contain spaces. Got: '$manifest'")[0m
2026-08-19T11:48:06.8890811Z [36;1m  fi[0m
2026-08-19T11:48:06.8890986Z [36;1mfi[0m
2026-08-19T11:48:06.8891154Z [36;1m[0m
2026-08-19T11:48:06.8891353Z [36;1mif [[ -z "$android_version" ]]; then[0m
2026-08-19T11:48:06.8891690Z [36;1m  errors+=("Input 'android_version' cannot be empty")[0m
2026-08-19T11:48:06.8892304Z [36;1melif [[ ! "$android_version" =~ ^android[0-9]+$ ]]; then[0m
2026-08-19T11:48:06.8892952Z [36;1m  errors+=("Input 'android_version' contains invalid characters. Allowed: android followed by a number. Got: '$android_version'")[0m
2026-08-19T11:48:06.8893515Z [36;1mfi[0m
2026-08-19T11:48:06.8893695Z [36;1m[0m
2026-08-19T11:48:06.8893898Z [36;1mif [[ -z "$kernel_version" ]]; then[0m
2026-08-19T11:48:06.8894230Z [36;1m  errors+=("Input 'kernel_version' cannot be empty")[0m
2026-08-19T11:48:06.8894609Z [36;1melif [[ ! "$kernel_version" =~ ^[0-9]+\.[0-9]+$ ]]; then[0m
2026-08-19T11:48:06.8895203Z [36;1m  errors+=("Input 'kernel_version' contains invalid characters. Allowed: number in X.Y format. Got: '$kernel_version'")[0m
2026-08-19T11:48:06.8895734Z [36;1mfi[0m
2026-08-19T11:48:06.8895910Z [36;1m[0m
2026-08-19T11:48:06.8896102Z [36;1mif [[ -z "$os_version" ]]; then[0m
2026-08-19T11:48:06.8896403Z [36;1m  errors+=("Input 'os_version' cannot be empty")[0m
2026-08-19T11:48:06.8896725Z [36;1melif [[ ! "$os_version" =~ ^A ]]; then[0m
2026-08-19T11:48:06.8897241Z [36;1m  errors+=("Input 'os_version' does not start with 'A'. Got: '$os_version'")[0m
2026-08-19T11:48:06.8897620Z [36;1mfi[0m
2026-08-19T11:48:06.8897791Z [36;1m[0m
2026-08-19T11:48:06.8897972Z [36;1mif [[ -z "$hmbird" ]]; then[0m
2026-08-19T11:48:06.8898252Z [36;1m  errors+=("Input 'hmbird' cannot be empty")[0m
2026-08-19T11:48:06.8898600Z [36;1melif [[ "$hmbird" != "true" && "$hmbird" != "false" ]]; then[0m
2026-08-19T11:48:06.8899137Z [36;1m  errors+=("Input 'hmbird' contains invalid characters. Allowed: 'true' or 'false'. Got: '$hmbird'")[0m
2026-08-19T11:48:06.8899597Z [36;1mfi[0m
2026-08-19T11:48:06.8899769Z [36;1m[0m
2026-08-19T11:48:06.8899953Z [36;1mif [[ -z "$susfs" ]]; then[0m
2026-08-19T11:48:06.8900230Z [36;1m  errors+=("Input 'susfs' cannot be empty")[0m
2026-08-19T11:48:06.8900571Z [36;1melif [[ "$susfs" != "true" && "$susfs" != "false" ]]; then[0m
2026-08-19T11:48:06.8901088Z [36;1m  errors+=("Input 'susfs' contains invalid characters. Allowed: 'true' or 'false'. Got: '$susfs'")[0m
2026-08-19T11:48:06.8901540Z [36;1mfi[0m
2026-08-19T11:48:06.8901710Z [36;1m[0m
2026-08-19T11:48:06.8902106Z [36;1mif [[ -z "$opt" ]]; then[0m
2026-08-19T11:48:06.8902385Z [36;1m  errors+=("Input 'opt' cannot be empty")[0m
2026-08-19T11:48:06.8902716Z [36;1melif [[ "$opt" != "true" && "$opt" != "false" ]]; then[0m
2026-08-19T11:48:06.8903204Z [36;1m  errors+=("Input 'opt' contains invalid characters. Allowed: 'true' or 'false'. Got: '$opt'")[0m
2026-08-19T11:48:06.8903643Z [36;1mfi[0m
2026-08-19T11:48:06.8903819Z [36;1m[0m
2026-08-19T11:48:06.8903997Z [36;1mif [[ -z "$bbg" ]]; then[0m
2026-08-19T11:48:06.8904264Z [36;1m  errors+=("Input 'bbg' cannot be empty")[0m
2026-08-19T11:48:06.8904591Z [36;1melif [[ "$bbg" != "true" && "$bbg" != "false" ]]; then[0m
2026-08-19T11:48:06.8905076Z [36;1m  errors+=("Input 'bbg' contains invalid characters. Allowed: 'true' or 'false'. Got: '$bbg'")[0m
2026-08-19T11:48:06.8905508Z [36;1mfi[0m
2026-08-19T11:48:06.8905685Z [36;1m[0m
2026-08-19T11:48:06.8905868Z [36;1mif [[ -z "$bbr" ]]; then[0m
2026-08-19T11:48:06.8906133Z [36;1m  errors+=("Input 'bbr' cannot be empty")[0m
2026-08-19T11:48:06.8906461Z [36;1melif [[ "$bbr" != "true" && "$bbr" != "false" ]]; then[0m
2026-08-19T11:48:06.8906951Z [36;1m  errors+=("Input 'bbr' contains invalid characters. Allowed: 'true' or 'false'. Got: '$bbr'")[0m
2026-08-19T11:48:06.8907386Z [36;1mfi[0m
2026-08-19T11:48:06.8907692Z [36;1m[0m
2026-08-19T11:48:06.8907875Z [36;1mif [[ -z "$bbr3" ]]; then[0m
2026-08-19T11:48:06.8908152Z [36;1m  errors+=("Input 'bbr3' cannot be empty")[0m
2026-08-19T11:48:06.8908488Z [36;1melif [[ "$bbr3" != "true" && "$bbr3" != "false" ]]; then[0m
2026-08-19T11:48:06.8908990Z [36;1m  errors+=("Input 'bbr3' contains invalid characters. Allowed: 'true' or 'false'. Got: '$bbr3'")[0m
2026-08-19T11:48:06.8909429Z [36;1mfi[0m
2026-08-19T11:48:06.8909601Z [36;1m[0m
2026-08-19T11:48:06.8909778Z [36;1mif [[ -z "$ttl" ]]; then[0m
2026-08-19T11:48:06.8910044Z [36;1m  errors+=("Input 'ttl' cannot be empty")[0m
2026-08-19T11:48:06.8910367Z [36;1melif [[ "$ttl" != "true" && "$ttl" != "false" ]]; then[0m
2026-08-19T11:48:06.8910845Z [36;1m  errors+=("Input 'ttl' contains invalid characters. Allowed: 'true' or 'false'. Got: '$ttl'")[0m
2026-08-19T11:48:06.8911275Z [36;1mfi[0m
2026-08-19T11:48:06.8911443Z [36;1m[0m
2026-08-19T11:48:06.8911624Z [36;1mif [[ -z "$ip_set" ]]; then[0m
2026-08-19T11:48:06.8912133Z [36;1m  errors+=("Input 'ip_set' cannot be empty")[0m
2026-08-19T11:48:06.8912490Z [36;1melif [[ "$ip_set" != "true" && "$ip_set" != "false" ]]; then[0m
2026-08-19T11:48:06.8913010Z [36;1m  errors+=("Input 'ip_set' contains invalid characters. Allowed: 'true' or 'false'. Got: '$ip_set'")[0m
2026-08-19T11:48:06.8913461Z [36;1mfi[0m
2026-08-19T11:48:06.8913635Z [36;1m[0m
2026-08-19T11:48:06.8913820Z [36;1mif [[ -z "$rust_build" ]]; then[0m
2026-08-19T11:48:06.8914120Z [36;1m  errors+=("Input 'rust_build' cannot be empty")[0m
2026-08-19T11:48:06.8914633Z [36;1melif [[ "$rust_build" != "true" && "$rust_build" != "false" ]]; then[0m
2026-08-19T11:48:06.8915218Z [36;1m  errors+=("Input 'rust_build' contains invalid characters. Allowed: 'true' or 'false'. Got: '$rust_build'")[0m
2026-08-19T11:48:06.8915700Z [36;1mfi[0m
2026-08-19T11:48:06.8915870Z [36;1m[0m
2026-08-19T11:48:06.8916044Z [36;1mif [[ -z "$lto" ]]; then[0m
2026-08-19T11:48:06.8916310Z [36;1m  errors+=("Input 'lto' cannot be empty")[0m
2026-08-19T11:48:06.8916671Z [36;1melif [[ "$lto" != "none" && "$lto" != "thin" && "$lto" != "full" ]]; then[0m
2026-08-19T11:48:06.8917218Z [36;1m  errors+=("Input 'lto' contains invalid characters. Allowed: 'thin', 'full' or 'none'. Got: '$lto'")[0m
2026-08-19T11:48:06.8917671Z [36;1mfi[0m
2026-08-19T11:48:06.8917845Z [36;1m[0m
2026-08-19T11:48:06.8918029Z [36;1mif [[ -z "$uname" ]]; then[0m
2026-08-19T11:48:06.8918337Z [36;1m  errors+=("Input 'uname' cannot be empty")[0m
2026-08-19T11:48:06.8918637Z [36;1melif [[ ${#uname} -gt 44 ]]; then[0m
2026-08-19T11:48:06.8919003Z [36;1m  errors+=("Input 'uname' too long. Maximum length: 44. Got: '$uname'")[0m
2026-08-19T11:48:06.8919359Z [36;1mfi[0m
2026-08-19T11:48:06.8919529Z [36;1m[0m
2026-08-19T11:48:06.8919709Z [36;1mif [[ -z "$unicode" ]]; then[0m
2026-08-19T11:48:06.8919993Z [36;1m  errors+=("Input 'unicode' cannot be empty")[0m
2026-08-19T11:48:06.8920359Z [36;1melif [[ "$unicode" != "true" && "$unicode" != "false" ]]; then[0m
2026-08-19T11:48:06.8920908Z [36;1m  errors+=("Input 'unicode' contains invalid characters. Allowed: 'true' or 'false'. Got: '$unicode'")[0m
2026-08-19T11:48:06.8921384Z [36;1mfi[0m
2026-08-19T11:48:06.8921558Z [36;1m[0m
2026-08-19T11:48:06.8921939Z [36;1m# OP_C_COMPILER currently has no checks![0m
2026-08-19T11:48:06.8922255Z [36;1m[0m
2026-08-19T11:48:06.8922470Z [36;1m# OP_RUST_COMPILER currently has no checks![0m
2026-08-19T11:48:06.8922749Z [36;1m[0m
2026-08-19T11:48:06.8922971Z [36;1m# OP_ZYC_COMPILER currently has no checks![0m
2026-08-19T11:48:06.8923244Z [36;1m[0m
2026-08-19T11:48:06.8923444Z [36;1m# OP_BINDGEN currently has no checks![0m
2026-08-19T11:48:06.8923709Z [36;1m[0m
2026-08-19T11:48:06.8923931Z [36;1m# OP_BLACKLIST_MODULES currently has no checks![0m
2026-08-19T11:48:06.8924218Z [36;1m[0m
2026-08-19T11:48:06.8924397Z [36;1mif [[ -z "$ds" ]]; then[0m
2026-08-19T11:48:06.8924655Z [36;1m  errors+=("Input 'ds' cannot be empty")[0m
2026-08-19T11:48:06.8925111Z [36;1melif [[ "$ds" != "true" && "$ds" != "false" ]]; then[0m
2026-08-19T11:48:06.8925588Z [36;1m  errors+=("Input 'ds' contains invalid characters. Allowed: 'true' or 'false'. Got: '$ds'")[0m
2026-08-19T11:48:06.8926017Z [36;1mfi[0m
2026-08-19T11:48:06.8926188Z [36;1m[0m
2026-08-19T11:48:06.8926369Z [36;1mif [[ -z "$ntsync" ]]; then[0m
2026-08-19T11:48:06.8926657Z [36;1m  errors+=("Input 'ntsync' cannot be empty")[0m
2026-08-19T11:48:06.8927005Z [36;1melif [[ "$ntsync" != "true" && "$ntsync" != "false" ]]; then[0m
2026-08-19T11:48:06.8927534Z [36;1m  errors+=("Input 'ntsync' contains invalid characters. Allowed: 'true' or 'false'. Got: '$ntsync'")[0m
2026-08-19T11:48:06.8927987Z [36;1mfi[0m
2026-08-19T11:48:06.8928263Z [36;1m[0m
2026-08-19T11:48:06.8928453Z [36;1mcase "$optimize" in[0m
2026-08-19T11:48:06.8928680Z [36;1m  O2|O3) ;;[0m
2026-08-19T11:48:06.8928989Z [36;1m  *) errors+=("optimize_level must be O2 or O3. Got: '$optimize'"); ;;[0m
2026-08-19T11:48:06.8929348Z [36;1mesac[0m
2026-08-19T11:48:06.8929531Z [36;1m[0m
2026-08-19T11:48:06.8929718Z [36;1mif [ ${#errors[@]} -ne 0 ]; then[0m
2026-08-19T11:48:06.8930031Z [36;1m  echo "Found ${#errors[@]} validation error(s):" >&2[0m
2026-08-19T11:48:06.8930356Z [36;1m  for error in "${errors[@]}"; do[0m
2026-08-19T11:48:06.8930622Z [36;1m    echo "  - $error" >&2[0m
2026-08-19T11:48:06.8930853Z [36;1m  done[0m
2026-08-19T11:48:06.8931131Z [36;1m  echo "::error::Input validation failed. See logs for details."[0m
2026-08-19T11:48:06.8931471Z [36;1m  exit 1[0m
2026-08-19T11:48:06.8931957Z [36;1melse[0m
2026-08-19T11:48:06.8932262Z [36;1m  echo "✅ Input validation passed"[0m
2026-08-19T11:48:06.8932544Z [36;1mfi[0m
2026-08-19T11:48:06.8932736Z [36;1mecho "::endgroup::"[0m
2026-08-19T11:48:06.8967569Z shell: /usr/bin/bash --noprofile --norc -e -o pipefail {0}
2026-08-19T11:48:06.8967919Z env:
2026-08-19T11:48:06.8968262Z   CCACHE_DIR: /home/runner/work/OnePlus_KernelSU_SUSFS/OnePlus_KernelSU_SUSFS/.ccache
2026-08-19T11:48:06.8968690Z   CCACHE_MAXSIZE: 12G
2026-08-19T11:48:06.8968919Z   CCACHE_COMPILERCHECK: content
2026-08-19T11:48:06.8969307Z   CCACHE_BASEDIR: /home/runner/work/OnePlus_KernelSU_SUSFS/OnePlus_KernelSU_SUSFS
2026-08-19T11:48:06.8969714Z   CCACHE_NOHASHDIR: true
2026-08-19T11:48:06.8969956Z   CCACHE_IGNOREOPTIONS: --sysroot*
2026-08-19T11:48:06.8970209Z   CCACHE_COMPRESSION: true
2026-08-19T11:48:06.8970439Z   CCACHE_COMPRESSION_LEVEL: 3
2026-08-19T11:48:06.8970664Z   CCACHE_DIRECT: true
2026-08-19T11:48:06.8970868Z   CCACHE_FILE_CLONE: true
2026-08-19T11:48:06.8971095Z   CCACHE_INODE_CACHE: true
2026-08-19T11:48:06.8971330Z   CCACHE_IS_KERNEL_COMPILING: true
2026-08-19T11:48:06.8971567Z   CCACHE_UMASK: 002
2026-08-19T11:48:06.8972272Z   CCACHE_SLOPPINESS: file_macro,time_macros,include_file_mtime,include_file_ctime,pch_defines,system_headers,locale
2026-08-19T11:48:06.8972787Z   ACTION_REPO: 
2026-08-19T11:48:06.8972973Z   ACTION_REF: 
2026-08-19T11:48:06.8973174Z   OP_MODEL: OP-ACE-3-PRO-6.1.75
2026-08-19T11:48:06.8973419Z   OP_SOC: pineapple
2026-08-19T11:48:06.8973617Z   OP_BRANCH: wild/sm8650
2026-08-19T11:48:06.8973849Z   OP_MANIFEST: oneplus_ace3_pro_6.1.75_v.xml
2026-08-19T11:48:06.8974122Z   OP_ANDROID_VERSION: android14
2026-08-19T11:48:06.8974345Z   OP_KERNEL_VERSION: 6.1
2026-08-19T11:48:06.8974551Z   OP_OS_VERSION: A15
2026-08-19T11:48:06.8974748Z   OP_LTO: thin
2026-08-19T11:48:06.8974933Z   OP_ZYC_COMPILER: 
2026-08-19T11:48:06.8975272Z   OP_C_COMPILER: kernel_platform/prebuilts/clang/host/linux-x86/clang-r487747c/bin
2026-08-19T11:48:06.8975669Z   OP_RUST_COMPILER: 
2026-08-19T11:48:06.8975864Z   OP_BINDGEN: 
2026-08-19T11:48:06.8976049Z   OP_RUST_BUILD: false
2026-08-19T11:48:06.8976258Z   OP_DISK_CLEANUP: false
2026-08-19T11:48:06.8976465Z   OP_HMBIRD: false
2026-08-19T11:48:06.8976651Z   OP_SUSFS: true
2026-08-19T11:48:06.8976834Z   OP_OPT: true
2026-08-19T11:48:06.8977013Z   OP_DS: true
2026-08-19T11:48:06.8977189Z   OP_BBG: true
2026-08-19T11:48:06.8977523Z   OP_BBR: true
2026-08-19T11:48:06.8977699Z   OP_BBR3: true
2026-08-19T11:48:06.8977881Z   OP_TTL: true
2026-08-19T11:48:06.8978060Z   OP_IP_SET: true
2026-08-19T11:48:06.8978246Z   OP_UNICODE: true
2026-08-19T11:48:06.8978441Z   OP_NTSYNC: true
2026-08-19T11:48:06.8980356Z   OP_BLACKLIST_MODULES: kernelsu,oplus_security_guard,oplus_qr_scan,oplus_score,oplus_vip_task,oplus_dns_cache,oplus_network_linkpower_module,oplus_data_module,oplus_secure_harden,oplus_security_keventupload,oplus_secure_guard_new,oplus_secure_guard,coresight_tpda,coresight_tgu,coresight_trace_noc,coresight_cti,coresight_qmi,coresight_dummy,coresight_remote_etm,coresight_tpdm,coresight_uetm,coresight_stm,coresight_tmc_sec,f_fs_ipc_log,qcom_iommu_debug,qti_battery_debug,rdbg,stm_heartbeat,stm_p_ost,stm_core,stm_ftrace,stm_console,spmi_pmic_arb_debug
2026-08-19T11:48:06.8982571Z   OP_UNAME: OP-WILD
2026-08-19T11:48:06.8982778Z ##[endgroup]
2026-08-19T11:48:06.9036665Z ##[group]Validate inputs
2026-08-19T11:48:06.9043273Z ✅ Input validation passed
2026-08-19T11:48:06.9043723Z ##[endgroup]
2026-08-19T11:48:06.9049423Z ##[end-action id=build.__run_3;outcome=success;conclusion=success;duration_ms=19]
2026-08-19T11:48:06.9051495Z ##[start-action display=Setup Base Environment;id=build.__run_4]
2026-08-19T11:48:06.9065682Z ##[group]Run set -euo pipefail
2026-08-19T11:48:06.9065957Z [36;1mset -euo pipefail[0m
2026-08-19T11:48:06.9066185Z [36;1mCONFIG="$OP_MODEL"[0m
2026-08-19T11:48:06.9066471Z [36;1mecho "Creating folder for configuration: $CONFIG"[0m
2026-08-19T11:48:06.9066795Z [36;1mmkdir -p "$CONFIG"[0m
2026-08-19T11:48:06.9067185Z [36;1mecho "CONFIG=$CONFIG" >> "$GITHUB_ENV"[0m
2026-08-19T11:48:06.9067492Z [36;1mREPO="/usr/local/bin/repo"[0m
2026-08-19T11:48:06.9067750Z [36;1mif [ ! -x "$REPO" ]; then[0m
2026-08-19T11:48:06.9068156Z [36;1m  curl -s https://storage.googleapis.com/git-repo-downloads/repo -o "$REPO"[0m
2026-08-19T11:48:06.9068570Z [36;1m  chmod +x "$REPO"[0m
2026-08-19T11:48:06.9068785Z [36;1mfi[0m
2026-08-19T11:48:06.9068994Z [36;1mecho "REPO=$REPO" >> "$GITHUB_ENV"[0m
2026-08-19T11:48:06.9102268Z shell: /usr/bin/bash --noprofile --norc -e -o pipefail {0}
2026-08-19T11:48:06.9102610Z env:
2026-08-19T11:48:06.9102947Z   CCACHE_DIR: /home/runner/work/OnePlus_KernelSU_SUSFS/OnePlus_KernelSU_SUSFS/.ccache
2026-08-19T11:48:06.9103360Z   CCACHE_MAXSIZE: 12G
2026-08-19T11:48:06.9103578Z   CCACHE_COMPILERCHECK: content
2026-08-19T11:48:06.9103949Z   CCACHE_BASEDIR: /home/runner/work/OnePlus_KernelSU_SUSFS/OnePlus_KernelSU_SUSFS
2026-08-19T11:48:06.9104356Z   CCACHE_NOHASHDIR: true
2026-08-19T11:48:06.9104596Z   CCACHE_IGNOREOPTIONS: --sysroot*
2026-08-19T11:48:06.9104852Z   CCACHE_COMPRESSION: true
2026-08-19T11:48:06.9105081Z   CCACHE_COMPRESSION_LEVEL: 3
2026-08-19T11:48:06.9105310Z   CCACHE_DIRECT: true
2026-08-19T11:48:06.9105521Z   CCACHE_FILE_CLONE: true
2026-08-19T11:48:06.9105740Z   CCACHE_INODE_CACHE: true
2026-08-19T11:48:06.9105967Z   CCACHE_IS_KERNEL_COMPILING: true
2026-08-19T11:48:06.9106203Z   CCACHE_UMASK: 002
2026-08-19T11:48:06.9106661Z   CCACHE_SLOPPINESS: file_macro,time_macros,include_file_mtime,include_file_ctime,pch_defines,system_headers,locale
2026-08-19T11:48:06.9107171Z   ACTION_REPO: 
2026-08-19T11:48:06.9107360Z   ACTION_REF: 
2026-08-19T11:48:06.9107561Z   OP_MODEL: OP-ACE-3-PRO-6.1.75
2026-08-19T11:48:06.9107794Z   OP_SOC: pineapple
2026-08-19T11:48:06.9108012Z   OP_BRANCH: wild/sm8650
2026-08-19T11:48:06.9108248Z   OP_MANIFEST: oneplus_ace3_pro_6.1.75_v.xml
2026-08-19T11:48:06.9108528Z   OP_ANDROID_VERSION: android14
2026-08-19T11:48:06.9108760Z   OP_KERNEL_VERSION: 6.1
2026-08-19T11:48:06.9108974Z   OP_OS_VERSION: A15
2026-08-19T11:48:06.9109193Z   OP_LTO: thin
2026-08-19T11:48:06.9109378Z   OP_ZYC_COMPILER: 
2026-08-19T11:48:06.9109719Z   OP_C_COMPILER: kernel_platform/prebuilts/clang/host/linux-x86/clang-r487747c/bin
2026-08-19T11:48:06.9110114Z   OP_RUST_COMPILER: 
2026-08-19T11:48:06.9110310Z   OP_BINDGEN: 
2026-08-19T11:48:06.9110500Z   OP_RUST_BUILD: false
2026-08-19T11:48:06.9110855Z   OP_DISK_CLEANUP: false
2026-08-19T11:48:06.9111067Z   OP_HMBIRD: false
2026-08-19T11:48:06.9111254Z   OP_SUSFS: true
2026-08-19T11:48:06.9111444Z   OP_OPT: true
2026-08-19T11:48:06.9111624Z   OP_DS: true
2026-08-19T11:48:06.9112047Z   OP_BBG: true
2026-08-19T11:48:06.9112261Z   OP_BBR: true
2026-08-19T11:48:06.9112447Z   OP_BBR3: true
2026-08-19T11:48:06.9112630Z   OP_TTL: true
2026-08-19T11:48:06.9112809Z   OP_IP_SET: true
2026-08-19T11:48:06.9113001Z   OP_UNICODE: true
2026-08-19T11:48:06.9113188Z   OP_NTSYNC: true
2026-08-19T11:48:06.9115114Z   OP_BLACKLIST_MODULES: kernelsu,oplus_security_guard,oplus_qr_scan,oplus_score,oplus_vip_task,oplus_dns_cache,oplus_network_linkpower_module,oplus_data_module,oplus_secure_harden,oplus_security_keventupload,oplus_secure_guard_new,oplus_secure_guard,coresight_tpda,coresight_tgu,coresight_trace_noc,coresight_cti,coresight_qmi,coresight_dummy,coresight_remote_etm,coresight_tpdm,coresight_uetm,coresight_stm,coresight_tmc_sec,f_fs_ipc_log,qcom_iommu_debug,qti_battery_debug,rdbg,stm_heartbeat,stm_p_ost,stm_core,stm_ftrace,stm_console,spmi_pmic_arb_debug
2026-08-19T11:48:06.9117102Z   OP_UNAME: OP-WILD
2026-08-19T11:48:06.9117307Z ##[endgroup]
2026-08-19T11:48:06.9170266Z Creating folder for configuration: OP-ACE-3-PRO-6.1.75
2026-08-19T11:48:06.9696397Z ##[end-action id=build.__run_4;outcome=success;conclusion=success;duration_ms=64]
2026-08-19T11:48:06.9698924Z ##[start-action display=Optimize Global Git for Repo Tool;id=build.__run_5]
2026-08-19T11:48:06.9714213Z ##[group]Run set -euo pipefail
2026-08-19T11:48:06.9714488Z [36;1mset -euo pipefail[0m
2026-08-19T11:48:06.9714939Z [36;1mgit config --global feature.manyFiles true[0m
2026-08-19T11:48:06.9715278Z [36;1mgit config --global core.fsmonitor true[0m
2026-08-19T11:48:06.9715593Z [36;1mgit config --global pack.sparse true[0m
2026-08-19T11:48:06.9715906Z [36;1mgit config --global http.sslVerify false[0m
2026-08-19T11:48:06.9751399Z shell: /usr/bin/bash --noprofile --norc -e -o pipefail {0}
2026-08-19T11:48:06.9751754Z env:
2026-08-19T11:48:06.9752329Z   CCACHE_DIR: /home/runner/work/OnePlus_KernelSU_SUSFS/OnePlus_KernelSU_SUSFS/.ccache
2026-08-19T11:48:06.9752751Z   CCACHE_MAXSIZE: 12G
2026-08-19T11:48:06.9752977Z   CCACHE_COMPILERCHECK: content
2026-08-19T11:48:06.9753348Z   CCACHE_BASEDIR: /home/runner/work/OnePlus_KernelSU_SUSFS/OnePlus_KernelSU_SUSFS
2026-08-19T11:48:06.9753741Z   CCACHE_NOHASHDIR: true
2026-08-19T11:48:06.9753971Z   CCACHE_IGNOREOPTIONS: --sysroot*
2026-08-19T11:48:06.9754218Z   CCACHE_COMPRESSION: true
2026-08-19T11:48:06.9754445Z   CCACHE_COMPRESSION_LEVEL: 3
2026-08-19T11:48:06.9754682Z   CCACHE_DIRECT: true
2026-08-19T11:48:06.9754885Z   CCACHE_FILE_CLONE: true
2026-08-19T11:48:06.9755099Z   CCACHE_INODE_CACHE: true
2026-08-19T11:48:06.9755321Z   CCACHE_IS_KERNEL_COMPILING: true
2026-08-19T11:48:06.9755558Z   CCACHE_UMASK: 002
2026-08-19T11:48:06.9756006Z   CCACHE_SLOPPINESS: file_macro,time_macros,include_file_mtime,include_file_ctime,pch_defines,system_headers,locale
2026-08-19T11:48:06.9756523Z   ACTION_REPO: 
2026-08-19T11:48:06.9756710Z   ACTION_REF: 
2026-08-19T11:48:06.9756910Z   OP_MODEL: OP-ACE-3-PRO-6.1.75
2026-08-19T11:48:06.9757141Z   OP_SOC: pineapple
2026-08-19T11:48:06.9757337Z   OP_BRANCH: wild/sm8650
2026-08-19T11:48:06.9757571Z   OP_MANIFEST: oneplus_ace3_pro_6.1.75_v.xml
2026-08-19T11:48:06.9757850Z   OP_ANDROID_VERSION: android14
2026-08-19T11:48:06.9758076Z   OP_KERNEL_VERSION: 6.1
2026-08-19T11:48:06.9758286Z   OP_OS_VERSION: A15
2026-08-19T11:48:06.9758483Z   OP_LTO: thin
2026-08-19T11:48:06.9758671Z   OP_ZYC_COMPILER: 
2026-08-19T11:48:06.9759011Z   OP_C_COMPILER: kernel_platform/prebuilts/clang/host/linux-x86/clang-r487747c/bin
2026-08-19T11:48:06.9759411Z   OP_RUST_COMPILER: 
2026-08-19T11:48:06.9759614Z   OP_BINDGEN: 
2026-08-19T11:48:06.9759811Z   OP_RUST_BUILD: false
2026-08-19T11:48:06.9760024Z   OP_DISK_CLEANUP: false
2026-08-19T11:48:06.9760233Z   OP_HMBIRD: false
2026-08-19T11:48:06.9760421Z   OP_SUSFS: true
2026-08-19T11:48:06.9760603Z   OP_OPT: true
2026-08-19T11:48:06.9760938Z   OP_DS: true
2026-08-19T11:48:06.9761113Z   OP_BBG: true
2026-08-19T11:48:06.9761290Z   OP_BBR: true
2026-08-19T11:48:06.9761463Z   OP_BBR3: true
2026-08-19T11:48:06.9761643Z   OP_TTL: true
2026-08-19T11:48:06.9762047Z   OP_IP_SET: true
2026-08-19T11:48:06.9762302Z   OP_UNICODE: true
2026-08-19T11:48:06.9762499Z   OP_NTSYNC: true
2026-08-19T11:48:06.9764419Z   OP_BLACKLIST_MODULES: kernelsu,oplus_security_guard,oplus_qr_scan,oplus_score,oplus_vip_task,oplus_dns_cache,oplus_network_linkpower_module,oplus_data_module,oplus_secure_harden,oplus_security_keventupload,oplus_secure_guard_new,oplus_secure_guard,coresight_tpda,coresight_tgu,coresight_trace_noc,coresight_cti,coresight_qmi,coresight_dummy,coresight_remote_etm,coresight_tpdm,coresight_uetm,coresight_stm,coresight_tmc_sec,f_fs_ipc_log,qcom_iommu_debug,qti_battery_debug,rdbg,stm_heartbeat,stm_p_ost,stm_core,stm_ftrace,stm_console,spmi_pmic_arb_debug
2026-08-19T11:48:06.9766397Z   OP_UNAME: OP-WILD
2026-08-19T11:48:06.9766608Z   CONFIG: OP-ACE-3-PRO-6.1.75
2026-08-19T11:48:06.9766849Z   REPO: /usr/local/bin/repo
2026-08-19T11:48:06.9767063Z ##[endgroup]
2026-08-19T11:48:06.9889311Z ##[end-action id=build.__run_5;outcome=success;conclusion=success;duration_ms=18]
2026-08-19T11:48:06.9891672Z ##[start-action display=Sync Kernel Source;id=build.sync-kernel-source]
2026-08-19T11:48:07.0017840Z Prepare all required actions
2026-08-19T11:48:07.0202589Z ##[group]Run ./.github/actions/kernel-source-sync
2026-08-19T11:48:07.0203092Z with:
2026-08-19T11:48:07.0203430Z   source_location: OP-ACE-3-PRO-6.1.75
2026-08-19T11:48:07.0206376Z   github_token: ***
2026-08-19T11:48:07.0206762Z   debug: true
2026-08-19T11:48:07.0207042Z env:
2026-08-19T11:48:07.0207706Z   CCACHE_DIR: /home/runner/work/OnePlus_KernelSU_SUSFS/OnePlus_KernelSU_SUSFS/.ccache
2026-08-19T11:48:07.0208569Z   CCACHE_MAXSIZE: 12G
2026-08-19T11:48:07.0208905Z   CCACHE_COMPILERCHECK: content
2026-08-19T11:48:07.0209436Z   CCACHE_BASEDIR: /home/runner/work/OnePlus_KernelSU_SUSFS/OnePlus_KernelSU_SUSFS
2026-08-19T11:48:07.0209973Z   CCACHE_NOHASHDIR: true
2026-08-19T11:48:07.0210287Z   CCACHE_IGNOREOPTIONS: --sysroot*
2026-08-19T11:48:07.0227333Z   CCACHE_COMPRESSION: true
2026-08-19T11:48:07.0227837Z   CCACHE_COMPRESSION_LEVEL: 3
2026-08-19T11:48:07.0228098Z   CCACHE_DIRECT: true
2026-08-19T11:48:07.0228323Z   CCACHE_FILE_CLONE: true
2026-08-19T11:48:07.0228577Z   CCACHE_INODE_CACHE: true
2026-08-19T11:48:07.0228953Z   CCACHE_IS_KERNEL_COMPILING: true
2026-08-19T11:48:07.0229206Z   CCACHE_UMASK: 002
2026-08-19T11:48:07.0229683Z   CCACHE_SLOPPINESS: file_macro,time_macros,include_file_mtime,include_file_ctime,pch_defines,system_headers,locale
2026-08-19T11:48:07.0230208Z   ACTION_REPO: 
2026-08-19T11:48:07.0230422Z   ACTION_REF: 
2026-08-19T11:48:07.0230631Z   OP_MODEL: OP-ACE-3-PRO-6.1.75
2026-08-19T11:48:07.0230873Z   OP_SOC: pineapple
2026-08-19T11:48:07.0231084Z   OP_BRANCH: wild/sm8650
2026-08-19T11:48:07.0231324Z   OP_MANIFEST: oneplus_ace3_pro_6.1.75_v.xml
2026-08-19T11:48:07.0231609Z   OP_ANDROID_VERSION: android14
2026-08-19T11:48:07.0232013Z   OP_KERNEL_VERSION: 6.1
2026-08-19T11:48:07.0232230Z   OP_OS_VERSION: A15
2026-08-19T11:48:07.0232430Z   OP_LTO: thin
2026-08-19T11:48:07.0232617Z   OP_ZYC_COMPILER: 
2026-08-19T11:48:07.0232964Z   OP_C_COMPILER: kernel_platform/prebuilts/clang/host/linux-x86/clang-r487747c/bin
2026-08-19T11:48:07.0233364Z   OP_RUST_COMPILER: 
2026-08-19T11:48:07.0233560Z   OP_BINDGEN: 
2026-08-19T11:48:07.0233746Z   OP_RUST_BUILD: false
2026-08-19T11:48:07.0233956Z   OP_DISK_CLEANUP: false
2026-08-19T11:48:07.0234163Z   OP_HMBIRD: false
2026-08-19T11:48:07.0234360Z   OP_SUSFS: true
2026-08-19T11:48:07.0234545Z   OP_OPT: true
2026-08-19T11:48:07.0234721Z   OP_DS: true
2026-08-19T11:48:07.0234896Z   OP_BBG: true
2026-08-19T11:48:07.0235072Z   OP_BBR: true
2026-08-19T11:48:07.0235251Z   OP_BBR3: true
2026-08-19T11:48:07.0235433Z   OP_TTL: true
2026-08-19T11:48:07.0235612Z   OP_IP_SET: true
2026-08-19T11:48:07.0235800Z   OP_UNICODE: true
2026-08-19T11:48:07.0235987Z   OP_NTSYNC: true
2026-08-19T11:48:07.0238126Z   OP_BLACKLIST_MODULES: kernelsu,oplus_security_guard,oplus_qr_scan,oplus_score,oplus_vip_task,oplus_dns_cache,oplus_network_linkpower_module,oplus_data_module,oplus_secure_harden,oplus_security_keventupload,oplus_secure_guard_new,oplus_secure_guard,coresight_tpda,coresight_tgu,coresight_trace_noc,coresight_cti,coresight_qmi,coresight_dummy,coresight_remote_etm,coresight_tpdm,coresight_uetm,coresight_stm,coresight_tmc_sec,f_fs_ipc_log,qcom_iommu_debug,qti_battery_debug,rdbg,stm_heartbeat,stm_p_ost,stm_core,stm_ftrace,stm_console,spmi_pmic_arb_debug
2026-08-19T11:48:07.0240408Z   OP_UNAME: OP-WILD
2026-08-19T11:48:07.0240628Z   CONFIG: OP-ACE-3-PRO-6.1.75
2026-08-19T11:48:07.0240866Z   REPO: /usr/local/bin/repo
2026-08-19T11:48:07.0241088Z ##[endgroup]
2026-08-19T11:48:07.0246001Z ##[start-action display=Download and Prepare Manifest;id=build.sync-kernel-source.__run]
2026-08-19T11:48:07.0262346Z ##[group]Run # Download and Prepare Manifest
2026-08-19T11:48:07.0262703Z [36;1m# Download and Prepare Manifest[0m
2026-08-19T11:48:07.0263011Z [36;1mif [[ "$OP_MANIFEST" == https://* ]]; then[0m
2026-08-19T11:48:07.0263473Z [36;1m  curl --fail --show-error --location --proto '=https' "$OP_MANIFEST" -o manifest.xml[0m
2026-08-19T11:48:07.0263956Z [36;1melif [[ "$OP_BRANCH" == wild/* ]]; then[0m
2026-08-19T11:48:07.0264441Z [36;1m  cp "../manifests/$(echo "$OP_OS_VERSION" | tr '[:upper:]' '[:lower:]')/$OP_MANIFEST" manifest.xml[0m
2026-08-19T11:48:07.0264868Z [36;1melse[0m
2026-08-19T11:48:07.0265687Z [36;1m  curl --fail --show-error --location --proto '=https' "https://raw.githubusercontent.com/OnePlusOSS/kernel_manifest/refs/heads/$OP_BRANCH/$OP_MANIFEST" -o manifest.xml[0m
2026-08-19T11:48:07.0266419Z [36;1mfi[0m
2026-08-19T11:48:07.0301901Z shell: /usr/bin/bash --noprofile --norc -e -o pipefail {0}
2026-08-19T11:48:07.0302232Z env:
2026-08-19T11:48:07.0302566Z   CCACHE_DIR: /home/runner/work/OnePlus_KernelSU_SUSFS/OnePlus_KernelSU_SUSFS/.ccache
2026-08-19T11:48:07.0302983Z   CCACHE_MAXSIZE: 12G
2026-08-19T11:48:07.0303204Z   CCACHE_COMPILERCHECK: content
2026-08-19T11:48:07.0303577Z   CCACHE_BASEDIR: /home/runner/work/OnePlus_KernelSU_SUSFS/OnePlus_KernelSU_SUSFS
2026-08-19T11:48:07.0303984Z   CCACHE_NOHASHDIR: true
2026-08-19T11:48:07.0304222Z   CCACHE_IGNOREOPTIONS: --sysroot*
2026-08-19T11:48:07.0304477Z   CCACHE_COMPRESSION: true
2026-08-19T11:48:07.0304703Z   CCACHE_COMPRESSION_LEVEL: 3
2026-08-19T11:48:07.0304928Z   CCACHE_DIRECT: true
2026-08-19T11:48:07.0305133Z   CCACHE_FILE_CLONE: true
2026-08-19T11:48:07.0305355Z   CCACHE_INODE_CACHE: true
2026-08-19T11:48:07.0305587Z   CCACHE_IS_KERNEL_COMPILING: true
2026-08-19T11:48:07.0305828Z   CCACHE_UMASK: 002
2026-08-19T11:48:07.0306283Z   CCACHE_SLOPPINESS: file_macro,time_macros,include_file_mtime,include_file_ctime,pch_defines,system_headers,locale
2026-08-19T11:48:07.0306800Z   ACTION_REPO: 
2026-08-19T11:48:07.0306984Z   ACTION_REF: 
2026-08-19T11:48:07.0307183Z   OP_MODEL: OP-ACE-3-PRO-6.1.75
2026-08-19T11:48:07.0307419Z   OP_SOC: pineapple
2026-08-19T11:48:07.0307616Z   OP_BRANCH: wild/sm8650
2026-08-19T11:48:07.0307849Z   OP_MANIFEST: oneplus_ace3_pro_6.1.75_v.xml
2026-08-19T11:48:07.0308120Z   OP_ANDROID_VERSION: android14
2026-08-19T11:48:07.0308350Z   OP_KERNEL_VERSION: 6.1
2026-08-19T11:48:07.0308556Z   OP_OS_VERSION: A15
2026-08-19T11:48:07.0308764Z   OP_LTO: thin
2026-08-19T11:48:07.0308954Z   OP_ZYC_COMPILER: 
2026-08-19T11:48:07.0309291Z   OP_C_COMPILER: kernel_platform/prebuilts/clang/host/linux-x86/clang-r487747c/bin
2026-08-19T11:48:07.0309691Z   OP_RUST_COMPILER: 
2026-08-19T11:48:07.0309899Z   OP_BINDGEN: 
2026-08-19T11:48:07.0310087Z   OP_RUST_BUILD: false
2026-08-19T11:48:07.0310295Z   OP_DISK_CLEANUP: false
2026-08-19T11:48:07.0310502Z   OP_HMBIRD: false
2026-08-19T11:48:07.0310691Z   OP_SUSFS: true
2026-08-19T11:48:07.0310872Z   OP_OPT: true
2026-08-19T11:48:07.0311050Z   OP_DS: true
2026-08-19T11:48:07.0311226Z   OP_BBG: true
2026-08-19T11:48:07.0311403Z   OP_BBR: true
2026-08-19T11:48:07.0311890Z   OP_BBR3: true
2026-08-19T11:48:07.0312079Z   OP_TTL: true
2026-08-19T11:48:07.0312253Z   OP_IP_SET: true
2026-08-19T11:48:07.0312438Z   OP_UNICODE: true
2026-08-19T11:48:07.0312624Z   OP_NTSYNC: true
2026-08-19T11:48:07.0314544Z   OP_BLACKLIST_MODULES: kernelsu,oplus_security_guard,oplus_qr_scan,oplus_score,oplus_vip_task,oplus_dns_cache,oplus_network_linkpower_module,oplus_data_module,oplus_secure_harden,oplus_security_keventupload,oplus_secure_guard_new,oplus_secure_guard,coresight_tpda,coresight_tgu,coresight_trace_noc,coresight_cti,coresight_qmi,coresight_dummy,coresight_remote_etm,coresight_tpdm,coresight_uetm,coresight_stm,coresight_tmc_sec,f_fs_ipc_log,qcom_iommu_debug,qti_battery_debug,rdbg,stm_heartbeat,stm_p_ost,stm_core,stm_ftrace,stm_console,spmi_pmic_arb_debug
2026-08-19T11:48:07.0316516Z   OP_UNAME: OP-WILD
2026-08-19T11:48:07.0316726Z   CONFIG: OP-ACE-3-PRO-6.1.75
2026-08-19T11:48:07.0316973Z   REPO: /usr/local/bin/repo
2026-08-19T11:48:07.0317198Z ##[endgroup]
2026-08-19T11:48:07.0413305Z ##[end-action id=build.sync-kernel-source.__run;outcome=success;conclusion=success;duration_ms=16]
2026-08-19T11:48:07.0417349Z ##[start-action display=Download Manifest Archives;id=build.sync-kernel-source.__run_2]
2026-08-19T11:48:07.0432393Z ##[group]Run # Download Manifest Archives
2026-08-19T11:48:07.0433003Z [36;1m# Download Manifest Archives[0m
2026-08-19T11:48:07.0433295Z [36;1mimport xml.etree.ElementTree as ET[0m
2026-08-19T11:48:07.0433583Z [36;1mimport subprocess[0m
2026-08-19T11:48:07.0433807Z [36;1mimport os, shutil[0m
2026-08-19T11:48:07.0434178Z [36;1mimport time[0m
2026-08-19T11:48:07.0434385Z [36;1mimport glob[0m
2026-08-19T11:48:07.0434650Z [36;1mfrom concurrent.futures import ThreadPoolExecutor[0m
2026-08-19T11:48:07.0434973Z [36;1mimport requests[0m
2026-08-19T11:48:07.0435182Z [36;1m[0m
2026-08-19T11:48:07.0435392Z [36;1mMAX_WORKERS = (os.cpu_count() or 2) * 4[0m
2026-08-19T11:48:07.0435787Z [36;1mNPROC = int(subprocess.check_output("nproc", shell=True).strip())[0m
2026-08-19T11:48:07.0436231Z [36;1mTARGET_REPO = "WildKernels/OnePlus_KernelSU_SUSFS"[0m
2026-08-19T11:48:07.0436549Z [36;1mTOOLCHAIN_MAP = {[0m
2026-08-19T11:48:07.0436791Z [36;1m    "clang/host/linux-x86": "clang",[0m
2026-08-19T11:48:07.0437073Z [36;1m    "prebuilts/rust": "rust",[0m
2026-08-19T11:48:07.0437360Z [36;1m    "prebuilts/clang-tools": "clang-tools",[0m
2026-08-19T11:48:07.0437703Z [36;1m    "kernel/prebuilts/build-tools": "build-tools",[0m
2026-08-19T11:48:07.0438013Z [36;1m    "AnyKernel3": "AnyKernel3"[0m
2026-08-19T11:48:07.0438257Z [36;1m}[0m
2026-08-19T11:48:07.0438520Z [36;1mDEBUG = os.environ.get("DEBUG", "false").lower() == "true"[0m
2026-08-19T11:48:07.0438981Z [36;1maria_quiet_flags = "--quiet --summary-interval=0" if not DEBUG else ""[0m
2026-08-19T11:48:07.0439348Z [36;1m[0m
2026-08-19T11:48:07.0439530Z [36;1mcurl_headers = ([0m
2026-08-19T11:48:07.0440044Z [36;1m    "-H 'User-Agent: Mozilla/5.0 (Windows NT 10.0; Win64; x64) AppleWebKit/537.36 (KHTML, like Gecko) Chrome/120.0.0.0 Safari/537.36' "[0m
2026-08-19T11:48:07.0440599Z [36;1m    "-H 'Accept: */*' "[0m
2026-08-19T11:48:07.0440862Z [36;1m    "-H 'Connection: keep-alive' "[0m
2026-08-19T11:48:07.0441136Z [36;1m    "--tcp-fastopen"[0m
2026-08-19T11:48:07.0441355Z [36;1m)[0m
2026-08-19T11:48:07.0441526Z [36;1m[0m
2026-08-19T11:48:07.0441703Z [36;1maria2_headers = ([0m
2026-08-19T11:48:07.0442473Z [36;1m    "--header='User-Agent: Mozilla/5.0 (Windows NT 10.0; Win64; x64) AppleWebKit/537.36 (KHTML, like Gecko) Chrome/120.0.0.0 Safari/537.36' "[0m
2026-08-19T11:48:07.0443060Z [36;1m    "--header='Accept: */*' "[0m
2026-08-19T11:48:07.0443350Z [36;1m    "--header='Connection: keep-alive' "[0m
2026-08-19T11:48:07.0443627Z [36;1m)[0m
2026-08-19T11:48:07.0443802Z [36;1m[0m
2026-08-19T11:48:07.0444023Z [36;1mprint("::group::Download Manifest Archives")[0m
2026-08-19T11:48:07.0444310Z [36;1m[0m
2026-08-19T11:48:07.0444515Z [36;1mdef sync_project(task):[0m
2026-08-19T11:48:07.0444936Z [36;1m    name, path, url, strip, rev = task[0m
2026-08-19T11:48:07.0445226Z [36;1m    if path not in ["./", "."]:[0m
2026-08-19T11:48:07.0445507Z [36;1m        os.makedirs(path, exist_ok=True)[0m
2026-08-19T11:48:07.0445776Z [36;1m    [0m
2026-08-19T11:48:07.0445977Z [36;1m    start_time = time.time()[0m
2026-08-19T11:48:07.0446231Z [36;1m    MAX_ATTEMPTS = 3[0m
2026-08-19T11:48:07.0446503Z [36;1m    for attempt in range(1, MAX_ATTEMPTS + 1):[0m
2026-08-19T11:48:07.0446866Z [36;1m        shm_workspace = f"/dev/shm/sync_{hash(name) % 1000000}"[0m
2026-08-19T11:48:07.0447248Z [36;1m        if os.path.exists(shm_workspace):[0m
2026-08-19T11:48:07.0447616Z [36;1m            shutil.rmtree(shm_workspace, ignore_errors=True)[0m
2026-08-19T11:48:07.0447998Z [36;1m        os.makedirs(shm_workspace, exist_ok=True)[0m
2026-08-19T11:48:07.0448286Z [36;1m        [0m
2026-08-19T11:48:07.0448518Z [36;1m        print(f"Syncing: {name} -> {path}")[0m
2026-08-19T11:48:07.0448822Z [36;1m        print(f"  [PENDING] {name}")[0m
2026-08-19T11:48:07.0449100Z [36;1m        try:[0m
2026-08-19T11:48:07.0449308Z [36;1m            label = None[0m
2026-08-19T11:48:07.0449611Z [36;1m            for repo_key, type_label in TOOLCHAIN_MAP.items():[0m
2026-08-19T11:48:07.0449951Z [36;1m                if repo_key in name:[0m
2026-08-19T11:48:07.0450231Z [36;1m                    label = type_label[0m
2026-08-19T11:48:07.0450488Z [36;1m                    break[0m
2026-08-19T11:48:07.0450715Z [36;1m            [0m
2026-08-19T11:48:07.0450930Z [36;1m            found_in_cache = False[0m
2026-08-19T11:48:07.0451310Z [36;1m            if label:[0m
2026-08-19T11:48:07.0451589Z [36;1m                base_filename = f"{label}-{rev}.tar.gz"[0m
2026-08-19T11:48:07.0452312Z [36;1m                BASE_URL = f"https://github.com/{TARGET_REPO}/releases/download/toolchain-cache"[0m
2026-08-19T11:48:07.0452750Z [36;1m                [0m
2026-08-19T11:48:07.0453307Z [36;1m                check_single = f"curl -IsL {curl_headers} --retry 10 --connect-timeout 30 -o /dev/null -w '%{{http_code}}' {BASE_URL}/{base_filename}"[0m
2026-08-19T11:48:07.0454066Z [36;1m                if subprocess.check_output(check_single, shell=True).decode().strip() == "200":[0m
2026-08-19T11:48:07.0454630Z [36;1m                    if DEBUG: print(f"  [CACHE] Downloading single file: {base_filename}")[0m
2026-08-19T11:48:07.0455558Z [36;1m                    aria_cmd = f"aria2c -x16 -s16 -k1M -j16 --retry-wait=5 --max-tries=10 -d {shm_workspace} --file-allocation=none {aria_quiet_flags} {aria2_headers} -o {base_filename} {BASE_URL}/{base_filename}"[0m
2026-08-19T11:48:07.0456485Z [36;1m                    subprocess.run(aria_cmd, shell=True, check=True, capture_output=not DEBUG)[0m
2026-08-19T11:48:07.0456921Z [36;1m                    found_in_cache = True[0m
2026-08-19T11:48:07.0457194Z [36;1m                else:[0m
2026-08-19T11:48:07.0457610Z [36;1m                    if DEBUG: print(f"  [CACHE] Single file not found, checking parts for {base_filename}...")[0m
2026-08-19T11:48:07.0458082Z [36;1m                    parts_to_download = [][0m
2026-08-19T11:48:07.0458463Z [36;1m                    for suffix in [f"a{c}" for c in "abcdefghijklmnopqrstuvwxyz"]:[0m
2026-08-19T11:48:07.0458901Z [36;1m                        part_name = f"{base_filename}.part{suffix}"[0m
2026-08-19T11:48:07.0459538Z [36;1m                        check_part = f"curl -IsL {curl_headers} --retry 10 --connect-timeout 30 -o /dev/null -w '%{{http_code}}' {BASE_URL}/{part_name}"[0m
2026-08-19T11:48:07.0460280Z [36;1m                        if subprocess.check_output(check_part, shell=True).decode().strip() == "200":[0m
2026-08-19T11:48:07.0460807Z [36;1m                            parts_to_download.append(f"{BASE_URL}/{part_name}")[0m
2026-08-19T11:48:07.0461164Z [36;1m                        else:[0m
2026-08-19T11:48:07.0461412Z [36;1m                            break[0m
2026-08-19T11:48:07.0461668Z [36;1m                    [0m
2026-08-19T11:48:07.0462556Z [36;1m                    if parts_to_download:[0m
2026-08-19T11:48:07.0463033Z [36;1m                        if DEBUG: print(f"  [CACHE] Found {len(parts_to_download)} parts. Downloading...")[0m
2026-08-19T11:48:07.0463483Z [36;1m                        [0m
2026-08-19T11:48:07.0463789Z [36;1m                        input_file_path = f"{base_filename}.urls"[0m
2026-08-19T11:48:07.0464165Z [36;1m                        with open(input_file_path, "w") as f:[0m
2026-08-19T11:48:07.0464524Z [36;1m                            for part_url in parts_to_download:[0m
2026-08-19T11:48:07.0464902Z [36;1m                                p_suffix = part_url.split('.part')[-1][0m
2026-08-19T11:48:07.0465291Z [36;1m                                p_name = f"{base_filename}.part{p_suffix}"[0m
2026-08-19T11:48:07.0465683Z [36;1m                                f.write(f"{part_url}\n  out={p_name}\n")[0m
2026-08-19T11:48:07.0466002Z [36;1m                        [0m
2026-08-19T11:48:07.0466262Z [36;1m                        aria_bulk_cmd = ([0m
2026-08-19T11:48:07.0466788Z [36;1m                            f"aria2c -x16 -s16 -k1M -j16 --retry-wait=5 --max-tries=10 -d {shm_workspace} --file-allocation=none "[0m
2026-08-19T11:48:07.0467347Z [36;1m                            f"{aria_quiet_flags} {aria2_headers} "[0m
2026-08-19T11:48:07.0467709Z [36;1m                            f"--input-file={input_file_path}"[0m
2026-08-19T11:48:07.0468036Z [36;1m                        )[0m
2026-08-19T11:48:07.0468267Z [36;1m                        [0m
2026-08-19T11:48:07.0468793Z [36;1m                        subprocess.run(aria_bulk_cmd, shell=True, check=True, capture_output=not DEBUG)[0m
2026-08-19T11:48:07.0469266Z [36;1m                        os.remove(input_file_path)[0m
2026-08-19T11:48:07.0469578Z [36;1m                        found_in_cache = True[0m
2026-08-19T11:48:07.0469850Z [36;1m                    [0m
2026-08-19T11:48:07.0470090Z [36;1m                if not found_in_cache:[0m
2026-08-19T11:48:07.0470559Z [36;1m                    print(f"::warning:: Toolchain {base_filename} not in release cache - direct download")[0m
2026-08-19T11:48:07.0471002Z [36;1m            [0m
2026-08-19T11:48:07.0471213Z [36;1m            if found_in_cache:[0m
2026-08-19T11:48:07.0471598Z [36;1m                parts = sorted(glob.glob(os.path.join(shm_workspace, f"*.part*")))[0m
2026-08-19T11:48:07.0472573Z [36;1m                source = f"cat {' '.join(parts)} | " if parts else f"cat {os.path.join(shm_workspace, base_filename)} | "[0m
2026-08-19T11:48:07.0473321Z [36;1m                extract_cmd = f"{source} tar -I 'pigz -p {NPROC} -b 256' -x --record-size=1M --no-same-owner -C {path} {strip}"[0m
2026-08-19T11:48:07.0473922Z [36;1m                subprocess.run(extract_cmd, shell=True, check=True)[0m
2026-08-19T11:48:07.0474273Z [36;1m            else:[0m
2026-08-19T11:48:07.0474540Z [36;1m                direct_file = f"dynamic_file.tar.gz"[0m
2026-08-19T11:48:07.0474946Z [36;1m                archive_path = os.path.join(shm_workspace, direct_file)[0m
2026-08-19T11:48:07.0475774Z [36;1m                aria_cmd = f"aria2c -x16 -s16 -k1M -j16 --allow-overwrite=true --retry-wait=5 --max-tries=10 -d {shm_workspace} -o {direct_file} {aria_quiet_flags} {aria2_headers} '{url}'"[0m
2026-08-19T11:48:07.0476556Z [36;1m                if DEBUG: print(f"  [DIRECT] Fetching: {url}")[0m
2026-08-19T11:48:07.0477025Z [36;1m                subprocess.run(aria_cmd, shell=True, check=True, capture_output=not DEBUG)[0m
2026-08-19T11:48:07.0477673Z [36;1m                extract_cmd = f"tar -I 'pigz -p {NPROC} -b 256' -x --record-size=1M -f {archive_path} -C {path} {strip}"[0m
2026-08-19T11:48:07.0478240Z [36;1m                subprocess.run(extract_cmd, shell=True, check=True)[0m
2026-08-19T11:48:07.0478570Z [36;1m            [0m
2026-08-19T11:48:07.0478810Z [36;1m            duration = time.time() - start_time[0m
2026-08-19T11:48:07.0479180Z [36;1m            print(f"Synced {name} successfully! ({duration:.2f}s)")[0m
2026-08-19T11:48:07.0479662Z [36;1m            return True[0m
2026-08-19T11:48:07.0479955Z [36;1m        except subprocess.CalledProcessError as e:[0m
2026-08-19T11:48:07.0480503Z [36;1m            print(f"  [RETRY {attempt}/{MAX_ATTEMPTS}] {name} failed with exit code {e.returncode}. Command: {e.cmd}")[0m
2026-08-19T11:48:07.0481065Z [36;1m            print(f"  [ERROR] Command failed for {name}: {e.cmd}")[0m
2026-08-19T11:48:07.0481510Z [36;1m            print(f"   Stderr: {e.stderr.decode() if e.stderr else 'No stderr'}")[0m
2026-08-19T11:48:07.0482133Z [36;1m            if attempt < MAX_ATTEMPTS:[0m
2026-08-19T11:48:07.0482416Z [36;1m                time.sleep(5)[0m
2026-08-19T11:48:07.0482676Z [36;1m        except Exception as e:[0m
2026-08-19T11:48:07.0483157Z [36;1m            print(f"  [RETRY {attempt}/{MAX_ATTEMPTS}] {name} failed with exit code {e.returncode}. Command: {e.cmd}")[0m
2026-08-19T11:48:07.0483691Z [36;1m            print(f"  [ERROR] Failed to sync {name}")[0m
2026-08-19T11:48:07.0484011Z [36;1m            if attempt < MAX_ATTEMPTS:[0m
2026-08-19T11:48:07.0484282Z [36;1m                time.sleep(5)[0m
2026-08-19T11:48:07.0484526Z [36;1m        finally:[0m
2026-08-19T11:48:07.0484778Z [36;1m            if os.path.exists(shm_workspace):[0m
2026-08-19T11:48:07.0485135Z [36;1m                shutil.rmtree(shm_workspace, ignore_errors=True)[0m
2026-08-19T11:48:07.0485471Z [36;1m    return False[0m
2026-08-19T11:48:07.0485678Z [36;1m[0m
2026-08-19T11:48:07.0485867Z [36;1mglobal_start = time.time()[0m
2026-08-19T11:48:07.0486228Z [36;1m[0m
2026-08-19T11:48:07.0486436Z [36;1mwith open('manifest.xml', 'r') as f:[0m
2026-08-19T11:48:07.0486726Z [36;1m    manifest_content = f.read()[0m
2026-08-19T11:48:07.0486972Z [36;1m[0m
2026-08-19T11:48:07.0487175Z [36;1mroot = ET.fromstring(manifest_content)[0m
2026-08-19T11:48:07.0487457Z [36;1mtop_dir = os.getcwd()[0m
2026-08-19T11:48:07.0487677Z [36;1m[0m
2026-08-19T11:48:07.0488008Z [36;1mremotes = {r.get('name'): r.get('fetch').rstrip('/') for r in root.findall('remote')}[0m
2026-08-19T11:48:07.0488425Z [36;1mdefault = root.find('default')[0m
2026-08-19T11:48:07.0488786Z [36;1mdef_remote = default.get('remote') if default is not None else None[0m
2026-08-19T11:48:07.0489255Z [36;1mdef_rev = default.get('revision') if default is not None else None[0m
2026-08-19T11:48:07.0489603Z [36;1m[0m
2026-08-19T11:48:07.0489780Z [36;1msync_tasks = [][0m
2026-08-19T11:48:07.0490005Z [36;1mpost_process_data = [][0m
2026-08-19T11:48:07.0490230Z [36;1m[0m
2026-08-19T11:48:07.0490447Z [36;1mfor project in root.findall('project'):[0m
2026-08-19T11:48:07.0490751Z [36;1m    name = project.get('name')[0m
2026-08-19T11:48:07.0491029Z [36;1m    path = project.get('path', name)[0m
2026-08-19T11:48:07.0491358Z [36;1m    remote_name = project.get('remote', def_remote)[0m
2026-08-19T11:48:07.0491694Z [36;1m    rev = project.get('revision', def_rev)[0m
2026-08-19T11:48:07.0492219Z [36;1m    base_url = remotes.get(remote_name)[0m
2026-08-19T11:48:07.0492493Z [36;1m    [0m
2026-08-19T11:48:07.0492689Z [36;1m    if not base_url: continue[0m
2026-08-19T11:48:07.0492930Z [36;1m    [0m
2026-08-19T11:48:07.0493124Z [36;1m    if "github.com" in base_url:[0m
2026-08-19T11:48:07.0493434Z [36;1m        url = f"{base_url}/{name}/archive/{rev}.tar.gz"[0m
2026-08-19T11:48:07.0493768Z [36;1m        strip = "--strip-components=1"[0m
2026-08-19T11:48:07.0494076Z [36;1m    elif "googlesource.com" in base_url:[0m
2026-08-19T11:48:07.0494414Z [36;1m        url = f"{base_url}/{name}/+archive/{rev}.tar.gz"[0m
2026-08-19T11:48:07.0494719Z [36;1m        strip = ""[0m
2026-08-19T11:48:07.0494973Z [36;1m    elif "git.codelinaro.org" in base_url:[0m
2026-08-19T11:48:07.0495307Z [36;1m        url = f"{base_url}/{name}/-/archive/{rev}.tar.gz"[0m
2026-08-19T11:48:07.0495641Z [36;1m        strip = "--strip-components=1"[0m
2026-08-19T11:48:07.0495905Z [36;1m    else:[0m
2026-08-19T11:48:07.0496231Z [36;1m        continue[0m
2026-08-19T11:48:07.0496437Z [36;1m    [0m
2026-08-19T11:48:07.0496678Z [36;1m    sync_tasks.append((name, path, url, strip, rev))[0m
2026-08-19T11:48:07.0496978Z [36;1m    [0m
2026-08-19T11:48:07.0497171Z [36;1m    for child in project:[0m
2026-08-19T11:48:07.0497456Z [36;1m        if child.tag in ['linkfile', 'copyfile']:[0m
2026-08-19T11:48:07.0497791Z [36;1m            post_process_data.append((path, child))[0m
2026-08-19T11:48:07.0498079Z [36;1m[0m
2026-08-19T11:48:07.0498252Z [36;1mif DEBUG:[0m
2026-08-19T11:48:07.0498562Z [36;1m    print(f"Starting parallel sync of {len(sync_tasks)} projects...")[0m
2026-08-19T11:48:07.0499033Z [36;1mwith ThreadPoolExecutor(max_workers=MAX_WORKERS) as executor:[0m
2026-08-19T11:48:07.0499476Z [36;1m    success_list = list(executor.map(sync_project, sync_tasks))[0m
2026-08-19T11:48:07.0499816Z [36;1m    [0m
2026-08-19T11:48:07.0500010Z [36;1m    if not all(success_list):[0m
2026-08-19T11:48:07.0500335Z [36;1m        print("::error::One or more projects failed to sync!")[0m
2026-08-19T11:48:07.0500668Z [36;1m        print("::endgroup::")[0m
2026-08-19T11:48:07.0500910Z [36;1m        exit(1)[0m
2026-08-19T11:48:07.0501113Z [36;1m[0m
2026-08-19T11:48:07.0501344Z [36;1mprint("Processing linkfiles and copyfiles...")[0m
2026-08-19T11:48:07.0501675Z [36;1mfor path, child in post_process_data:[0m
2026-08-19T11:48:07.0502371Z [36;1m    src_rel = child.get('src')[0m
2026-08-19T11:48:07.0502654Z [36;1m    dest_rel = child.get('dest')[0m
2026-08-19T11:48:07.0503081Z [36;1m    if not src_rel or not dest_rel: continue[0m
2026-08-19T11:48:07.0503374Z [36;1m    [0m
2026-08-19T11:48:07.0503633Z [36;1m    src_path = os.path.join(top_dir, path, src_rel)[0m
2026-08-19T11:48:07.0503996Z [36;1m    dest_path = os.path.join(top_dir, dest_rel)[0m
2026-08-19T11:48:07.0504377Z [36;1m    os.makedirs(os.path.dirname(dest_path), exist_ok=True)[0m
2026-08-19T11:48:07.0504704Z [36;1m    [0m
2026-08-19T11:48:07.0504909Z [36;1m    if child.tag == 'linkfile':[0m
2026-08-19T11:48:07.0505232Z [36;1m        if os.path.lexists(dest_path): os.remove(dest_path)[0m
2026-08-19T11:48:07.0505672Z [36;1m        rel_target = os.path.relpath(src_path, os.path.dirname(dest_path))[0m
2026-08-19T11:48:07.0506077Z [36;1m        os.symlink(rel_target, dest_path)[0m
2026-08-19T11:48:07.0506403Z [36;1m        print(f"  [Link] {dest_rel} -> {src_rel}")[0m
2026-08-19T11:48:07.0506718Z [36;1m    elif child.tag == 'copyfile':[0m
2026-08-19T11:48:07.0507011Z [36;1m        shutil.copy2(src_path, dest_path)[0m
2026-08-19T11:48:07.0507333Z [36;1m        print(f"  [Copy] {dest_rel} from {src_rel}")[0m
2026-08-19T11:48:07.0507629Z [36;1m[0m
2026-08-19T11:48:07.0507798Z [36;1m[0m
2026-08-19T11:48:07.0508012Z [36;1mtotal_duration = time.time() - global_start[0m
2026-08-19T11:48:07.0508326Z [36;1mminutes = int(total_duration // 60)[0m
2026-08-19T11:48:07.0508615Z [36;1mseconds = total_duration % 60[0m
2026-08-19T11:48:07.0509028Z [36;1mprint(f"Kernel Sync completed in {minutes}m {seconds:.2f}s")[0m
2026-08-19T11:48:07.0509391Z [36;1mprint("::endgroup::")[0m
2026-08-19T11:48:07.0533301Z shell: /usr/bin/python {0}
2026-08-19T11:48:07.0533546Z env:
2026-08-19T11:48:07.0533883Z   CCACHE_DIR: /home/runner/work/OnePlus_KernelSU_SUSFS/OnePlus_KernelSU_SUSFS/.ccache
2026-08-19T11:48:07.0534308Z   CCACHE_MAXSIZE: 12G
2026-08-19T11:48:07.0534531Z   CCACHE_COMPILERCHECK: content
2026-08-19T11:48:07.0534905Z   CCACHE_BASEDIR: /home/runner/work/OnePlus_KernelSU_SUSFS/OnePlus_KernelSU_SUSFS
2026-08-19T11:48:07.0535303Z   CCACHE_NOHASHDIR: true
2026-08-19T11:48:07.0535537Z   CCACHE_IGNOREOPTIONS: --sysroot*
2026-08-19T11:48:07.0535803Z   CCACHE_COMPRESSION: true
2026-08-19T11:48:07.0536033Z   CCACHE_COMPRESSION_LEVEL: 3
2026-08-19T11:48:07.0536256Z   CCACHE_DIRECT: true
2026-08-19T11:48:07.0536461Z   CCACHE_FILE_CLONE: true
2026-08-19T11:48:07.0536677Z   CCACHE_INODE_CACHE: true
2026-08-19T11:48:07.0536897Z   CCACHE_IS_KERNEL_COMPILING: true
2026-08-19T11:48:07.0537268Z   CCACHE_UMASK: 002
2026-08-19T11:48:07.0537723Z   CCACHE_SLOPPINESS: file_macro,time_macros,include_file_mtime,include_file_ctime,pch_defines,system_headers,locale
2026-08-19T11:48:07.0538232Z   ACTION_REPO: 
2026-08-19T11:48:07.0538418Z   ACTION_REF: 
2026-08-19T11:48:07.0538615Z   OP_MODEL: OP-ACE-3-PRO-6.1.75
2026-08-19T11:48:07.0538845Z   OP_SOC: pineapple
2026-08-19T11:48:07.0539041Z   OP_BRANCH: wild/sm8650
2026-08-19T11:48:07.0539283Z   OP_MANIFEST: oneplus_ace3_pro_6.1.75_v.xml
2026-08-19T11:48:07.0539560Z   OP_ANDROID_VERSION: android14
2026-08-19T11:48:07.0539796Z   OP_KERNEL_VERSION: 6.1
2026-08-19T11:48:07.0540010Z   OP_OS_VERSION: A15
2026-08-19T11:48:07.0540209Z   OP_LTO: thin
2026-08-19T11:48:07.0540402Z   OP_ZYC_COMPILER: 
2026-08-19T11:48:07.0540746Z   OP_C_COMPILER: kernel_platform/prebuilts/clang/host/linux-x86/clang-r487747c/bin
2026-08-19T11:48:07.0541147Z   OP_RUST_COMPILER: 
2026-08-19T11:48:07.0541353Z   OP_BINDGEN: 
2026-08-19T11:48:07.0541539Z   OP_RUST_BUILD: false
2026-08-19T11:48:07.0541754Z   OP_DISK_CLEANUP: false
2026-08-19T11:48:07.0542241Z   OP_HMBIRD: false
2026-08-19T11:48:07.0542428Z   OP_SUSFS: true
2026-08-19T11:48:07.0542610Z   OP_OPT: true
2026-08-19T11:48:07.0542787Z   OP_DS: true
2026-08-19T11:48:07.0542961Z   OP_BBG: true
2026-08-19T11:48:07.0543137Z   OP_BBR: true
2026-08-19T11:48:07.0543312Z   OP_BBR3: true
2026-08-19T11:48:07.0543492Z   OP_TTL: true
2026-08-19T11:48:07.0543668Z   OP_IP_SET: true
2026-08-19T11:48:07.0543859Z   OP_UNICODE: true
2026-08-19T11:48:07.0544045Z   OP_NTSYNC: true
2026-08-19T11:48:07.0546120Z   OP_BLACKLIST_MODULES: kernelsu,oplus_security_guard,oplus_qr_scan,oplus_score,oplus_vip_task,oplus_dns_cache,oplus_network_linkpower_module,oplus_data_module,oplus_secure_harden,oplus_security_keventupload,oplus_secure_guard_new,oplus_secure_guard,coresight_tpda,coresight_tgu,coresight_trace_noc,coresight_cti,coresight_qmi,coresight_dummy,coresight_remote_etm,coresight_tpdm,coresight_uetm,coresight_stm,coresight_tmc_sec,f_fs_ipc_log,qcom_iommu_debug,qti_battery_debug,rdbg,stm_heartbeat,stm_p_ost,stm_core,stm_ftrace,stm_console,spmi_pmic_arb_debug
2026-08-19T11:48:07.0548138Z   OP_UNAME: OP-WILD
2026-08-19T11:48:07.0548354Z   CONFIG: OP-ACE-3-PRO-6.1.75
2026-08-19T11:48:07.0548592Z   REPO: /usr/local/bin/repo
2026-08-19T11:48:07.0548815Z   PYTHONUNBUFFERED: 1
2026-08-19T11:48:07.0551434Z   GITHUB_TOKEN: ***
2026-08-19T11:48:07.0551641Z   DEBUG: true
2026-08-19T11:48:07.0552063Z ##[endgroup]
2026-08-19T11:48:07.1616447Z ##[group]Download Manifest Archives
2026-08-19T11:48:07.1617874Z Starting parallel sync of 5 projects...
2026-08-19T11:48:07.1624595Z Syncing: AnyKernel3 -> AnyKernel3
2026-08-19T11:48:07.1628910Z   [PENDING] AnyKernel3Syncing: android_kernel_common_oneplus_sm8650 -> kernel_platform/common
2026-08-19T11:48:07.1630641Z Syncing: android_kernel_modules_and_devicetree_oneplus_sm8650 -> ./
2026-08-19T11:48:07.1632324Z   [PENDING] android_kernel_common_oneplus_sm8650
2026-08-19T11:48:07.1633073Z   [PENDING] android_kernel_modules_and_devicetree_oneplus_sm8650
2026-08-19T11:48:07.1645999Z   [DIRECT] Fetching: https://github.com/OnePlusOSS/android_kernel_modules_and_devicetree_oneplus_sm8650/archive/8f66296b04ef8875011f457eae57733c86646e6a.tar.gz
2026-08-19T11:48:07.1647238Z Syncing: kernel/prebuilts/build-tools -> kernel_platform/prebuilts/kernel-build-tools
2026-08-19T11:48:07.1647705Z   [PENDING] kernel/prebuilts/build-tools
2026-08-19T11:48:07.1648004Z 
2026-08-19T11:48:07.1648842Z   [DIRECT] Fetching: https://github.com/OnePlusOSS/android_kernel_common_oneplus_sm8650/archive/1cee682fb60cc9ffd86a2342fa8051bcde77116f.tar.gz
2026-08-19T11:48:07.1650551Z Syncing: kernelplatform/prebuilts-master/clang/host/linux-x86 -> kernel_platform/prebuilts/clang/host/linux-x86
2026-08-19T11:48:07.1651656Z   [PENDING] kernelplatform/prebuilts-master/clang/host/linux-x86
2026-08-19T11:48:07.4170463Z 
2026-08-19T11:48:07.4183576Z 08/19 11:48:07 [[1;32mNOTICE[0m] Downloading 1 item(s)
2026-08-19T11:48:07.4184267Z 
2026-08-19T11:48:07.4185297Z 08/19 11:48:07 [[1;32mNOTICE[0m] Downloading 1 item(s)
2026-08-19T11:48:07.4212893Z   [CACHE] Downloading single file: clang-28b975ada54f8610ed531a6b57253aed10e7c87d.tar.gz
2026-08-19T11:48:07.4333485Z   [CACHE] Downloading single file: build-tools-d153b7ab4a4956198957e258d4f370e875c53059.tar.gz
2026-08-19T11:48:07.4386353Z 
2026-08-19T11:48:07.4413104Z 08/19 11:48:07 [[1;32mNOTICE[0m] Downloading 1 item(s)
2026-08-19T11:48:07.4442223Z 
2026-08-19T11:48:07.4472915Z 08/19 11:48:07 [[1;32mNOTICE[0m] Downloading 1 item(s)
2026-08-19T11:48:07.4561456Z   [CACHE] Downloading single file: AnyKernel3-0b46673ae91aee8d60bd6ee257b4d56d3f6a0114.tar.gz
2026-08-19T11:48:07.4625640Z 
2026-08-19T11:48:07.4626468Z 08/19 11:48:07 [[1;32mNOTICE[0m] Downloading 1 item(s)
2026-08-19T11:48:07.5059082Z 
2026-08-19T11:48:07.5066885Z 08/19 11:48:07 [[1;32mNOTICE[0m] CUID#7 - Redirecting to https://release-assets.githubusercontent.com/github-production-release-asset/900124341/6479600a-860d-4ca9-9a43-16b6732bbb20?sp=r&sv=2018-11-09&sr=b&spr=https&se=2026-08-19T12%3A43%3A07Z&rscd=attachment%3B+filename%3Dbuild-tools-d153b7ab4a4956198957e258d4f370e875c53059.tar.gz&rsct=application%2Foctet-stream&skoid=96c2d410-5711-43a1-aedd-ab1947aa7ab0&sktid=398a6654-997b-47e9-b12b-9515b896b4de&skt=2026-08-19T11%3A42%3A23Z&ske=2026-08-19T12%3A43%3A07Z&sks=b&skv=2018-11-09&sig=ppzsAdthJaaUgnwE2rvqMGBOhbs8RyEnsnyJR96O7Kw%3D&jwt=***
2026-08-19T11:48:07.5122160Z 
2026-08-19T11:48:07.5131378Z 08/19 11:48:07 [[1;32mNOTICE[0m] CUID#7 - Redirecting to https://release-assets.githubusercontent.com/github-production-release-asset/900124341/7f31483b-ea99-4028-8fec-94f12384301a?sp=r&sv=2018-11-09&sr=b&spr=https&se=2026-08-19T12%3A41%3A25Z&rscd=attachment%3B+filename%3Dclang-28b975ada54f8610ed531a6b57253aed10e7c87d.tar.gz&rsct=application%2Foctet-stream&skoid=96c2d410-5711-43a1-aedd-ab1947aa7ab0&sktid=398a6654-997b-47e9-b12b-9515b896b4de&skt=2026-08-19T11%3A40%3A40Z&ske=2026-08-19T12%3A41%3A25Z&sks=b&skv=2018-11-09&sig=ugX8%2FfFrNRHkS2PlcvdO%2FH5kp6OkNcXietebuXUUkjk%3D&jwt=***
2026-08-19T11:48:07.5311005Z 
2026-08-19T11:48:07.5321030Z 08/19 11:48:07 [[1;32mNOTICE[0m] CUID#7 - Redirecting to https://release-assets.githubusercontent.com/github-production-release-asset/900124341/a37f140b-4f7b-466e-8b91-4cbe71814578?sp=r&sv=2018-11-09&sr=b&spr=https&se=2026-08-19T12%3A40%3A22Z&rscd=attachment%3B+filename%3DAnyKernel3-0b46673ae91aee8d60bd6ee257b4d56d3f6a0114.tar.gz&rsct=application%2Foctet-stream&skoid=96c2d410-5711-43a1-aedd-ab1947aa7ab0&sktid=398a6654-997b-47e9-b12b-9515b896b4de&skt=2026-08-19T11%3A40%3A09Z&ske=2026-08-19T12%3A40%3A22Z&sks=b&skv=2018-11-09&sig=jpSW7%2BuXmrs9JytUjTCsL2bKbY8M82kgMd1tS%2BpIQC8%3D&jwt=***
2026-08-19T11:48:07.5379943Z 
2026-08-19T11:48:07.5390882Z 08/19 11:48:07 [[1;32mNOTICE[0m] CUID#8 - Redirecting to https://release-assets.githubusercontent.com/github-production-release-asset/900124341/7f31483b-ea99-4028-8fec-94f12384301a?sp=r&sv=2018-11-09&sr=b&spr=https&se=2026-08-19T12%3A41%3A25Z&rscd=attachment%3B+filename%3Dclang-28b975ada54f8610ed531a6b57253aed10e7c87d.tar.gz&rsct=application%2Foctet-stream&skoid=96c2d410-5711-43a1-aedd-ab1947aa7ab0&sktid=398a6654-997b-47e9-b12b-9515b896b4de&skt=2026-08-19T11%3A40%3A40Z&ske=2026-08-19T12%3A41%3A25Z&sks=b&skv=2018-11-09&sig=ugX8%2FfFrNRHkS2PlcvdO%2FH5kp6OkNcXietebuXUUkjk%3D&jwt=***
2026-08-19T11:48:07.5595546Z 
2026-08-19T11:48:07.5607329Z 08/19 11:48:07 [[1;32mNOTICE[0m] CUID#8 - Redirecting to https://release-assets.githubusercontent.com/github-production-release-asset/900124341/6479600a-860d-4ca9-9a43-16b6732bbb20?sp=r&sv=2018-11-09&sr=b&spr=https&se=2026-08-19T12%3A43%3A07Z&rscd=attachment%3B+filename%3Dbuild-tools-d153b7ab4a4956198957e258d4f370e875c53059.tar.gz&rsct=application%2Foctet-stream&skoid=96c2d410-5711-43a1-aedd-ab1947aa7ab0&sktid=398a6654-997b-47e9-b12b-9515b896b4de&skt=2026-08-19T11%3A42%3A23Z&ske=2026-08-19T12%3A43%3A07Z&sks=b&skv=2018-11-09&sig=ppzsAdthJaaUgnwE2rvqMGBOhbs8RyEnsnyJR96O7Kw%3D&jwt=***
2026-08-19T11:48:07.5869336Z 
2026-08-19T11:48:07.5903788Z 08/19 11:48:07 [[1;32mNOTICE[0m] CUID#9 - Redirecting to https://release-assets.githubusercontent.com/github-production-release-asset/900124341/7f31483b-ea99-4028-8fec-94f12384301a?sp=r&sv=2018-11-09&sr=b&spr=https&se=2026-08-19T12%3A41%3A25Z&rscd=attachment%3B+filename%3Dclang-28b975ada54f8610ed531a6b57253aed10e7c87d.tar.gz&rsct=application%2Foctet-stream&skoid=96c2d410-5711-43a1-aedd-ab1947aa7ab0&sktid=398a6654-997b-47e9-b12b-9515b896b4de&skt=2026-08-19T11%3A40%3A40Z&ske=2026-08-19T12%3A41%3A25Z&sks=b&skv=2018-11-09&sig=ugX8%2FfFrNRHkS2PlcvdO%2FH5kp6OkNcXietebuXUUkjk%3D&jwt=***
2026-08-19T11:48:07.5929915Z 
2026-08-19T11:48:07.5953486Z 08/19 11:48:07 [[1;32mNOTICE[0m] CUID#12 - Redirecting to https://release-assets.githubusercontent.com/github-production-release-asset/900124341/7f31483b-ea99-4028-8fec-94f12384301a?sp=r&sv=2018-11-09&sr=b&spr=https&se=2026-08-19T12%3A41%3A25Z&rscd=attachment%3B+filename%3Dclang-28b975ada54f8610ed531a6b57253aed10e7c87d.tar.gz&rsct=application%2Foctet-stream&skoid=96c2d410-5711-43a1-aedd-ab1947aa7ab0&sktid=398a6654-997b-47e9-b12b-9515b896b4de&skt=2026-08-19T11%3A40%3A40Z&ske=2026-08-19T12%3A41%3A25Z&sks=b&skv=2018-11-09&sig=ugX8%2FfFrNRHkS2PlcvdO%2FH5kp6OkNcXietebuXUUkjk%3D&jwt=***
2026-08-19T11:48:07.5957740Z 
2026-08-19T11:48:07.5969457Z 08/19 11:48:07 [[1;32mNOTICE[0m] CUID#10 - Redirecting to https://release-assets.githubusercontent.com/github-production-release-asset/900124341/7f31483b-ea99-4028-8fec-94f12384301a?sp=r&sv=2018-11-09&sr=b&spr=https&se=2026-08-19T12%3A41%3A25Z&rscd=attachment%3B+filename%3Dclang-28b975ada54f8610ed531a6b57253aed10e7c87d.tar.gz&rsct=application%2Foctet-stream&skoid=96c2d410-5711-43a1-aedd-ab1947aa7ab0&sktid=398a6654-997b-47e9-b12b-9515b896b4de&skt=2026-08-19T11%3A40%3A40Z&ske=2026-08-19T12%3A41%3A25Z&sks=b&skv=2018-11-09&sig=ugX8%2FfFrNRHkS2PlcvdO%2FH5kp6OkNcXietebuXUUkjk%3D&jwt=***
2026-08-19T11:48:07.5974179Z 
2026-08-19T11:48:07.5985158Z 08/19 11:48:07 [[1;32mNOTICE[0m] CUID#11 - Redirecting to https://release-assets.githubusercontent.com/github-production-release-asset/900124341/7f31483b-ea99-4028-8fec-94f12384301a?sp=r&sv=2018-11-09&sr=b&spr=https&se=2026-08-19T12%3A41%3A25Z&rscd=attachment%3B+filename%3Dclang-28b975ada54f8610ed531a6b57253aed10e7c87d.tar.gz&rsct=application%2Foctet-stream&skoid=96c2d410-5711-43a1-aedd-ab1947aa7ab0&sktid=398a6654-997b-47e9-b12b-9515b896b4de&skt=2026-08-19T11%3A40%3A40Z&ske=2026-08-19T12%3A41%3A25Z&sks=b&skv=2018-11-09&sig=ugX8%2FfFrNRHkS2PlcvdO%2FH5kp6OkNcXietebuXUUkjk%3D&jwt=***
2026-08-19T11:48:07.5989226Z 
2026-08-19T11:48:07.6000188Z 08/19 11:48:07 [[1;32mNOTICE[0m] CUID#13 - Redirecting to https://release-assets.githubusercontent.com/github-production-release-asset/900124341/7f31483b-ea99-4028-8fec-94f12384301a?sp=r&sv=2018-11-09&sr=b&spr=https&se=2026-08-19T12%3A41%3A25Z&rscd=attachment%3B+filename%3Dclang-28b975ada54f8610ed531a6b57253aed10e7c87d.tar.gz&rsct=application%2Foctet-stream&skoid=96c2d410-5711-43a1-aedd-ab1947aa7ab0&sktid=398a6654-997b-47e9-b12b-9515b896b4de&skt=2026-08-19T11%3A40%3A40Z&ske=2026-08-19T12%3A41%3A25Z&sks=b&skv=2018-11-09&sig=ugX8%2FfFrNRHkS2PlcvdO%2FH5kp6OkNcXietebuXUUkjk%3D&jwt=***
2026-08-19T11:48:07.6004848Z 
2026-08-19T11:48:07.6015990Z 08/19 11:48:07 [[1;32mNOTICE[0m] CUID#14 - Redirecting to https://release-assets.githubusercontent.com/github-production-release-asset/900124341/7f31483b-ea99-4028-8fec-94f12384301a?sp=r&sv=2018-11-09&sr=b&spr=https&se=2026-08-19T12%3A41%3A25Z&rscd=attachment%3B+filename%3Dclang-28b975ada54f8610ed531a6b57253aed10e7c87d.tar.gz&rsct=application%2Foctet-stream&skoid=96c2d410-5711-43a1-aedd-ab1947aa7ab0&sktid=398a6654-997b-47e9-b12b-9515b896b4de&skt=2026-08-19T11%3A40%3A40Z&ske=2026-08-19T12%3A41%3A25Z&sks=b&skv=2018-11-09&sig=ugX8%2FfFrNRHkS2PlcvdO%2FH5kp6OkNcXietebuXUUkjk%3D&jwt=***
2026-08-19T11:48:07.6020626Z 
2026-08-19T11:48:07.6031594Z 08/19 11:48:07 [[1;32mNOTICE[0m] CUID#18 - Redirecting to https://release-assets.githubusercontent.com/github-production-release-asset/900124341/7f31483b-ea99-4028-8fec-94f12384301a?sp=r&sv=2018-11-09&sr=b&spr=https&se=2026-08-19T12%3A41%3A25Z&rscd=attachment%3B+filename%3Dclang-28b975ada54f8610ed531a6b57253aed10e7c87d.tar.gz&rsct=application%2Foctet-stream&skoid=96c2d410-5711-43a1-aedd-ab1947aa7ab0&sktid=398a6654-997b-47e9-b12b-9515b896b4de&skt=2026-08-19T11%3A40%3A40Z&ske=2026-08-19T12%3A41%3A25Z&sks=b&skv=2018-11-09&sig=ugX8%2FfFrNRHkS2PlcvdO%2FH5kp6OkNcXietebuXUUkjk%3D&jwt=***
2026-08-19T11:48:07.6036283Z 
2026-08-19T11:48:07.6047711Z 08/19 11:48:07 [[1;32mNOTICE[0m] CUID#21 - Redirecting to https://release-assets.githubusercontent.com/github-production-release-asset/900124341/7f31483b-ea99-4028-8fec-94f12384301a?sp=r&sv=2018-11-09&sr=b&spr=https&se=2026-08-19T12%3A41%3A25Z&rscd=attachment%3B+filename%3Dclang-28b975ada54f8610ed531a6b57253aed10e7c87d.tar.gz&rsct=application%2Foctet-stream&skoid=96c2d410-5711-43a1-aedd-ab1947aa7ab0&sktid=398a6654-997b-47e9-b12b-9515b896b4de&skt=2026-08-19T11%3A40%3A40Z&ske=2026-08-19T12%3A41%3A25Z&sks=b&skv=2018-11-09&sig=ugX8%2FfFrNRHkS2PlcvdO%2FH5kp6OkNcXietebuXUUkjk%3D&jwt=***
2026-08-19T11:48:07.6052701Z 
2026-08-19T11:48:07.6063709Z 08/19 11:48:07 [[1;32mNOTICE[0m] CUID#22 - Redirecting to https://release-assets.githubusercontent.com/github-production-release-asset/900124341/7f31483b-ea99-4028-8fec-94f12384301a?sp=r&sv=2018-11-09&sr=b&spr=https&se=2026-08-19T12%3A41%3A25Z&rscd=attachment%3B+filename%3Dclang-28b975ada54f8610ed531a6b57253aed10e7c87d.tar.gz&rsct=application%2Foctet-stream&skoid=96c2d410-5711-43a1-aedd-ab1947aa7ab0&sktid=398a6654-997b-47e9-b12b-9515b896b4de&skt=2026-08-19T11%3A40%3A40Z&ske=2026-08-19T12%3A41%3A25Z&sks=b&skv=2018-11-09&sig=ugX8%2FfFrNRHkS2PlcvdO%2FH5kp6OkNcXietebuXUUkjk%3D&jwt=***
2026-08-19T11:48:07.6083027Z 
2026-08-19T11:48:07.6084188Z 08/19 11:48:07 [[1;32mNOTICE[0m] Download complete: /dev/shm/sync_318612/AnyKernel3-0b46673ae91aee8d60bd6ee257b4d56d3f6a0114.tar.gz
2026-08-19T11:48:07.6085320Z 
2026-08-19T11:48:07.6085641Z Download Results:
2026-08-19T11:48:07.6086301Z gid   |stat|avg speed  |path/URI
2026-08-19T11:48:07.6087447Z ======+====+===========+=======================================================
2026-08-19T11:48:07.6088613Z a880d3|OK  |   205MiB/s|/dev/shm/sync_318612/AnyKernel3-0b46673ae91aee8d60bd6ee257b4d56d3f6a0114.tar.gz
2026-08-19T11:48:07.6089526Z 
2026-08-19T11:48:07.6089850Z Status Legend:
2026-08-19T11:48:07.6090374Z (OK):download completed.
2026-08-19T11:48:07.6090822Z 
2026-08-19T11:48:07.6101362Z 08/19 11:48:07 [[1;32mNOTICE[0m] CUID#15 - Redirecting to https://release-assets.githubusercontent.com/github-production-release-asset/900124341/7f31483b-ea99-4028-8fec-94f12384301a?sp=r&sv=2018-11-09&sr=b&spr=https&se=2026-08-19T12%3A41%3A25Z&rscd=attachment%3B+filename%3Dclang-28b975ada54f8610ed531a6b57253aed10e7c87d.tar.gz&rsct=application%2Foctet-stream&skoid=96c2d410-5711-43a1-aedd-ab1947aa7ab0&sktid=398a6654-997b-47e9-b12b-9515b896b4de&skt=2026-08-19T11%3A40%3A40Z&ske=2026-08-19T12%3A41%3A25Z&sks=b&skv=2018-11-09&sig=ugX8%2FfFrNRHkS2PlcvdO%2FH5kp6OkNcXietebuXUUkjk%3D&jwt=***
2026-08-19T11:48:07.6110736Z 
2026-08-19T11:48:07.6121091Z 08/19 11:48:07 [[1;32mNOTICE[0m] CUID#16 - Redirecting to https://release-assets.githubusercontent.com/github-production-release-asset/900124341/7f31483b-ea99-4028-8fec-94f12384301a?sp=r&sv=2018-11-09&sr=b&spr=https&se=2026-08-19T12%3A41%3A25Z&rscd=attachment%3B+filename%3Dclang-28b975ada54f8610ed531a6b57253aed10e7c87d.tar.gz&rsct=application%2Foctet-stream&skoid=96c2d410-5711-43a1-aedd-ab1947aa7ab0&sktid=398a6654-997b-47e9-b12b-9515b896b4de&skt=2026-08-19T11%3A40%3A40Z&ske=2026-08-19T12%3A41%3A25Z&sks=b&skv=2018-11-09&sig=ugX8%2FfFrNRHkS2PlcvdO%2FH5kp6OkNcXietebuXUUkjk%3D&jwt=***
2026-08-19T11:48:07.6127761Z 
2026-08-19T11:48:07.6138475Z 08/19 11:48:07 [[1;32mNOTICE[0m] CUID#17 - Redirecting to https://release-assets.githubusercontent.com/github-production-release-asset/900124341/7f31483b-ea99-4028-8fec-94f12384301a?sp=r&sv=2018-11-09&sr=b&spr=https&se=2026-08-19T12%3A41%3A25Z&rscd=attachment%3B+filename%3Dclang-28b975ada54f8610ed531a6b57253aed10e7c87d.tar.gz&rsct=application%2Foctet-stream&skoid=96c2d410-5711-43a1-aedd-ab1947aa7ab0&sktid=398a6654-997b-47e9-b12b-9515b896b4de&skt=2026-08-19T11%3A40%3A40Z&ske=2026-08-19T12%3A41%3A25Z&sks=b&skv=2018-11-09&sig=ugX8%2FfFrNRHkS2PlcvdO%2FH5kp6OkNcXietebuXUUkjk%3D&jwt=***
2026-08-19T11:48:07.6143120Z 
2026-08-19T11:48:07.6153929Z 08/19 11:48:07 [[1;32mNOTICE[0m] CUID#19 - Redirecting to https://release-assets.githubusercontent.com/github-production-release-asset/900124341/7f31483b-ea99-4028-8fec-94f12384301a?sp=r&sv=2018-11-09&sr=b&spr=https&se=2026-08-19T12%3A41%3A25Z&rscd=attachment%3B+filename%3Dclang-28b975ada54f8610ed531a6b57253aed10e7c87d.tar.gz&rsct=application%2Foctet-stream&skoid=96c2d410-5711-43a1-aedd-ab1947aa7ab0&sktid=398a6654-997b-47e9-b12b-9515b896b4de&skt=2026-08-19T11%3A40%3A40Z&ske=2026-08-19T12%3A41%3A25Z&sks=b&skv=2018-11-09&sig=ugX8%2FfFrNRHkS2PlcvdO%2FH5kp6OkNcXietebuXUUkjk%3D&jwt=***
2026-08-19T11:48:07.6159925Z 
2026-08-19T11:48:07.6170748Z 08/19 11:48:07 [[1;32mNOTICE[0m] CUID#11 - Redirecting to https://release-assets.githubusercontent.com/github-production-release-asset/900124341/7f31483b-ea99-4028-8fec-94f12384301a?sp=r&sv=2018-11-09&sr=b&spr=https&se=2026-08-19T12%3A41%3A25Z&rscd=attachment%3B+filename%3Dclang-28b975ada54f8610ed531a6b57253aed10e7c87d.tar.gz&rsct=application%2Foctet-stream&skoid=96c2d410-5711-43a1-aedd-ab1947aa7ab0&sktid=398a6654-997b-47e9-b12b-9515b896b4de&skt=2026-08-19T11%3A40%3A40Z&ske=2026-08-19T12%3A41%3A25Z&sks=b&skv=2018-11-09&sig=ugX8%2FfFrNRHkS2PlcvdO%2FH5kp6OkNcXietebuXUUkjk%3D&jwt=***
2026-08-19T11:48:07.6175059Z 
2026-08-19T11:48:07.6185799Z 08/19 11:48:07 [[1;32mNOTICE[0m] CUID#13 - Redirecting to https://release-assets.githubusercontent.com/github-production-release-asset/900124341/7f31483b-ea99-4028-8fec-94f12384301a?sp=r&sv=2018-11-09&sr=b&spr=https&se=2026-08-19T12%3A41%3A25Z&rscd=attachment%3B+filename%3Dclang-28b975ada54f8610ed531a6b57253aed10e7c87d.tar.gz&rsct=application%2Foctet-stream&skoid=96c2d410-5711-43a1-aedd-ab1947aa7ab0&sktid=398a6654-997b-47e9-b12b-9515b896b4de&skt=2026-08-19T11%3A40%3A40Z&ske=2026-08-19T12%3A41%3A25Z&sks=b&skv=2018-11-09&sig=ugX8%2FfFrNRHkS2PlcvdO%2FH5kp6OkNcXietebuXUUkjk%3D&jwt=***
2026-08-19T11:48:07.6189842Z 
2026-08-19T11:48:07.6200212Z 08/19 11:48:07 [[1;32mNOTICE[0m] CUID#14 - Redirecting to https://release-assets.githubusercontent.com/github-production-release-asset/900124341/7f31483b-ea99-4028-8fec-94f12384301a?sp=r&sv=2018-11-09&sr=b&spr=https&se=2026-08-19T12%3A41%3A25Z&rscd=attachment%3B+filename%3Dclang-28b975ada54f8610ed531a6b57253aed10e7c87d.tar.gz&rsct=application%2Foctet-stream&skoid=96c2d410-5711-43a1-aedd-ab1947aa7ab0&sktid=398a6654-997b-47e9-b12b-9515b896b4de&skt=2026-08-19T11%3A40%3A40Z&ske=2026-08-19T12%3A41%3A25Z&sks=b&skv=2018-11-09&sig=ugX8%2FfFrNRHkS2PlcvdO%2FH5kp6OkNcXietebuXUUkjk%3D&jwt=***
2026-08-19T11:48:07.6205968Z 
2026-08-19T11:48:07.6216759Z 08/19 11:48:07 [[1;32mNOTICE[0m] CUID#18 - Redirecting to https://release-assets.githubusercontent.com/github-production-release-asset/900124341/7f31483b-ea99-4028-8fec-94f12384301a?sp=r&sv=2018-11-09&sr=b&spr=https&se=2026-08-19T12%3A41%3A25Z&rscd=attachment%3B+filename%3Dclang-28b975ada54f8610ed531a6b57253aed10e7c87d.tar.gz&rsct=application%2Foctet-stream&skoid=96c2d410-5711-43a1-aedd-ab1947aa7ab0&sktid=398a6654-997b-47e9-b12b-9515b896b4de&skt=2026-08-19T11%3A40%3A40Z&ske=2026-08-19T12%3A41%3A25Z&sks=b&skv=2018-11-09&sig=ugX8%2FfFrNRHkS2PlcvdO%2FH5kp6OkNcXietebuXUUkjk%3D&jwt=***
2026-08-19T11:48:07.6223950Z 
2026-08-19T11:48:07.6234382Z 08/19 11:48:07 [[1;32mNOTICE[0m] CUID#20 - Redirecting to https://release-assets.githubusercontent.com/github-production-release-asset/900124341/7f31483b-ea99-4028-8fec-94f12384301a?sp=r&sv=2018-11-09&sr=b&spr=https&se=2026-08-19T12%3A41%3A25Z&rscd=attachment%3B+filename%3Dclang-28b975ada54f8610ed531a6b57253aed10e7c87d.tar.gz&rsct=application%2Foctet-stream&skoid=96c2d410-5711-43a1-aedd-ab1947aa7ab0&sktid=398a6654-997b-47e9-b12b-9515b896b4de&skt=2026-08-19T11%3A40%3A40Z&ske=2026-08-19T12%3A41%3A25Z&sks=b&skv=2018-11-09&sig=ugX8%2FfFrNRHkS2PlcvdO%2FH5kp6OkNcXietebuXUUkjk%3D&jwt=***
2026-08-19T11:48:07.6247001Z 
2026-08-19T11:48:07.6257601Z 08/19 11:48:07 [[1;32mNOTICE[0m] CUID#9 - Redirecting to https://release-assets.githubusercontent.com/github-production-release-asset/900124341/6479600a-860d-4ca9-9a43-16b6732bbb20?sp=r&sv=2018-11-09&sr=b&spr=https&se=2026-08-19T12%3A43%3A07Z&rscd=attachment%3B+filename%3Dbuild-tools-d153b7ab4a4956198957e258d4f370e875c53059.tar.gz&rsct=application%2Foctet-stream&skoid=96c2d410-5711-43a1-aedd-ab1947aa7ab0&sktid=398a6654-997b-47e9-b12b-9515b896b4de&skt=2026-08-19T11%3A42%3A23Z&ske=2026-08-19T12%3A43%3A07Z&sks=b&skv=2018-11-09&sig=ppzsAdthJaaUgnwE2rvqMGBOhbs8RyEnsnyJR96O7Kw%3D&jwt=***
2026-08-19T11:48:07.6266729Z 
2026-08-19T11:48:07.6279091Z 08/19 11:48:07 [[1;32mNOTICE[0m] CUID#10 - Redirecting to https://release-assets.githubusercontent.com/github-production-release-asset/900124341/6479600a-860d-4ca9-9a43-16b6732bbb20?sp=r&sv=2018-11-09&sr=b&spr=https&se=2026-08-19T12%3A43%3A07Z&rscd=attachment%3B+filename%3Dbuild-tools-d153b7ab4a4956198957e258d4f370e875c53059.tar.gz&rsct=application%2Foctet-stream&skoid=96c2d410-5711-43a1-aedd-ab1947aa7ab0&sktid=398a6654-997b-47e9-b12b-9515b896b4de&skt=2026-08-19T11%3A42%3A23Z&ske=2026-08-19T12%3A43%3A07Z&sks=b&skv=2018-11-09&sig=ppzsAdthJaaUgnwE2rvqMGBOhbs8RyEnsnyJR96O7Kw%3D&jwt=***
2026-08-19T11:48:07.6283587Z 
2026-08-19T11:48:07.6296667Z 08/19 11:48:07 [[1;32mNOTICE[0m] CUID#11 - Redirecting to https://release-assets.githubusercontent.com/github-production-release-asset/900124341/6479600a-860d-4ca9-9a43-16b6732bbb20?sp=r&sv=2018-11-09&sr=b&spr=https&se=2026-08-19T12%3A43%3A07Z&rscd=attachment%3B+filename%3Dbuild-tools-d153b7ab4a4956198957e258d4f370e875c53059.tar.gz&rsct=application%2Foctet-stream&skoid=96c2d410-5711-43a1-aedd-ab1947aa7ab0&sktid=398a6654-997b-47e9-b12b-9515b896b4de&skt=2026-08-19T11%3A42%3A23Z&ske=2026-08-19T12%3A43%3A07Z&sks=b&skv=2018-11-09&sig=ppzsAdthJaaUgnwE2rvqMGBOhbs8RyEnsnyJR96O7Kw%3D&jwt=***
2026-08-19T11:48:07.6308749Z 
2026-08-19T11:48:07.6319965Z 08/19 11:48:07 [[1;32mNOTICE[0m] CUID#12 - Redirecting to https://release-assets.githubusercontent.com/github-production-release-asset/900124341/6479600a-860d-4ca9-9a43-16b6732bbb20?sp=r&sv=2018-11-09&sr=b&spr=https&se=2026-08-19T12%3A43%3A07Z&rscd=attachment%3B+filename%3Dbuild-tools-d153b7ab4a4956198957e258d4f370e875c53059.tar.gz&rsct=application%2Foctet-stream&skoid=96c2d410-5711-43a1-aedd-ab1947aa7ab0&sktid=398a6654-997b-47e9-b12b-9515b896b4de&skt=2026-08-19T11%3A42%3A23Z&ske=2026-08-19T12%3A43%3A07Z&sks=b&skv=2018-11-09&sig=ppzsAdthJaaUgnwE2rvqMGBOhbs8RyEnsnyJR96O7Kw%3D&jwt=***
2026-08-19T11:48:07.6347108Z 
2026-08-19T11:48:07.6357937Z 08/19 11:48:07 [[1;32mNOTICE[0m] CUID#14 - Redirecting to https://release-assets.githubusercontent.com/github-production-release-asset/900124341/6479600a-860d-4ca9-9a43-16b6732bbb20?sp=r&sv=2018-11-09&sr=b&spr=https&se=2026-08-19T12%3A43%3A07Z&rscd=attachment%3B+filename%3Dbuild-tools-d153b7ab4a4956198957e258d4f370e875c53059.tar.gz&rsct=application%2Foctet-stream&skoid=96c2d410-5711-43a1-aedd-ab1947aa7ab0&sktid=398a6654-997b-47e9-b12b-9515b896b4de&skt=2026-08-19T11%3A42%3A23Z&ske=2026-08-19T12%3A43%3A07Z&sks=b&skv=2018-11-09&sig=ppzsAdthJaaUgnwE2rvqMGBOhbs8RyEnsnyJR96O7Kw%3D&jwt=***
2026-08-19T11:48:07.6362236Z 
2026-08-19T11:48:07.6396738Z 08/19 11:48:07 [[1;32mNOTICE[0m] CUID#16 - Redirecting to https://release-assets.githubusercontent.com/github-production-release-asset/900124341/6479600a-860d-4ca9-9a43-16b6732bbb20?sp=r&sv=2018-11-09&sr=b&spr=https&se=2026-08-19T12%3A43%3A07Z&rscd=attachment%3B+filename%3Dbuild-tools-d153b7ab4a4956198957e258d4f370e875c53059.tar.gz&rsct=application%2Foctet-stream&skoid=96c2d410-5711-43a1-aedd-ab1947aa7ab0&sktid=398a6654-997b-47e9-b12b-9515b896b4de&skt=2026-08-19T11%3A42%3A23Z&ske=2026-08-19T12%3A43%3A07Z&sks=b&skv=2018-11-09&sig=ppzsAdthJaaUgnwE2rvqMGBOhbs8RyEnsnyJR96O7Kw%3D&jwt=***
2026-08-19T11:48:07.6411145Z 
2026-08-19T11:48:07.6422782Z 08/19 11:48:07 [[1;32mNOTICE[0m] CUID#17 - Redirecting to https://release-assets.githubusercontent.com/github-production-release-asset/900124341/6479600a-860d-4ca9-9a43-16b6732bbb20?sp=r&sv=2018-11-09&sr=b&spr=https&se=2026-08-19T12%3A43%3A07Z&rscd=attachment%3B+filename%3Dbuild-tools-d153b7ab4a4956198957e258d4f370e875c53059.tar.gz&rsct=application%2Foctet-stream&skoid=96c2d410-5711-43a1-aedd-ab1947aa7ab0&sktid=398a6654-997b-47e9-b12b-9515b896b4de&skt=2026-08-19T11%3A42%3A23Z&ske=2026-08-19T12%3A43%3A07Z&sks=b&skv=2018-11-09&sig=ppzsAdthJaaUgnwE2rvqMGBOhbs8RyEnsnyJR96O7Kw%3D&jwt=***
2026-08-19T11:48:07.6428046Z 
2026-08-19T11:48:07.6440075Z 08/19 11:48:07 [[1;32mNOTICE[0m] CUID#19 - Redirecting to https://release-assets.githubusercontent.com/github-production-release-asset/900124341/6479600a-860d-4ca9-9a43-16b6732bbb20?sp=r&sv=2018-11-09&sr=b&spr=https&se=2026-08-19T12%3A43%3A07Z&rscd=attachment%3B+filename%3Dbuild-tools-d153b7ab4a4956198957e258d4f370e875c53059.tar.gz&rsct=application%2Foctet-stream&skoid=96c2d410-5711-43a1-aedd-ab1947aa7ab0&sktid=398a6654-997b-47e9-b12b-9515b896b4de&skt=2026-08-19T11%3A42%3A23Z&ske=2026-08-19T12%3A43%3A07Z&sks=b&skv=2018-11-09&sig=ppzsAdthJaaUgnwE2rvqMGBOhbs8RyEnsnyJR96O7Kw%3D&jwt=***
2026-08-19T11:48:07.6461514Z 
2026-08-19T11:48:07.6475436Z 08/19 11:48:07 [[1;32mNOTICE[0m] CUID#22 - Redirecting to https://release-assets.githubusercontent.com/github-production-release-asset/900124341/6479600a-860d-4ca9-9a43-16b6732bbb20?sp=r&sv=2018-11-09&sr=b&spr=https&se=2026-08-19T12%3A43%3A07Z&rscd=attachment%3B+filename%3Dbuild-tools-d153b7ab4a4956198957e258d4f370e875c53059.tar.gz&rsct=application%2Foctet-stream&skoid=96c2d410-5711-43a1-aedd-ab1947aa7ab0&sktid=398a6654-997b-47e9-b12b-9515b896b4de&skt=2026-08-19T11%3A42%3A23Z&ske=2026-08-19T12%3A43%3A07Z&sks=b&skv=2018-11-09&sig=ppzsAdthJaaUgnwE2rvqMGBOhbs8RyEnsnyJR96O7Kw%3D&jwt=***
2026-08-19T11:48:07.6492901Z 
2026-08-19T11:48:07.6513344Z 08/19 11:48:07 [[1;32mNOTICE[0m] CUID#20 - Redirecting to https://release-assets.githubusercontent.com/github-production-release-asset/900124341/7f31483b-ea99-4028-8fec-94f12384301a?sp=r&sv=2018-11-09&sr=b&spr=https&se=2026-08-19T12%3A41%3A25Z&rscd=attachment%3B+filename%3Dclang-28b975ada54f8610ed531a6b57253aed10e7c87d.tar.gz&rsct=application%2Foctet-stream&skoid=96c2d410-5711-43a1-aedd-ab1947aa7ab0&sktid=398a6654-997b-47e9-b12b-9515b896b4de&skt=2026-08-19T11%3A40%3A40Z&ske=2026-08-19T12%3A41%3A25Z&sks=b&skv=2018-11-09&sig=ugX8%2FfFrNRHkS2PlcvdO%2FH5kp6OkNcXietebuXUUkjk%3D&jwt=***
2026-08-19T11:48:07.6542195Z 
2026-08-19T11:48:07.6554805Z 08/19 11:48:07 [[1;32mNOTICE[0m] CUID#13 - Redirecting to https://release-assets.githubusercontent.com/github-production-release-asset/900124341/7f31483b-ea99-4028-8fec-94f12384301a?sp=r&sv=2018-11-09&sr=b&spr=https&se=2026-08-19T12%3A41%3A25Z&rscd=attachment%3B+filename%3Dclang-28b975ada54f8610ed531a6b57253aed10e7c87d.tar.gz&rsct=application%2Foctet-stream&skoid=96c2d410-5711-43a1-aedd-ab1947aa7ab0&sktid=398a6654-997b-47e9-b12b-9515b896b4de&skt=2026-08-19T11%3A40%3A40Z&ske=2026-08-19T12%3A41%3A25Z&sks=b&skv=2018-11-09&sig=ugX8%2FfFrNRHkS2PlcvdO%2FH5kp6OkNcXietebuXUUkjk%3D&jwt=***
2026-08-19T11:48:07.6571343Z 
2026-08-19T11:48:07.6582365Z 08/19 11:48:07 [[1;32mNOTICE[0m] CUID#14 - Redirecting to https://release-assets.githubusercontent.com/github-production-release-asset/900124341/7f31483b-ea99-4028-8fec-94f12384301a?sp=r&sv=2018-11-09&sr=b&spr=https&se=2026-08-19T12%3A41%3A25Z&rscd=attachment%3B+filename%3Dclang-28b975ada54f8610ed531a6b57253aed10e7c87d.tar.gz&rsct=application%2Foctet-stream&skoid=96c2d410-5711-43a1-aedd-ab1947aa7ab0&sktid=398a6654-997b-47e9-b12b-9515b896b4de&skt=2026-08-19T11%3A40%3A40Z&ske=2026-08-19T12%3A41%3A25Z&sks=b&skv=2018-11-09&sig=ugX8%2FfFrNRHkS2PlcvdO%2FH5kp6OkNcXietebuXUUkjk%3D&jwt=***
2026-08-19T11:48:07.6592305Z 
2026-08-19T11:48:07.6604340Z 08/19 11:48:07 [[1;32mNOTICE[0m] CUID#18 - Redirecting to https://release-assets.githubusercontent.com/github-production-release-asset/900124341/7f31483b-ea99-4028-8fec-94f12384301a?sp=r&sv=2018-11-09&sr=b&spr=https&se=2026-08-19T12%3A41%3A25Z&rscd=attachment%3B+filename%3Dclang-28b975ada54f8610ed531a6b57253aed10e7c87d.tar.gz&rsct=application%2Foctet-stream&skoid=96c2d410-5711-43a1-aedd-ab1947aa7ab0&sktid=398a6654-997b-47e9-b12b-9515b896b4de&skt=2026-08-19T11%3A40%3A40Z&ske=2026-08-19T12%3A41%3A25Z&sks=b&skv=2018-11-09&sig=ugX8%2FfFrNRHkS2PlcvdO%2FH5kp6OkNcXietebuXUUkjk%3D&jwt=***
2026-08-19T11:48:07.6618297Z 
2026-08-19T11:48:07.6629684Z 08/19 11:48:07 [[1;32mNOTICE[0m] CUID#13 - Redirecting to https://release-assets.githubusercontent.com/github-production-release-asset/900124341/6479600a-860d-4ca9-9a43-16b6732bbb20?sp=r&sv=2018-11-09&sr=b&spr=https&se=2026-08-19T12%3A43%3A07Z&rscd=attachment%3B+filename%3Dbuild-tools-d153b7ab4a4956198957e258d4f370e875c53059.tar.gz&rsct=application%2Foctet-stream&skoid=96c2d410-5711-43a1-aedd-ab1947aa7ab0&sktid=398a6654-997b-47e9-b12b-9515b896b4de&skt=2026-08-19T11%3A42%3A23Z&ske=2026-08-19T12%3A43%3A07Z&sks=b&skv=2018-11-09&sig=ppzsAdthJaaUgnwE2rvqMGBOhbs8RyEnsnyJR96O7Kw%3D&jwt=***
2026-08-19T11:48:07.6655407Z 
2026-08-19T11:48:07.6696248Z 08/19 11:48:07 [[1;32mNOTICE[0m] CUID#18 - Redirecting to https://release-assets.githubusercontent.com/github-production-release-asset/900124341/6479600a-860d-4ca9-9a43-16b6732bbb20?sp=r&sv=2018-11-09&sr=b&spr=https&se=2026-08-19T12%3A43%3A07Z&rscd=attachment%3B+filename%3Dbuild-tools-d153b7ab4a4956198957e258d4f370e875c53059.tar.gz&rsct=application%2Foctet-stream&skoid=96c2d410-5711-43a1-aedd-ab1947aa7ab0&sktid=398a6654-997b-47e9-b12b-9515b896b4de&skt=2026-08-19T11%3A42%3A23Z&ske=2026-08-19T12%3A43%3A07Z&sks=b&skv=2018-11-09&sig=ppzsAdthJaaUgnwE2rvqMGBOhbs8RyEnsnyJR96O7Kw%3D&jwt=***
2026-08-19T11:48:07.6707558Z 
2026-08-19T11:48:07.6719158Z 08/19 11:48:07 [[1;32mNOTICE[0m] CUID#20 - Redirecting to https://release-assets.githubusercontent.com/github-production-release-asset/900124341/6479600a-860d-4ca9-9a43-16b6732bbb20?sp=r&sv=2018-11-09&sr=b&spr=https&se=2026-08-19T12%3A43%3A07Z&rscd=attachment%3B+filename%3Dbuild-tools-d153b7ab4a4956198957e258d4f370e875c53059.tar.gz&rsct=application%2Foctet-stream&skoid=96c2d410-5711-43a1-aedd-ab1947aa7ab0&sktid=398a6654-997b-47e9-b12b-9515b896b4de&skt=2026-08-19T11%3A42%3A23Z&ske=2026-08-19T12%3A43%3A07Z&sks=b&skv=2018-11-09&sig=ppzsAdthJaaUgnwE2rvqMGBOhbs8RyEnsnyJR96O7Kw%3D&jwt=***
2026-08-19T11:48:07.6725715Z 
2026-08-19T11:48:07.6736685Z 08/19 11:48:07 [[1;32mNOTICE[0m] CUID#15 - Redirecting to https://release-assets.githubusercontent.com/github-production-release-asset/900124341/6479600a-860d-4ca9-9a43-16b6732bbb20?sp=r&sv=2018-11-09&sr=b&spr=https&se=2026-08-19T12%3A43%3A07Z&rscd=attachment%3B+filename%3Dbuild-tools-d153b7ab4a4956198957e258d4f370e875c53059.tar.gz&rsct=application%2Foctet-stream&skoid=96c2d410-5711-43a1-aedd-ab1947aa7ab0&sktid=398a6654-997b-47e9-b12b-9515b896b4de&skt=2026-08-19T11%3A42%3A23Z&ske=2026-08-19T12%3A43%3A07Z&sks=b&skv=2018-11-09&sig=ppzsAdthJaaUgnwE2rvqMGBOhbs8RyEnsnyJR96O7Kw%3D&jwt=***
2026-08-19T11:48:07.6746289Z 
2026-08-19T11:48:07.6757977Z 08/19 11:48:07 [[1;32mNOTICE[0m] CUID#12 - Redirecting to https://release-assets.githubusercontent.com/github-production-release-asset/900124341/6479600a-860d-4ca9-9a43-16b6732bbb20?sp=r&sv=2018-11-09&sr=b&spr=https&se=2026-08-19T12%3A43%3A07Z&rscd=attachment%3B+filename%3Dbuild-tools-d153b7ab4a4956198957e258d4f370e875c53059.tar.gz&rsct=application%2Foctet-stream&skoid=96c2d410-5711-43a1-aedd-ab1947aa7ab0&sktid=398a6654-997b-47e9-b12b-9515b896b4de&skt=2026-08-19T11%3A42%3A23Z&ske=2026-08-19T12%3A43%3A07Z&sks=b&skv=2018-11-09&sig=ppzsAdthJaaUgnwE2rvqMGBOhbs8RyEnsnyJR96O7Kw%3D&jwt=***
2026-08-19T11:48:07.6792327Z 
2026-08-19T11:48:07.6835628Z 08/19 11:48:07 [[1;32mNOTICE[0m] CUID#14 - Redirecting to https://release-assets.githubusercontent.com/github-production-release-asset/900124341/6479600a-860d-4ca9-9a43-16b6732bbb20?sp=r&sv=2018-11-09&sr=b&spr=https&se=2026-08-19T12%3A43%3A07Z&rscd=attachment%3B+filename%3Dbuild-tools-d153b7ab4a4956198957e258d4f370e875c53059.tar.gz&rsct=application%2Foctet-stream&skoid=96c2d410-5711-43a1-aedd-ab1947aa7ab0&sktid=398a6654-997b-47e9-b12b-9515b896b4de&skt=2026-08-19T11%3A42%3A23Z&ske=2026-08-19T12%3A43%3A07Z&sks=b&skv=2018-11-09&sig=ppzsAdthJaaUgnwE2rvqMGBOhbs8RyEnsnyJR96O7Kw%3D&jwt=***
2026-08-19T11:48:07.6841018Z 
2026-08-19T11:48:07.6867256Z 08/19 11:48:07 [[1;32mNOTICE[0m] CUID#17 - Redirecting to https://release-assets.githubusercontent.com/github-production-release-asset/900124341/6479600a-860d-4ca9-9a43-16b6732bbb20?sp=r&sv=2018-11-09&sr=b&spr=https&se=2026-08-19T12%3A43%3A07Z&rscd=attachment%3B+filename%3Dbuild-tools-d153b7ab4a4956198957e258d4f370e875c53059.tar.gz&rsct=application%2Foctet-stream&skoid=96c2d410-5711-43a1-aedd-ab1947aa7ab0&sktid=398a6654-997b-47e9-b12b-9515b896b4de&skt=2026-08-19T11%3A42%3A23Z&ske=2026-08-19T12%3A43%3A07Z&sks=b&skv=2018-11-09&sig=ppzsAdthJaaUgnwE2rvqMGBOhbs8RyEnsnyJR96O7Kw%3D&jwt=***
2026-08-19T11:48:07.6871234Z 
2026-08-19T11:48:07.6887731Z 08/19 11:48:07 [[1;32mNOTICE[0m] CUID#22 - Redirecting to https://release-assets.githubusercontent.com/github-production-release-asset/900124341/6479600a-860d-4ca9-9a43-16b6732bbb20?sp=r&sv=2018-11-09&sr=b&spr=https&se=2026-08-19T12%3A43%3A07Z&rscd=attachment%3B+filename%3Dbuild-tools-d153b7ab4a4956198957e258d4f370e875c53059.tar.gz&rsct=application%2Foctet-stream&skoid=96c2d410-5711-43a1-aedd-ab1947aa7ab0&sktid=398a6654-997b-47e9-b12b-9515b896b4de&skt=2026-08-19T11%3A42%3A23Z&ske=2026-08-19T12%3A43%3A07Z&sks=b&skv=2018-11-09&sig=ppzsAdthJaaUgnwE2rvqMGBOhbs8RyEnsnyJR96O7Kw%3D&jwt=***
2026-08-19T11:48:07.6892515Z 
2026-08-19T11:48:07.6905488Z 08/19 11:48:07 [[1;32mNOTICE[0m] CUID#18 - Redirecting to https://release-assets.githubusercontent.com/github-production-release-asset/900124341/7f31483b-ea99-4028-8fec-94f12384301a?sp=r&sv=2018-11-09&sr=b&spr=https&se=2026-08-19T12%3A41%3A25Z&rscd=attachment%3B+filename%3Dclang-28b975ada54f8610ed531a6b57253aed10e7c87d.tar.gz&rsct=application%2Foctet-stream&skoid=96c2d410-5711-43a1-aedd-ab1947aa7ab0&sktid=398a6654-997b-47e9-b12b-9515b896b4de&skt=2026-08-19T11%3A40%3A40Z&ske=2026-08-19T12%3A41%3A25Z&sks=b&skv=2018-11-09&sig=ugX8%2FfFrNRHkS2PlcvdO%2FH5kp6OkNcXietebuXUUkjk%3D&jwt=***
2026-08-19T11:48:07.6910658Z 
2026-08-19T11:48:07.6922661Z 08/19 11:48:07 [[1;32mNOTICE[0m] CUID#21 - Redirecting to https://release-assets.githubusercontent.com/github-production-release-asset/900124341/6479600a-860d-4ca9-9a43-16b6732bbb20?sp=r&sv=2018-11-09&sr=b&spr=https&se=2026-08-19T12%3A43%3A07Z&rscd=attachment%3B+filename%3Dbuild-tools-d153b7ab4a4956198957e258d4f370e875c53059.tar.gz&rsct=application%2Foctet-stream&skoid=96c2d410-5711-43a1-aedd-ab1947aa7ab0&sktid=398a6654-997b-47e9-b12b-9515b896b4de&skt=2026-08-19T11%3A42%3A23Z&ske=2026-08-19T12%3A43%3A07Z&sks=b&skv=2018-11-09&sig=ppzsAdthJaaUgnwE2rvqMGBOhbs8RyEnsnyJR96O7Kw%3D&jwt=***
2026-08-19T11:48:07.6928433Z 
2026-08-19T11:48:07.6940667Z 08/19 11:48:07 [[1;32mNOTICE[0m] CUID#14 - Redirecting to https://release-assets.githubusercontent.com/github-production-release-asset/900124341/7f31483b-ea99-4028-8fec-94f12384301a?sp=r&sv=2018-11-09&sr=b&spr=https&se=2026-08-19T12%3A41%3A25Z&rscd=attachment%3B+filename%3Dclang-28b975ada54f8610ed531a6b57253aed10e7c87d.tar.gz&rsct=application%2Foctet-stream&skoid=96c2d410-5711-43a1-aedd-ab1947aa7ab0&sktid=398a6654-997b-47e9-b12b-9515b896b4de&skt=2026-08-19T11%3A40%3A40Z&ske=2026-08-19T12%3A41%3A25Z&sks=b&skv=2018-11-09&sig=ugX8%2FfFrNRHkS2PlcvdO%2FH5kp6OkNcXietebuXUUkjk%3D&jwt=***
2026-08-19T11:48:07.6945957Z 
2026-08-19T11:48:07.6977655Z 08/19 11:48:07 [[1;32mNOTICE[0m] CUID#13 - Redirecting to https://release-assets.githubusercontent.com/github-production-release-asset/900124341/7f31483b-ea99-4028-8fec-94f12384301a?sp=r&sv=2018-11-09&sr=b&spr=https&se=2026-08-19T12%3A41%3A25Z&rscd=attachment%3B+filename%3Dclang-28b975ada54f8610ed531a6b57253aed10e7c87d.tar.gz&rsct=application%2Foctet-stream&skoid=96c2d410-5711-43a1-aedd-ab1947aa7ab0&sktid=398a6654-997b-47e9-b12b-9515b896b4de&skt=2026-08-19T11%3A40%3A40Z&ske=2026-08-19T12%3A41%3A25Z&sks=b&skv=2018-11-09&sig=ugX8%2FfFrNRHkS2PlcvdO%2FH5kp6OkNcXietebuXUUkjk%3D&jwt=***
2026-08-19T11:48:07.6979856Z 
2026-08-19T11:48:07.6989827Z 08/19 11:48:07 [[1;32mNOTICE[0m] CUID#11 - Redirecting to https://release-assets.githubusercontent.com/github-production-release-asset/900124341/6479600a-860d-4ca9-9a43-16b6732bbb20?sp=r&sv=2018-11-09&sr=b&spr=https&se=2026-08-19T12%3A43%3A07Z&rscd=attachment%3B+filename%3Dbuild-tools-d153b7ab4a4956198957e258d4f370e875c53059.tar.gz&rsct=application%2Foctet-stream&skoid=96c2d410-5711-43a1-aedd-ab1947aa7ab0&sktid=398a6654-997b-47e9-b12b-9515b896b4de&skt=2026-08-19T11%3A42%3A23Z&ske=2026-08-19T12%3A43%3A07Z&sks=b&skv=2018-11-09&sig=ppzsAdthJaaUgnwE2rvqMGBOhbs8RyEnsnyJR96O7Kw%3D&jwt=***
2026-08-19T11:48:07.6993268Z 
2026-08-19T11:48:07.7007882Z 08/19 11:48:07 [[1;32mNOTICE[0m] CUID#10 - Redirecting to https://release-assets.githubusercontent.com/github-production-release-asset/900124341/6479600a-860d-4ca9-9a43-16b6732bbb20?sp=r&sv=2018-11-09&sr=b&spr=https&se=2026-08-19T12%3A43%3A07Z&rscd=attachment%3B+filename%3Dbuild-tools-d153b7ab4a4956198957e258d4f370e875c53059.tar.gz&rsct=application%2Foctet-stream&skoid=96c2d410-5711-43a1-aedd-ab1947aa7ab0&sktid=398a6654-997b-47e9-b12b-9515b896b4de&skt=2026-08-19T11%3A42%3A23Z&ske=2026-08-19T12%3A43%3A07Z&sks=b&skv=2018-11-09&sig=ppzsAdthJaaUgnwE2rvqMGBOhbs8RyEnsnyJR96O7Kw%3D&jwt=***
2026-08-19T11:48:07.7012620Z 
2026-08-19T11:48:07.7030029Z 08/19 11:48:07 [[1;32mNOTICE[0m] CUID#19 - Redirecting to https://release-assets.githubusercontent.com/github-production-release-asset/900124341/6479600a-860d-4ca9-9a43-16b6732bbb20?sp=r&sv=2018-11-09&sr=b&spr=https&se=2026-08-19T12%3A43%3A07Z&rscd=attachment%3B+filename%3Dbuild-tools-d153b7ab4a4956198957e258d4f370e875c53059.tar.gz&rsct=application%2Foctet-stream&skoid=96c2d410-5711-43a1-aedd-ab1947aa7ab0&sktid=398a6654-997b-47e9-b12b-9515b896b4de&skt=2026-08-19T11%3A42%3A23Z&ske=2026-08-19T12%3A43%3A07Z&sks=b&skv=2018-11-09&sig=ppzsAdthJaaUgnwE2rvqMGBOhbs8RyEnsnyJR96O7Kw%3D&jwt=***
2026-08-19T11:48:07.7034141Z 
2026-08-19T11:48:07.7035464Z 08/19 11:48:07 [[1;32mNOTICE[0m] CUID#7 - Redirecting to https://codeload.github.com/OnePlusOSS/android_kernel_common_oneplus_sm8650/tar.gz/1cee682fb60cc9ffd86a2342fa8051bcde77116f
2026-08-19T11:48:07.7036681Z 
2026-08-19T11:48:07.7049049Z 08/19 11:48:07 [[1;32mNOTICE[0m] CUID#17 - Redirecting to https://release-assets.githubusercontent.com/github-production-release-asset/900124341/6479600a-860d-4ca9-9a43-16b6732bbb20?sp=r&sv=2018-11-09&sr=b&spr=https&se=2026-08-19T12%3A43%3A07Z&rscd=attachment%3B+filename%3Dbuild-tools-d153b7ab4a4956198957e258d4f370e875c53059.tar.gz&rsct=application%2Foctet-stream&skoid=96c2d410-5711-43a1-aedd-ab1947aa7ab0&sktid=398a6654-997b-47e9-b12b-9515b896b4de&skt=2026-08-19T11%3A42%3A23Z&ske=2026-08-19T12%3A43%3A07Z&sks=b&skv=2018-11-09&sig=ppzsAdthJaaUgnwE2rvqMGBOhbs8RyEnsnyJR96O7Kw%3D&jwt=***
2026-08-19T11:48:07.7054629Z 
2026-08-19T11:48:07.7068711Z 08/19 11:48:07 [[1;32mNOTICE[0m] CUID#19 - Redirecting to https://release-assets.githubusercontent.com/github-production-release-asset/900124341/6479600a-860d-4ca9-9a43-16b6732bbb20?sp=r&sv=2018-11-09&sr=b&spr=https&se=2026-08-19T12%3A43%3A07Z&rscd=attachment%3B+filename%3Dbuild-tools-d153b7ab4a4956198957e258d4f370e875c53059.tar.gz&rsct=application%2Foctet-stream&skoid=96c2d410-5711-43a1-aedd-ab1947aa7ab0&sktid=398a6654-997b-47e9-b12b-9515b896b4de&skt=2026-08-19T11%3A42%3A23Z&ske=2026-08-19T12%3A43%3A07Z&sks=b&skv=2018-11-09&sig=ppzsAdthJaaUgnwE2rvqMGBOhbs8RyEnsnyJR96O7Kw%3D&jwt=***
2026-08-19T11:48:07.7074582Z 
2026-08-19T11:48:07.7076847Z 08/19 11:48:07 [[1;32mNOTICE[0m] CUID#7 - Redirecting to https://codeload.github.com/OnePlusOSS/android_kernel_modules_and_devicetree_oneplus_sm8650/tar.gz/8f66296b04ef8875011f457eae57733c86646e6a
2026-08-19T11:48:07.7264266Z Synced AnyKernel3 successfully! (0.56s)
2026-08-19T11:48:07.8589801Z 
2026-08-19T11:48:07.8591752Z 08/19 11:48:07 [[1;32mNOTICE[0m] Download complete: /dev/shm/sync_486266/build-tools-d153b7ab4a4956198957e258d4f370e875c53059.tar.gz
2026-08-19T11:48:07.8592978Z 
2026-08-19T11:48:07.8593148Z Download Results:
2026-08-19T11:48:07.8593546Z gid   |stat|avg speed  |path/URI
2026-08-19T11:48:07.8594055Z ======+====+===========+=======================================================
2026-08-19T11:48:07.8595437Z f42159|OK  |   204MiB/s|/dev/shm/sync_486266/build-tools-d153b7ab4a4956198957e258d4f370e875c53059.tar.gz
2026-08-19T11:48:07.8596134Z 
2026-08-19T11:48:07.8596285Z Status Legend:
2026-08-19T11:48:07.8596639Z (OK):download completed.
2026-08-19T11:48:08.8797866Z Synced kernel/prebuilts/build-tools successfully! (1.72s)
2026-08-19T11:48:09.6123898Z [#8e0ece 314MiB/793MiB(39%) CN:16 DL:343MiB ETA:1s]
2026-08-19T11:48:09.6124362Z [#8e0ece 718MiB/793MiB(90%) CN:16 DL:376MiB]
2026-08-19T11:48:09.6124649Z 
2026-08-19T11:48:09.6125463Z 08/19 11:48:09 [[1;32mNOTICE[0m] Download complete: /dev/shm/sync_320905/clang-28b975ada54f8610ed531a6b57253aed10e7c87d.tar.gz
2026-08-19T11:48:09.6126082Z 
2026-08-19T11:48:09.6126195Z Download Results:
2026-08-19T11:48:09.6126476Z gid   |stat|avg speed  |path/URI
2026-08-19T11:48:09.6126841Z ======+====+===========+=======================================================
2026-08-19T11:48:09.6127488Z 8e0ece|OK  |   379MiB/s|/dev/shm/sync_320905/clang-28b975ada54f8610ed531a6b57253aed10e7c87d.tar.gz
2026-08-19T11:48:09.6127962Z 
2026-08-19T11:48:09.6128067Z Status Legend:
2026-08-19T11:48:09.6128323Z (OK):download completed.
2026-08-19T11:48:19.2278368Z Synced kernelplatform/prebuilts-master/clang/host/linux-x86 successfully! (12.06s)
2026-08-19T11:48:20.0472975Z [#a2dfa4 2.5MiB/0B CN:1 DL:5.0MiB]
2026-08-19T11:48:20.0473675Z [#a2dfa4 9.8MiB/0B CN:1 DL:6.6MiB]
2026-08-19T11:48:20.0474065Z [#a2dfa4 21MiB/0B CN:1 DL:8.4MiB]
2026-08-19T11:48:20.0474817Z [#a2dfa4 38MiB/0B CN:1 DL:10MiB]
2026-08-19T11:48:20.0475169Z [#a2dfa4 44MiB/0B CN:1 DL:9.8MiB]
2026-08-19T11:48:20.0475519Z [#a2dfa4 49MiB/0B CN:1 DL:8.9MiB]
2026-08-19T11:48:20.0475867Z [#a2dfa4 55MiB/0B CN:1 DL:8.4MiB]
2026-08-19T11:48:20.0476209Z [#a2dfa4 60MiB/0B CN:1 DL:8.0MiB]
2026-08-19T11:48:20.0476570Z [#a2dfa4 66MiB/0B CN:1 DL:7.8MiB]
2026-08-19T11:48:20.0476918Z [#a2dfa4 71MiB/0B CN:1 DL:7.4MiB]
2026-08-19T11:48:20.0477256Z [#a2dfa4 77MiB/0B CN:1 DL:7.3MiB]
2026-08-19T11:48:20.0477616Z [#a2dfa4 83MiB/0B CN:1 DL:7.3MiB]
2026-08-19T11:48:20.0477847Z 
2026-08-19T11:48:20.0478517Z 08/19 11:48:20 [[1;32mNOTICE[0m] Download complete: /dev/shm/sync_307674/dynamic_file.tar.gz
2026-08-19T11:48:20.0479009Z 
2026-08-19T11:48:20.0479294Z Download Results:
2026-08-19T11:48:20.0479716Z gid   |stat|avg speed  |path/URI
2026-08-19T11:48:20.0480202Z ======+====+===========+=======================================================
2026-08-19T11:48:20.0481131Z a2dfa4|OK  |   6.8MiB/s|/dev/shm/sync_307674/dynamic_file.tar.gz
2026-08-19T11:48:20.0481458Z 
2026-08-19T11:48:20.0481615Z Status Legend:
2026-08-19T11:48:20.0482409Z (OK):download completed.
2026-08-19T11:48:21.8109167Z Synced android_kernel_modules_and_devicetree_oneplus_sm8650 successfully! (14.65s)
2026-08-19T11:48:44.9960743Z [#a7b9bd 2.3MiB/0B CN:1 DL:7.6MiB]
2026-08-19T11:48:44.9961379Z [#a7b9bd 8.8MiB/0B CN:1 DL:6.7MiB]
2026-08-19T11:48:44.9962215Z [#a7b9bd 15MiB/0B CN:1 DL:6.7MiB]
2026-08-19T11:48:44.9962791Z [#a7b9bd 23MiB/0B CN:1 DL:6.9MiB]
2026-08-19T11:48:44.9963332Z [#a7b9bd 30MiB/0B CN:1 DL:7.0MiB]
2026-08-19T11:48:44.9963836Z [#a7b9bd 36MiB/0B CN:1 DL:6.9MiB]
2026-08-19T11:48:44.9964358Z [#a7b9bd 43MiB/0B CN:1 DL:6.9MiB]
2026-08-19T11:48:44.9964885Z [#a7b9bd 50MiB/0B CN:1 DL:6.8MiB]
2026-08-19T11:48:44.9965419Z [#a7b9bd 54MiB/0B CN:1 DL:6.4MiB]
2026-08-19T11:48:44.9965950Z [#a7b9bd 58MiB/0B CN:1 DL:6.1MiB]
2026-08-19T11:48:44.9966480Z [#a7b9bd 62MiB/0B CN:1 DL:5.8MiB]
2026-08-19T11:48:44.9967007Z [#a7b9bd 66MiB/0B CN:1 DL:5.5MiB]
2026-08-19T11:48:44.9967555Z [#a7b9bd 69MiB/0B CN:1 DL:5.1MiB]
2026-08-19T11:48:44.9968088Z [#a7b9bd 73MiB/0B CN:1 DL:4.7MiB]
2026-08-19T11:48:44.9968618Z [#a7b9bd 77MiB/0B CN:1 DL:4.4MiB]
2026-08-19T11:48:44.9968956Z [#a7b9bd 83MiB/0B CN:1 DL:4.3MiB]
2026-08-19T11:48:44.9969288Z [#a7b9bd 89MiB/0B CN:1 DL:4.3MiB]
2026-08-19T11:48:44.9969637Z [#a7b9bd 96MiB/0B CN:1 DL:4.5MiB]
2026-08-19T11:48:44.9969978Z [#a7b9bd 102MiB/0B CN:1 DL:4.8MiB]
2026-08-19T11:48:44.9970723Z [#a7b9bd 108MiB/0B CN:1 DL:5.0MiB]
2026-08-19T11:48:44.9971070Z [#a7b9bd 114MiB/0B CN:1 DL:5.2MiB]
2026-08-19T11:48:44.9971413Z [#a7b9bd 120MiB/0B CN:1 DL:5.6MiB]
2026-08-19T11:48:44.9971754Z [#a7b9bd 126MiB/0B CN:1 DL:5.8MiB]
2026-08-19T11:48:44.9972379Z [#a7b9bd 133MiB/0B CN:1 DL:6.1MiB]
2026-08-19T11:48:44.9972643Z [#a7b9bd 139MiB/0B CN:1 DL:6.1MiB]
2026-08-19T11:48:44.9972884Z [#a7b9bd 145MiB/0B CN:1 DL:6.1MiB]
2026-08-19T11:48:44.9973120Z [#a7b9bd 152MiB/0B CN:1 DL:6.2MiB]
2026-08-19T11:48:44.9973362Z [#a7b9bd 159MiB/0B CN:1 DL:6.2MiB]
2026-08-19T11:48:44.9973605Z [#a7b9bd 165MiB/0B CN:1 DL:6.2MiB]
2026-08-19T11:48:44.9973842Z [#a7b9bd 171MiB/0B CN:1 DL:6.2MiB]
2026-08-19T11:48:44.9974080Z [#a7b9bd 177MiB/0B CN:1 DL:6.2MiB]
2026-08-19T11:48:44.9974318Z [#a7b9bd 183MiB/0B CN:1 DL:6.2MiB]
2026-08-19T11:48:44.9974554Z [#a7b9bd 189MiB/0B CN:1 DL:6.2MiB]
2026-08-19T11:48:44.9974792Z [#a7b9bd 195MiB/0B CN:1 DL:6.1MiB]
2026-08-19T11:48:44.9975029Z [#a7b9bd 201MiB/0B CN:1 DL:6.1MiB]
2026-08-19T11:48:44.9975276Z [#a7b9bd 207MiB/0B CN:1 DL:6.1MiB]
2026-08-19T11:48:44.9975514Z [#a7b9bd 213MiB/0B CN:1 DL:6.0MiB]
2026-08-19T11:48:44.9975679Z 
2026-08-19T11:48:44.9976195Z 08/19 11:48:44 [[1;32mNOTICE[0m] Download complete: /dev/shm/sync_66798/dynamic_file.tar.gz
2026-08-19T11:48:44.9976545Z 
2026-08-19T11:48:44.9976628Z Download Results:
2026-08-19T11:48:44.9976846Z gid   |stat|avg speed  |path/URI
2026-08-19T11:48:44.9977141Z ======+====+===========+=======================================================
2026-08-19T11:48:44.9977528Z a7b9bd|OK  |   5.7MiB/s|/dev/shm/sync_66798/dynamic_file.tar.gz
2026-08-19T11:48:44.9977973Z 
2026-08-19T11:48:44.9978058Z Status Legend:
2026-08-19T11:48:44.9978265Z (OK):download completed.
2026-08-19T11:48:50.9357679Z Synced android_kernel_common_oneplus_sm8650 successfully! (43.77s)
2026-08-19T11:48:50.9650493Z Processing linkfiles and copyfiles...
2026-08-19T11:48:50.9651527Z   [Link] kernel_platform/.source_date_epoch_dir -> .
2026-08-19T11:48:50.9653129Z   [Link] kernel_platform/build/prebuilts/kernel-build-tools -> .
2026-08-19T11:48:50.9653775Z Kernel Sync completed in 0m 43.80s
2026-08-19T11:48:50.9655042Z ##[endgroup]
2026-08-19T11:48:50.9821318Z ##[end-action id=build.sync-kernel-source.__run_2;outcome=success;conclusion=success;duration_ms=43940]
2026-08-19T11:48:50.9834330Z ##[end-action id=build.sync-kernel-source;outcome=success;conclusion=success;duration_ms=43994]
2026-08-19T11:48:50.9836904Z ##[start-action display=Set Dir Paths;id=build.__run_6]
2026-08-19T11:48:50.9852906Z ##[group]Run set -euo pipefail
2026-08-19T11:48:50.9853213Z [36;1mset -euo pipefail[0m
2026-08-19T11:48:50.9853476Z [36;1mCONFIG_DIR="$GITHUB_WORKSPACE/$CONFIG"[0m
2026-08-19T11:48:50.9853792Z [36;1mARTIFACTS_DIR="$CONFIG_DIR/artifacts"[0m
2026-08-19T11:48:50.9854126Z [36;1mKERNEL_PLATFORM_DIR="$CONFIG_DIR/kernel_platform"[0m
2026-08-19T11:48:50.9854491Z [36;1mCOMMON_KERNEL_DIR="$KERNEL_PLATFORM_DIR/common"[0m
2026-08-19T11:48:50.9854843Z [36;1mMSM_KERNEL_DIR="$KERNEL_PLATFORM_DIR/msm-kernel"[0m
2026-08-19T11:48:50.9855189Z [36;1mAK3_DIR="$CONFIG_DIR/AnyKernel3"[0m
2026-08-19T11:48:50.9855527Z [36;1mDEBUG_ARTIFACTS_DIR="$GITHUB_WORKSPACE/debug_artifacts"[0m
2026-08-19T11:48:50.9855925Z [36;1mKERNEL_PATCHES_DIR="$GITHUB_WORKSPACE/kernel_patches"[0m
2026-08-19T11:48:50.9856277Z [36;1mSUSFS_DIR="$GITHUB_WORKSPACE/susfs4ksu"[0m
2026-08-19T11:48:50.9856584Z [36;1mKSU_DIR="$KERNEL_PLATFORM_DIR/KernelSU"[0m
2026-08-19T11:48:50.9856930Z [36;1mKSUN_DIR="$KERNEL_PLATFORM_DIR/KernelSU-Next"[0m
2026-08-19T11:48:50.9857253Z [36;1mmkdir -p "$ARTIFACTS_DIR"[0m
2026-08-19T11:48:50.9857524Z [36;1mmkdir -p "$DEBUG_ARTIFACTS_DIR"[0m
2026-08-19T11:48:50.9857777Z [36;1m[0m
2026-08-19T11:48:50.9857987Z [36;1m# Save to environment for later steps[0m
2026-08-19T11:48:50.9858312Z [36;1mecho "CONFIG_FOLDER=$CONFIG_DIR" >> "$GITHUB_ENV"[0m
2026-08-19T11:48:50.9858683Z [36;1mecho "ARTIFACTS_FOLDER=$ARTIFACTS_DIR" >> "$GITHUB_ENV"[0m
2026-08-19T11:48:50.9859119Z [36;1mecho "KERNEL_PLATFORM_FOLDER=$KERNEL_PLATFORM_DIR" >> "$GITHUB_ENV"[0m
2026-08-19T11:48:50.9859748Z [36;1mecho "COMMON_KERNEL_FOLDER=$COMMON_KERNEL_DIR" >> "$GITHUB_ENV"[0m
2026-08-19T11:48:50.9860167Z [36;1mecho "MSM_KERNEL_FOLDER=$MSM_KERNEL_DIR" >> "$GITHUB_ENV"[0m
2026-08-19T11:48:50.9860527Z [36;1mecho "AK3_FOLDER=$AK3_DIR" >> "$GITHUB_ENV"[0m
2026-08-19T11:48:50.9860918Z [36;1mecho "DEBUG_ARTIFACTS_FOLDER=$DEBUG_ARTIFACTS_DIR" >> "$GITHUB_ENV"[0m
2026-08-19T11:48:50.9861378Z [36;1mecho "KERNEL_PATCHES_FOLDER=$KERNEL_PATCHES_DIR" >> "$GITHUB_ENV"[0m
2026-08-19T11:48:50.9862019Z [36;1mecho "SUSFS_FOLDER=$SUSFS_DIR" >> "$GITHUB_ENV"[0m
2026-08-19T11:48:50.9862400Z [36;1mecho "KSU_FOLDER=$KSU_DIR" >> "$GITHUB_ENV"[0m
2026-08-19T11:48:50.9862727Z [36;1mecho "KSUN_FOLDER=$KSUN_DIR" >> "$GITHUB_ENV"[0m
2026-08-19T11:48:50.9863006Z [36;1m[0m
2026-08-19T11:48:50.9863262Z [36;1mDEBUG_ZIP_NAME="debug_${OP_MODEL}_${OP_OS_VERSION}.zip"[0m
2026-08-19T11:48:50.9863653Z [36;1mecho "DEBUG_ZIP_NAME=$DEBUG_ZIP_NAME" >> "$GITHUB_ENV"[0m
2026-08-19T11:48:50.9899328Z shell: /usr/bin/bash --noprofile --norc -e -o pipefail {0}
2026-08-19T11:48:50.9899664Z env:
2026-08-19T11:48:50.9900006Z   CCACHE_DIR: /home/runner/work/OnePlus_KernelSU_SUSFS/OnePlus_KernelSU_SUSFS/.ccache
2026-08-19T11:48:50.9900424Z   CCACHE_MAXSIZE: 12G
2026-08-19T11:48:50.9900645Z   CCACHE_COMPILERCHECK: content
2026-08-19T11:48:50.9901014Z   CCACHE_BASEDIR: /home/runner/work/OnePlus_KernelSU_SUSFS/OnePlus_KernelSU_SUSFS
2026-08-19T11:48:50.9901412Z   CCACHE_NOHASHDIR: true
2026-08-19T11:48:50.9901645Z   CCACHE_IGNOREOPTIONS: --sysroot*
2026-08-19T11:48:50.9902314Z   CCACHE_COMPRESSION: true
2026-08-19T11:48:50.9902562Z   CCACHE_COMPRESSION_LEVEL: 3
2026-08-19T11:48:50.9902787Z   CCACHE_DIRECT: true
2026-08-19T11:48:50.9902987Z   CCACHE_FILE_CLONE: true
2026-08-19T11:48:50.9903197Z   CCACHE_INODE_CACHE: true
2026-08-19T11:48:50.9903419Z   CCACHE_IS_KERNEL_COMPILING: true
2026-08-19T11:48:50.9903660Z   CCACHE_UMASK: 002
2026-08-19T11:48:50.9904117Z   CCACHE_SLOPPINESS: file_macro,time_macros,include_file_mtime,include_file_ctime,pch_defines,system_headers,locale
2026-08-19T11:48:50.9904629Z   ACTION_REPO: 
2026-08-19T11:48:50.9904819Z   ACTION_REF: 
2026-08-19T11:48:50.9905024Z   OP_MODEL: OP-ACE-3-PRO-6.1.75
2026-08-19T11:48:50.9905259Z   OP_SOC: pineapple
2026-08-19T11:48:50.9905459Z   OP_BRANCH: wild/sm8650
2026-08-19T11:48:50.9905700Z   OP_MANIFEST: oneplus_ace3_pro_6.1.75_v.xml
2026-08-19T11:48:50.9905981Z   OP_ANDROID_VERSION: android14
2026-08-19T11:48:50.9906210Z   OP_KERNEL_VERSION: 6.1
2026-08-19T11:48:50.9906419Z   OP_OS_VERSION: A15
2026-08-19T11:48:50.9906618Z   OP_LTO: thin
2026-08-19T11:48:50.9906810Z   OP_ZYC_COMPILER: 
2026-08-19T11:48:50.9907152Z   OP_C_COMPILER: kernel_platform/prebuilts/clang/host/linux-x86/clang-r487747c/bin
2026-08-19T11:48:50.9907551Z   OP_RUST_COMPILER: 
2026-08-19T11:48:50.9907750Z   OP_BINDGEN: 
2026-08-19T11:48:50.9907936Z   OP_RUST_BUILD: false
2026-08-19T11:48:50.9908143Z   OP_DISK_CLEANUP: false
2026-08-19T11:48:50.9908354Z   OP_HMBIRD: false
2026-08-19T11:48:50.9908541Z   OP_SUSFS: true
2026-08-19T11:48:50.9908722Z   OP_OPT: true
2026-08-19T11:48:50.9908896Z   OP_DS: true
2026-08-19T11:48:50.9909071Z   OP_BBG: true
2026-08-19T11:48:50.9909247Z   OP_BBR: true
2026-08-19T11:48:50.9909424Z   OP_BBR3: true
2026-08-19T11:48:50.9909600Z   OP_TTL: true
2026-08-19T11:48:50.9909777Z   OP_IP_SET: true
2026-08-19T11:48:50.9909969Z   OP_UNICODE: true
2026-08-19T11:48:50.9910154Z   OP_NTSYNC: true
2026-08-19T11:48:50.9912286Z   OP_BLACKLIST_MODULES: kernelsu,oplus_security_guard,oplus_qr_scan,oplus_score,oplus_vip_task,oplus_dns_cache,oplus_network_linkpower_module,oplus_data_module,oplus_secure_harden,oplus_security_keventupload,oplus_secure_guard_new,oplus_secure_guard,coresight_tpda,coresight_tgu,coresight_trace_noc,coresight_cti,coresight_qmi,coresight_dummy,coresight_remote_etm,coresight_tpdm,coresight_uetm,coresight_stm,coresight_tmc_sec,f_fs_ipc_log,qcom_iommu_debug,qti_battery_debug,rdbg,stm_heartbeat,stm_p_ost,stm_core,stm_ftrace,stm_console,spmi_pmic_arb_debug
2026-08-19T11:48:50.9914429Z   OP_UNAME: OP-WILD
2026-08-19T11:48:50.9914641Z   CONFIG: OP-ACE-3-PRO-6.1.75
2026-08-19T11:48:50.9914875Z   REPO: /usr/local/bin/repo
2026-08-19T11:48:50.9915094Z ##[endgroup]
2026-08-19T11:48:51.0003158Z ##[end-action id=build.__run_6;outcome=success;conclusion=success;duration_ms=16]
2026-08-19T11:48:51.0005094Z ##[start-action display=Set Kernel build-tools to Path;id=build.__run_7]
2026-08-19T11:48:51.0018581Z ##[group]Run # Set Kernel build-tools to Path
2026-08-19T11:48:51.0018905Z [36;1m# Set Kernel build-tools to Path[0m
2026-08-19T11:48:51.0019194Z [36;1mset -euo pipefail[0m
2026-08-19T11:48:51.0019635Z [36;1mecho "${KERNEL_PLATFORM_FOLDER}/prebuilts/kernel-build-tools/linux-x86/bin/" >> $GITHUB_PATH[0m
2026-08-19T11:48:51.0020312Z [36;1mecho "${KERNEL_PLATFORM_FOLDER}/prebuilts/kernel-build-tools/linux_musl-x86/bin/" >> $GITHUB_PATH[0m
2026-08-19T11:48:51.0052429Z shell: /usr/bin/bash --noprofile --norc -e -o pipefail {0}
2026-08-19T11:48:51.0052769Z env:
2026-08-19T11:48:51.0053108Z   CCACHE_DIR: /home/runner/work/OnePlus_KernelSU_SUSFS/OnePlus_KernelSU_SUSFS/.ccache
2026-08-19T11:48:51.0053532Z   CCACHE_MAXSIZE: 12G
2026-08-19T11:48:51.0053762Z   CCACHE_COMPILERCHECK: content
2026-08-19T11:48:51.0054139Z   CCACHE_BASEDIR: /home/runner/work/OnePlus_KernelSU_SUSFS/OnePlus_KernelSU_SUSFS
2026-08-19T11:48:51.0054534Z   CCACHE_NOHASHDIR: true
2026-08-19T11:48:51.0054769Z   CCACHE_IGNOREOPTIONS: --sysroot*
2026-08-19T11:48:51.0055021Z   CCACHE_COMPRESSION: true
2026-08-19T11:48:51.0055248Z   CCACHE_COMPRESSION_LEVEL: 3
2026-08-19T11:48:51.0055616Z   CCACHE_DIRECT: true
2026-08-19T11:48:51.0055824Z   CCACHE_FILE_CLONE: true
2026-08-19T11:48:51.0056038Z   CCACHE_INODE_CACHE: true
2026-08-19T11:48:51.0056261Z   CCACHE_IS_KERNEL_COMPILING: true
2026-08-19T11:48:51.0056496Z   CCACHE_UMASK: 002
2026-08-19T11:48:51.0056948Z   CCACHE_SLOPPINESS: file_macro,time_macros,include_file_mtime,include_file_ctime,pch_defines,system_headers,locale
2026-08-19T11:48:51.0057461Z   ACTION_REPO: 
2026-08-19T11:48:51.0057647Z   ACTION_REF: 
2026-08-19T11:48:51.0057854Z   OP_MODEL: OP-ACE-3-PRO-6.1.75
2026-08-19T11:48:51.0058090Z   OP_SOC: pineapple
2026-08-19T11:48:51.0058290Z   OP_BRANCH: wild/sm8650
2026-08-19T11:48:51.0058525Z   OP_MANIFEST: oneplus_ace3_pro_6.1.75_v.xml
2026-08-19T11:48:51.0058800Z   OP_ANDROID_VERSION: android14
2026-08-19T11:48:51.0059030Z   OP_KERNEL_VERSION: 6.1
2026-08-19T11:48:51.0059234Z   OP_OS_VERSION: A15
2026-08-19T11:48:51.0059430Z   OP_LTO: thin
2026-08-19T11:48:51.0059612Z   OP_ZYC_COMPILER: 
2026-08-19T11:48:51.0059953Z   OP_C_COMPILER: kernel_platform/prebuilts/clang/host/linux-x86/clang-r487747c/bin
2026-08-19T11:48:51.0060349Z   OP_RUST_COMPILER: 
2026-08-19T11:48:51.0060548Z   OP_BINDGEN: 
2026-08-19T11:48:51.0060731Z   OP_RUST_BUILD: false
2026-08-19T11:48:51.0060939Z   OP_DISK_CLEANUP: false
2026-08-19T11:48:51.0061146Z   OP_HMBIRD: false
2026-08-19T11:48:51.0061331Z   OP_SUSFS: true
2026-08-19T11:48:51.0061513Z   OP_OPT: true
2026-08-19T11:48:51.0061693Z   OP_DS: true
2026-08-19T11:48:51.0062081Z   OP_BBG: true
2026-08-19T11:48:51.0062266Z   OP_BBR: true
2026-08-19T11:48:51.0062442Z   OP_BBR3: true
2026-08-19T11:48:51.0062623Z   OP_TTL: true
2026-08-19T11:48:51.0062799Z   OP_IP_SET: true
2026-08-19T11:48:51.0062987Z   OP_UNICODE: true
2026-08-19T11:48:51.0063173Z   OP_NTSYNC: true
2026-08-19T11:48:51.0065085Z   OP_BLACKLIST_MODULES: kernelsu,oplus_security_guard,oplus_qr_scan,oplus_score,oplus_vip_task,oplus_dns_cache,oplus_network_linkpower_module,oplus_data_module,oplus_secure_harden,oplus_security_keventupload,oplus_secure_guard_new,oplus_secure_guard,coresight_tpda,coresight_tgu,coresight_trace_noc,coresight_cti,coresight_qmi,coresight_dummy,coresight_remote_etm,coresight_tpdm,coresight_uetm,coresight_stm,coresight_tmc_sec,f_fs_ipc_log,qcom_iommu_debug,qti_battery_debug,rdbg,stm_heartbeat,stm_p_ost,stm_core,stm_ftrace,stm_console,spmi_pmic_arb_debug
2026-08-19T11:48:51.0067058Z   OP_UNAME: OP-WILD
2026-08-19T11:48:51.0067402Z   CONFIG: OP-ACE-3-PRO-6.1.75
2026-08-19T11:48:51.0067639Z   REPO: /usr/local/bin/repo
2026-08-19T11:48:51.0068067Z   CONFIG_FOLDER: /home/runner/work/OnePlus_KernelSU_SUSFS/OnePlus_KernelSU_SUSFS/OP-ACE-3-PRO-6.1.75
2026-08-19T11:48:51.0068766Z   ARTIFACTS_FOLDER: /home/runner/work/OnePlus_KernelSU_SUSFS/OnePlus_KernelSU_SUSFS/OP-ACE-3-PRO-6.1.75/artifacts
2026-08-19T11:48:51.0069544Z   KERNEL_PLATFORM_FOLDER: /home/runner/work/OnePlus_KernelSU_SUSFS/OnePlus_KernelSU_SUSFS/OP-ACE-3-PRO-6.1.75/kernel_platform
2026-08-19T11:48:51.0070388Z   COMMON_KERNEL_FOLDER: /home/runner/work/OnePlus_KernelSU_SUSFS/OnePlus_KernelSU_SUSFS/OP-ACE-3-PRO-6.1.75/kernel_platform/common
2026-08-19T11:48:51.0071232Z   MSM_KERNEL_FOLDER: /home/runner/work/OnePlus_KernelSU_SUSFS/OnePlus_KernelSU_SUSFS/OP-ACE-3-PRO-6.1.75/kernel_platform/msm-kernel
2026-08-19T11:48:51.0072272Z   AK3_FOLDER: /home/runner/work/OnePlus_KernelSU_SUSFS/OnePlus_KernelSU_SUSFS/OP-ACE-3-PRO-6.1.75/AnyKernel3
2026-08-19T11:48:51.0072968Z   DEBUG_ARTIFACTS_FOLDER: /home/runner/work/OnePlus_KernelSU_SUSFS/OnePlus_KernelSU_SUSFS/debug_artifacts
2026-08-19T11:48:51.0073644Z   KERNEL_PATCHES_FOLDER: /home/runner/work/OnePlus_KernelSU_SUSFS/OnePlus_KernelSU_SUSFS/kernel_patches
2026-08-19T11:48:51.0074273Z   SUSFS_FOLDER: /home/runner/work/OnePlus_KernelSU_SUSFS/OnePlus_KernelSU_SUSFS/susfs4ksu
2026-08-19T11:48:51.0074981Z   KSU_FOLDER: /home/runner/work/OnePlus_KernelSU_SUSFS/OnePlus_KernelSU_SUSFS/OP-ACE-3-PRO-6.1.75/kernel_platform/KernelSU
2026-08-19T11:48:51.0075936Z   KSUN_FOLDER: /home/runner/work/OnePlus_KernelSU_SUSFS/OnePlus_KernelSU_SUSFS/OP-ACE-3-PRO-6.1.75/kernel_platform/KernelSU-Next
2026-08-19T11:48:51.0076528Z   DEBUG_ZIP_NAME: debug_OP-ACE-3-PRO-6.1.75_A15.zip
2026-08-19T11:48:51.0076813Z ##[endgroup]
2026-08-19T11:48:51.0135241Z ##[end-action id=build.__run_7;outcome=success;conclusion=success;duration_ms=12]
2026-08-19T11:48:51.0137294Z ##[start-action display=Get Kernel Version Info;id=build.__run_8]
2026-08-19T11:48:51.0152843Z ##[group]Run set -euo pipefail
2026-08-19T11:48:51.0153150Z [36;1mset -euo pipefail[0m
2026-08-19T11:48:51.0153403Z [36;1mecho "::group::Get kernel version"[0m
2026-08-19T11:48:51.0153692Z [36;1mcd "$COMMON_KERNEL_FOLDER"[0m
2026-08-19T11:48:51.0153933Z [36;1m[0m
2026-08-19T11:48:51.0154218Z [36;1mCONFIG_FILES=("build.config.common" "build.config.constants")[0m
2026-08-19T11:48:51.0154587Z [36;1mBRANCH_LINE=""[0m
2026-08-19T11:48:51.0154824Z [36;1mfor f in "${CONFIG_FILES[@]}"; do[0m
2026-08-19T11:48:51.0155088Z [36;1m  if [ -f "$f" ]; then[0m
2026-08-19T11:48:51.0155374Z [36;1m    l=$(grep '^[[:space:]]*BRANCH=' "$f" || true)[0m
2026-08-19T11:48:51.0155716Z [36;1m    if [ -n "$l" ]; then BRANCH_LINE="$l"; break; fi[0m
2026-08-19T11:48:51.0156017Z [36;1m  fi[0m
2026-08-19T11:48:51.0156212Z [36;1mdone[0m
2026-08-19T11:48:51.0156390Z [36;1m[0m
2026-08-19T11:48:51.0156583Z [36;1mif [ -z "$BRANCH_LINE" ]; then[0m
2026-08-19T11:48:51.0156919Z [36;1m  echo "::error::No BRANCH= found in config files"; exit 1[0m
2026-08-19T11:48:51.0157245Z [36;1mfi[0m
2026-08-19T11:48:51.0157418Z [36;1m[0m
2026-08-19T11:48:51.0157609Z [36;1mBRANCH_VALUE="${BRANCH_LINE#*=}"[0m
2026-08-19T11:48:51.0157898Z [36;1mANDROID_VERSION="${BRANCH_VALUE%-*}"[0m
2026-08-19T11:48:51.0158165Z [36;1m[0m
2026-08-19T11:48:51.0158359Z [36;1mif [ -z "$ANDROID_VERSION" ]; then[0m
2026-08-19T11:48:51.0158747Z [36;1m  echo "::error::Could not parse android version from BRANCH=$BRANCH_VALUE"[0m
2026-08-19T11:48:51.0159132Z [36;1m  exit 1[0m
2026-08-19T11:48:51.0159319Z [36;1mfi[0m
2026-08-19T11:48:51.0159496Z [36;1m[0m
2026-08-19T11:48:51.0159757Z [36;1mVERSION=$(grep '^VERSION *=' Makefile | awk '{print $3}')[0m
2026-08-19T11:48:51.0160194Z [36;1mPATCHLEVEL=$(grep '^PATCHLEVEL *=' Makefile | awk '{print $3}')[0m
2026-08-19T11:48:51.0160638Z [36;1mSUBLEVEL=$(grep '^SUBLEVEL *=' Makefile | awk '{print $3}')[0m
2026-08-19T11:48:51.0161027Z [36;1mFULL_VERSION="$VERSION.$PATCHLEVEL.$SUBLEVEL"[0m
2026-08-19T11:48:51.0161492Z [36;1m[0m
2026-08-19T11:48:51.0161682Z [36;1mcd "$ARTIFACTS_FOLDER"[0m
2026-08-19T11:48:51.0162326Z [36;1mecho "$ANDROID_VERSION-$FULL_VERSION" > "${OP_MODEL}_${OP_OS_VERSION}.txt"[0m
2026-08-19T11:48:51.0162800Z [36;1mecho "$OP_OS_VERSION" >> "${OP_MODEL}_${OP_OS_VERSION}.txt"[0m
2026-08-19T11:48:51.0163120Z [36;1m[0m
2026-08-19T11:48:51.0163294Z [36;1m{[0m
2026-08-19T11:48:51.0163500Z [36;1m  echo "ANDROID_VER=$ANDROID_VERSION"[0m
2026-08-19T11:48:51.0163809Z [36;1m  echo "KERNEL_VER=$VERSION.$PATCHLEVEL"[0m
2026-08-19T11:48:51.0164128Z [36;1m  echo "TKERNEL_VER=$FULL_VERSION"[0m
2026-08-19T11:48:51.0164467Z [36;1m  echo "KERNEL_FULL_VER=$ANDROID_VERSION-$FULL_VERSION"[0m
2026-08-19T11:48:51.0164794Z [36;1m  if [ "true" = true ]; then[0m
2026-08-19T11:48:51.0165156Z [36;1m    echo "SUSFS_KERNEL_BRANCH=gki-$ANDROID_VERSION-$VERSION.$PATCHLEVEL"[0m
2026-08-19T11:48:51.0165527Z [36;1m  fi[0m
2026-08-19T11:48:51.0165717Z [36;1m} >> "$GITHUB_ENV"[0m
2026-08-19T11:48:51.0165941Z [36;1m[0m
2026-08-19T11:48:51.0166187Z [36;1mecho "✅ Detected: $ANDROID_VERSION-$FULL_VERSION"[0m
2026-08-19T11:48:51.0166519Z [36;1mif [ "true" = true ]; then[0m
2026-08-19T11:48:51.0166868Z [36;1m  echo "   SUSFS Branch: gki-$ANDROID_VERSION-$VERSION.$PATCHLEVEL"[0m
2026-08-19T11:48:51.0167235Z [36;1mfi[0m
2026-08-19T11:48:51.0167429Z [36;1mecho "::endgroup::"[0m
2026-08-19T11:48:51.0203141Z shell: /usr/bin/bash --noprofile --norc -e -o pipefail {0}
2026-08-19T11:48:51.0203482Z env:
2026-08-19T11:48:51.0203964Z   CCACHE_DIR: /home/runner/work/OnePlus_KernelSU_SUSFS/OnePlus_KernelSU_SUSFS/.ccache
2026-08-19T11:48:51.0204385Z   CCACHE_MAXSIZE: 12G
2026-08-19T11:48:51.0204605Z   CCACHE_COMPILERCHECK: content
2026-08-19T11:48:51.0204981Z   CCACHE_BASEDIR: /home/runner/work/OnePlus_KernelSU_SUSFS/OnePlus_KernelSU_SUSFS
2026-08-19T11:48:51.0205374Z   CCACHE_NOHASHDIR: true
2026-08-19T11:48:51.0205609Z   CCACHE_IGNOREOPTIONS: --sysroot*
2026-08-19T11:48:51.0205858Z   CCACHE_COMPRESSION: true
2026-08-19T11:48:51.0206102Z   CCACHE_COMPRESSION_LEVEL: 3
2026-08-19T11:48:51.0206326Z   CCACHE_DIRECT: true
2026-08-19T11:48:51.0206527Z   CCACHE_FILE_CLONE: true
2026-08-19T11:48:51.0206739Z   CCACHE_INODE_CACHE: true
2026-08-19T11:48:51.0206958Z   CCACHE_IS_KERNEL_COMPILING: true
2026-08-19T11:48:51.0207190Z   CCACHE_UMASK: 002
2026-08-19T11:48:51.0207639Z   CCACHE_SLOPPINESS: file_macro,time_macros,include_file_mtime,include_file_ctime,pch_defines,system_headers,locale
2026-08-19T11:48:51.0208147Z   ACTION_REPO: 
2026-08-19T11:48:51.0208337Z   ACTION_REF: 
2026-08-19T11:48:51.0208548Z   OP_MODEL: OP-ACE-3-PRO-6.1.75
2026-08-19T11:48:51.0208786Z   OP_SOC: pineapple
2026-08-19T11:48:51.0208986Z   OP_BRANCH: wild/sm8650
2026-08-19T11:48:51.0209222Z   OP_MANIFEST: oneplus_ace3_pro_6.1.75_v.xml
2026-08-19T11:48:51.0209498Z   OP_ANDROID_VERSION: android14
2026-08-19T11:48:51.0209725Z   OP_KERNEL_VERSION: 6.1
2026-08-19T11:48:51.0209930Z   OP_OS_VERSION: A15
2026-08-19T11:48:51.0210123Z   OP_LTO: thin
2026-08-19T11:48:51.0210313Z   OP_ZYC_COMPILER: 
2026-08-19T11:48:51.0210647Z   OP_C_COMPILER: kernel_platform/prebuilts/clang/host/linux-x86/clang-r487747c/bin
2026-08-19T11:48:51.0211041Z   OP_RUST_COMPILER: 
2026-08-19T11:48:51.0211239Z   OP_BINDGEN: 
2026-08-19T11:48:51.0211424Z   OP_RUST_BUILD: false
2026-08-19T11:48:51.0211628Z   OP_DISK_CLEANUP: false
2026-08-19T11:48:51.0212081Z   OP_HMBIRD: false
2026-08-19T11:48:51.0212291Z   OP_SUSFS: true
2026-08-19T11:48:51.0212476Z   OP_OPT: true
2026-08-19T11:48:51.0212659Z   OP_DS: true
2026-08-19T11:48:51.0212836Z   OP_BBG: true
2026-08-19T11:48:51.0213018Z   OP_BBR: true
2026-08-19T11:48:51.0213194Z   OP_BBR3: true
2026-08-19T11:48:51.0213373Z   OP_TTL: true
2026-08-19T11:48:51.0213553Z   OP_IP_SET: true
2026-08-19T11:48:51.0213740Z   OP_UNICODE: true
2026-08-19T11:48:51.0213924Z   OP_NTSYNC: true
2026-08-19T11:48:51.0215836Z   OP_BLACKLIST_MODULES: kernelsu,oplus_security_guard,oplus_qr_scan,oplus_score,oplus_vip_task,oplus_dns_cache,oplus_network_linkpower_module,oplus_data_module,oplus_secure_harden,oplus_security_keventupload,oplus_secure_guard_new,oplus_secure_guard,coresight_tpda,coresight_tgu,coresight_trace_noc,coresight_cti,coresight_qmi,coresight_dummy,coresight_remote_etm,coresight_tpdm,coresight_uetm,coresight_stm,coresight_tmc_sec,f_fs_ipc_log,qcom_iommu_debug,qti_battery_debug,rdbg,stm_heartbeat,stm_p_ost,stm_core,stm_ftrace,stm_console,spmi_pmic_arb_debug
2026-08-19T11:48:51.0217936Z   OP_UNAME: OP-WILD
2026-08-19T11:48:51.0218146Z   CONFIG: OP-ACE-3-PRO-6.1.75
2026-08-19T11:48:51.0218380Z   REPO: /usr/local/bin/repo
2026-08-19T11:48:51.0218812Z   CONFIG_FOLDER: /home/runner/work/OnePlus_KernelSU_SUSFS/OnePlus_KernelSU_SUSFS/OP-ACE-3-PRO-6.1.75
2026-08-19T11:48:51.0219524Z   ARTIFACTS_FOLDER: /home/runner/work/OnePlus_KernelSU_SUSFS/OnePlus_KernelSU_SUSFS/OP-ACE-3-PRO-6.1.75/artifacts
2026-08-19T11:48:51.0220306Z   KERNEL_PLATFORM_FOLDER: /home/runner/work/OnePlus_KernelSU_SUSFS/OnePlus_KernelSU_SUSFS/OP-ACE-3-PRO-6.1.75/kernel_platform
2026-08-19T11:48:51.0221151Z   COMMON_KERNEL_FOLDER: /home/runner/work/OnePlus_KernelSU_SUSFS/OnePlus_KernelSU_SUSFS/OP-ACE-3-PRO-6.1.75/kernel_platform/common
2026-08-19T11:48:51.0222243Z   MSM_KERNEL_FOLDER: /home/runner/work/OnePlus_KernelSU_SUSFS/OnePlus_KernelSU_SUSFS/OP-ACE-3-PRO-6.1.75/kernel_platform/msm-kernel
2026-08-19T11:48:51.0223023Z   AK3_FOLDER: /home/runner/work/OnePlus_KernelSU_SUSFS/OnePlus_KernelSU_SUSFS/OP-ACE-3-PRO-6.1.75/AnyKernel3
2026-08-19T11:48:51.0223706Z   DEBUG_ARTIFACTS_FOLDER: /home/runner/work/OnePlus_KernelSU_SUSFS/OnePlus_KernelSU_SUSFS/debug_artifacts
2026-08-19T11:48:51.0224492Z   KERNEL_PATCHES_FOLDER: /home/runner/work/OnePlus_KernelSU_SUSFS/OnePlus_KernelSU_SUSFS/kernel_patches
2026-08-19T11:48:51.0225114Z   SUSFS_FOLDER: /home/runner/work/OnePlus_KernelSU_SUSFS/OnePlus_KernelSU_SUSFS/susfs4ksu
2026-08-19T11:48:51.0225793Z   KSU_FOLDER: /home/runner/work/OnePlus_KernelSU_SUSFS/OnePlus_KernelSU_SUSFS/OP-ACE-3-PRO-6.1.75/kernel_platform/KernelSU
2026-08-19T11:48:51.0226601Z   KSUN_FOLDER: /home/runner/work/OnePlus_KernelSU_SUSFS/OnePlus_KernelSU_SUSFS/OP-ACE-3-PRO-6.1.75/kernel_platform/KernelSU-Next
2026-08-19T11:48:51.0227182Z   DEBUG_ZIP_NAME: debug_OP-ACE-3-PRO-6.1.75_A15.zip
2026-08-19T11:48:51.0227463Z ##[endgroup]
2026-08-19T11:48:51.0281055Z ##[group]Get kernel version
2026-08-19T11:48:51.0391663Z ✅ Detected: android14-6.1.75
2026-08-19T11:48:51.0392424Z    SUSFS Branch: gki-android14-6.1
2026-08-19T11:48:51.0393209Z ##[endgroup]
2026-08-19T11:48:51.0398022Z ##[end-action id=build.__run_8;outcome=success;conclusion=success;duration_ms=26]
2026-08-19T11:48:51.0399967Z ##[start-action display=🏷️ Set Build Identity (Hardcoded);id=build.__run_9]
2026-08-19T11:48:51.0414095Z ##[group]Run set -euo pipefail
2026-08-19T11:48:51.0414367Z [36;1mset -euo pipefail[0m
2026-08-19T11:48:51.0414619Z [36;1mecho "::group::Set build user/host"[0m
2026-08-19T11:48:51.0414884Z [36;1m        [0m
2026-08-19T11:48:51.0415082Z [36;1mBUILD_USER="OnePlus"[0m
2026-08-19T11:48:51.0415319Z [36;1mBUILD_HOST="ubuntu-build"[0m
2026-08-19T11:48:51.0415567Z [36;1m[0m
2026-08-19T11:48:51.0415791Z [36;1mecho "BUILD_USER=$BUILD_USER" >> "$GITHUB_ENV"[0m
2026-08-19T11:48:51.0416121Z [36;1mecho "BUILD_HOST=$BUILD_HOST" >> "$GITHUB_ENV"[0m
2026-08-19T11:48:51.0416403Z [36;1m[0m
2026-08-19T11:48:51.0416573Z [36;1mecho ""[0m
2026-08-19T11:48:51.0416791Z [36;1mecho "✅ Build identity configured:"[0m
2026-08-19T11:48:51.0417075Z [36;1mecho "   User: $BUILD_USER"[0m
2026-08-19T11:48:51.0417327Z [36;1mecho "   Host: $BUILD_HOST"[0m
2026-08-19T11:48:51.0417572Z [36;1mecho "::endgroup::"[0m
2026-08-19T11:48:51.0449875Z shell: /usr/bin/bash --noprofile --norc -e -o pipefail {0}
2026-08-19T11:48:51.0450204Z env:
2026-08-19T11:48:51.0450536Z   CCACHE_DIR: /home/runner/work/OnePlus_KernelSU_SUSFS/OnePlus_KernelSU_SUSFS/.ccache
2026-08-19T11:48:51.0450942Z   CCACHE_MAXSIZE: 12G
2026-08-19T11:48:51.0451168Z   CCACHE_COMPILERCHECK: content
2026-08-19T11:48:51.0451546Z   CCACHE_BASEDIR: /home/runner/work/OnePlus_KernelSU_SUSFS/OnePlus_KernelSU_SUSFS
2026-08-19T11:48:51.0452365Z   CCACHE_NOHASHDIR: true
2026-08-19T11:48:51.0452607Z   CCACHE_IGNOREOPTIONS: --sysroot*
2026-08-19T11:48:51.0452862Z   CCACHE_COMPRESSION: true
2026-08-19T11:48:51.0453088Z   CCACHE_COMPRESSION_LEVEL: 3
2026-08-19T11:48:51.0453313Z   CCACHE_DIRECT: true
2026-08-19T11:48:51.0453520Z   CCACHE_FILE_CLONE: true
2026-08-19T11:48:51.0453730Z   CCACHE_INODE_CACHE: true
2026-08-19T11:48:51.0453952Z   CCACHE_IS_KERNEL_COMPILING: true
2026-08-19T11:48:51.0454206Z   CCACHE_UMASK: 002
2026-08-19T11:48:51.0454677Z   CCACHE_SLOPPINESS: file_macro,time_macros,include_file_mtime,include_file_ctime,pch_defines,system_headers,locale
2026-08-19T11:48:51.0455185Z   ACTION_REPO: 
2026-08-19T11:48:51.0455374Z   ACTION_REF: 
2026-08-19T11:48:51.0455573Z   OP_MODEL: OP-ACE-3-PRO-6.1.75
2026-08-19T11:48:51.0455808Z   OP_SOC: pineapple
2026-08-19T11:48:51.0456009Z   OP_BRANCH: wild/sm8650
2026-08-19T11:48:51.0456242Z   OP_MANIFEST: oneplus_ace3_pro_6.1.75_v.xml
2026-08-19T11:48:51.0456525Z   OP_ANDROID_VERSION: android14
2026-08-19T11:48:51.0456763Z   OP_KERNEL_VERSION: 6.1
2026-08-19T11:48:51.0456975Z   OP_OS_VERSION: A15
2026-08-19T11:48:51.0457170Z   OP_LTO: thin
2026-08-19T11:48:51.0457353Z   OP_ZYC_COMPILER: 
2026-08-19T11:48:51.0457688Z   OP_C_COMPILER: kernel_platform/prebuilts/clang/host/linux-x86/clang-r487747c/bin
2026-08-19T11:48:51.0458083Z   OP_RUST_COMPILER: 
2026-08-19T11:48:51.0458283Z   OP_BINDGEN: 
2026-08-19T11:48:51.0458470Z   OP_RUST_BUILD: false
2026-08-19T11:48:51.0458678Z   OP_DISK_CLEANUP: false
2026-08-19T11:48:51.0458882Z   OP_HMBIRD: false
2026-08-19T11:48:51.0459193Z   OP_SUSFS: true
2026-08-19T11:48:51.0459379Z   OP_OPT: true
2026-08-19T11:48:51.0459553Z   OP_DS: true
2026-08-19T11:48:51.0459725Z   OP_BBG: true
2026-08-19T11:48:51.0459903Z   OP_BBR: true
2026-08-19T11:48:51.0460077Z   OP_BBR3: true
2026-08-19T11:48:51.0460255Z   OP_TTL: true
2026-08-19T11:48:51.0460429Z   OP_IP_SET: true
2026-08-19T11:48:51.0460614Z   OP_UNICODE: true
2026-08-19T11:48:51.0460802Z   OP_NTSYNC: true
2026-08-19T11:48:51.0462927Z   OP_BLACKLIST_MODULES: kernelsu,oplus_security_guard,oplus_qr_scan,oplus_score,oplus_vip_task,oplus_dns_cache,oplus_network_linkpower_module,oplus_data_module,oplus_secure_harden,oplus_security_keventupload,oplus_secure_guard_new,oplus_secure_guard,coresight_tpda,coresight_tgu,coresight_trace_noc,coresight_cti,coresight_qmi,coresight_dummy,coresight_remote_etm,coresight_tpdm,coresight_uetm,coresight_stm,coresight_tmc_sec,f_fs_ipc_log,qcom_iommu_debug,qti_battery_debug,rdbg,stm_heartbeat,stm_p_ost,stm_core,stm_ftrace,stm_console,spmi_pmic_arb_debug
2026-08-19T11:48:51.0464934Z   OP_UNAME: OP-WILD
2026-08-19T11:48:51.0465153Z   CONFIG: OP-ACE-3-PRO-6.1.75
2026-08-19T11:48:51.0465392Z   REPO: /usr/local/bin/repo
2026-08-19T11:48:51.0465817Z   CONFIG_FOLDER: /home/runner/work/OnePlus_KernelSU_SUSFS/OnePlus_KernelSU_SUSFS/OP-ACE-3-PRO-6.1.75
2026-08-19T11:48:51.0466522Z   ARTIFACTS_FOLDER: /home/runner/work/OnePlus_KernelSU_SUSFS/OnePlus_KernelSU_SUSFS/OP-ACE-3-PRO-6.1.75/artifacts
2026-08-19T11:48:51.0467301Z   KERNEL_PLATFORM_FOLDER: /home/runner/work/OnePlus_KernelSU_SUSFS/OnePlus_KernelSU_SUSFS/OP-ACE-3-PRO-6.1.75/kernel_platform
2026-08-19T11:48:51.0468128Z   COMMON_KERNEL_FOLDER: /home/runner/work/OnePlus_KernelSU_SUSFS/OnePlus_KernelSU_SUSFS/OP-ACE-3-PRO-6.1.75/kernel_platform/common
2026-08-19T11:48:51.0468977Z   MSM_KERNEL_FOLDER: /home/runner/work/OnePlus_KernelSU_SUSFS/OnePlus_KernelSU_SUSFS/OP-ACE-3-PRO-6.1.75/kernel_platform/msm-kernel
2026-08-19T11:48:51.0469760Z   AK3_FOLDER: /home/runner/work/OnePlus_KernelSU_SUSFS/OnePlus_KernelSU_SUSFS/OP-ACE-3-PRO-6.1.75/AnyKernel3
2026-08-19T11:48:51.0470451Z   DEBUG_ARTIFACTS_FOLDER: /home/runner/work/OnePlus_KernelSU_SUSFS/OnePlus_KernelSU_SUSFS/debug_artifacts
2026-08-19T11:48:51.0471117Z   KERNEL_PATCHES_FOLDER: /home/runner/work/OnePlus_KernelSU_SUSFS/OnePlus_KernelSU_SUSFS/kernel_patches
2026-08-19T11:48:51.0471735Z   SUSFS_FOLDER: /home/runner/work/OnePlus_KernelSU_SUSFS/OnePlus_KernelSU_SUSFS/susfs4ksu
2026-08-19T11:48:51.0472813Z   KSU_FOLDER: /home/runner/work/OnePlus_KernelSU_SUSFS/OnePlus_KernelSU_SUSFS/OP-ACE-3-PRO-6.1.75/kernel_platform/KernelSU
2026-08-19T11:48:51.0473648Z   KSUN_FOLDER: /home/runner/work/OnePlus_KernelSU_SUSFS/OnePlus_KernelSU_SUSFS/OP-ACE-3-PRO-6.1.75/kernel_platform/KernelSU-Next
2026-08-19T11:48:51.0474240Z   DEBUG_ZIP_NAME: debug_OP-ACE-3-PRO-6.1.75_A15.zip
2026-08-19T11:48:51.0474538Z   ANDROID_VER: android14
2026-08-19T11:48:51.0474752Z   KERNEL_VER: 6.1
2026-08-19T11:48:51.0474942Z   TKERNEL_VER: 6.1.75
2026-08-19T11:48:51.0475161Z   KERNEL_FULL_VER: android14-6.1.75
2026-08-19T11:48:51.0475431Z   SUSFS_KERNEL_BRANCH: gki-android14-6.1
2026-08-19T11:48:51.0475691Z ##[endgroup]
2026-08-19T11:48:51.0528513Z ##[group]Set build user/host
2026-08-19T11:48:51.0528795Z 
2026-08-19T11:48:51.0529118Z ✅ Build identity configured:
2026-08-19T11:48:51.0529513Z    User: OnePlus
2026-08-19T11:48:51.0529850Z    Host: ubuntu-build
2026-08-19T11:48:51.0530438Z ##[endgroup]
2026-08-19T11:48:51.0535402Z ##[end-action id=build.__run_9;outcome=success;conclusion=success;duration_ms=13]
2026-08-19T11:48:51.0537255Z ##[start-action display=Check or Detect Clang;id=build.__run_10]
2026-08-19T11:48:51.0568193Z ##[group]Run # Check or Detect Clang
2026-08-19T11:48:51.0568537Z [36;1m# Check or Detect Clang[0m
2026-08-19T11:48:51.0568787Z [36;1mset -euo pipefail[0m
2026-08-19T11:48:51.0569020Z [36;1mecho "::group::Detect Clang"[0m
2026-08-19T11:48:51.0569271Z [36;1mCLANG_FOUND=false[0m
2026-08-19T11:48:51.0569485Z [36;1mCLANG_BIN=""[0m
2026-08-19T11:48:51.0569683Z [36;1m[0m
2026-08-19T11:48:51.0570017Z [36;1mif [ -n "$OP_ZYC_COMPILER" ]; then[0m
2026-08-19T11:48:51.0570356Z [36;1m  # Priority 1: User explicitly wants ZyC compiler[0m
2026-08-19T11:48:51.0570778Z [36;1m  echo "OP_ZYC_COMPILER detected as download link: $OP_ZYC_COMPILER"[0m
2026-08-19T11:48:51.0571136Z [36;1m  [0m
2026-08-19T11:48:51.0571348Z [36;1m  ZYC_DIR="$CONFIG_FOLDER/compiler/zyc"[0m
2026-08-19T11:48:51.0571668Z [36;1m  TEMP_TAR="$CONFIG_FOLDER/compiler.tar.gz"[0m
2026-08-19T11:48:51.0572349Z [36;1m  mkdir -p "$ZYC_DIR"[0m
2026-08-19T11:48:51.0572590Z [36;1m  [0m
2026-08-19T11:48:51.0572814Z [36;1m  echo "Downloading ZyC Clang from link..."[0m
2026-08-19T11:48:51.0573089Z [36;1m  [0m
2026-08-19T11:48:51.0573272Z [36;1m  max_retries=5[0m
2026-08-19T11:48:51.0573484Z [36;1m  attempt=1[0m
2026-08-19T11:48:51.0573729Z [36;1m  download_success=false[0m
2026-08-19T11:48:51.0573966Z [36;1m  [0m
2026-08-19T11:48:51.0574184Z [36;1m  while [ $attempt -le $max_retries ]; do[0m
2026-08-19T11:48:51.0574533Z [36;1m    echo "Download attempt $attempt/$max_retries..."[0m
2026-08-19T11:48:51.0574838Z [36;1m    [0m
2026-08-19T11:48:51.0575261Z [36;1m    if curl -L --fail --retry 3 --retry-delay 5 --connect-timeout 60 -o "$TEMP_TAR" "$OP_ZYC_COMPILER"; then[0m
2026-08-19T11:48:51.0575762Z [36;1m        echo "Download successful."[0m
2026-08-19T11:48:51.0576049Z [36;1m        download_success=true[0m
2026-08-19T11:48:51.0576297Z [36;1m        break[0m
2026-08-19T11:48:51.0576497Z [36;1m    else[0m
2026-08-19T11:48:51.0576739Z [36;1m        echo "Download failed (attempt $attempt)."[0m
2026-08-19T11:48:51.0577055Z [36;1m        rm -f "$TEMP_TAR" 2>/dev/null[0m
2026-08-19T11:48:51.0577354Z [36;1m        if [ $attempt -eq $max_retries ]; then[0m
2026-08-19T11:48:51.0577763Z [36;1m            echo "Error: Failed to download ZyC Clang after $max_retries attempts."[0m
2026-08-19T11:48:51.0578148Z [36;1m            break[0m
2026-08-19T11:48:51.0578356Z [36;1m        fi[0m
2026-08-19T11:48:51.0578573Z [36;1m        attempt=$((attempt + 1))[0m
2026-08-19T11:48:51.0578827Z [36;1m        sleep 8[0m
2026-08-19T11:48:51.0579028Z [36;1m    fi[0m
2026-08-19T11:48:51.0579204Z [36;1m  done[0m
2026-08-19T11:48:51.0579378Z [36;1m[0m
2026-08-19T11:48:51.0579579Z [36;1m  if [ "$download_success" = true ]; then[0m
2026-08-19T11:48:51.0579847Z [36;1m    # Extract[0m
2026-08-19T11:48:51.0580072Z [36;1m    echo "Extracting to $ZYC_DIR ..."[0m
2026-08-19T11:48:51.0580568Z [36;1m    if tar -xzf "$TEMP_TAR" -C "$ZYC_DIR" 2>/dev/null; then[0m
2026-08-19T11:48:51.0580911Z [36;1m      # Symlink extraction fix[0m
2026-08-19T11:48:51.0581232Z [36;1m      tar -xzf "$TEMP_TAR" -C "$ZYC_DIR" 2>/dev/null || true[0m
2026-08-19T11:48:51.0581551Z [36;1m      # Cleanup[0m
2026-08-19T11:48:51.0581981Z [36;1m      rm -f "$TEMP_TAR"[0m
2026-08-19T11:48:51.0582240Z [36;1m      [0m
2026-08-19T11:48:51.0582434Z [36;1m      # Verify clang exists[0m
2026-08-19T11:48:51.0582709Z [36;1m      if [ -x "$ZYC_DIR/bin/clang" ]; then[0m
2026-08-19T11:48:51.0582994Z [36;1m          CLANG_BIN="$ZYC_DIR/bin"[0m
2026-08-19T11:48:51.0583259Z [36;1m          CLANG_FOUND=true[0m
2026-08-19T11:48:51.0583583Z [36;1m          echo "ZyC Clang successfully downloaded and extracted."[0m
2026-08-19T11:48:51.0583940Z [36;1m          echo "Using: $CLANG_BIN/clang"[0m
2026-08-19T11:48:51.0584200Z [36;1m      else[0m
2026-08-19T11:48:51.0584556Z [36;1m          echo "Warning: Extraction done, but clang binary not found at $ZYC_DIR/bin/clang"[0m
2026-08-19T11:48:51.0584973Z [36;1m      fi[0m
2026-08-19T11:48:51.0585151Z [36;1m    else[0m
2026-08-19T11:48:51.0585399Z [36;1m        echo "Error: Failed to extract the tar.gz file."[0m
2026-08-19T11:48:51.0585706Z [36;1m        rm -f "$TEMP_TAR"[0m
2026-08-19T11:48:51.0585936Z [36;1m    fi[0m
2026-08-19T11:48:51.0586109Z [36;1m  fi[0m
2026-08-19T11:48:51.0586286Z [36;1m[0m
2026-08-19T11:48:51.0586482Z [36;1melif [ -n "$OP_C_COMPILER" ]; then[0m
2026-08-19T11:48:51.0586925Z [36;1m  # Priority 2: User specified a custom C compiler[0m
2026-08-19T11:48:51.0587291Z [36;1m  if [ -x "$CONFIG_FOLDER/$OP_C_COMPILER/clang" ]; then[0m
2026-08-19T11:48:51.0587633Z [36;1m    CLANG_BIN="$CONFIG_FOLDER/$OP_C_COMPILER"[0m
2026-08-19T11:48:51.0587917Z [36;1m    CLANG_FOUND=true[0m
2026-08-19T11:48:51.0588131Z [36;1m  else[0m
2026-08-19T11:48:51.0588568Z [36;1m    echo "Warning: OP_C_COMPILER='$OP_C_COMPILER' but clang binary not found at $CONFIG_FOLDER/$OP_C_COMPILER/clang"[0m
2026-08-19T11:48:51.0589072Z [36;1m  fi[0m
2026-08-19T11:48:51.0589247Z [36;1mfi[0m
2026-08-19T11:48:51.0589419Z [36;1m[0m
2026-08-19T11:48:51.0589616Z [36;1mif [ "$CLANG_FOUND" = false ]; then[0m
2026-08-19T11:48:51.0590092Z [36;1m  # Priority 3: Auto-detect from prebuilts (when both variables are empty / user clang not found)[0m
2026-08-19T11:48:51.0590748Z [36;1m  for base in "$KERNEL_PLATFORM_FOLDER/prebuilts" "$KERNEL_PLATFORM_FOLDER/prebuilts-master"; do[0m
2026-08-19T11:48:51.0591260Z [36;1m    [ -d "$base/clang/host/linux-x86" ] || continue[0m
2026-08-19T11:48:51.0591744Z [36;1m    latest=$(ls -d "$base/clang/host/linux-x86/clang-r"* 2>/dev/null | sort -V | tail -n1 || true)[0m
2026-08-19T11:48:51.0592549Z [36;1m    if [ -n "$latest" ] && [ -x "$latest/bin/clang" ]; then[0m
2026-08-19T11:48:51.0592869Z [36;1m      CLANG_BIN="$latest/bin"[0m
2026-08-19T11:48:51.0593121Z [36;1m      CLANG_FOUND=true[0m
2026-08-19T11:48:51.0593350Z [36;1m      break[0m
2026-08-19T11:48:51.0593538Z [36;1m    fi[0m
2026-08-19T11:48:51.0593714Z [36;1m  done[0m
2026-08-19T11:48:51.0593888Z [36;1mfi[0m
2026-08-19T11:48:51.0594058Z [36;1m[0m
2026-08-19T11:48:51.0594342Z [36;1mif [ "$CLANG_FOUND" = false ] && command -v clang >/dev/null 2>&1; then[0m
2026-08-19T11:48:51.0594759Z [36;1m  # Priority 4: Fallback to system-installed clang[0m
2026-08-19T11:48:51.0595113Z [36;1m  CLANG_BIN="$(dirname "$(command -v clang)")"[0m
2026-08-19T11:48:51.0595405Z [36;1m  CLANG_FOUND=true[0m
2026-08-19T11:48:51.0595643Z [36;1m  echo "Using system clang."[0m
2026-08-19T11:48:51.0595882Z [36;1mfi[0m
2026-08-19T11:48:51.0596057Z [36;1m[0m
2026-08-19T11:48:51.0596361Z [36;1m[ "$CLANG_FOUND" = true ] || { echo "::error::No clang toolchain found"; exit 1; }[0m
2026-08-19T11:48:51.0596729Z [36;1m[0m
2026-08-19T11:48:51.0596958Z [36;1mecho "CLANG_BIN_PATH=$CLANG_BIN" >> "$GITHUB_ENV"[0m
2026-08-19T11:48:51.0597386Z [36;1m[0m
2026-08-19T11:48:51.0597652Z [36;1mCLANG_VERSION="$("$CLANG_BIN/clang" --version | head -n1)"[0m
2026-08-19T11:48:51.0598054Z [36;1mecho "CLANG_VERSION=$CLANG_VERSION" >> "$GITHUB_ENV"[0m
2026-08-19T11:48:51.0598351Z [36;1m[0m
2026-08-19T11:48:51.0598544Z [36;1mecho "Derive Clang fingerprint"[0m
2026-08-19T11:48:51.0598794Z [36;1m[0m
2026-08-19T11:48:51.0599104Z [36;1mshort="$("${CLANG_BIN}/clang" --version | sed -n '1s/.*clang-r\([0-9.]\+\).*/\1/p')"[0m
2026-08-19T11:48:51.0599493Z [36;1m[0m
2026-08-19T11:48:51.0599673Z [36;1mif [ -z "$short" ]; then[0m
2026-08-19T11:48:51.0600010Z [36;1m  short="$("${CLANG_BIN}/clang" --version | sha256sum | cut -c1-8)"[0m
2026-08-19T11:48:51.0600468Z [36;1m  echo "⚠️ Could not extract clang-r version, using hash: $short"[0m
2026-08-19T11:48:51.0600823Z [36;1melse[0m
2026-08-19T11:48:51.0601061Z [36;1m  echo "✅ Clang version fingerprint: $short"[0m
2026-08-19T11:48:51.0601344Z [36;1mfi[0m
2026-08-19T11:48:51.0601522Z [36;1m[0m
2026-08-19T11:48:51.0601951Z [36;1mecho "CLANG_VERSION_SHORT=$short" >> "$GITHUB_ENV"[0m
2026-08-19T11:48:51.0602376Z [36;1mecho "$CLANG_BIN" >> $GITHUB_PATH[0m
2026-08-19T11:48:51.0602715Z [36;1mecho "LIBCLANG_PATH=$CLANG_BIN/../lib" >> "$GITHUB_ENV"[0m
2026-08-19T11:48:51.0603026Z [36;1m[0m
2026-08-19T11:48:51.0603236Z [36;1mecho "✅ Detected Clang: $CLANG_VERSION"[0m
2026-08-19T11:48:51.0603520Z [36;1mecho "::endgroup::"[0m
2026-08-19T11:48:51.0635628Z shell: /usr/bin/bash --noprofile --norc -e -o pipefail {0}
2026-08-19T11:48:51.0635961Z env:
2026-08-19T11:48:51.0636472Z   CCACHE_DIR: /home/runner/work/OnePlus_KernelSU_SUSFS/OnePlus_KernelSU_SUSFS/.ccache
2026-08-19T11:48:51.0636892Z   CCACHE_MAXSIZE: 12G
2026-08-19T11:48:51.0637112Z   CCACHE_COMPILERCHECK: content
2026-08-19T11:48:51.0637478Z   CCACHE_BASEDIR: /home/runner/work/OnePlus_KernelSU_SUSFS/OnePlus_KernelSU_SUSFS
2026-08-19T11:48:51.0637868Z   CCACHE_NOHASHDIR: true
2026-08-19T11:48:51.0638092Z   CCACHE_IGNOREOPTIONS: --sysroot*
2026-08-19T11:48:51.0638349Z   CCACHE_COMPRESSION: true
2026-08-19T11:48:51.0638572Z   CCACHE_COMPRESSION_LEVEL: 3
2026-08-19T11:48:51.0638803Z   CCACHE_DIRECT: true
2026-08-19T11:48:51.0639004Z   CCACHE_FILE_CLONE: true
2026-08-19T11:48:51.0639213Z   CCACHE_INODE_CACHE: true
2026-08-19T11:48:51.0639433Z   CCACHE_IS_KERNEL_COMPILING: true
2026-08-19T11:48:51.0639663Z   CCACHE_UMASK: 002
2026-08-19T11:48:51.0640108Z   CCACHE_SLOPPINESS: file_macro,time_macros,include_file_mtime,include_file_ctime,pch_defines,system_headers,locale
2026-08-19T11:48:51.0640616Z   ACTION_REPO: 
2026-08-19T11:48:51.0640801Z   ACTION_REF: 
2026-08-19T11:48:51.0640999Z   OP_MODEL: OP-ACE-3-PRO-6.1.75
2026-08-19T11:48:51.0641231Z   OP_SOC: pineapple
2026-08-19T11:48:51.0641424Z   OP_BRANCH: wild/sm8650
2026-08-19T11:48:51.0641656Z   OP_MANIFEST: oneplus_ace3_pro_6.1.75_v.xml
2026-08-19T11:48:51.0642099Z   OP_ANDROID_VERSION: android14
2026-08-19T11:48:51.0642323Z   OP_KERNEL_VERSION: 6.1
2026-08-19T11:48:51.0642522Z   OP_OS_VERSION: A15
2026-08-19T11:48:51.0642713Z   OP_LTO: thin
2026-08-19T11:48:51.0642890Z   OP_ZYC_COMPILER: 
2026-08-19T11:48:51.0643224Z   OP_C_COMPILER: kernel_platform/prebuilts/clang/host/linux-x86/clang-r487747c/bin
2026-08-19T11:48:51.0643609Z   OP_RUST_COMPILER: 
2026-08-19T11:48:51.0643798Z   OP_BINDGEN: 
2026-08-19T11:48:51.0643976Z   OP_RUST_BUILD: false
2026-08-19T11:48:51.0644179Z   OP_DISK_CLEANUP: false
2026-08-19T11:48:51.0644380Z   OP_HMBIRD: false
2026-08-19T11:48:51.0644564Z   OP_SUSFS: true
2026-08-19T11:48:51.0644745Z   OP_OPT: true
2026-08-19T11:48:51.0644916Z   OP_DS: true
2026-08-19T11:48:51.0645086Z   OP_BBG: true
2026-08-19T11:48:51.0645261Z   OP_BBR: true
2026-08-19T11:48:51.0645432Z   OP_BBR3: true
2026-08-19T11:48:51.0645605Z   OP_TTL: true
2026-08-19T11:48:51.0645775Z   OP_IP_SET: true
2026-08-19T11:48:51.0645958Z   OP_UNICODE: true
2026-08-19T11:48:51.0646139Z   OP_NTSYNC: true
2026-08-19T11:48:51.0648057Z   OP_BLACKLIST_MODULES: kernelsu,oplus_security_guard,oplus_qr_scan,oplus_score,oplus_vip_task,oplus_dns_cache,oplus_network_linkpower_module,oplus_data_module,oplus_secure_harden,oplus_security_keventupload,oplus_secure_guard_new,oplus_secure_guard,coresight_tpda,coresight_tgu,coresight_trace_noc,coresight_cti,coresight_qmi,coresight_dummy,coresight_remote_etm,coresight_tpdm,coresight_uetm,coresight_stm,coresight_tmc_sec,f_fs_ipc_log,qcom_iommu_debug,qti_battery_debug,rdbg,stm_heartbeat,stm_p_ost,stm_core,stm_ftrace,stm_console,spmi_pmic_arb_debug
2026-08-19T11:48:51.0650163Z   OP_UNAME: OP-WILD
2026-08-19T11:48:51.0650379Z   CONFIG: OP-ACE-3-PRO-6.1.75
2026-08-19T11:48:51.0650620Z   REPO: /usr/local/bin/repo
2026-08-19T11:48:51.0651044Z   CONFIG_FOLDER: /home/runner/work/OnePlus_KernelSU_SUSFS/OnePlus_KernelSU_SUSFS/OP-ACE-3-PRO-6.1.75
2026-08-19T11:48:51.0651750Z   ARTIFACTS_FOLDER: /home/runner/work/OnePlus_KernelSU_SUSFS/OnePlus_KernelSU_SUSFS/OP-ACE-3-PRO-6.1.75/artifacts
2026-08-19T11:48:51.0652808Z   KERNEL_PLATFORM_FOLDER: /home/runner/work/OnePlus_KernelSU_SUSFS/OnePlus_KernelSU_SUSFS/OP-ACE-3-PRO-6.1.75/kernel_platform
2026-08-19T11:48:51.0653648Z   COMMON_KERNEL_FOLDER: /home/runner/work/OnePlus_KernelSU_SUSFS/OnePlus_KernelSU_SUSFS/OP-ACE-3-PRO-6.1.75/kernel_platform/common
2026-08-19T11:48:51.0654492Z   MSM_KERNEL_FOLDER: /home/runner/work/OnePlus_KernelSU_SUSFS/OnePlus_KernelSU_SUSFS/OP-ACE-3-PRO-6.1.75/kernel_platform/msm-kernel
2026-08-19T11:48:51.0655262Z   AK3_FOLDER: /home/runner/work/OnePlus_KernelSU_SUSFS/OnePlus_KernelSU_SUSFS/OP-ACE-3-PRO-6.1.75/AnyKernel3
2026-08-19T11:48:51.0656062Z   DEBUG_ARTIFACTS_FOLDER: /home/runner/work/OnePlus_KernelSU_SUSFS/OnePlus_KernelSU_SUSFS/debug_artifacts
2026-08-19T11:48:51.0656737Z   KERNEL_PATCHES_FOLDER: /home/runner/work/OnePlus_KernelSU_SUSFS/OnePlus_KernelSU_SUSFS/kernel_patches
2026-08-19T11:48:51.0657340Z   SUSFS_FOLDER: /home/runner/work/OnePlus_KernelSU_SUSFS/OnePlus_KernelSU_SUSFS/susfs4ksu
2026-08-19T11:48:51.0658021Z   KSU_FOLDER: /home/runner/work/OnePlus_KernelSU_SUSFS/OnePlus_KernelSU_SUSFS/OP-ACE-3-PRO-6.1.75/kernel_platform/KernelSU
2026-08-19T11:48:51.0658831Z   KSUN_FOLDER: /home/runner/work/OnePlus_KernelSU_SUSFS/OnePlus_KernelSU_SUSFS/OP-ACE-3-PRO-6.1.75/kernel_platform/KernelSU-Next
2026-08-19T11:48:51.0659423Z   DEBUG_ZIP_NAME: debug_OP-ACE-3-PRO-6.1.75_A15.zip
2026-08-19T11:48:51.0659722Z   ANDROID_VER: android14
2026-08-19T11:48:51.0659932Z   KERNEL_VER: 6.1
2026-08-19T11:48:51.0660119Z   TKERNEL_VER: 6.1.75
2026-08-19T11:48:51.0660326Z   KERNEL_FULL_VER: android14-6.1.75
2026-08-19T11:48:51.0660593Z   SUSFS_KERNEL_BRANCH: gki-android14-6.1
2026-08-19T11:48:51.0660846Z   BUILD_USER: OnePlus
2026-08-19T11:48:51.0661050Z   BUILD_HOST: ubuntu-build
2026-08-19T11:48:51.0661261Z ##[endgroup]
2026-08-19T11:48:51.0715308Z ##[group]Detect Clang
2026-08-19T11:48:51.1045147Z Derive Clang fingerprint
2026-08-19T11:48:51.1267753Z ⚠️ Could not extract clang-r version, using hash: 4e90edd6
2026-08-19T11:48:51.1269222Z ✅ Detected Clang: Android (10087095, +pgo, +bolt, +lto, -mlgo, based on r487747c) clang version 17.0.2 (https://android.googlesource.com/toolchain/llvm-project d9f89f4d16663d5012e5c09495f3b30ece3d2362)
2026-08-19T11:48:51.1270919Z ##[endgroup]
2026-08-19T11:48:51.1276597Z ##[end-action id=build.__run_10;outcome=success;conclusion=success;duration_ms=73]
2026-08-19T11:48:51.1278911Z ##[start-action display=Check or Detect Rust & bindgen;id=build.__run_11]
2026-08-19T11:48:51.1298935Z ##[end-action id=build.__run_11;outcome=skipped;conclusion=skipped;duration_ms=0]
2026-08-19T11:48:51.1301059Z ##[start-action display=Install bindgen only (no rustc);id=build.__run_12]
2026-08-19T11:48:51.1307150Z ##[end-action id=build.__run_12;outcome=skipped;conclusion=skipped;duration_ms=0]
2026-08-19T11:48:51.1308990Z ##[start-action display=Test Rust & bindgen;id=build.__run_13]
2026-08-19T11:48:51.1312291Z ##[end-action id=build.__run_13;outcome=skipped;conclusion=skipped;duration_ms=0]
2026-08-19T11:48:51.1314170Z ##[start-action display=Restore ccache cache;id=build.restore-ccache-cache]
2026-08-19T11:48:51.1334017Z ##[end-action id=build.restore-ccache-cache;outcome=skipped;conclusion=skipped;duration_ms=0]
2026-08-19T11:48:51.1336154Z ##[start-action display=Check and Prepare Caches;id=build.__run_14]
2026-08-19T11:48:51.1350979Z ##[group]Run echo "::group::Check ccache"
2026-08-19T11:48:51.1351307Z [36;1mecho "::group::Check ccache"[0m
2026-08-19T11:48:51.1351569Z [36;1mset -euo pipefail[0m
2026-08-19T11:48:51.1352202Z [36;1m[0m
2026-08-19T11:48:51.1352464Z [36;1mecho "/usr/lib/ccache" >> $GITHUB_PATH[0m
2026-08-19T11:48:51.1352750Z [36;1m[0m
2026-08-19T11:48:51.1352972Z [36;1mecho "Current ccache configuration:"[0m
2026-08-19T11:48:51.1353256Z [36;1mccache -p[0m
2026-08-19T11:48:51.1353456Z [36;1m[0m
2026-08-19T11:48:51.1353866Z [36;1mif [ -d "$CCACHE_DIR" ] && find "$CCACHE_DIR" -maxdepth 2 -type f -print -quit 2>/dev/null | grep -q .; then[0m
2026-08-19T11:48:51.1354362Z [36;1m  echo "✅ Restored cache found"[0m
2026-08-19T11:48:51.1354622Z [36;1m  echo ""[0m
2026-08-19T11:48:51.1354866Z [36;1m  echo "Pre-build cache statistics:"[0m
2026-08-19T11:48:51.1355175Z [36;1m  ccache -s | head -n 20[0m
2026-08-19T11:48:51.1355410Z [36;1m  [0m
2026-08-19T11:48:51.1355648Z [36;1m  echo "Updating atime to achive cache eviction"[0m
2026-08-19T11:48:51.1356312Z [36;1m  find /home/runner/work/OnePlus_KernelSU_SUSFS/OnePlus_KernelSU_SUSFS/.ccache -type f -exec touch -t $(date -d "1 day ago" +%Y%m%d%H%M) {} +[0m
2026-08-19T11:48:51.1356925Z [36;1melse[0m
2026-08-19T11:48:51.1357184Z [36;1m  echo "⚠️ No existing cache - building from scratch"[0m
2026-08-19T11:48:51.1357763Z [36;1m  echo "Cache will be populated for future builds"[0m
2026-08-19T11:48:51.1358073Z [36;1mfi[0m
2026-08-19T11:48:51.1358245Z [36;1m[0m
2026-08-19T11:48:51.1358422Z [36;1mccache -z[0m
2026-08-19T11:48:51.1358640Z [36;1mrm -f "$CCACHE_DIR/ccache.log"[0m
2026-08-19T11:48:51.1358891Z [36;1m[0m
2026-08-19T11:48:51.1359093Z [36;1m# Blacklist Risky files from ccache[0m
2026-08-19T11:48:51.1359495Z [36;1msed -i '1i // CI_RUN_ID: 32249247937' "$COMMON_KERNEL_FOLDER/kernel/configs.c"[0m
2026-08-19T11:48:51.1360005Z [36;1msed -i '1i // ccache:disable' "$COMMON_KERNEL_FOLDER/kernel/configs.c"[0m
2026-08-19T11:48:51.1360358Z [36;1m[0m
2026-08-19T11:48:51.1360719Z [36;1mif head -n 1 "$COMMON_KERNEL_FOLDER/kernel/configs.c" | grep -q "// ccache:disable"; then[0m
2026-08-19T11:48:51.1361219Z [36;1m    echo "Success: ccache is disabled for this file!"[0m
2026-08-19T11:48:51.1361526Z [36;1melse[0m
2026-08-19T11:48:51.1362020Z [36;1m    echo "Error: Modification failed or line is missing."[0m
2026-08-19T11:48:51.1362369Z [36;1mfi[0m
2026-08-19T11:48:51.1362546Z [36;1m[0m
2026-08-19T11:48:51.1362732Z [36;1mecho "::endgroup::"[0m
2026-08-19T11:48:51.1399931Z shell: /usr/bin/bash --noprofile --norc -e -o pipefail {0}
2026-08-19T11:48:51.1400260Z env:
2026-08-19T11:48:51.1400598Z   CCACHE_DIR: /home/runner/work/OnePlus_KernelSU_SUSFS/OnePlus_KernelSU_SUSFS/.ccache
2026-08-19T11:48:51.1401016Z   CCACHE_MAXSIZE: 12G
2026-08-19T11:48:51.1401247Z   CCACHE_COMPILERCHECK: content
2026-08-19T11:48:51.1401616Z   CCACHE_BASEDIR: /home/runner/work/OnePlus_KernelSU_SUSFS/OnePlus_KernelSU_SUSFS
2026-08-19T11:48:51.1402301Z   CCACHE_NOHASHDIR: true
2026-08-19T11:48:51.1402542Z   CCACHE_IGNOREOPTIONS: --sysroot*
2026-08-19T11:48:51.1402798Z   CCACHE_COMPRESSION: true
2026-08-19T11:48:51.1403025Z   CCACHE_COMPRESSION_LEVEL: 3
2026-08-19T11:48:51.1403249Z   CCACHE_DIRECT: true
2026-08-19T11:48:51.1403454Z   CCACHE_FILE_CLONE: true
2026-08-19T11:48:51.1403669Z   CCACHE_INODE_CACHE: true
2026-08-19T11:48:51.1403897Z   CCACHE_IS_KERNEL_COMPILING: true
2026-08-19T11:48:51.1404137Z   CCACHE_UMASK: 002
2026-08-19T11:48:51.1404595Z   CCACHE_SLOPPINESS: file_macro,time_macros,include_file_mtime,include_file_ctime,pch_defines,system_headers,locale
2026-08-19T11:48:51.1405108Z   ACTION_REPO: 
2026-08-19T11:48:51.1405298Z   ACTION_REF: 
2026-08-19T11:48:51.1405501Z   OP_MODEL: OP-ACE-3-PRO-6.1.75
2026-08-19T11:48:51.1405736Z   OP_SOC: pineapple
2026-08-19T11:48:51.1406093Z   OP_BRANCH: wild/sm8650
2026-08-19T11:48:51.1406324Z   OP_MANIFEST: oneplus_ace3_pro_6.1.75_v.xml
2026-08-19T11:48:51.1406595Z   OP_ANDROID_VERSION: android14
2026-08-19T11:48:51.1406817Z   OP_KERNEL_VERSION: 6.1
2026-08-19T11:48:51.1407020Z   OP_OS_VERSION: A15
2026-08-19T11:48:51.1407212Z   OP_LTO: thin
2026-08-19T11:48:51.1407392Z   OP_ZYC_COMPILER: 
2026-08-19T11:48:51.1407724Z   OP_C_COMPILER: kernel_platform/prebuilts/clang/host/linux-x86/clang-r487747c/bin
2026-08-19T11:48:51.1408141Z   OP_RUST_COMPILER: 
2026-08-19T11:48:51.1408339Z   OP_BINDGEN: 
2026-08-19T11:48:51.1408532Z   OP_RUST_BUILD: false
2026-08-19T11:48:51.1408737Z   OP_DISK_CLEANUP: false
2026-08-19T11:48:51.1408944Z   OP_HMBIRD: false
2026-08-19T11:48:51.1409136Z   OP_SUSFS: true
2026-08-19T11:48:51.1409322Z   OP_OPT: true
2026-08-19T11:48:51.1409497Z   OP_DS: true
2026-08-19T11:48:51.1409677Z   OP_BBG: true
2026-08-19T11:48:51.1409853Z   OP_BBR: true
2026-08-19T11:48:51.1410027Z   OP_BBR3: true
2026-08-19T11:48:51.1410204Z   OP_TTL: true
2026-08-19T11:48:51.1410384Z   OP_IP_SET: true
2026-08-19T11:48:51.1410571Z   OP_UNICODE: true
2026-08-19T11:48:51.1410755Z   OP_NTSYNC: true
2026-08-19T11:48:51.1413086Z   OP_BLACKLIST_MODULES: kernelsu,oplus_security_guard,oplus_qr_scan,oplus_score,oplus_vip_task,oplus_dns_cache,oplus_network_linkpower_module,oplus_data_module,oplus_secure_harden,oplus_security_keventupload,oplus_secure_guard_new,oplus_secure_guard,coresight_tpda,coresight_tgu,coresight_trace_noc,coresight_cti,coresight_qmi,coresight_dummy,coresight_remote_etm,coresight_tpdm,coresight_uetm,coresight_stm,coresight_tmc_sec,f_fs_ipc_log,qcom_iommu_debug,qti_battery_debug,rdbg,stm_heartbeat,stm_p_ost,stm_core,stm_ftrace,stm_console,spmi_pmic_arb_debug
2026-08-19T11:48:51.1415073Z   OP_UNAME: OP-WILD
2026-08-19T11:48:51.1415288Z   CONFIG: OP-ACE-3-PRO-6.1.75
2026-08-19T11:48:51.1415520Z   REPO: /usr/local/bin/repo
2026-08-19T11:48:51.1415939Z   CONFIG_FOLDER: /home/runner/work/OnePlus_KernelSU_SUSFS/OnePlus_KernelSU_SUSFS/OP-ACE-3-PRO-6.1.75
2026-08-19T11:48:51.1416642Z   ARTIFACTS_FOLDER: /home/runner/work/OnePlus_KernelSU_SUSFS/OnePlus_KernelSU_SUSFS/OP-ACE-3-PRO-6.1.75/artifacts
2026-08-19T11:48:51.1417415Z   KERNEL_PLATFORM_FOLDER: /home/runner/work/OnePlus_KernelSU_SUSFS/OnePlus_KernelSU_SUSFS/OP-ACE-3-PRO-6.1.75/kernel_platform
2026-08-19T11:48:51.1418243Z   COMMON_KERNEL_FOLDER: /home/runner/work/OnePlus_KernelSU_SUSFS/OnePlus_KernelSU_SUSFS/OP-ACE-3-PRO-6.1.75/kernel_platform/common
2026-08-19T11:48:51.1419088Z   MSM_KERNEL_FOLDER: /home/runner/work/OnePlus_KernelSU_SUSFS/OnePlus_KernelSU_SUSFS/OP-ACE-3-PRO-6.1.75/kernel_platform/msm-kernel
2026-08-19T11:48:51.1419864Z   AK3_FOLDER: /home/runner/work/OnePlus_KernelSU_SUSFS/OnePlus_KernelSU_SUSFS/OP-ACE-3-PRO-6.1.75/AnyKernel3
2026-08-19T11:48:51.1420553Z   DEBUG_ARTIFACTS_FOLDER: /home/runner/work/OnePlus_KernelSU_SUSFS/OnePlus_KernelSU_SUSFS/debug_artifacts
2026-08-19T11:48:51.1421221Z   KERNEL_PATCHES_FOLDER: /home/runner/work/OnePlus_KernelSU_SUSFS/OnePlus_KernelSU_SUSFS/kernel_patches
2026-08-19T11:48:51.1422076Z   SUSFS_FOLDER: /home/runner/work/OnePlus_KernelSU_SUSFS/OnePlus_KernelSU_SUSFS/susfs4ksu
2026-08-19T11:48:51.1422801Z   KSU_FOLDER: /home/runner/work/OnePlus_KernelSU_SUSFS/OnePlus_KernelSU_SUSFS/OP-ACE-3-PRO-6.1.75/kernel_platform/KernelSU
2026-08-19T11:48:51.1423618Z   KSUN_FOLDER: /home/runner/work/OnePlus_KernelSU_SUSFS/OnePlus_KernelSU_SUSFS/OP-ACE-3-PRO-6.1.75/kernel_platform/KernelSU-Next
2026-08-19T11:48:51.1424198Z   DEBUG_ZIP_NAME: debug_OP-ACE-3-PRO-6.1.75_A15.zip
2026-08-19T11:48:51.1424488Z   ANDROID_VER: android14
2026-08-19T11:48:51.1424701Z   KERNEL_VER: 6.1
2026-08-19T11:48:51.1424892Z   TKERNEL_VER: 6.1.75
2026-08-19T11:48:51.1425104Z   KERNEL_FULL_VER: android14-6.1.75
2026-08-19T11:48:51.1425368Z   SUSFS_KERNEL_BRANCH: gki-android14-6.1
2026-08-19T11:48:51.1425618Z   BUILD_USER: OnePlus
2026-08-19T11:48:51.1425821Z   BUILD_HOST: ubuntu-build
2026-08-19T11:48:51.1426464Z   CLANG_BIN_PATH: /home/runner/work/OnePlus_KernelSU_SUSFS/OnePlus_KernelSU_SUSFS/OP-ACE-3-PRO-6.1.75/kernel_platform/prebuilts/clang/host/linux-x86/clang-r487747c/bin
2026-08-19T11:48:51.1427806Z   CLANG_VERSION: Android (10087095, +pgo, +bolt, +lto, -mlgo, based on r487747c) clang version 17.0.2 (https://android.googlesource.com/toolchain/llvm-project d9f89f4d16663d5012e5c09495f3b30ece3d2362)
2026-08-19T11:48:51.1428596Z   CLANG_VERSION_SHORT: 4e90edd6
2026-08-19T11:48:51.1429274Z   LIBCLANG_PATH: /home/runner/work/OnePlus_KernelSU_SUSFS/OnePlus_KernelSU_SUSFS/OP-ACE-3-PRO-6.1.75/kernel_platform/prebuilts/clang/host/linux-x86/clang-r487747c/bin/../lib
2026-08-19T11:48:51.1429975Z ##[endgroup]
2026-08-19T11:48:51.1489068Z ##[group]Check ccache
2026-08-19T11:48:51.1489462Z Current ccache configuration:
2026-08-19T11:48:51.1507908Z (default) absolute_paths_in_stderr = false
2026-08-19T11:48:51.1508681Z (environment) base_dir = /home/runner/work/OnePlus_KernelSU_SUSFS/OnePlus_KernelSU_SUSFS
2026-08-19T11:48:51.1509734Z (environment) cache_dir = /home/runner/work/OnePlus_KernelSU_SUSFS/OnePlus_KernelSU_SUSFS/.ccache
2026-08-19T11:48:51.1510523Z (default) compiler = 
2026-08-19T11:48:51.1510908Z (environment) compiler_check = content
2026-08-19T11:48:51.1511365Z (default) compiler_type = auto
2026-08-19T11:48:51.1511708Z (default) compression = true
2026-08-19T11:48:51.1512111Z (default) compression_level = 0
2026-08-19T11:48:51.1512401Z (default) cpp_extension = 
2026-08-19T11:48:51.1512810Z (default) debug = false
2026-08-19T11:48:51.1513185Z (default) debug_dir = 
2026-08-19T11:48:51.1513552Z (default) debug_level = 2
2026-08-19T11:48:51.1513949Z (default) depend_mode = false
2026-08-19T11:48:51.1514626Z (environment) direct_mode = true
2026-08-19T11:48:51.1515062Z (default) disable = false
2026-08-19T11:48:51.1515440Z (default) extra_files_to_hash = 
2026-08-19T11:48:51.1515860Z (default) file_clone = false
2026-08-19T11:48:51.1516271Z (default) hard_link = false
2026-08-19T11:48:51.1516687Z (environment) hash_dir = false
2026-08-19T11:48:51.1517135Z (default) ignore_headers_in_manifest = 
2026-08-19T11:48:51.1517632Z (environment) ignore_options = --sysroot*
2026-08-19T11:48:51.1518209Z (default) inode_cache = true
2026-08-19T11:48:51.1518654Z (default) keep_comments_cpp = false
2026-08-19T11:48:51.1519100Z (default) log_file = 
2026-08-19T11:48:51.1519467Z (default) max_files = 0
2026-08-19T11:48:51.1519852Z (environment) max_size = 12.0 GB
2026-08-19T11:48:51.1520335Z (default) msvc_dep_prefix = Note: including file:
2026-08-19T11:48:51.1520852Z (default) namespace = 
2026-08-19T11:48:51.1521219Z (default) path = 
2026-08-19T11:48:51.1521603Z (default) pch_external_checksum = false
2026-08-19T11:48:51.1522352Z (default) prefix_command = 
2026-08-19T11:48:51.1522782Z (default) prefix_command_cpp = 
2026-08-19T11:48:51.1523216Z (default) read_only = false
2026-08-19T11:48:51.1523628Z (default) read_only_direct = false
2026-08-19T11:48:51.1524092Z (default) recache = false
2026-08-19T11:48:51.1524493Z (default) remote_only = false
2026-08-19T11:48:51.1524908Z (default) remote_storage = 
2026-08-19T11:48:51.1525309Z (default) reshare = false
2026-08-19T11:48:51.1525701Z (default) run_second_cpp = true
2026-08-19T11:48:51.1526539Z (environment) sloppiness = include_file_ctime, include_file_mtime, locale, pch_defines, system_headers, time_macros
2026-08-19T11:48:51.1527452Z (default) stats = true
2026-08-19T11:48:51.1527817Z (default) stats_log = 
2026-08-19T11:48:51.1528242Z (default) temporary_dir = /run/user/1001/ccache-tmp
2026-08-19T11:48:51.1528682Z (environment) umask = 002
2026-08-19T11:48:51.1529527Z ⚠️ No existing cache - building from scratch
2026-08-19T11:48:51.1530061Z Cache will be populated for future builds
2026-08-19T11:48:51.1984540Z Statistics zeroed
2026-08-19T11:48:51.2040852Z Success: ccache is disabled for this file!
2026-08-19T11:48:51.2041713Z ##[endgroup]
2026-08-19T11:48:51.2047441Z ##[end-action id=build.__run_14;outcome=success;conclusion=success;duration_ms=71]
2026-08-19T11:48:51.2049603Z ##[start-action display=Fetch SusFS and Other Dependencies;id=build.__run_15]
2026-08-19T11:48:51.2074952Z ##[group]Run echo "::group::Fetch dependencies"
2026-08-19T11:48:51.2075588Z [36;1mecho "::group::Fetch dependencies"[0m
2026-08-19T11:48:51.2075883Z [36;1mset -euo pipefail[0m
2026-08-19T11:48:51.2076177Z [36;1mecho "Fetching SusFS and other dependencies..."[0m
2026-08-19T11:48:51.2076492Z [36;1m[0m
2026-08-19T11:48:51.2076661Z [36;1m[0m
2026-08-19T11:48:51.2076843Z [36;1mif [ "true" = true ]; then[0m
2026-08-19T11:48:51.2077118Z [36;1m  # Determine SUSFS branch/commit to use[0m
2026-08-19T11:48:51.2077408Z [36;1m  SUSFS_INPUT=""[0m
2026-08-19T11:48:51.2077627Z [36;1m  [0m
2026-08-19T11:48:51.2077865Z [36;1m  # Default SUSFS branches for each kernel version[0m
2026-08-19T11:48:51.2078186Z [36;1m  declare -A DEFAULT_SUSFS=([0m
2026-08-19T11:48:51.2078473Z [36;1m    ["android12-5.10"]="gki-android12-5.10"[0m
2026-08-19T11:48:51.2078778Z [36;1m    ["android13-5.15"]="gki-android13-5.15"[0m
2026-08-19T11:48:51.2079077Z [36;1m    ["android14-6.1"]="gki-android14-6.1"[0m
2026-08-19T11:48:51.2079377Z [36;1m    ["android15-6.6"]="gki-android15-6.6"[0m
2026-08-19T11:48:51.2079673Z [36;1m    ["android16-6.12"]="gki-android16-6.12"[0m
2026-08-19T11:48:51.2079935Z [36;1m  )[0m
2026-08-19T11:48:51.2080119Z [36;1m  [0m
2026-08-19T11:48:51.2080323Z [36;1m  # Determine which SUSFS ref to use[0m
2026-08-19T11:48:51.2080604Z [36;1m  KERNEL_KEY="android14-6.1"[0m
2026-08-19T11:48:51.2080865Z [36;1m  if [ -z "$SUSFS_INPUT" ]; then[0m
2026-08-19T11:48:51.2081146Z [36;1m    # use kernel-specific default[0m
2026-08-19T11:48:51.2081941Z [36;1m    SUSFS_BRANCH="${DEFAULT_SUSFS[$KERNEL_KEY]:-gki-android15-6.6}"[0m
2026-08-19T11:48:51.2082483Z [36;1m    echo "ℹ️  Using default SUSFS branch for $KERNEL_KEY: $SUSFS_BRANCH"[0m
2026-08-19T11:48:51.2082965Z [36;1m  else[0m
2026-08-19T11:48:51.2083227Z [36;1m    # 40-char hash or branch/commit passed directly[0m
2026-08-19T11:48:51.2083557Z [36;1m    SUSFS_BRANCH="$SUSFS_INPUT"[0m
2026-08-19T11:48:51.2083873Z [36;1m    echo "🔧 Using resolved SUSFS ref: $SUSFS_BRANCH"[0m
2026-08-19T11:48:51.2084185Z [36;1m  fi[0m
2026-08-19T11:48:51.2084363Z [36;1mfi[0m
2026-08-19T11:48:51.2084537Z [36;1m[0m
2026-08-19T11:48:51.2084719Z [36;1mretry_fetch_archive() {[0m
2026-08-19T11:48:51.2084959Z [36;1m  local url="$1"[0m
2026-08-19T11:48:51.2085185Z [36;1m  local branch="${2:-main}"[0m
2026-08-19T11:48:51.2085432Z [36;1m  local max_attempts=3[0m
2026-08-19T11:48:51.2085668Z [36;1m  local attempt=1[0m
2026-08-19T11:48:51.2085881Z [36;1m  [0m
2026-08-19T11:48:51.2086102Z [36;1m  local repo_name=$(basename "$url" .git)[0m
2026-08-19T11:48:51.2086430Z [36;1m  local safe_branch=$(echo "$branch" | tr '/' '_')[0m
2026-08-19T11:48:51.2086797Z [36;1m  local archive_name="${repo_name}_${safe_branch}.tar.gz"[0m
2026-08-19T11:48:51.2087148Z [36;1m  local shm_path="/dev/shm/$archive_name"[0m
2026-08-19T11:48:51.2087414Z [36;1m  [0m
2026-08-19T11:48:51.2087632Z [36;1m  local nproc=$(nproc 2>/dev/null || echo 4)[0m
2026-08-19T11:48:51.2087906Z [36;1m  [0m
2026-08-19T11:48:51.2088155Z [36;1m  local aria_log_flags="--quiet --summary-interval=0"[0m
2026-08-19T11:48:51.2088485Z [36;1m  if [ "true" = "true" ]; then[0m
2026-08-19T11:48:51.2088865Z [36;1m      aria_log_flags="--summary-interval=5" # Show progress every 5s in debug[0m
2026-08-19T11:48:51.2089251Z [36;1m  fi[0m
2026-08-19T11:48:51.2089426Z [36;1m  [0m
2026-08-19T11:48:51.2089608Z [36;1m  local aria2_headers=([0m
2026-08-19T11:48:51.2090162Z [36;1m    "--header=User-Agent: Mozilla/5.0 (Windows NT 10.0; Win64; x64) AppleWebKit/537.36 (KHTML, like Gecko) Chrome/120.0.0.0 Safari/537.36"[0m
2026-08-19T11:48:51.2090735Z [36;1m    "--header=Accept: */*"[0m
2026-08-19T11:48:51.2091008Z [36;1m    "--header=Connection: keep-alive"[0m
2026-08-19T11:48:51.2091270Z [36;1m  )[0m
2026-08-19T11:48:51.2091445Z [36;1m  [0m
2026-08-19T11:48:51.2091637Z [36;1m  local download_url=""[0m
2026-08-19T11:48:51.2092158Z [36;1m  if [[ "$url" == *"github.com"* ]]; then[0m
2026-08-19T11:48:51.2092695Z [36;1m      download_url="${url%.git}/archive/refs/heads/${branch}.tar.gz"[0m
2026-08-19T11:48:51.2093081Z [36;1m  elif [[ "$url" == *"gitlab.com"* ]]; then[0m
2026-08-19T11:48:51.2093487Z [36;1m      download_url="${url%.git}/-/archive/${branch}/${repo_name}-${branch}.tar.gz"[0m
2026-08-19T11:48:51.2093866Z [36;1m  else[0m
2026-08-19T11:48:51.2094092Z [36;1m      echo "::error::Unsupported host: $url"[0m
2026-08-19T11:48:51.2094388Z [36;1m      return 1[0m
2026-08-19T11:48:51.2094589Z [36;1m  fi[0m
2026-08-19T11:48:51.2094767Z [36;1m  [0m
2026-08-19T11:48:51.2094993Z [36;1m  while [ $attempt -le $max_attempts ]; do[0m
2026-08-19T11:48:51.2095436Z [36;1m      echo " Attempt $attempt/$max_attempts: High-speed fetch for $repo_name ($branch)"[0m
2026-08-19T11:48:51.2095845Z [36;1m      [0m
2026-08-19T11:48:51.2096479Z [36;1m      if aria2c -x16 -s16 -j16 -k1M --retry-wait=2 --max-tries=5 -d "/dev/shm" -o "$archive_name" --allow-overwrite=true "${aria2_headers[@]}" $aria_log_flags "$download_url"; then[0m
2026-08-19T11:48:51.2097190Z [36;1m          mkdir -p "$repo_name"[0m
2026-08-19T11:48:51.2097754Z [36;1m          if tar -I "pigz -p $nproc -b 256" -x --record-size=1M -f "$shm_path" -C "$repo_name" --strip-components=1 --no-same-owner; then[0m
2026-08-19T11:48:51.2098354Z [36;1m              echo "✅ Success: $repo_name synced"[0m
2026-08-19T11:48:51.2098658Z [36;1m              rm -f "$shm_path"[0m
2026-08-19T11:48:51.2098912Z [36;1m              return 0[0m
2026-08-19T11:48:51.2099138Z [36;1m          fi[0m
2026-08-19T11:48:51.2099441Z [36;1m      fi[0m
2026-08-19T11:48:51.2099628Z [36;1m      [0m
2026-08-19T11:48:51.2099926Z [36;1m      echo "⚠️ Attempt $attempt failed, clearing RAM and retrying..."[0m
2026-08-19T11:48:51.2100329Z [36;1m      rm -rf "$repo_name" "$shm_path" 2>/dev/null[0m
2026-08-19T11:48:51.2100615Z [36;1m      sleep 5[0m
2026-08-19T11:48:51.2100830Z [36;1m      attempt=$((attempt + 1))[0m
2026-08-19T11:48:51.2101085Z [36;1m  done[0m
2026-08-19T11:48:51.2101262Z [36;1m  [0m
2026-08-19T11:48:51.2101491Z [36;1m  echo "::error::All attempts failed for $url"[0m
2026-08-19T11:48:51.2101998Z [36;1m  return 1[0m
2026-08-19T11:48:51.2102338Z [36;1m}[0m
2026-08-19T11:48:51.2102645Z [36;1m[0m
2026-08-19T11:48:51.2102835Z [36;1mretry_clone() {[0m
2026-08-19T11:48:51.2103053Z [36;1m  local url="$1"[0m
2026-08-19T11:48:51.2103277Z [36;1m  local branch="${2:-main}"[0m
2026-08-19T11:48:51.2103526Z [36;1m  local depth="${3:-1}"[0m
2026-08-19T11:48:51.2103791Z [36;1m  local dir="$(basename "$url" .git)"[0m
2026-08-19T11:48:51.2104070Z [36;1m  local max_attempts=3[0m
2026-08-19T11:48:51.2104309Z [36;1m  local attempt=1[0m
2026-08-19T11:48:51.2104520Z [36;1m  [0m
2026-08-19T11:48:51.2104708Z [36;1m  # Build git clone args[0m
2026-08-19T11:48:51.2105185Z [36;1m  local clone_args=(--branch "$branch")[0m
2026-08-19T11:48:51.2123617Z [36;1m  if [ "$depth" != "0" ] && [ -n "$depth" ]; then[0m
2026-08-19T11:48:51.2124018Z [36;1m    clone_args+=(--depth "$depth")[0m
2026-08-19T11:48:51.2124288Z [36;1m  fi[0m
2026-08-19T11:48:51.2124471Z [36;1m  [0m
2026-08-19T11:48:51.2124693Z [36;1m  while [ $attempt -le $max_attempts ]; do[0m
2026-08-19T11:48:51.2125177Z [36;1m    echo "🔄 Attempt $attempt/$max_attempts: cloning $url ($branch)${depth:+ [depth=$depth]}"[0m
2026-08-19T11:48:51.2125622Z [36;1m    [0m
2026-08-19T11:48:51.2125821Z [36;1m    # Clone with dynamic args[0m
2026-08-19T11:48:51.2126129Z [36;1m    git clone "${clone_args[@]}" "$url" "$dir" && {[0m
2026-08-19T11:48:51.2126444Z [36;1m      echo "✅ Success"[0m
2026-08-19T11:48:51.2126675Z [36;1m      return 0[0m
2026-08-19T11:48:51.2126875Z [36;1m    }[0m
2026-08-19T11:48:51.2127048Z [36;1m    [0m
2026-08-19T11:48:51.2127246Z [36;1m    echo "❌ Failed, cleaning up..."[0m
2026-08-19T11:48:51.2127518Z [36;1m    rm -rf "$dir" 2>/dev/null[0m
2026-08-19T11:48:51.2127776Z [36;1m    sleep $((attempt++ * 5))[0m
2026-08-19T11:48:51.2128011Z [36;1m  done[0m
2026-08-19T11:48:51.2128374Z [36;1m  [0m
2026-08-19T11:48:51.2128561Z [36;1m  echo "💥 All attempts failed"[0m
2026-08-19T11:48:51.2128806Z [36;1m  return 1[0m
2026-08-19T11:48:51.2128990Z [36;1m}[0m
2026-08-19T11:48:51.2129160Z [36;1m[0m
2026-08-19T11:48:51.2129481Z [36;1mretry_clone "https://github.com/WildKernels/kernel_patches.git" "main" "1"[0m
2026-08-19T11:48:51.2129866Z [36;1m[0m
2026-08-19T11:48:51.2130040Z [36;1mif [ "true" = true ]; then[0m
2026-08-19T11:48:51.2130331Z [36;1m  echo "Using SUSFS branch/commit: $SUSFS_BRANCH"[0m
2026-08-19T11:48:51.2130823Z [36;1m  if ! retry_fetch_archive "https://gitlab.com/simonpunk/susfs4ksu.git" "$SUSFS_BRANCH"; then[0m
2026-08-19T11:48:51.2131380Z [36;1m    echo "::error::Failed to fetch SUSFS archive after multiple attempts"[0m
2026-08-19T11:48:51.2131739Z [36;1m    exit 1[0m
2026-08-19T11:48:51.2132097Z [36;1m  fi[0m
2026-08-19T11:48:51.2132338Z [36;1m  echo "SUSFS_COMMIT_SHA=$SUSFS_BRANCH" >> $GITHUB_ENV[0m
2026-08-19T11:48:51.2132640Z [36;1mfi[0m
2026-08-19T11:48:51.2132826Z [36;1mecho "✅ Dependencies cloned"[0m
2026-08-19T11:48:51.2133078Z [36;1mecho "::endgroup::"[0m
2026-08-19T11:48:51.2171549Z shell: /usr/bin/bash --noprofile --norc -e -o pipefail {0}
2026-08-19T11:48:51.2172045Z env:
2026-08-19T11:48:51.2172385Z   CCACHE_DIR: /home/runner/work/OnePlus_KernelSU_SUSFS/OnePlus_KernelSU_SUSFS/.ccache
2026-08-19T11:48:51.2172811Z   CCACHE_MAXSIZE: 12G
2026-08-19T11:48:51.2173041Z   CCACHE_COMPILERCHECK: content
2026-08-19T11:48:51.2173568Z   CCACHE_BASEDIR: /home/runner/work/OnePlus_KernelSU_SUSFS/OnePlus_KernelSU_SUSFS
2026-08-19T11:48:51.2173978Z   CCACHE_NOHASHDIR: true
2026-08-19T11:48:51.2174213Z   CCACHE_IGNOREOPTIONS: --sysroot*
2026-08-19T11:48:51.2174467Z   CCACHE_COMPRESSION: true
2026-08-19T11:48:51.2174693Z   CCACHE_COMPRESSION_LEVEL: 3
2026-08-19T11:48:51.2174916Z   CCACHE_DIRECT: true
2026-08-19T11:48:51.2175118Z   CCACHE_FILE_CLONE: true
2026-08-19T11:48:51.2175334Z   CCACHE_INODE_CACHE: true
2026-08-19T11:48:51.2175564Z   CCACHE_IS_KERNEL_COMPILING: true
2026-08-19T11:48:51.2175799Z   CCACHE_UMASK: 002
2026-08-19T11:48:51.2176261Z   CCACHE_SLOPPINESS: file_macro,time_macros,include_file_mtime,include_file_ctime,pch_defines,system_headers,locale
2026-08-19T11:48:51.2176775Z   ACTION_REPO: 
2026-08-19T11:48:51.2176966Z   ACTION_REF: 
2026-08-19T11:48:51.2177174Z   OP_MODEL: OP-ACE-3-PRO-6.1.75
2026-08-19T11:48:51.2177415Z   OP_SOC: pineapple
2026-08-19T11:48:51.2177617Z   OP_BRANCH: wild/sm8650
2026-08-19T11:48:51.2177855Z   OP_MANIFEST: oneplus_ace3_pro_6.1.75_v.xml
2026-08-19T11:48:51.2178135Z   OP_ANDROID_VERSION: android14
2026-08-19T11:48:51.2178366Z   OP_KERNEL_VERSION: 6.1
2026-08-19T11:48:51.2178575Z   OP_OS_VERSION: A15
2026-08-19T11:48:51.2178773Z   OP_LTO: thin
2026-08-19T11:48:51.2178960Z   OP_ZYC_COMPILER: 
2026-08-19T11:48:51.2179300Z   OP_C_COMPILER: kernel_platform/prebuilts/clang/host/linux-x86/clang-r487747c/bin
2026-08-19T11:48:51.2179697Z   OP_RUST_COMPILER: 
2026-08-19T11:48:51.2179894Z   OP_BINDGEN: 
2026-08-19T11:48:51.2180080Z   OP_RUST_BUILD: false
2026-08-19T11:48:51.2180286Z   OP_DISK_CLEANUP: false
2026-08-19T11:48:51.2180494Z   OP_HMBIRD: false
2026-08-19T11:48:51.2180683Z   OP_SUSFS: true
2026-08-19T11:48:51.2180865Z   OP_OPT: true
2026-08-19T11:48:51.2181040Z   OP_DS: true
2026-08-19T11:48:51.2181218Z   OP_BBG: true
2026-08-19T11:48:51.2181398Z   OP_BBR: true
2026-08-19T11:48:51.2181581Z   OP_BBR3: true
2026-08-19T11:48:51.2181872Z   OP_TTL: true
2026-08-19T11:48:51.2182057Z   OP_IP_SET: true
2026-08-19T11:48:51.2182288Z   OP_UNICODE: true
2026-08-19T11:48:51.2182628Z   OP_NTSYNC: true
2026-08-19T11:48:51.2184554Z   OP_BLACKLIST_MODULES: kernelsu,oplus_security_guard,oplus_qr_scan,oplus_score,oplus_vip_task,oplus_dns_cache,oplus_network_linkpower_module,oplus_data_module,oplus_secure_harden,oplus_security_keventupload,oplus_secure_guard_new,oplus_secure_guard,coresight_tpda,coresight_tgu,coresight_trace_noc,coresight_cti,coresight_qmi,coresight_dummy,coresight_remote_etm,coresight_tpdm,coresight_uetm,coresight_stm,coresight_tmc_sec,f_fs_ipc_log,qcom_iommu_debug,qti_battery_debug,rdbg,stm_heartbeat,stm_p_ost,stm_core,stm_ftrace,stm_console,spmi_pmic_arb_debug
2026-08-19T11:48:51.2186659Z   OP_UNAME: OP-WILD
2026-08-19T11:48:51.2186870Z   CONFIG: OP-ACE-3-PRO-6.1.75
2026-08-19T11:48:51.2187109Z   REPO: /usr/local/bin/repo
2026-08-19T11:48:51.2187534Z   CONFIG_FOLDER: /home/runner/work/OnePlus_KernelSU_SUSFS/OnePlus_KernelSU_SUSFS/OP-ACE-3-PRO-6.1.75
2026-08-19T11:48:51.2188238Z   ARTIFACTS_FOLDER: /home/runner/work/OnePlus_KernelSU_SUSFS/OnePlus_KernelSU_SUSFS/OP-ACE-3-PRO-6.1.75/artifacts
2026-08-19T11:48:51.2189027Z   KERNEL_PLATFORM_FOLDER: /home/runner/work/OnePlus_KernelSU_SUSFS/OnePlus_KernelSU_SUSFS/OP-ACE-3-PRO-6.1.75/kernel_platform
2026-08-19T11:48:51.2189879Z   COMMON_KERNEL_FOLDER: /home/runner/work/OnePlus_KernelSU_SUSFS/OnePlus_KernelSU_SUSFS/OP-ACE-3-PRO-6.1.75/kernel_platform/common
2026-08-19T11:48:51.2190727Z   MSM_KERNEL_FOLDER: /home/runner/work/OnePlus_KernelSU_SUSFS/OnePlus_KernelSU_SUSFS/OP-ACE-3-PRO-6.1.75/kernel_platform/msm-kernel
2026-08-19T11:48:51.2191516Z   AK3_FOLDER: /home/runner/work/OnePlus_KernelSU_SUSFS/OnePlus_KernelSU_SUSFS/OP-ACE-3-PRO-6.1.75/AnyKernel3
2026-08-19T11:48:51.2192499Z   DEBUG_ARTIFACTS_FOLDER: /home/runner/work/OnePlus_KernelSU_SUSFS/OnePlus_KernelSU_SUSFS/debug_artifacts
2026-08-19T11:48:51.2193188Z   KERNEL_PATCHES_FOLDER: /home/runner/work/OnePlus_KernelSU_SUSFS/OnePlus_KernelSU_SUSFS/kernel_patches
2026-08-19T11:48:51.2193806Z   SUSFS_FOLDER: /home/runner/work/OnePlus_KernelSU_SUSFS/OnePlus_KernelSU_SUSFS/susfs4ksu
2026-08-19T11:48:51.2194616Z   KSU_FOLDER: /home/runner/work/OnePlus_KernelSU_SUSFS/OnePlus_KernelSU_SUSFS/OP-ACE-3-PRO-6.1.75/kernel_platform/KernelSU
2026-08-19T11:48:51.2195436Z   KSUN_FOLDER: /home/runner/work/OnePlus_KernelSU_SUSFS/OnePlus_KernelSU_SUSFS/OP-ACE-3-PRO-6.1.75/kernel_platform/KernelSU-Next
2026-08-19T11:48:51.2196021Z   DEBUG_ZIP_NAME: debug_OP-ACE-3-PRO-6.1.75_A15.zip
2026-08-19T11:48:51.2196312Z   ANDROID_VER: android14
2026-08-19T11:48:51.2196527Z   KERNEL_VER: 6.1
2026-08-19T11:48:51.2196721Z   TKERNEL_VER: 6.1.75
2026-08-19T11:48:51.2196936Z   KERNEL_FULL_VER: android14-6.1.75
2026-08-19T11:48:51.2197197Z   SUSFS_KERNEL_BRANCH: gki-android14-6.1
2026-08-19T11:48:51.2197456Z   BUILD_USER: OnePlus
2026-08-19T11:48:51.2197664Z   BUILD_HOST: ubuntu-build
2026-08-19T11:48:51.2198304Z   CLANG_BIN_PATH: /home/runner/work/OnePlus_KernelSU_SUSFS/OnePlus_KernelSU_SUSFS/OP-ACE-3-PRO-6.1.75/kernel_platform/prebuilts/clang/host/linux-x86/clang-r487747c/bin
2026-08-19T11:48:51.2199506Z   CLANG_VERSION: Android (10087095, +pgo, +bolt, +lto, -mlgo, based on r487747c) clang version 17.0.2 (https://android.googlesource.com/toolchain/llvm-project d9f89f4d16663d5012e5c09495f3b30ece3d2362)
2026-08-19T11:48:51.2200283Z   CLANG_VERSION_SHORT: 4e90edd6
2026-08-19T11:48:51.2200960Z   LIBCLANG_PATH: /home/runner/work/OnePlus_KernelSU_SUSFS/OnePlus_KernelSU_SUSFS/OP-ACE-3-PRO-6.1.75/kernel_platform/prebuilts/clang/host/linux-x86/clang-r487747c/bin/../lib
2026-08-19T11:48:51.2201662Z ##[endgroup]
2026-08-19T11:48:51.2261466Z ##[group]Fetch dependencies
2026-08-19T11:48:51.2261893Z Fetching SusFS and other dependencies...
2026-08-19T11:48:51.2263501Z ℹ️  Using default SUSFS branch for android14-6.1: gki-android14-6.1
2026-08-19T11:48:51.2279029Z 🔄 Attempt 1/3: cloning https://github.com/WildKernels/kernel_patches.git (main) [depth=1]
2026-08-19T11:48:51.2291378Z Cloning into 'kernel_patches'...
2026-08-19T11:48:52.0665378Z ✅ Success
2026-08-19T11:48:52.0665677Z Using SUSFS branch/commit: gki-android14-6.1
2026-08-19T11:48:52.0714209Z  Attempt 1/3: High-speed fetch for susfs4ksu (gki-android14-6.1)
2026-08-19T11:48:52.0765040Z 
2026-08-19T11:48:52.0765651Z 08/19 11:48:52 [[1;32mNOTICE[0m] Downloading 1 item(s)
2026-08-19T11:48:52.4196460Z 
2026-08-19T11:48:52.4197267Z 08/19 11:48:52 [[1;32mNOTICE[0m] Download complete: /dev/shm/susfs4ksu_gki-android14-6.1.tar.gz
2026-08-19T11:48:52.4197723Z 
2026-08-19T11:48:52.4197826Z Download Results:
2026-08-19T11:48:52.4198389Z gid   |stat|avg speed  |path/URI
2026-08-19T11:48:52.4198722Z ======+====+===========+=======================================================
2026-08-19T11:48:52.4199182Z 3cf57c|OK  |   258KiB/s|/dev/shm/susfs4ksu_gki-android14-6.1.tar.gz
2026-08-19T11:48:52.4199484Z 
2026-08-19T11:48:52.4199580Z Status Legend:
2026-08-19T11:48:52.4199811Z (OK):download completed.
2026-08-19T11:48:52.4292302Z ✅ Success: susfs4ksu synced
2026-08-19T11:48:52.4304265Z ✅ Dependencies cloned
2026-08-19T11:48:52.4305217Z ##[endgroup]
2026-08-19T11:48:52.4314759Z ##[end-action id=build.__run_15;outcome=success;conclusion=success;duration_ms=1226]
2026-08-19T11:48:52.4318437Z ##[start-action display=Clean Up ABI Protected Exports;id=build.__run_16]
2026-08-19T11:48:52.4335802Z ##[group]Run echo "::group::Clean Up ABI Protected Exports"
2026-08-19T11:48:52.4336208Z [36;1mecho "::group::Clean Up ABI Protected Exports"[0m
2026-08-19T11:48:52.4336516Z [36;1mset -euo pipefail[0m
2026-08-19T11:48:52.4336777Z [36;1mcd "$KERNEL_PLATFORM_FOLDER"[0m
2026-08-19T11:48:52.4337106Z [36;1mrm -f common/android/abi_gki_protected_exports_* || true[0m
2026-08-19T11:48:52.4337600Z [36;1msed -i 's/protected_modules = \[.*\]/protected_modules = []/' common/modules.bzl || true[0m
2026-08-19T11:48:52.4338036Z [36;1mecho "::endgroup::"[0m
2026-08-19T11:48:52.4376876Z shell: /usr/bin/bash --noprofile --norc -e -o pipefail {0}
2026-08-19T11:48:52.4377201Z env:
2026-08-19T11:48:52.4377530Z   CCACHE_DIR: /home/runner/work/OnePlus_KernelSU_SUSFS/OnePlus_KernelSU_SUSFS/.ccache
2026-08-19T11:48:52.4378101Z   CCACHE_MAXSIZE: 12G
2026-08-19T11:48:52.4378339Z   CCACHE_COMPILERCHECK: content
2026-08-19T11:48:52.4378707Z   CCACHE_BASEDIR: /home/runner/work/OnePlus_KernelSU_SUSFS/OnePlus_KernelSU_SUSFS
2026-08-19T11:48:52.4379099Z   CCACHE_NOHASHDIR: true
2026-08-19T11:48:52.4379331Z   CCACHE_IGNOREOPTIONS: --sysroot*
2026-08-19T11:48:52.4379581Z   CCACHE_COMPRESSION: true
2026-08-19T11:48:52.4379814Z   CCACHE_COMPRESSION_LEVEL: 3
2026-08-19T11:48:52.4380047Z   CCACHE_DIRECT: true
2026-08-19T11:48:52.4380251Z   CCACHE_FILE_CLONE: true
2026-08-19T11:48:52.4380466Z   CCACHE_INODE_CACHE: true
2026-08-19T11:48:52.4380688Z   CCACHE_IS_KERNEL_COMPILING: true
2026-08-19T11:48:52.4380922Z   CCACHE_UMASK: 002
2026-08-19T11:48:52.4381371Z   CCACHE_SLOPPINESS: file_macro,time_macros,include_file_mtime,include_file_ctime,pch_defines,system_headers,locale
2026-08-19T11:48:52.4382143Z   ACTION_REPO: 
2026-08-19T11:48:52.4382336Z   ACTION_REF: 
2026-08-19T11:48:52.4382536Z   OP_MODEL: OP-ACE-3-PRO-6.1.75
2026-08-19T11:48:52.4382772Z   OP_SOC: pineapple
2026-08-19T11:48:52.4382965Z   OP_BRANCH: wild/sm8650
2026-08-19T11:48:52.4383195Z   OP_MANIFEST: oneplus_ace3_pro_6.1.75_v.xml
2026-08-19T11:48:52.4383464Z   OP_ANDROID_VERSION: android14
2026-08-19T11:48:52.4383690Z   OP_KERNEL_VERSION: 6.1
2026-08-19T11:48:52.4383897Z   OP_OS_VERSION: A15
2026-08-19T11:48:52.4384089Z   OP_LTO: thin
2026-08-19T11:48:52.4384268Z   OP_ZYC_COMPILER: 
2026-08-19T11:48:52.4384607Z   OP_C_COMPILER: kernel_platform/prebuilts/clang/host/linux-x86/clang-r487747c/bin
2026-08-19T11:48:52.4384998Z   OP_RUST_COMPILER: 
2026-08-19T11:48:52.4385194Z   OP_BINDGEN: 
2026-08-19T11:48:52.4385376Z   OP_RUST_BUILD: false
2026-08-19T11:48:52.4385581Z   OP_DISK_CLEANUP: false
2026-08-19T11:48:52.4385785Z   OP_HMBIRD: false
2026-08-19T11:48:52.4385972Z   OP_SUSFS: true
2026-08-19T11:48:52.4386153Z   OP_OPT: true
2026-08-19T11:48:52.4386328Z   OP_DS: true
2026-08-19T11:48:52.4386501Z   OP_BBG: true
2026-08-19T11:48:52.4386676Z   OP_BBR: true
2026-08-19T11:48:52.4386856Z   OP_BBR3: true
2026-08-19T11:48:52.4387035Z   OP_TTL: true
2026-08-19T11:48:52.4387208Z   OP_IP_SET: true
2026-08-19T11:48:52.4387396Z   OP_UNICODE: true
2026-08-19T11:48:52.4387583Z   OP_NTSYNC: true
2026-08-19T11:48:52.4389490Z   OP_BLACKLIST_MODULES: kernelsu,oplus_security_guard,oplus_qr_scan,oplus_score,oplus_vip_task,oplus_dns_cache,oplus_network_linkpower_module,oplus_data_module,oplus_secure_harden,oplus_security_keventupload,oplus_secure_guard_new,oplus_secure_guard,coresight_tpda,coresight_tgu,coresight_trace_noc,coresight_cti,coresight_qmi,coresight_dummy,coresight_remote_etm,coresight_tpdm,coresight_uetm,coresight_stm,coresight_tmc_sec,f_fs_ipc_log,qcom_iommu_debug,qti_battery_debug,rdbg,stm_heartbeat,stm_p_ost,stm_core,stm_ftrace,stm_console,spmi_pmic_arb_debug
2026-08-19T11:48:52.4391609Z   OP_UNAME: OP-WILD
2026-08-19T11:48:52.4392040Z   CONFIG: OP-ACE-3-PRO-6.1.75
2026-08-19T11:48:52.4392288Z   REPO: /usr/local/bin/repo
2026-08-19T11:48:52.4392714Z   CONFIG_FOLDER: /home/runner/work/OnePlus_KernelSU_SUSFS/OnePlus_KernelSU_SUSFS/OP-ACE-3-PRO-6.1.75
2026-08-19T11:48:52.4393409Z   ARTIFACTS_FOLDER: /home/runner/work/OnePlus_KernelSU_SUSFS/OnePlus_KernelSU_SUSFS/OP-ACE-3-PRO-6.1.75/artifacts
2026-08-19T11:48:52.4394185Z   KERNEL_PLATFORM_FOLDER: /home/runner/work/OnePlus_KernelSU_SUSFS/OnePlus_KernelSU_SUSFS/OP-ACE-3-PRO-6.1.75/kernel_platform
2026-08-19T11:48:52.4395006Z   COMMON_KERNEL_FOLDER: /home/runner/work/OnePlus_KernelSU_SUSFS/OnePlus_KernelSU_SUSFS/OP-ACE-3-PRO-6.1.75/kernel_platform/common
2026-08-19T11:48:52.4395867Z   MSM_KERNEL_FOLDER: /home/runner/work/OnePlus_KernelSU_SUSFS/OnePlus_KernelSU_SUSFS/OP-ACE-3-PRO-6.1.75/kernel_platform/msm-kernel
2026-08-19T11:48:52.4396632Z   AK3_FOLDER: /home/runner/work/OnePlus_KernelSU_SUSFS/OnePlus_KernelSU_SUSFS/OP-ACE-3-PRO-6.1.75/AnyKernel3
2026-08-19T11:48:52.4397310Z   DEBUG_ARTIFACTS_FOLDER: /home/runner/work/OnePlus_KernelSU_SUSFS/OnePlus_KernelSU_SUSFS/debug_artifacts
2026-08-19T11:48:52.4398094Z   KERNEL_PATCHES_FOLDER: /home/runner/work/OnePlus_KernelSU_SUSFS/OnePlus_KernelSU_SUSFS/kernel_patches
2026-08-19T11:48:52.4398704Z   SUSFS_FOLDER: /home/runner/work/OnePlus_KernelSU_SUSFS/OnePlus_KernelSU_SUSFS/susfs4ksu
2026-08-19T11:48:52.4399377Z   KSU_FOLDER: /home/runner/work/OnePlus_KernelSU_SUSFS/OnePlus_KernelSU_SUSFS/OP-ACE-3-PRO-6.1.75/kernel_platform/KernelSU
2026-08-19T11:48:52.4400180Z   KSUN_FOLDER: /home/runner/work/OnePlus_KernelSU_SUSFS/OnePlus_KernelSU_SUSFS/OP-ACE-3-PRO-6.1.75/kernel_platform/KernelSU-Next
2026-08-19T11:48:52.4400761Z   DEBUG_ZIP_NAME: debug_OP-ACE-3-PRO-6.1.75_A15.zip
2026-08-19T11:48:52.4401051Z   ANDROID_VER: android14
2026-08-19T11:48:52.4401256Z   KERNEL_VER: 6.1
2026-08-19T11:48:52.4401444Z   TKERNEL_VER: 6.1.75
2026-08-19T11:48:52.4401654Z   KERNEL_FULL_VER: android14-6.1.75
2026-08-19T11:48:52.4402173Z   SUSFS_KERNEL_BRANCH: gki-android14-6.1
2026-08-19T11:48:52.4402430Z   BUILD_USER: OnePlus
2026-08-19T11:48:52.4402633Z   BUILD_HOST: ubuntu-build
2026-08-19T11:48:52.4403283Z   CLANG_BIN_PATH: /home/runner/work/OnePlus_KernelSU_SUSFS/OnePlus_KernelSU_SUSFS/OP-ACE-3-PRO-6.1.75/kernel_platform/prebuilts/clang/host/linux-x86/clang-r487747c/bin
2026-08-19T11:48:52.4404489Z   CLANG_VERSION: Android (10087095, +pgo, +bolt, +lto, -mlgo, based on r487747c) clang version 17.0.2 (https://android.googlesource.com/toolchain/llvm-project d9f89f4d16663d5012e5c09495f3b30ece3d2362)
2026-08-19T11:48:52.4405257Z   CLANG_VERSION_SHORT: 4e90edd6
2026-08-19T11:48:52.4405930Z   LIBCLANG_PATH: /home/runner/work/OnePlus_KernelSU_SUSFS/OnePlus_KernelSU_SUSFS/OP-ACE-3-PRO-6.1.75/kernel_platform/prebuilts/clang/host/linux-x86/clang-r487747c/bin/../lib
2026-08-19T11:48:52.4406641Z   SUSFS_COMMIT_SHA: gki-android14-6.1
2026-08-19T11:48:52.4406886Z ##[endgroup]
2026-08-19T11:48:52.4464170Z ##[group]Clean Up ABI Protected Exports
2026-08-19T11:48:52.4491424Z ##[endgroup]
2026-08-19T11:48:52.4497623Z ##[end-action id=build.__run_16;outcome=success;conclusion=success;duration_ms=17]
2026-08-19T11:48:52.4499706Z ##[start-action display=Add KernelSU Next;id=build.__run_17]
2026-08-19T11:48:52.4516762Z ##[group]Run set -euo pipefail
2026-08-19T11:48:52.4517059Z [36;1mset -euo pipefail[0m
2026-08-19T11:48:52.4517306Z [36;1mecho "::group::Add KernelSU Next"[0m
2026-08-19T11:48:52.4517585Z [36;1mcd "$KERNEL_PLATFORM_FOLDER"[0m
2026-08-19T11:48:52.4517853Z [36;1mecho "Adding KernelSU Next..."[0m
2026-08-19T11:48:52.4518184Z [36;1mKSU_INPUT="234f6e040fcbca18b16d2398e1aa225712ec99ad"[0m
2026-08-19T11:48:52.4518669Z [36;1mif [ -z "$KSU_INPUT" ]; then[0m
2026-08-19T11:48:52.4519304Z [36;1m  curl --fail --location --proto '=https' -LSs "https://raw.githubusercontent.com/KernelSU-Next/KernelSU-Next/next/kernel/setup.sh" | bash -[0m
2026-08-19T11:48:52.4519921Z [36;1melse[0m
2026-08-19T11:48:52.4520514Z [36;1m  curl --fail --location --proto '=https' -LSs "https://raw.githubusercontent.com/KernelSU-Next/KernelSU-Next/next/kernel/setup.sh" | bash -s "$KSU_INPUT"[0m
2026-08-19T11:48:52.4521194Z [36;1mfi[0m
2026-08-19T11:48:52.4521479Z [36;1mgit submodule update --init --recursive[0m
2026-08-19T11:48:52.4522028Z [36;1mcd KernelSU-Next/kernel[0m
2026-08-19T11:48:52.4522328Z [36;1m[0m
2026-08-19T11:48:52.4522577Z [36;1mCOMMITS_COUNT=$(/usr/bin/git rev-list --count HEAD)[0m
2026-08-19T11:48:52.4522886Z [36;1m[0m
2026-08-19T11:48:52.4523083Z [36;1mif [ $COMMITS_COUNT -lt 2684 ]; then[0m
2026-08-19T11:48:52.4523357Z [36;1m  BASE_VERSION=10200[0m
2026-08-19T11:48:52.4523590Z [36;1melse[0m
2026-08-19T11:48:52.4523779Z [36;1m  BASE_VERSION=30000[0m
2026-08-19T11:48:52.4523990Z [36;1mfi[0m
2026-08-19T11:48:52.4524161Z [36;1m[0m
2026-08-19T11:48:52.4524393Z [36;1mKSU_VERSION=$(expr $COMMITS_COUNT "+" $BASE_VERSION)[0m
2026-08-19T11:48:52.4524818Z [36;1msed -i "s/DKSU_VERSION=11998/DKSU_VERSION=${KSU_VERSION}/" Makefile[0m
2026-08-19T11:48:52.4525171Z [36;1m[0m
2026-08-19T11:48:52.4525354Z [36;1mif [ -f ksu.c ]; then[0m
2026-08-19T11:48:52.4526024Z [36;1m  sed -i 's/#if defined(CONFIG_STACKPROTECTOR) && (defined(CONFIG_ARM64) && !defined(CONFIG_STACKPROTECTOR_PER_TASK))/#if 0/' ksu.c[0m
2026-08-19T11:48:52.4526573Z [36;1mfi[0m
2026-08-19T11:48:52.4526745Z [36;1m[0m
2026-08-19T11:48:52.4526994Z [36;1mif [[ "$KSU_VERSION" -gt 33095 ]] && [[ "6.1" == "6.12" ]]; then[0m
2026-08-19T11:48:52.4527745Z [36;1m  sed -i 's|ccflags-y += -I$(KSU_KERNEL_DIR) -I$(KSU_KERNEL_DIR)/include|ccflags-y += -I$(KSU_KERNEL_DIR) -I$(KSU_KERNEL_DIR)/include -I$(KSU_KERNEL_DIR)/include/uapi|' Kbuild[0m
2026-08-19T11:48:52.4528471Z [36;1m  sed -i 's|$(src)|$(abspath $(src))|' Kbuild[0m
2026-08-19T11:48:52.4528848Z [36;1m  sed -i 's|$(srctree)/$(src)|$(abspath $(srctree)/$(src))|' Kbuild[0m
2026-08-19T11:48:52.4529184Z [36;1mfi[0m
2026-08-19T11:48:52.4529381Z [36;1m[0m
2026-08-19T11:48:52.4529580Z [36;1mif [ "$KSU_VERSION" -lt 12884 ]; then[0m
2026-08-19T11:48:52.4529880Z [36;1m  echo "NEED_HOOKS=true" >> $GITHUB_ENV[0m
2026-08-19T11:48:52.4530149Z [36;1melse[0m
2026-08-19T11:48:52.4530365Z [36;1m  echo "NEED_HOOKS=false" >> $GITHUB_ENV[0m
2026-08-19T11:48:52.4530636Z [36;1mfi[0m
2026-08-19T11:48:52.4530813Z [36;1m[0m
2026-08-19T11:48:52.4530984Z [36;1mcd ..[0m
2026-08-19T11:48:52.4531204Z [36;1mKSU_COMMIT_SHA=$(git rev-parse HEAD)[0m
2026-08-19T11:48:52.4531552Z [36;1mecho "KSU_COMMIT_SHA=$KSU_COMMIT_SHA" >> $GITHUB_ENV[0m
2026-08-19T11:48:52.4532137Z [36;1m[0m
2026-08-19T11:48:52.4532348Z [36;1m[0m
2026-08-19T11:48:52.4532565Z [36;1mecho "Add KSUN Configuration Settings"[0m
2026-08-19T11:48:52.4532981Z [36;1mcat >> "$COMMON_KERNEL_FOLDER/arch/arm64/configs/gki_defconfig" <<EOF[0m
2026-08-19T11:48:52.4533353Z [36;1mCONFIG_KSU=y[0m
2026-08-19T11:48:52.4533573Z [36;1mCONFIG_KSU_KPROBES_HOOK=n[0m
2026-08-19T11:48:52.4533812Z [36;1mEOF[0m
2026-08-19T11:48:52.4533990Z [36;1m[0m
2026-08-19T11:48:52.4534265Z [36;1mecho "KSUN" >> "${ARTIFACTS_FOLDER}/${OP_MODEL}_${OP_OS_VERSION}.txt"[0m
2026-08-19T11:48:52.4534745Z [36;1mecho "$KSU_VERSION" >> "${ARTIFACTS_FOLDER}/${OP_MODEL}_${OP_OS_VERSION}.txt"[0m
2026-08-19T11:48:52.4535168Z [36;1mecho "KSUVER=$KSU_VERSION" >> $GITHUB_ENV[0m
2026-08-19T11:48:52.4535487Z [36;1mecho "KernelSU Next Version: $KSU_VERSION"[0m
2026-08-19T11:48:52.4535867Z [36;1mecho "✅ KernelSU Next added (commit: ${KSU_COMMIT_SHA:0:8})"[0m
2026-08-19T11:48:52.4536234Z [36;1mecho "::endgroup::"[0m
2026-08-19T11:48:52.4571138Z shell: /usr/bin/bash --noprofile --norc -e -o pipefail {0}
2026-08-19T11:48:52.4571474Z env:
2026-08-19T11:48:52.4572183Z   CCACHE_DIR: /home/runner/work/OnePlus_KernelSU_SUSFS/OnePlus_KernelSU_SUSFS/.ccache
2026-08-19T11:48:52.4572605Z   CCACHE_MAXSIZE: 12G
2026-08-19T11:48:52.4572975Z   CCACHE_COMPILERCHECK: content
2026-08-19T11:48:52.4573342Z   CCACHE_BASEDIR: /home/runner/work/OnePlus_KernelSU_SUSFS/OnePlus_KernelSU_SUSFS
2026-08-19T11:48:52.4573733Z   CCACHE_NOHASHDIR: true
2026-08-19T11:48:52.4573964Z   CCACHE_IGNOREOPTIONS: --sysroot*
2026-08-19T11:48:52.4574213Z   CCACHE_COMPRESSION: true
2026-08-19T11:48:52.4574440Z   CCACHE_COMPRESSION_LEVEL: 3
2026-08-19T11:48:52.4574681Z   CCACHE_DIRECT: true
2026-08-19T11:48:52.4574889Z   CCACHE_FILE_CLONE: true
2026-08-19T11:48:52.4575103Z   CCACHE_INODE_CACHE: true
2026-08-19T11:48:52.4575326Z   CCACHE_IS_KERNEL_COMPILING: true
2026-08-19T11:48:52.4575563Z   CCACHE_UMASK: 002
2026-08-19T11:48:52.4576014Z   CCACHE_SLOPPINESS: file_macro,time_macros,include_file_mtime,include_file_ctime,pch_defines,system_headers,locale
2026-08-19T11:48:52.4576524Z   ACTION_REPO: 
2026-08-19T11:48:52.4576720Z   ACTION_REF: 
2026-08-19T11:48:52.4576922Z   OP_MODEL: OP-ACE-3-PRO-6.1.75
2026-08-19T11:48:52.4577155Z   OP_SOC: pineapple
2026-08-19T11:48:52.4577350Z   OP_BRANCH: wild/sm8650
2026-08-19T11:48:52.4577584Z   OP_MANIFEST: oneplus_ace3_pro_6.1.75_v.xml
2026-08-19T11:48:52.4577855Z   OP_ANDROID_VERSION: android14
2026-08-19T11:48:52.4578081Z   OP_KERNEL_VERSION: 6.1
2026-08-19T11:48:52.4578285Z   OP_OS_VERSION: A15
2026-08-19T11:48:52.4578479Z   OP_LTO: thin
2026-08-19T11:48:52.4578660Z   OP_ZYC_COMPILER: 
2026-08-19T11:48:52.4579123Z   OP_C_COMPILER: kernel_platform/prebuilts/clang/host/linux-x86/clang-r487747c/bin
2026-08-19T11:48:52.4579523Z   OP_RUST_COMPILER: 
2026-08-19T11:48:52.4579715Z   OP_BINDGEN: 
2026-08-19T11:48:52.4579898Z   OP_RUST_BUILD: false
2026-08-19T11:48:52.4580103Z   OP_DISK_CLEANUP: false
2026-08-19T11:48:52.4580307Z   OP_HMBIRD: false
2026-08-19T11:48:52.4580493Z   OP_SUSFS: true
2026-08-19T11:48:52.4580674Z   OP_OPT: true
2026-08-19T11:48:52.4580856Z   OP_DS: true
2026-08-19T11:48:52.4581032Z   OP_BBG: true
2026-08-19T11:48:52.4581208Z   OP_BBR: true
2026-08-19T11:48:52.4581383Z   OP_BBR3: true
2026-08-19T11:48:52.4581561Z   OP_TTL: true
2026-08-19T11:48:52.4581739Z   OP_IP_SET: true
2026-08-19T11:48:52.4582140Z   OP_UNICODE: true
2026-08-19T11:48:52.4582326Z   OP_NTSYNC: true
2026-08-19T11:48:52.4584245Z   OP_BLACKLIST_MODULES: kernelsu,oplus_security_guard,oplus_qr_scan,oplus_score,oplus_vip_task,oplus_dns_cache,oplus_network_linkpower_module,oplus_data_module,oplus_secure_harden,oplus_security_keventupload,oplus_secure_guard_new,oplus_secure_guard,coresight_tpda,coresight_tgu,coresight_trace_noc,coresight_cti,coresight_qmi,coresight_dummy,coresight_remote_etm,coresight_tpdm,coresight_uetm,coresight_stm,coresight_tmc_sec,f_fs_ipc_log,qcom_iommu_debug,qti_battery_debug,rdbg,stm_heartbeat,stm_p_ost,stm_core,stm_ftrace,stm_console,spmi_pmic_arb_debug
2026-08-19T11:48:52.4586237Z   OP_UNAME: OP-WILD
2026-08-19T11:48:52.4586445Z   CONFIG: OP-ACE-3-PRO-6.1.75
2026-08-19T11:48:52.4586682Z   REPO: /usr/local/bin/repo
2026-08-19T11:48:52.4587103Z   CONFIG_FOLDER: /home/runner/work/OnePlus_KernelSU_SUSFS/OnePlus_KernelSU_SUSFS/OP-ACE-3-PRO-6.1.75
2026-08-19T11:48:52.4587804Z   ARTIFACTS_FOLDER: /home/runner/work/OnePlus_KernelSU_SUSFS/OnePlus_KernelSU_SUSFS/OP-ACE-3-PRO-6.1.75/artifacts
2026-08-19T11:48:52.4588584Z   KERNEL_PLATFORM_FOLDER: /home/runner/work/OnePlus_KernelSU_SUSFS/OnePlus_KernelSU_SUSFS/OP-ACE-3-PRO-6.1.75/kernel_platform
2026-08-19T11:48:52.4589421Z   COMMON_KERNEL_FOLDER: /home/runner/work/OnePlus_KernelSU_SUSFS/OnePlus_KernelSU_SUSFS/OP-ACE-3-PRO-6.1.75/kernel_platform/common
2026-08-19T11:48:52.4590297Z   MSM_KERNEL_FOLDER: /home/runner/work/OnePlus_KernelSU_SUSFS/OnePlus_KernelSU_SUSFS/OP-ACE-3-PRO-6.1.75/kernel_platform/msm-kernel
2026-08-19T11:48:52.4591081Z   AK3_FOLDER: /home/runner/work/OnePlus_KernelSU_SUSFS/OnePlus_KernelSU_SUSFS/OP-ACE-3-PRO-6.1.75/AnyKernel3
2026-08-19T11:48:52.4591972Z   DEBUG_ARTIFACTS_FOLDER: /home/runner/work/OnePlus_KernelSU_SUSFS/OnePlus_KernelSU_SUSFS/debug_artifacts
2026-08-19T11:48:52.4592822Z   KERNEL_PATCHES_FOLDER: /home/runner/work/OnePlus_KernelSU_SUSFS/OnePlus_KernelSU_SUSFS/kernel_patches
2026-08-19T11:48:52.4593440Z   SUSFS_FOLDER: /home/runner/work/OnePlus_KernelSU_SUSFS/OnePlus_KernelSU_SUSFS/susfs4ksu
2026-08-19T11:48:52.4594126Z   KSU_FOLDER: /home/runner/work/OnePlus_KernelSU_SUSFS/OnePlus_KernelSU_SUSFS/OP-ACE-3-PRO-6.1.75/kernel_platform/KernelSU
2026-08-19T11:48:52.4594944Z   KSUN_FOLDER: /home/runner/work/OnePlus_KernelSU_SUSFS/OnePlus_KernelSU_SUSFS/OP-ACE-3-PRO-6.1.75/kernel_platform/KernelSU-Next
2026-08-19T11:48:52.4595528Z   DEBUG_ZIP_NAME: debug_OP-ACE-3-PRO-6.1.75_A15.zip
2026-08-19T11:48:52.4595819Z   ANDROID_VER: android14
2026-08-19T11:48:52.4596030Z   KERNEL_VER: 6.1
2026-08-19T11:48:52.4596219Z   TKERNEL_VER: 6.1.75
2026-08-19T11:48:52.4596434Z   KERNEL_FULL_VER: android14-6.1.75
2026-08-19T11:48:52.4596693Z   SUSFS_KERNEL_BRANCH: gki-android14-6.1
2026-08-19T11:48:52.4596952Z   BUILD_USER: OnePlus
2026-08-19T11:48:52.4597156Z   BUILD_HOST: ubuntu-build
2026-08-19T11:48:52.4597790Z   CLANG_BIN_PATH: /home/runner/work/OnePlus_KernelSU_SUSFS/OnePlus_KernelSU_SUSFS/OP-ACE-3-PRO-6.1.75/kernel_platform/prebuilts/clang/host/linux-x86/clang-r487747c/bin
2026-08-19T11:48:52.4598978Z   CLANG_VERSION: Android (10087095, +pgo, +bolt, +lto, -mlgo, based on r487747c) clang version 17.0.2 (https://android.googlesource.com/toolchain/llvm-project d9f89f4d16663d5012e5c09495f3b30ece3d2362)
2026-08-19T11:48:52.4599758Z   CLANG_VERSION_SHORT: 4e90edd6
2026-08-19T11:48:52.4600551Z   LIBCLANG_PATH: /home/runner/work/OnePlus_KernelSU_SUSFS/OnePlus_KernelSU_SUSFS/OP-ACE-3-PRO-6.1.75/kernel_platform/prebuilts/clang/host/linux-x86/clang-r487747c/bin/../lib
2026-08-19T11:48:52.4601271Z   SUSFS_COMMIT_SHA: gki-android14-6.1
2026-08-19T11:48:52.4601519Z ##[endgroup]
2026-08-19T11:48:52.4659257Z ##[group]Add KernelSU Next
2026-08-19T11:48:52.4659515Z Adding KernelSU Next...
2026-08-19T11:48:52.6299652Z [+] Setting up KernelSU-Next...
2026-08-19T11:48:52.6314705Z Cloning into 'KernelSU-Next'...
2026-08-19T11:48:54.2077204Z [+] Repository cloned.
2026-08-19T11:48:54.2349417Z No local changes to save
2026-08-19T11:48:54.2352691Z [-] Stashed current changes.
2026-08-19T11:48:54.5838214Z Already up to date.
2026-08-19T11:48:54.5843423Z [+] Repository updated.
2026-08-19T11:48:54.6124949Z Note: switching to '234f6e040fcbca18b16d2398e1aa225712ec99ad'.
2026-08-19T11:48:54.6125609Z 
2026-08-19T11:48:54.6126185Z You are in 'detached HEAD' state. You can look around, make experimental
2026-08-19T11:48:54.6127112Z changes and commit them, and you can discard any commits you make in this
2026-08-19T11:48:54.6127991Z state without impacting any branches by switching back to a branch.
2026-08-19T11:48:54.6128543Z 
2026-08-19T11:48:54.6129035Z If you want to create a new branch to retain commits you create, you may
2026-08-19T11:48:54.6129777Z do so (now or later) by using -c with the switch command. Example:
2026-08-19T11:48:54.6130235Z 
2026-08-19T11:48:54.6130394Z   git switch -c <new-branch-name>
2026-08-19T11:48:54.6130684Z 
2026-08-19T11:48:54.6130836Z Or undo this operation with:
2026-08-19T11:48:54.6131102Z 
2026-08-19T11:48:54.6131230Z   git switch -
2026-08-19T11:48:54.6131422Z 
2026-08-19T11:48:54.6131993Z Turn off this advice by setting config variable advice.detachedHead to false
2026-08-19T11:48:54.6132543Z 
2026-08-19T11:48:54.6133158Z HEAD is now at 234f6e04 refactor(kernel): Drop v1 signature verification (https://github.com/tiann/KernelSU/pull/3628)
2026-08-19T11:48:54.6134174Z [-] Checked out 234f6e040fcbca18b16d2398e1aa225712ec99ad.
2026-08-19T11:48:54.6167431Z [+] Symlink created.
2026-08-19T11:48:54.6182050Z [+] Modified Makefile.
2026-08-19T11:48:54.6211242Z [+] Modified Kconfig.
2026-08-19T11:48:54.6211591Z [+] Done.
2026-08-19T11:48:54.6856426Z Add KSUN Configuration Settings
2026-08-19T11:48:54.6868546Z KernelSU Next Version: 33239
2026-08-19T11:48:54.6869193Z ✅ KernelSU Next added (commit: 234f6e04)
2026-08-19T11:48:54.6870034Z ##[endgroup]
2026-08-19T11:48:54.6877755Z ##[end-action id=build.__run_17;outcome=success;conclusion=success;duration_ms=2237]
2026-08-19T11:48:54.6879957Z ##[start-action display=Add KernelSU;id=build.__run_18]
2026-08-19T11:48:54.6883761Z ##[end-action id=build.__run_18;outcome=skipped;conclusion=skipped;duration_ms=0]
2026-08-19T11:48:54.6885576Z ##[start-action display=Apply SUSFS Patches;id=build.__run_19]
2026-08-19T11:48:54.6905996Z ##[group]Run set -euo pipefail
2026-08-19T11:48:54.6906713Z [36;1mset -euo pipefail[0m
2026-08-19T11:48:54.6906993Z [36;1mecho "::group::Apply SUSFS patches"[0m
2026-08-19T11:48:54.6907300Z [36;1mcd "$KERNEL_PLATFORM_FOLDER"[0m
2026-08-19T11:48:54.6907618Z [36;1mecho "Applying SUSFS patches..."[0m
2026-08-19T11:48:54.6907993Z [36;1mcp "$SUSFS_FOLDER/kernel_patches/fs/"* "$COMMON_KERNEL_FOLDER/fs/"[0m
2026-08-19T11:48:54.6908531Z [36;1mcp "$SUSFS_FOLDER/kernel_patches/include/linux/"* "$COMMON_KERNEL_FOLDER/include/linux/"[0m
2026-08-19T11:48:54.6908971Z [36;1m[0m
2026-08-19T11:48:54.6909417Z [36;1msusfs_version=$(grep '#define SUSFS_VERSION' "$COMMON_KERNEL_FOLDER/include/linux/susfs.h" | awk -F'"' '{print $2}')[0m
2026-08-19T11:48:54.6909977Z [36;1mecho "SUSVER=$susfs_version" >> $GITHUB_ENV[0m
2026-08-19T11:48:54.6910393Z [36;1mecho "$susfs_version" >> "${ARTIFACTS_FOLDER}/${OP_MODEL}_${OP_OS_VERSION}.txt"[0m
2026-08-19T11:48:54.6910814Z [36;1mecho "SusFS Version: $susfs_version"[0m
2026-08-19T11:48:54.6911080Z [36;1m[0m
2026-08-19T11:48:54.6911293Z [36;1m# Function to compare semantic versions[0m
2026-08-19T11:48:54.6911759Z [36;1mversion_lte() {[0m
2026-08-19T11:48:54.6912342Z [36;1m  [ "$(printf '%s\n' "$2" "$1" | sort -V | head -n1)" = "$1" ][0m
2026-08-19T11:48:54.6912665Z [36;1m}[0m
2026-08-19T11:48:54.6912842Z [36;1m[0m
2026-08-19T11:48:54.6913069Z [36;1mif version_lte "${susfs_version:1}" "1.5.12"; then[0m
2026-08-19T11:48:54.6913397Z [36;1m  echo "NEED_HOOKS=true" >> $GITHUB_ENV[0m
2026-08-19T11:48:54.6913670Z [36;1melse[0m
2026-08-19T11:48:54.6913904Z [36;1m  echo "NEED_HOOKS=false" >> $GITHUB_ENV[0m
2026-08-19T11:48:54.6914186Z [36;1mfi[0m
2026-08-19T11:48:54.6925439Z [36;1m[0m
2026-08-19T11:48:54.6925772Z [36;1mcase "$susfs_version" in[0m
2026-08-19T11:48:54.6926171Z [36;1m  "v1.5.8")[0m
2026-08-19T11:48:54.6926438Z [36;1m    if [ "KSUN" = "KSUN" ]; then[0m
2026-08-19T11:48:54.6926965Z [36;1m      patch -p1 --forward --fuzz=3 < "$SUSFS_FOLDER/kernel_patches/KernelSU/10_enable_susfs_for_ksu.patch" || true[0m
2026-08-19T11:48:54.6927768Z [36;1m      patch -p1 --forward --fuzz=3 < "$KERNEL_PATCHES_FOLDER/next/susfs_fix_patches/$susfs_version/fix_apk_sign.c.patch"[0m
2026-08-19T11:48:54.6928596Z [36;1m      patch -p1 --forward --fuzz=3 < "$KERNEL_PATCHES_FOLDER/next/susfs_fix_patches/$susfs_version/fix_core_hook.c.patch"[0m
2026-08-19T11:48:54.6929378Z [36;1m      patch -p1 --forward --fuzz=3 < "$KERNEL_PATCHES_FOLDER/next/susfs_fix_patches/$susfs_version/fix_selinux.c.patch"[0m
2026-08-19T11:48:54.6930144Z [36;1m      patch -p1 --forward --fuzz=3 < "$KERNEL_PATCHES_FOLDER/next/susfs_fix_patches/$susfs_version/fix_ksud.c.patch"[0m
2026-08-19T11:48:54.6930671Z [36;1m    else[0m
2026-08-19T11:48:54.6930894Z [36;1m      cd "$KSU_FOLDER"[0m
2026-08-19T11:48:54.6931352Z [36;1m      patch -p1 --forward --fuzz=3 < "$SUSFS_FOLDER/kernel_patches/KernelSU/10_enable_susfs_for_ksu.patch"[0m
2026-08-19T11:48:54.6932150Z [36;1m    fi[0m
2026-08-19T11:48:54.6932352Z [36;1m    ;;[0m
2026-08-19T11:48:54.6932574Z [36;1m  "v1.5.9"|"v1.5.10"|"v1.5.11"|"v1.5.12")[0m
2026-08-19T11:48:54.6932872Z [36;1m    if [ "KSUN" = "KSUN" ]; then[0m
2026-08-19T11:48:54.6933140Z [36;1m      cd "$KSUN_FOLDER"[0m
2026-08-19T11:48:54.6933604Z [36;1m      patch -p1 --forward < "$SUSFS_FOLDER/kernel_patches/KernelSU/10_enable_susfs_for_ksu.patch" || true[0m
2026-08-19T11:48:54.6934260Z [36;1m      for file in $(find ./kernel -maxdepth 2 -name "*.rej" -printf "%f\n" | cut -d'.' -f1); do[0m
2026-08-19T11:48:54.6934962Z [36;1m        echo "Patching file: $file.c with fix_$file.c.patch"[0m
2026-08-19T11:48:54.6935526Z [36;1m        patch -p1 --forward < "$KERNEL_PATCHES_FOLDER/next/susfs_fix_patches/$susfs_version/fix_$file.c.patch"[0m
2026-08-19T11:48:54.6936010Z [36;1m      done[0m
2026-08-19T11:48:54.6936488Z [36;1m      patch -p1 --forward < "$KERNEL_PATCHES_FOLDER/next/susfs_fix_patches/$susfs_version/fix_kernel_compat.c.patch"[0m
2026-08-19T11:48:54.6937013Z [36;1m    else[0m
2026-08-19T11:48:54.6937212Z [36;1m      cd "$KSU_FOLDER"[0m
2026-08-19T11:48:54.6937648Z [36;1m      patch -p1 --forward < "$SUSFS_FOLDER/kernel_patches/KernelSU/10_enable_susfs_for_ksu.patch"[0m
2026-08-19T11:48:54.6938094Z [36;1m    fi[0m
2026-08-19T11:48:54.6938274Z [36;1m    ;;[0m
2026-08-19T11:48:54.6938480Z [36;1m  "v2.0.0")[0m
2026-08-19T11:48:54.6938691Z [36;1m    if [ "KSUN" = "KSUN" ]; then[0m
2026-08-19T11:48:54.6938952Z [36;1m      cd "$KSUN_FOLDER"[0m
2026-08-19T11:48:54.6939404Z [36;1m      patch -p1 --forward < "$SUSFS_FOLDER/kernel_patches/KernelSU/10_enable_susfs_for_ksu.patch" || true[0m
2026-08-19T11:48:54.6940047Z [36;1m      for file in $(find ./kernel -maxdepth 2 -name "*.rej" -exec basename {} .rej \;); do[0m
2026-08-19T11:48:54.6940530Z [36;1m        echo "Patching file: $file with fix_$file.patch"[0m
2026-08-19T11:48:54.6941073Z [36;1m        patch -p1 --forward < "$KERNEL_PATCHES_FOLDER/next/susfs_fix_patches/$susfs_version/fix_$file.patch"[0m
2026-08-19T11:48:54.6941547Z [36;1m      done[0m
2026-08-19T11:48:54.6941991Z [36;1m      echo "Patching Hook Mode!"[0m
2026-08-19T11:48:54.6942653Z [36;1m      patch -p1 --forward < "$KERNEL_PATCHES_FOLDER/next/susfs_fix_patches/$susfs_version/overwrite_hook_mode.patch"[0m
2026-08-19T11:48:54.6943250Z [36;1m      echo "Patching KSU_TOOLKIT Support for SusFS kernel!"[0m
2026-08-19T11:48:54.6943821Z [36;1m      patch -p1 --forward < "$KERNEL_PATCHES_FOLDER/next/susfs_fix_patches/$susfs_version/ksu_toolkit.patch"[0m
2026-08-19T11:48:54.6944328Z [36;1m      if [ "$KSUVER" -le 33095 ]; then[0m
2026-08-19T11:48:54.6944681Z [36;1m        echo "Patching Multi-manager Support for SusFS kernel!"[0m
2026-08-19T11:48:54.6945253Z [36;1m        patch -p1 --forward < "$KERNEL_PATCHES_FOLDER/next/susfs_fix_patches/$susfs_version/multi_manager.patch"[0m
2026-08-19T11:48:54.6945737Z [36;1m      fi[0m
2026-08-19T11:48:54.6946012Z [36;1m      if [ "$KSUVER" -ge 33068 ] && [ "$KSUVER" -lt 33070 ]; then[0m
2026-08-19T11:48:54.6946468Z [36;1m        echo "Patching Multi-manager sepolicy Support for SusFS kernel!"[0m
2026-08-19T11:48:54.6947103Z [36;1m        patch -p1 --forward < "$KERNEL_PATCHES_FOLDER/next/susfs_fix_patches/$susfs_version/multi_sepolicy_fix.patch"[0m
2026-08-19T11:48:54.6947606Z [36;1m      fi[0m
2026-08-19T11:48:54.6947793Z [36;1m    else[0m
2026-08-19T11:48:54.6947982Z [36;1m      cd "$KSU_FOLDER"[0m
2026-08-19T11:48:54.6948434Z [36;1m      patch -p1 --forward < "$SUSFS_FOLDER/kernel_patches/KernelSU/10_enable_susfs_for_ksu.patch" || true[0m
2026-08-19T11:48:54.6948905Z [36;1m    fi[0m
2026-08-19T11:48:54.6949087Z [36;1m    ;;[0m
2026-08-19T11:48:54.6949267Z [36;1m  "v2.1.0")[0m
2026-08-19T11:48:54.6949478Z [36;1m    if [ "KSUN" = "KSUN" ]; then[0m
2026-08-19T11:48:54.6949740Z [36;1m      cd "$KSUN_FOLDER"[0m
2026-08-19T11:48:54.6950184Z [36;1m      patch -p1 --forward < "$SUSFS_FOLDER/kernel_patches/KernelSU/10_enable_susfs_for_ksu.patch" || true[0m
2026-08-19T11:48:54.6950820Z [36;1m      for file in $(find ./kernel -maxdepth 2 -name "*.rej" -exec basename {} .rej \;); do[0m
2026-08-19T11:48:54.6951306Z [36;1m        echo "Patching file: $file with fix_$file.patch"[0m
2026-08-19T11:48:54.6952127Z [36;1m        patch -p1 --forward < "$KERNEL_PATCHES_FOLDER/next/susfs_fix_patches/$susfs_version/fix_$file.patch"[0m
2026-08-19T11:48:54.6952631Z [36;1m      done[0m
2026-08-19T11:48:54.6952843Z [36;1m      echo "Patching Hook Mode!"[0m
2026-08-19T11:48:54.6953354Z [36;1m      patch -p1 --forward < "$KERNEL_PATCHES_FOLDER/next/susfs_fix_patches/$susfs_version/overwrite_hook_mode.patch"[0m
2026-08-19T11:48:54.6954079Z [36;1m      echo "Patching KSU_TOOLKIT Support for SusFS kernel!"[0m
2026-08-19T11:48:54.6954635Z [36;1m      patch -p1 --forward < "$KERNEL_PATCHES_FOLDER/next/susfs_fix_patches/$susfs_version/ksu_toolkit.patch"[0m
2026-08-19T11:48:54.6955135Z [36;1m      if [ "$KSUVER" -le 33095 ]; then[0m
2026-08-19T11:48:54.6955484Z [36;1m        echo "Patching Multi-manager Support for SusFS kernel!"[0m
2026-08-19T11:48:54.6956059Z [36;1m        patch -p1 --forward < "$KERNEL_PATCHES_FOLDER/next/susfs_fix_patches/$susfs_version/multi_manager.patch"[0m
2026-08-19T11:48:54.6956543Z [36;1m      fi[0m
2026-08-19T11:48:54.6956801Z [36;1m      if [ "$KSUVER" -ge 33068 ] && [ "$KSUVER" -lt 33070 ]; then[0m
2026-08-19T11:48:54.6957240Z [36;1m        echo "Patching Multi-manager sepolicy Support for SusFS kernel!"[0m
2026-08-19T11:48:54.6957860Z [36;1m        patch -p1 --forward < "$KERNEL_PATCHES_FOLDER/next/susfs_fix_patches/$susfs_version/multi_sepolicy_fix.patch"[0m
2026-08-19T11:48:54.6958364Z [36;1m      fi[0m
2026-08-19T11:48:54.6958545Z [36;1m    else[0m
2026-08-19T11:48:54.6958734Z [36;1m      cd "$KSU_FOLDER"[0m
2026-08-19T11:48:54.6959184Z [36;1m      patch -p1 --forward < "$SUSFS_FOLDER/kernel_patches/KernelSU/10_enable_susfs_for_ksu.patch" || true[0m
2026-08-19T11:48:54.6959655Z [36;1m    fi[0m
2026-08-19T11:48:54.6959841Z [36;1m    ;;[0m
2026-08-19T11:48:54.6960023Z [36;1m  "v2.2.0")[0m
2026-08-19T11:48:54.6960232Z [36;1m    if [ "KSUN" = "KSUN" ]; then[0m
2026-08-19T11:48:54.6960607Z [36;1m      cd "$KSUN_FOLDER"[0m
2026-08-19T11:48:54.6961055Z [36;1m      patch -p1 --forward < "$SUSFS_FOLDER/kernel_patches/KernelSU/10_enable_susfs_for_ksu.patch" || true[0m
2026-08-19T11:48:54.6961681Z [36;1m      for file in $(find ./kernel -maxdepth 2 -name "*.rej" -exec basename {} .rej \;); do[0m
2026-08-19T11:48:54.6962387Z [36;1m        echo "Patching file: $file with fix_$file.patch"[0m
2026-08-19T11:48:54.6962928Z [36;1m        patch -p1 --forward < "$KERNEL_PATCHES_FOLDER/next/susfs_fix_patches/$susfs_version/fix_$file.patch"[0m
2026-08-19T11:48:54.6963401Z [36;1m      done[0m
2026-08-19T11:48:54.6963627Z [36;1m      echo "Patching Hook Mode!"[0m
2026-08-19T11:48:54.6964143Z [36;1m      patch -p1 --forward < "$KERNEL_PATCHES_FOLDER/next/susfs_fix_patches/$susfs_version/overwrite_hook_mode.patch"[0m
2026-08-19T11:48:54.6964727Z [36;1m      echo "Patching KSU_TOOLKIT Support for SusFS kernel!"[0m
2026-08-19T11:48:54.6965282Z [36;1m      patch -p1 --forward < "$KERNEL_PATCHES_FOLDER/next/susfs_fix_patches/$susfs_version/ksu_toolkit.patch"[0m
2026-08-19T11:48:54.6965760Z [36;1m    else[0m
2026-08-19T11:48:54.6965959Z [36;1m      cd "$KSU_FOLDER"[0m
2026-08-19T11:48:54.6966404Z [36;1m      patch -p1 --forward < "$SUSFS_FOLDER/kernel_patches/KernelSU/10_enable_susfs_for_ksu.patch" || true[0m
2026-08-19T11:48:54.6966871Z [36;1m    fi[0m
2026-08-19T11:48:54.6967053Z [36;1m    ;;[0m
2026-08-19T11:48:54.6967239Z [36;1m  *)[0m
2026-08-19T11:48:54.6967515Z [36;1m    echo "::error::Unsupported SUSFS version: $susfs_version"[0m
2026-08-19T11:48:54.6967850Z [36;1m    exit 1[0m
2026-08-19T11:48:54.6968038Z [36;1m    ;;[0m
2026-08-19T11:48:54.6968213Z [36;1mesac[0m
2026-08-19T11:48:54.6968389Z [36;1m[0m
2026-08-19T11:48:54.6968576Z [36;1mcd "$COMMON_KERNEL_FOLDER"[0m
2026-08-19T11:48:54.6968885Z [36;1mif [ "android14" = "android15" ] && [ "6.1" = "6.6" ]; then[0m
2026-08-19T11:48:54.6969309Z [36;1m  if ! grep -qxF '#include <trace/hooks/fs.h>' ./fs/namespace.c; then[0m
2026-08-19T11:48:54.6969835Z [36;1m    sed -i '/#include <trace\/hooks\/blk.h>/a #include <trace\/hooks\/fs.h>' ./fs/namespace.c[0m
2026-08-19T11:48:54.6970253Z [36;1m  fi[0m
2026-08-19T11:48:54.6970788Z [36;1m  if ! grep -qxF 'extern void __fold_filemap_fixup_entry(struct vma_iterator *iter, unsigned long *end);' ./include/linux/page_size_compat.h; then[0m
2026-08-19T11:48:54.6971550Z [36;1m    patch -p1 < "$KERNEL_PATCHES_FOLDER/common/backports/fold_fixup_entries.patch"[0m
2026-08-19T11:48:54.6972344Z [36;1m  fi[0m
2026-08-19T11:48:54.6972527Z [36;1mfi[0m
2026-08-19T11:48:54.6972714Z [36;1m[0m
2026-08-19T11:48:54.6972936Z [36;1m# Fake kernel patch to fix failures[0m
2026-08-19T11:48:54.6973214Z [36;1mfake_patched=0[0m
2026-08-19T11:48:54.6973438Z [36;1mfake_patched_expand=0[0m
2026-08-19T11:48:54.6973742Z [36;1mif [ "android14" = "android15" ] && [ "6.1" = "6.6" ]; then[0m
2026-08-19T11:48:54.6974269Z [36;1m  if ! grep -qxF $'\tunsigned int nr_subpages = __PAGE_SIZE / PAGE_SIZE;' ./fs/proc/task_mmu.c; then[0m
2026-08-19T11:48:54.6974782Z [36;1m    echo "nr_subpages Line not found. Fake Patching!"[0m
2026-08-19T11:48:54.6975518Z [36;1m    sed -i -e '/int ret = 0, copied = 0;/a \\tunsigned int nr_subpages \= __PAGE_SIZE \/ PAGE_SIZE;' -e '/int ret = 0, copied = 0;/a \\tpagemap_entry_t \*res = NULL;' ./fs/proc/task_mmu.c[0m
2026-08-19T11:48:54.6976193Z [36;1m    fake_patched=1[0m
2026-08-19T11:48:54.6976419Z [36;1m  fi[0m
2026-08-19T11:48:54.6976595Z [36;1m  [0m
2026-08-19T11:48:54.6976874Z [36;1m  if ! grep -qxF '#include <linux/dma-buf.h>' ./fs/proc/base.c; then[0m
2026-08-19T11:48:54.6977348Z [36;1m    echo "#include <linux/dma-buf.h> Line not found. Adding missing header"[0m
2026-08-19T11:48:54.6977909Z [36;1m    sed -i '/#include <linux\/cpufreq_times.h>/a #include <linux\/dma-buf.h>' ./fs/proc/base.c[0m
2026-08-19T11:48:54.6978333Z [36;1m  fi[0m
2026-08-19T11:48:54.6978509Z [36;1m  [0m
2026-08-19T11:48:54.6978892Z [36;1m  if ! grep -qxF '#include <linux/zswap.h>' ./mm/memory.c; then[0m
2026-08-19T11:48:54.6979349Z [36;1m    echo "#include <linux/zswap.h> Line not found. Adding missing header"[0m
2026-08-19T11:48:54.6979875Z [36;1m    sed -i '/#include <linux\/sched\/sysctl.h>/a #include <linux\/zswap.h>' ./mm/memory.c[0m
2026-08-19T11:48:54.6980278Z [36;1m  fi[0m
2026-08-19T11:48:54.6980451Z [36;1m  [0m
2026-08-19T11:48:54.6980922Z [36;1m  if grep -qF 'if (vma->vm_end > last_vma_end)' ./fs/proc/task_mmu.c && ! grep -qxF 'SUSFS_IS_INODE_SUS_MAP' ./fs/proc/task_mmu.c; then[0m
2026-08-19T11:48:54.6981610Z [36;1m    echo "Temporarily expand the last_vma_end if block to fix a matching issue."[0m
2026-08-19T11:48:54.6982954Z [36;1m    perl -i -0pe 's/\t\t\tif \(vma->vm_end > last_vma_end\)\n\t\t\t\tsmap_gather_stats\(vma, &mss, last_vma_end\);/\t\t\tif (vma->vm_end > last_vma_end) {\n\t\t\t\tsmap_gather_stats(vma, \&mss, last_vma_end);\n\t\t\t\tlast_vma_end = vma->vm_end;\n\t\t\t}/' ./fs/proc/task_mmu.c[0m
2026-08-19T11:48:54.6983890Z [36;1m    fake_patched_expand=1[0m
2026-08-19T11:48:54.6984132Z [36;1m  fi[0m
2026-08-19T11:48:54.6984308Z [36;1mfi[0m
2026-08-19T11:48:54.6984562Z [36;1mif [ "android14" = "android12" ] && [ "6.1" = "5.10" ]; then[0m
2026-08-19T11:48:54.6984986Z [36;1m  if ! grep -qxF $'\tif (!vma_pages(vma))' ./fs/proc/task_mmu.c; then[0m
2026-08-19T11:48:54.6985400Z [36;1m    echo "vma_pages Line not found. Fake Patching!"[0m
2026-08-19T11:48:54.6985718Z [36;1m    fake_patched=1[0m
2026-08-19T11:48:54.6985935Z [36;1m  fi[0m
2026-08-19T11:48:54.6986109Z [36;1mfi[0m
2026-08-19T11:48:54.6986356Z [36;1mif [ "android14" = "android13" ] && [ "6.1" = "5.15" ]; then[0m
2026-08-19T11:48:54.6986765Z [36;1m  if ! grep -qxF $'\tif (!vma_pages(vma))' ./fs/proc/task_mmu.c; then[0m
2026-08-19T11:48:54.6987163Z [36;1m    echo "vma_pages Line not found. Fake Patching!"[0m
2026-08-19T11:48:54.6987465Z [36;1m    fake_patched=1[0m
2026-08-19T11:48:54.6987674Z [36;1m  fi[0m
2026-08-19T11:48:54.6987851Z [36;1m  [0m
2026-08-19T11:48:54.6988131Z [36;1m  if grep -qxF '#include <linux/swap_slots.h>' ./mm/memory.c; then[0m
2026-08-19T11:48:54.6988560Z [36;1m    echo "#include swap_slots.h> Line found. Deleting header."[0m
2026-08-19T11:48:54.6988963Z [36;1m    sed -i '/#include <linux\/swap_slots.h>/d' ./mm/memory.c[0m
2026-08-19T11:48:54.6989295Z [36;1m    fake_patched=1[0m
2026-08-19T11:48:54.6989515Z [36;1m  fi[0m
2026-08-19T11:48:54.6989851Z [36;1mfi[0m
2026-08-19T11:48:54.6990039Z [36;1m[0m
2026-08-19T11:48:54.6990299Z [36;1mif [ "android14" = "android14" ] && [ "6.1" = "6.1" ]; then[0m
2026-08-19T11:48:54.6990707Z [36;1m  if ! grep -qxF $'\tif (!vma_pages(vma))' ./fs/proc/task_mmu.c; then[0m
2026-08-19T11:48:54.6991103Z [36;1m    echo "vma_pages Line not found. Fake Patching!"[0m
2026-08-19T11:48:54.6991407Z [36;1m    fake_patched=1[0m
2026-08-19T11:48:54.6991616Z [36;1m  fi[0m
2026-08-19T11:48:54.6991927Z [36;1m  [0m
2026-08-19T11:48:54.6992217Z [36;1m  if ! grep -qxF '#include <linux/dma-buf.h>' ./fs/proc/base.c; then[0m
2026-08-19T11:48:54.6992687Z [36;1m    echo "#include <linux/dma-buf.h> Line not found. Adding missing header"[0m
2026-08-19T11:48:54.6993249Z [36;1m    sed -i '/#include <linux\/cpufreq_times.h>/a #include <linux\/dma-buf.h>' ./fs/proc/base.c[0m
2026-08-19T11:48:54.6993676Z [36;1m  fi[0m
2026-08-19T11:48:54.6993849Z [36;1mfi[0m
2026-08-19T11:48:54.6994022Z [36;1m[0m
2026-08-19T11:48:54.6994392Z [36;1mpatch -p1 --forward < "$SUSFS_FOLDER/kernel_patches/50_add_susfs_in_gki-android14-6.1.patch"[0m
2026-08-19T11:48:54.6994833Z [36;1m[0m
2026-08-19T11:48:54.6995134Z [36;1m# SUSFS's OPEN_REDIRECT code unconditionally calls VMA_PAD_START(), which[0m
2026-08-19T11:48:54.6995625Z [36;1m# only exists on GKI branches that carry Google's page-size-migration[0m
2026-08-19T11:48:54.6996091Z [36;1m# feature (added to each android version's kernel/common branch at a[0m
2026-08-19T11:48:54.6996684Z [36;1m# different, sometime later, os_patch_level). Older os_patch_levels in[0m
2026-08-19T11:48:54.6997171Z [36;1m# our build matrix predate it, so fall back to a no-padding definition[0m
2026-08-19T11:48:54.6997660Z [36;1m# when the real header/macro isn't present. This is version-agnostic and[0m
2026-08-19T11:48:54.6998106Z [36;1m# a no-op wherever the real header already provides it.[0m
2026-08-19T11:48:54.6998814Z [36;1mif grep -q 'VMA_PAD_START(' ./fs/proc/task_mmu.c && ! grep -qE '#include <linux/pgsize_migration(_inline)?\.h>|define VMA_PAD_START' ./fs/proc/task_mmu.c; then[0m
2026-08-19T11:48:54.6999806Z [36;1m  sed -i '\|#include "internal.h"|a\\n#undef VMA_PAD_START\n#ifndef VMA_PAD_START\n#define VMA_PAD_START(vma) ((vma)->vm_end)\n#endif' fs/proc/task_mmu.c[0m
2026-08-19T11:48:54.7000516Z [36;1m  echo "Added VMA_PAD_START fallback definition to fs/proc/task_mmu.c"[0m
2026-08-19T11:48:54.7000871Z [36;1mfi[0m
2026-08-19T11:48:54.7001044Z [36;1m[0m
2026-08-19T11:48:54.7001235Z [36;1m# Revert Fake kernel patch[0m
2026-08-19T11:48:54.7001519Z [36;1mif [ "$fake_patched_expand" = 1 ]; then[0m
2026-08-19T11:48:54.7002014Z [36;1m  if [ "android14" = "android15" ] && [ "6.1" = "6.6" ]; then[0m
2026-08-19T11:48:54.7002688Z [36;1m    if grep -qF 'if (vma->vm_end > last_vma_end) {' ./fs/proc/task_mmu.c && ! grep -qxF 'SUSFS_IS_INODE_SUS_MAP' ./fs/proc/task_mmu.c; then[0m
2026-08-19T11:48:54.7003890Z [36;1m      perl -i -0pe 's/\t\t\tif \(vma->vm_end > last_vma_end\) \{\n\t\t\t\tsmap_gather_stats\(vma, &mss, last_vma_end\);\n\t\t\t\tlast_vma_end = vma->vm_end;\n\t\t\t\}/\t\t\tif (vma->vm_end > last_vma_end)\n\t\t\t\tsmap_gather_stats(vma, \&mss, last_vma_end);/' ./fs/proc/task_mmu.c[0m
2026-08-19T11:48:54.7004797Z [36;1m    fi[0m
2026-08-19T11:48:54.7004980Z [36;1m  fi[0m
2026-08-19T11:48:54.7005154Z [36;1mfi[0m
2026-08-19T11:48:54.7005323Z [36;1m[0m
2026-08-19T11:48:54.7005506Z [36;1mif [ "$fake_patched" = 1 ]; then[0m
2026-08-19T11:48:54.7005827Z [36;1m  if [ "android14" = "android15" ] && [ "6.1" = "6.6" ]; then[0m
2026-08-19T11:48:54.7006340Z [36;1m    if grep -qxF $'\tunsigned int nr_subpages = __PAGE_SIZE / PAGE_SIZE;' ./fs/proc/task_mmu.c; then[0m
2026-08-19T11:48:54.7006857Z [36;1m      echo "nr_subpages Line found. Revert Fake Patching!"[0m
2026-08-19T11:48:54.7007513Z [36;1m      sed -i -e '/unsigned int nr_subpages \= __PAGE_SIZE \/ PAGE_SIZE;/d' -e '/pagemap_entry_t \*res = NULL;/d' ./fs/proc/task_mmu.c[0m
2026-08-19T11:48:54.7008037Z [36;1m    fi[0m
2026-08-19T11:48:54.7008344Z [36;1m  fi[0m
2026-08-19T11:48:54.7008588Z [36;1m  if [ "android14" = "android12" ] && [ "6.1" = "5.10" ]; then[0m
2026-08-19T11:48:54.7008994Z [36;1m    if grep -qxF $'\t\t\tgoto show_pad;' ./fs/proc/task_mmu.c; then[0m
2026-08-19T11:48:54.7009394Z [36;1m      echo "vma_pages Line found. Revert Fake Patching!"[0m
2026-08-19T11:48:54.7009786Z [36;1m      sed -i -e 's/goto show_pad;/return 0;/' ./fs/proc/task_mmu.c[0m
2026-08-19T11:48:54.7010108Z [36;1m    fi[0m
2026-08-19T11:48:54.7010284Z [36;1m  fi[0m
2026-08-19T11:48:54.7010537Z [36;1m  if [ "android14" = "android13" ] && [ "6.1" = "5.15" ]; then[0m
2026-08-19T11:48:54.7010951Z [36;1m    if grep -qxF $'\t\t\tgoto show_pad;' ./fs/proc/task_mmu.c; then[0m
2026-08-19T11:48:54.7011353Z [36;1m      echo "vma_pages Line found. Revert Fake Patching!"[0m
2026-08-19T11:48:54.7011935Z [36;1m      sed -i -e 's/goto show_pad;/return 0;/' ./fs/proc/task_mmu.c[0m
2026-08-19T11:48:54.7012269Z [36;1m    fi[0m
2026-08-19T11:48:54.7012454Z [36;1m    [0m
2026-08-19T11:48:54.7012738Z [36;1m    if ! grep -qxF '#include <linux/swap_slots.h>' ./mm/memory.c; then[0m
2026-08-19T11:48:54.7013222Z [36;1m      echo "#include <linux/swap_slots.h> Line not found. Adding missing header"[0m
2026-08-19T11:48:54.7013768Z [36;1m      sed -i '/#include <linux\/vmalloc.h>/a #include <linux\/swap_slots.h>' ./mm/memory.c[0m
2026-08-19T11:48:54.7014174Z [36;1m    fi[0m
2026-08-19T11:48:54.7014357Z [36;1m  fi[0m
2026-08-19T11:48:54.7014609Z [36;1m  if [ "android14" = "android14" ] && [ "6.1" = "6.1" ]; then[0m
2026-08-19T11:48:54.7015135Z [36;1m    if grep -qxF $'\t\t\tgoto show_pad;' ./fs/proc/task_mmu.c; then[0m
2026-08-19T11:48:54.7015544Z [36;1m      echo "vma_pages Line found. Revert Fake Patching!"[0m
2026-08-19T11:48:54.7015935Z [36;1m      sed -i -e 's/goto show_pad;/return 0;/' ./fs/proc/task_mmu.c[0m
2026-08-19T11:48:54.7016258Z [36;1m    fi[0m
2026-08-19T11:48:54.7016434Z [36;1m  fi[0m
2026-08-19T11:48:54.7016614Z [36;1mfi[0m
2026-08-19T11:48:54.7016816Z [36;1mecho "✅ SUSFS patches applied"[0m
2026-08-19T11:48:54.7017068Z [36;1m[0m
2026-08-19T11:48:54.7017275Z [36;1mecho "Add SUSFS Configuration Settings"[0m
2026-08-19T11:48:54.7017660Z [36;1mcat >> "$COMMON_KERNEL_FOLDER/arch/arm64/configs/gki_defconfig" <<EOF[0m
2026-08-19T11:48:54.7018027Z [36;1mCONFIG_KSU_SUSFS=y[0m
2026-08-19T11:48:54.7018276Z [36;1mCONFIG_KSU_SUSFS_HAS_MAGIC_MOUNT=y[0m
2026-08-19T11:48:54.7018551Z [36;1mCONFIG_KSU_SUSFS_SUS_PATH=y[0m
2026-08-19T11:48:54.7018805Z [36;1mCONFIG_KSU_SUSFS_SUS_MOUNT=y[0m
2026-08-19T11:48:54.7019124Z [36;1mCONFIG_KSU_SUSFS_AUTO_ADD_SUS_KSU_DEFAULT_MOUNT=y[0m
2026-08-19T11:48:54.7019470Z [36;1mCONFIG_KSU_SUSFS_AUTO_ADD_SUS_BIND_MOUNT=y[0m
2026-08-19T11:48:54.7019765Z [36;1mCONFIG_KSU_SUSFS_SUS_KSTAT=y[0m
2026-08-19T11:48:54.7020030Z [36;1mCONFIG_KSU_SUSFS_SUS_OVERLAYFS=n[0m
2026-08-19T11:48:54.7020310Z [36;1mCONFIG_KSU_SUSFS_TRY_UMOUNT=y[0m
2026-08-19T11:48:54.7020627Z [36;1mCONFIG_KSU_SUSFS_AUTO_ADD_TRY_UMOUNT_FOR_BIND_MOUNT=y[0m
2026-08-19T11:48:54.7020963Z [36;1mCONFIG_KSU_SUSFS_SPOOF_UNAME=y[0m
2026-08-19T11:48:54.7021225Z [36;1mCONFIG_KSU_SUSFS_ENABLE_LOG=y[0m
2026-08-19T11:48:54.7021509Z [36;1mCONFIG_KSU_SUSFS_HIDE_KSU_SUSFS_SYMBOLS=y[0m
2026-08-19T11:48:54.7022066Z [36;1mCONFIG_KSU_SUSFS_SPOOF_CMDLINE_OR_BOOTCONFIG=y[0m
2026-08-19T11:48:54.7022398Z [36;1mCONFIG_KSU_SUSFS_OPEN_REDIRECT=y[0m
2026-08-19T11:48:54.7022666Z [36;1mCONFIG_KSU_SUSFS_SUS_MAP=y[0m
2026-08-19T11:48:54.7022915Z [36;1mCONFIG_KSU_SUSFS_SUS_SU=n[0m
2026-08-19T11:48:54.7023152Z [36;1mEOF[0m
2026-08-19T11:48:54.7023324Z [36;1m[0m
2026-08-19T11:48:54.7023500Z [36;1mecho "::endgroup::"[0m
2026-08-19T11:48:54.7061960Z shell: /usr/bin/bash --noprofile --norc -e -o pipefail {0}
2026-08-19T11:48:54.7062349Z env:
2026-08-19T11:48:54.7062682Z   CCACHE_DIR: /home/runner/work/OnePlus_KernelSU_SUSFS/OnePlus_KernelSU_SUSFS/.ccache
2026-08-19T11:48:54.7063098Z   CCACHE_MAXSIZE: 12G
2026-08-19T11:48:54.7063468Z   CCACHE_COMPILERCHECK: content
2026-08-19T11:48:54.7063833Z   CCACHE_BASEDIR: /home/runner/work/OnePlus_KernelSU_SUSFS/OnePlus_KernelSU_SUSFS
2026-08-19T11:48:54.7064224Z   CCACHE_NOHASHDIR: true
2026-08-19T11:48:54.7064451Z   CCACHE_IGNOREOPTIONS: --sysroot*
2026-08-19T11:48:54.7064704Z   CCACHE_COMPRESSION: true
2026-08-19T11:48:54.7064926Z   CCACHE_COMPRESSION_LEVEL: 3
2026-08-19T11:48:54.7065151Z   CCACHE_DIRECT: true
2026-08-19T11:48:54.7065346Z   CCACHE_FILE_CLONE: true
2026-08-19T11:48:54.7065558Z   CCACHE_INODE_CACHE: true
2026-08-19T11:48:54.7065785Z   CCACHE_IS_KERNEL_COMPILING: true
2026-08-19T11:48:54.7066013Z   CCACHE_UMASK: 002
2026-08-19T11:48:54.7066456Z   CCACHE_SLOPPINESS: file_macro,time_macros,include_file_mtime,include_file_ctime,pch_defines,system_headers,locale
2026-08-19T11:48:54.7066951Z   ACTION_REPO: 
2026-08-19T11:48:54.7067134Z   ACTION_REF: 
2026-08-19T11:48:54.7067326Z   OP_MODEL: OP-ACE-3-PRO-6.1.75
2026-08-19T11:48:54.7067553Z   OP_SOC: pineapple
2026-08-19T11:48:54.7067751Z   OP_BRANCH: wild/sm8650
2026-08-19T11:48:54.7067976Z   OP_MANIFEST: oneplus_ace3_pro_6.1.75_v.xml
2026-08-19T11:48:54.7068242Z   OP_ANDROID_VERSION: android14
2026-08-19T11:48:54.7068462Z   OP_KERNEL_VERSION: 6.1
2026-08-19T11:48:54.7068662Z   OP_OS_VERSION: A15
2026-08-19T11:48:54.7068850Z   OP_LTO: thin
2026-08-19T11:48:54.7069026Z   OP_ZYC_COMPILER: 
2026-08-19T11:48:54.7069353Z   OP_C_COMPILER: kernel_platform/prebuilts/clang/host/linux-x86/clang-r487747c/bin
2026-08-19T11:48:54.7069741Z   OP_RUST_COMPILER: 
2026-08-19T11:48:54.7069933Z   OP_BINDGEN: 
2026-08-19T11:48:54.7070225Z   OP_RUST_BUILD: false
2026-08-19T11:48:54.7070431Z   OP_DISK_CLEANUP: false
2026-08-19T11:48:54.7070631Z   OP_HMBIRD: false
2026-08-19T11:48:54.7070816Z   OP_SUSFS: true
2026-08-19T11:48:54.7070993Z   OP_OPT: true
2026-08-19T11:48:54.7071168Z   OP_DS: true
2026-08-19T11:48:54.7071344Z   OP_BBG: true
2026-08-19T11:48:54.7071515Z   OP_BBR: true
2026-08-19T11:48:54.7071691Z   OP_BBR3: true
2026-08-19T11:48:54.7072115Z   OP_TTL: true
2026-08-19T11:48:54.7072308Z   OP_IP_SET: true
2026-08-19T11:48:54.7072496Z   OP_UNICODE: true
2026-08-19T11:48:54.7072675Z   OP_NTSYNC: true
2026-08-19T11:48:54.7074594Z   OP_BLACKLIST_MODULES: kernelsu,oplus_security_guard,oplus_qr_scan,oplus_score,oplus_vip_task,oplus_dns_cache,oplus_network_linkpower_module,oplus_data_module,oplus_secure_harden,oplus_security_keventupload,oplus_secure_guard_new,oplus_secure_guard,coresight_tpda,coresight_tgu,coresight_trace_noc,coresight_cti,coresight_qmi,coresight_dummy,coresight_remote_etm,coresight_tpdm,coresight_uetm,coresight_stm,coresight_tmc_sec,f_fs_ipc_log,qcom_iommu_debug,qti_battery_debug,rdbg,stm_heartbeat,stm_p_ost,stm_core,stm_ftrace,stm_console,spmi_pmic_arb_debug
2026-08-19T11:48:54.7076558Z   OP_UNAME: OP-WILD
2026-08-19T11:48:54.7076759Z   CONFIG: OP-ACE-3-PRO-6.1.75
2026-08-19T11:48:54.7076991Z   REPO: /usr/local/bin/repo
2026-08-19T11:48:54.7077406Z   CONFIG_FOLDER: /home/runner/work/OnePlus_KernelSU_SUSFS/OnePlus_KernelSU_SUSFS/OP-ACE-3-PRO-6.1.75
2026-08-19T11:48:54.7078106Z   ARTIFACTS_FOLDER: /home/runner/work/OnePlus_KernelSU_SUSFS/OnePlus_KernelSU_SUSFS/OP-ACE-3-PRO-6.1.75/artifacts
2026-08-19T11:48:54.7078891Z   KERNEL_PLATFORM_FOLDER: /home/runner/work/OnePlus_KernelSU_SUSFS/OnePlus_KernelSU_SUSFS/OP-ACE-3-PRO-6.1.75/kernel_platform
2026-08-19T11:48:54.7079737Z   COMMON_KERNEL_FOLDER: /home/runner/work/OnePlus_KernelSU_SUSFS/OnePlus_KernelSU_SUSFS/OP-ACE-3-PRO-6.1.75/kernel_platform/common
2026-08-19T11:48:54.7080594Z   MSM_KERNEL_FOLDER: /home/runner/work/OnePlus_KernelSU_SUSFS/OnePlus_KernelSU_SUSFS/OP-ACE-3-PRO-6.1.75/kernel_platform/msm-kernel
2026-08-19T11:48:54.7081364Z   AK3_FOLDER: /home/runner/work/OnePlus_KernelSU_SUSFS/OnePlus_KernelSU_SUSFS/OP-ACE-3-PRO-6.1.75/AnyKernel3
2026-08-19T11:48:54.7082299Z   DEBUG_ARTIFACTS_FOLDER: /home/runner/work/OnePlus_KernelSU_SUSFS/OnePlus_KernelSU_SUSFS/debug_artifacts
2026-08-19T11:48:54.7082983Z   KERNEL_PATCHES_FOLDER: /home/runner/work/OnePlus_KernelSU_SUSFS/OnePlus_KernelSU_SUSFS/kernel_patches
2026-08-19T11:48:54.7083744Z   SUSFS_FOLDER: /home/runner/work/OnePlus_KernelSU_SUSFS/OnePlus_KernelSU_SUSFS/susfs4ksu
2026-08-19T11:48:54.7084424Z   KSU_FOLDER: /home/runner/work/OnePlus_KernelSU_SUSFS/OnePlus_KernelSU_SUSFS/OP-ACE-3-PRO-6.1.75/kernel_platform/KernelSU
2026-08-19T11:48:54.7085239Z   KSUN_FOLDER: /home/runner/work/OnePlus_KernelSU_SUSFS/OnePlus_KernelSU_SUSFS/OP-ACE-3-PRO-6.1.75/kernel_platform/KernelSU-Next
2026-08-19T11:48:54.7085816Z   DEBUG_ZIP_NAME: debug_OP-ACE-3-PRO-6.1.75_A15.zip
2026-08-19T11:48:54.7086099Z   ANDROID_VER: android14
2026-08-19T11:48:54.7086311Z   KERNEL_VER: 6.1
2026-08-19T11:48:54.7086499Z   TKERNEL_VER: 6.1.75
2026-08-19T11:48:54.7086709Z   KERNEL_FULL_VER: android14-6.1.75
2026-08-19T11:48:54.7086972Z   SUSFS_KERNEL_BRANCH: gki-android14-6.1
2026-08-19T11:48:54.7087225Z   BUILD_USER: OnePlus
2026-08-19T11:48:54.7087426Z   BUILD_HOST: ubuntu-build
2026-08-19T11:48:54.7088060Z   CLANG_BIN_PATH: /home/runner/work/OnePlus_KernelSU_SUSFS/OnePlus_KernelSU_SUSFS/OP-ACE-3-PRO-6.1.75/kernel_platform/prebuilts/clang/host/linux-x86/clang-r487747c/bin
2026-08-19T11:48:54.7089260Z   CLANG_VERSION: Android (10087095, +pgo, +bolt, +lto, -mlgo, based on r487747c) clang version 17.0.2 (https://android.googlesource.com/toolchain/llvm-project d9f89f4d16663d5012e5c09495f3b30ece3d2362)
2026-08-19T11:48:54.7090023Z   CLANG_VERSION_SHORT: 4e90edd6
2026-08-19T11:48:54.7090690Z   LIBCLANG_PATH: /home/runner/work/OnePlus_KernelSU_SUSFS/OnePlus_KernelSU_SUSFS/OP-ACE-3-PRO-6.1.75/kernel_platform/prebuilts/clang/host/linux-x86/clang-r487747c/bin/../lib
2026-08-19T11:48:54.7091512Z   SUSFS_COMMIT_SHA: gki-android14-6.1
2026-08-19T11:48:54.7091886Z   NEED_HOOKS: false
2026-08-19T11:48:54.7092142Z   KSU_COMMIT_SHA: 234f6e040fcbca18b16d2398e1aa225712ec99ad
2026-08-19T11:48:54.7092439Z   KSUVER: 33239
2026-08-19T11:48:54.7092622Z ##[endgroup]
2026-08-19T11:48:54.7153019Z ##[group]Apply SUSFS patches
2026-08-19T11:48:54.7153598Z Applying SUSFS patches...
2026-08-19T11:48:54.7224123Z SusFS Version: v2.2.0
2026-08-19T11:48:54.7495632Z patching file kernel/Kbuild
2026-08-19T11:48:54.7496090Z Hunk #1 FAILED at 4.
2026-08-19T11:48:54.7496500Z Hunk #2 succeeded at 62 (offset 1 line).
2026-08-19T11:48:54.7502946Z 1 out of 2 hunks FAILED -- saving rejects to file kernel/Kbuild.rej
2026-08-19T11:48:54.7503520Z patching file kernel/Kconfig
2026-08-19T11:48:54.7503979Z patching file kernel/Makefile
2026-08-19T11:48:54.7504423Z patching file kernel/core/init.c
2026-08-19T11:48:54.7504695Z Hunk #1 FAILED at 6.
2026-08-19T11:48:54.7504987Z Hunk #2 succeeded at 12 with fuzz 1 (offset -1 lines).
2026-08-19T11:48:54.7505345Z Hunk #3 FAILED at 20.
2026-08-19T11:48:54.7505597Z Hunk #4 succeeded at 70 (offset 1 line).
2026-08-19T11:48:54.7505882Z Hunk #5 FAILED at 82.
2026-08-19T11:48:54.7506102Z Hunk #6 FAILED at 113.
2026-08-19T11:48:54.7506326Z Hunk #7 FAILED at 123.
2026-08-19T11:48:54.7506547Z Hunk #8 FAILED at 204.
2026-08-19T11:48:54.7506878Z 6 out of 8 hunks FAILED -- saving rejects to file kernel/core/init.c.rej
2026-08-19T11:48:54.7507305Z patching file kernel/feature/adb_root.c
2026-08-19T11:48:54.7507590Z Hunk #2 FAILED at 22.
2026-08-19T11:48:54.7507810Z Hunk #3 FAILED at 67.
2026-08-19T11:48:54.7508052Z Hunk #4 succeeded at 86 (offset 2 lines).
2026-08-19T11:48:54.7508358Z Hunk #5 succeeded at 107 (offset 2 lines).
2026-08-19T11:48:54.7508646Z Hunk #6 FAILED at 160.
2026-08-19T11:48:54.7508866Z Hunk #7 FAILED at 170.
2026-08-19T11:48:54.7509219Z 4 out of 7 hunks FAILED -- saving rejects to file kernel/feature/adb_root.c.rej
2026-08-19T11:48:54.7509661Z patching file kernel/feature/adb_root.h
2026-08-19T11:48:54.7509951Z Hunk #1 FAILED at 2.
2026-08-19T11:48:54.7522502Z 1 out of 1 hunk FAILED -- saving rejects to file kernel/feature/adb_root.h.rej
2026-08-19T11:48:54.7542526Z patching file kernel/feature/kernel_umount.c
2026-08-19T11:48:54.7543026Z Hunk #1 FAILED at 83.
2026-08-19T11:48:54.7543383Z 1 out of 1 hunk FAILED -- saving rejects to file kernel/feature/kernel_umount.c.rej
2026-08-19T11:48:54.7543829Z patching file kernel/feature/selinux_hide.c
2026-08-19T11:48:54.7544377Z patching file kernel/feature/sucompat.c
2026-08-19T11:48:54.7544640Z Hunk #1 FAILED at 1.
2026-08-19T11:48:54.7544863Z Hunk #2 succeeded at 13 (offset -1 lines).
2026-08-19T11:48:54.7545121Z Hunk #3 FAILED at 27.
2026-08-19T11:48:54.7545365Z Hunk #4 succeeded at 67 with fuzz 1 (offset -1 lines).
2026-08-19T11:48:54.7545654Z Hunk #5 FAILED at 82.
2026-08-19T11:48:54.7545989Z 3 out of 5 hunks FAILED -- saving rejects to file kernel/feature/sucompat.c.rej
2026-08-19T11:48:54.7546548Z patching file kernel/feature/sucompat.h
2026-08-19T11:48:54.7547028Z Hunk #1 FAILED at 3.
2026-08-19T11:48:54.7547623Z 1 out of 1 hunk FAILED -- saving rejects to file kernel/feature/sucompat.h.rej
2026-08-19T11:48:54.7548341Z patching file kernel/hook/setuid_hook.c
2026-08-19T11:48:54.7548736Z Hunk #2 FAILED at 20.
2026-08-19T11:48:54.7549059Z 1 out of 2 hunks FAILED -- saving rejects to file kernel/hook/setuid_hook.c.rej
2026-08-19T11:48:54.7549442Z patching file kernel/hook/setuid_hook.h
2026-08-19T11:48:54.7549717Z patching file kernel/include/ksu.h
2026-08-19T11:48:54.7550001Z Hunk #1 succeeded at 9 with fuzz 1 (offset 1 line).
2026-08-19T11:48:54.7550301Z patching file kernel/policy/allowlist.c
2026-08-19T11:48:54.7550570Z Hunk #1 succeeded at 297 (offset 3 lines).
2026-08-19T11:48:54.7550846Z patching file kernel/policy/app_profile.c
2026-08-19T11:48:54.7551120Z Hunk #3 succeeded at 106 (offset 1 line).
2026-08-19T11:48:54.7551380Z Hunk #4 succeeded at 115 (offset 1 line).
2026-08-19T11:48:54.7551636Z Hunk #5 succeeded at 173 (offset 1 line).
2026-08-19T11:48:54.7552346Z Hunk #6 succeeded at 191 (offset 1 line).
2026-08-19T11:48:54.7552634Z patching file kernel/policy/app_profile.h
2026-08-19T11:48:54.7552904Z patching file kernel/policy/feature.h
2026-08-19T11:48:54.7553171Z patching file kernel/runtime/boot_event.c
2026-08-19T11:48:54.7553429Z Hunk #1 succeeded at 13 with fuzz 2.
2026-08-19T11:48:54.7553682Z Hunk #2 succeeded at 32 (offset 2 lines).
2026-08-19T11:48:54.7553955Z patching file kernel/runtime/ksud.h
2026-08-19T11:48:54.7554203Z Hunk #1 FAILED at 8.
2026-08-19T11:48:54.7554502Z 1 out of 1 hunk FAILED -- saving rejects to file kernel/runtime/ksud.h.rej
2026-08-19T11:48:54.7554895Z patching file kernel/runtime/ksud_integration.c
2026-08-19T11:48:54.7555184Z Hunk #10 FAILED at 525.
2026-08-19T11:48:54.7555424Z Hunk #11 succeeded at 580 (offset -14 lines).
2026-08-19T11:48:54.7555844Z 1 out of 11 hunks FAILED -- saving rejects to file kernel/runtime/ksud_integration.c.rej
2026-08-19T11:48:54.7556263Z patching file kernel/selinux/rules.c
2026-08-19T11:48:54.7556529Z Hunk #1 succeeded at 161 (offset 1 line).
2026-08-19T11:48:54.7556799Z patching file kernel/selinux/selinux.c
2026-08-19T11:48:54.7557066Z Hunk #1 succeeded at 226 (offset 6 lines).
2026-08-19T11:48:54.7557332Z patching file kernel/selinux/selinux.h
2026-08-19T11:48:54.7557588Z patching file kernel/sulog/event.c
2026-08-19T11:48:54.7557832Z Hunk #1 succeeded at 25 with fuzz 1.
2026-08-19T11:48:54.7558089Z Hunk #2 succeeded at 131 (offset 76 lines).
2026-08-19T11:48:54.7558362Z Hunk #3 succeeded at 180 (offset 76 lines).
2026-08-19T11:48:54.7558627Z Hunk #4 succeeded at 224 (offset 76 lines).
2026-08-19T11:48:54.7558892Z Hunk #5 succeeded at 244 (offset 76 lines).
2026-08-19T11:48:54.7559152Z Hunk #6 succeeded at 280 (offset 76 lines).
2026-08-19T11:48:54.7559426Z Hunk #7 succeeded at 292 (offset 76 lines).
2026-08-19T11:48:54.7559695Z Hunk #8 succeeded at 309 (offset 76 lines).
2026-08-19T11:48:54.7559958Z Hunk #9 succeeded at 374 (offset 76 lines).
2026-08-19T11:48:54.7560224Z patching file kernel/sulog/event.h
2026-08-19T11:48:54.7560475Z Hunk #2 succeeded at 13 with fuzz 2.
2026-08-19T11:48:54.7560741Z patching file kernel/supercall/dispatch.c
2026-08-19T11:48:54.7561017Z Hunk #1 succeeded at 5 (offset 1 line).
2026-08-19T11:48:54.7561280Z Hunk #2 succeeded at 19 (offset 1 line).
2026-08-19T11:48:54.7561539Z Hunk #3 succeeded at 54 (offset 5 lines).
2026-08-19T11:48:54.7562055Z Hunk #4 succeeded at 79 (offset 5 lines).
2026-08-19T11:48:54.7562536Z Hunk #5 succeeded at 105 (offset 5 lines).
2026-08-19T11:48:54.7562817Z Hunk #6 succeeded at 114 (offset 5 lines).
2026-08-19T11:48:54.7563088Z Hunk #7 succeeded at 361 (offset 5 lines).
2026-08-19T11:48:54.7563352Z Hunk #8 succeeded at 437 (offset 5 lines).
2026-08-19T11:48:54.7563614Z Hunk #9 succeeded at 472 (offset 5 lines).
2026-08-19T11:48:54.7563888Z patching file kernel/supercall/supercall.c
2026-08-19T11:48:54.7564158Z Hunk #1 FAILED at 77.
2026-08-19T11:48:54.7564507Z 1 out of 1 hunk FAILED -- saving rejects to file kernel/supercall/supercall.c.rej
2026-08-19T11:48:54.7564919Z patching file kernel/supercall/supercall.h
2026-08-19T11:48:54.7670356Z Patching file: setuid_hook.c with fix_setuid_hook.c.patch
2026-08-19T11:48:54.7678918Z patching file kernel/hook/setuid_hook.c
2026-08-19T11:48:54.7681593Z Patching file: Kbuild with fix_Kbuild.patch
2026-08-19T11:48:54.7689752Z patching file kernel/Kbuild
2026-08-19T11:48:54.7690579Z patching file kernel/Makefile
2026-08-19T11:48:54.7691727Z patching file kernel/feature/selinux_hide.c
2026-08-19T11:48:54.7693449Z patching file kernel/runtime/boot_event.c
2026-08-19T11:48:54.7697198Z Patching file: supercall.c with fix_supercall.c.patch
2026-08-19T11:48:54.7706059Z patching file kernel/supercall/supercall.c
2026-08-19T11:48:54.7708934Z Patching file: init.c with fix_init.c.patch
2026-08-19T11:48:54.7717123Z patching file kernel/core/init.c
2026-08-19T11:48:54.7720043Z Patching file: adb_root.c with fix_adb_root.c.patch
2026-08-19T11:48:54.7725325Z /home/runner/work/_temp/eae60d74-6a62-4480-9be7-1f69867378da.sh: line 107: /home/runner/work/OnePlus_KernelSU_SUSFS/OnePlus_KernelSU_SUSFS/kernel_patches/next/susfs_fix_patches/v2.2.0/fix_adb_root.c.patch: No such file or directory
2026-08-19T11:48:54.7738631Z ##[error]Process completed with exit code 1.
2026-08-19T11:48:54.7745200Z ##[end-action id=build.__run_19;outcome=failure;conclusion=failure;duration_ms=85]
2026-08-19T11:48:54.7748453Z ##[start-action display=Add BBG;id=build.__run_20]
2026-08-19T11:48:54.7751183Z ##[end-action id=build.__run_20;outcome=skipped;conclusion=skipped;duration_ms=0]
2026-08-19T11:48:54.7753554Z ##[start-action display=Apply KSU Hooks;id=build.__run_21]
2026-08-19T11:48:54.7755615Z ##[end-action id=build.__run_21;outcome=skipped;conclusion=skipped;duration_ms=0]
2026-08-19T11:48:54.7757275Z ##[start-action display=Apply Other Patches;id=build.__run_22]
2026-08-19T11:48:54.7758759Z ##[end-action id=build.__run_22;outcome=skipped;conclusion=skipped;duration_ms=0]
2026-08-19T11:48:54.7760392Z ##[start-action display=Apply Optimisation Patches;id=build.__run_23]
2026-08-19T11:48:54.7762630Z ##[end-action id=build.__run_23;outcome=skipped;conclusion=skipped;duration_ms=0]
2026-08-19T11:48:54.7764331Z ##[start-action display=Apply NTSync Patch;id=build.__run_24]
2026-08-19T11:48:54.7766306Z ##[end-action id=build.__run_24;outcome=skipped;conclusion=skipped;duration_ms=0]
2026-08-19T11:48:54.7768022Z ##[start-action display=Apply Unicode Fix Patch;id=build.__run_25]
2026-08-19T11:48:54.7769951Z ##[end-action id=build.__run_25;outcome=skipped;conclusion=skipped;duration_ms=0]
2026-08-19T11:48:54.7771510Z ##[start-action display=Add Tmpfs Support;id=build.__run_26]
2026-08-19T11:48:54.7773388Z ##[end-action id=build.__run_26;outcome=skipped;conclusion=skipped;duration_ms=0]
2026-08-19T11:48:54.7774979Z ##[start-action display=Add BBR;id=build.__run_27]
2026-08-19T11:48:54.7776849Z ##[end-action id=build.__run_27;outcome=skipped;conclusion=skipped;duration_ms=0]
2026-08-19T11:48:54.7778419Z ##[start-action display=Apply BBRv3;id=build.__run_28]
2026-08-19T11:48:54.7780299Z ##[end-action id=build.__run_28;outcome=skipped;conclusion=skipped;duration_ms=0]
2026-08-19T11:48:54.7782492Z ##[start-action display=Enable Important Net Schedulers (qdisc);id=build.__run_29]
2026-08-19T11:48:54.7784408Z ##[end-action id=build.__run_29;outcome=skipped;conclusion=skipped;duration_ms=0]
2026-08-19T11:48:54.7786084Z ##[start-action display=Add TTL Target Support;id=build.__run_30]
2026-08-19T11:48:54.7788198Z ##[end-action id=build.__run_30;outcome=skipped;conclusion=skipped;duration_ms=0]
2026-08-19T11:48:54.7789872Z ##[start-action display=Add IP SET & IPv6_NAT Support;id=build.__run_31]
2026-08-19T11:48:54.7792079Z ##[end-action id=build.__run_31;outcome=skipped;conclusion=skipped;duration_ms=0]
2026-08-19T11:48:54.7793977Z ##[start-action display=Add Droidspaces support;id=build.__run_32]
2026-08-19T11:48:54.7795931Z ##[end-action id=build.__run_32;outcome=skipped;conclusion=skipped;duration_ms=0]
2026-08-19T11:48:54.7797580Z ##[start-action display=Add Build based configs;id=build.__run_33]
2026-08-19T11:48:54.7799072Z ##[end-action id=build.__run_33;outcome=skipped;conclusion=skipped;duration_ms=0]
2026-08-19T11:48:54.7800654Z ##[start-action display=Add RUST build configs;id=build.__run_34]
2026-08-19T11:48:54.7802855Z ##[end-action id=build.__run_34;outcome=skipped;conclusion=skipped;duration_ms=0]
2026-08-19T11:48:54.7804483Z ##[start-action display=Save Build Metadata;id=build.save_metadata]
2026-08-19T11:48:54.7806058Z ##[end-action id=build.save_metadata;outcome=skipped;conclusion=skipped;duration_ms=0]
2026-08-19T11:48:54.7807658Z ##[start-action display=Customize Kernel Branding;id=build.__run_35]
2026-08-19T11:48:54.7809091Z ##[end-action id=build.__run_35;outcome=skipped;conclusion=skipped;duration_ms=0]
2026-08-19T11:48:54.7810598Z ##[start-action display=Disable GPUEB;id=build.__run_36]
2026-08-19T11:48:54.7814266Z ##[end-action id=build.__run_36;outcome=skipped;conclusion=skipped;duration_ms=0]
2026-08-19T11:48:54.7816188Z ##[start-action display=Apply Fake config.gz patch;id=build.__run_37]
2026-08-19T11:48:54.7829616Z ##[end-action id=build.__run_37;outcome=skipped;conclusion=skipped;duration_ms=0]
2026-08-19T11:48:54.7831443Z ##[start-action display=Disable Vendor / Kernel Modules;id=build.__run_38]
2026-08-19T11:48:54.7833516Z ##[end-action id=build.__run_38;outcome=skipped;conclusion=skipped;duration_ms=0]
2026-08-19T11:48:54.7835688Z ##[start-action display=Build Kernel;id=build.build_kernel_step]
2026-08-19T11:48:54.7837353Z ##[end-action id=build.build_kernel_step;outcome=skipped;conclusion=skipped;duration_ms=0]
2026-08-19T11:48:54.7839114Z ##[start-action display=📊 ccache Post-Build Statistics;id=build.ccache_stats]
2026-08-19T11:48:54.7841637Z ##[end-action id=build.ccache_stats;outcome=skipped;conclusion=skipped;duration_ms=0]
2026-08-19T11:48:54.7843667Z ##[start-action display=Collect Build Stats / Validate Image;id=build.collect_stats]
2026-08-19T11:48:54.7845305Z ##[end-action id=build.collect_stats;outcome=skipped;conclusion=skipped;duration_ms=0]
2026-08-19T11:48:54.7846926Z ##[start-action display=Create Kernel ZIP;id=build.create_zip]
2026-08-19T11:48:54.7848403Z ##[end-action id=build.create_zip;outcome=skipped;conclusion=skipped;duration_ms=0]
2026-08-19T11:48:54.7849966Z ##[start-action display=Final Build Summary;id=build.__run_39]
2026-08-19T11:48:54.7851364Z ##[end-action id=build.__run_39;outcome=skipped;conclusion=skipped;duration_ms=0]
2026-08-19T11:48:54.7853442Z ##[start-action display=Upload Debug Artifacts;id=build.__actions_upload-artifact]
2026-08-19T11:48:54.7890643Z ##[group]Run actions/upload-artifact@v7
2026-08-19T11:48:54.7890905Z with:
2026-08-19T11:48:54.7891107Z   name: debug_OP-ACE-3-PRO-6.1.75_A15.zip
2026-08-19T11:48:54.7891527Z   path: /home/runner/work/OnePlus_KernelSU_SUSFS/OnePlus_KernelSU_SUSFS/debug_artifacts
2026-08-19T11:48:54.7892227Z   compression-level: 9
2026-08-19T11:48:54.7892443Z   retention-days: 90
2026-08-19T11:48:54.7892660Z   if-no-files-found: warn
2026-08-19T11:48:54.7892887Z   overwrite: false
2026-08-19T11:48:54.7893093Z   include-hidden-files: false
2026-08-19T11:48:54.7893317Z   archive: true
2026-08-19T11:48:54.7893498Z env:
2026-08-19T11:48:54.7893822Z   CCACHE_DIR: /home/runner/work/OnePlus_KernelSU_SUSFS/OnePlus_KernelSU_SUSFS/.ccache
2026-08-19T11:48:54.7894223Z   CCACHE_MAXSIZE: 12G
2026-08-19T11:48:54.7894434Z   CCACHE_COMPILERCHECK: content
2026-08-19T11:48:54.7894795Z   CCACHE_BASEDIR: /home/runner/work/OnePlus_KernelSU_SUSFS/OnePlus_KernelSU_SUSFS
2026-08-19T11:48:54.7895342Z   CCACHE_NOHASHDIR: true
2026-08-19T11:48:54.7895571Z   CCACHE_IGNOREOPTIONS: --sysroot*
2026-08-19T11:48:54.7895821Z   CCACHE_COMPRESSION: true
2026-08-19T11:48:54.7896043Z   CCACHE_COMPRESSION_LEVEL: 3
2026-08-19T11:48:54.7896267Z   CCACHE_DIRECT: true
2026-08-19T11:48:54.7896468Z   CCACHE_FILE_CLONE: true
2026-08-19T11:48:54.7896680Z   CCACHE_INODE_CACHE: true
2026-08-19T11:48:54.7896901Z   CCACHE_IS_KERNEL_COMPILING: true
2026-08-19T11:48:54.7897130Z   CCACHE_UMASK: 002
2026-08-19T11:48:54.7897578Z   CCACHE_SLOPPINESS: file_macro,time_macros,include_file_mtime,include_file_ctime,pch_defines,system_headers,locale
2026-08-19T11:48:54.7898089Z   ACTION_REPO: 
2026-08-19T11:48:54.7898271Z   ACTION_REF: 
2026-08-19T11:48:54.7898469Z   OP_MODEL: OP-ACE-3-PRO-6.1.75
2026-08-19T11:48:54.7898701Z   OP_SOC: pineapple
2026-08-19T11:48:54.7898897Z   OP_BRANCH: wild/sm8650
2026-08-19T11:48:54.7899131Z   OP_MANIFEST: oneplus_ace3_pro_6.1.75_v.xml
2026-08-19T11:48:54.7899416Z   OP_ANDROID_VERSION: android14
2026-08-19T11:48:54.7899643Z   OP_KERNEL_VERSION: 6.1
2026-08-19T11:48:54.7899849Z   OP_OS_VERSION: A15
2026-08-19T11:48:54.7900044Z   OP_LTO: thin
2026-08-19T11:48:54.7900224Z   OP_ZYC_COMPILER: 
2026-08-19T11:48:54.7900559Z   OP_C_COMPILER: kernel_platform/prebuilts/clang/host/linux-x86/clang-r487747c/bin
2026-08-19T11:48:54.7900951Z   OP_RUST_COMPILER: 
2026-08-19T11:48:54.7901145Z   OP_BINDGEN: 
2026-08-19T11:48:54.7901327Z   OP_RUST_BUILD: false
2026-08-19T11:48:54.7901532Z   OP_DISK_CLEANUP: false
2026-08-19T11:48:54.7901989Z   OP_HMBIRD: false
2026-08-19T11:48:54.7902203Z   OP_SUSFS: true
2026-08-19T11:48:54.7902395Z   OP_OPT: true
2026-08-19T11:48:54.7902572Z   OP_DS: true
2026-08-19T11:48:54.7902752Z   OP_BBG: true
2026-08-19T11:48:54.7902931Z   OP_BBR: true
2026-08-19T11:48:54.7903102Z   OP_BBR3: true
2026-08-19T11:48:54.7903280Z   OP_TTL: true
2026-08-19T11:48:54.7903454Z   OP_IP_SET: true
2026-08-19T11:48:54.7903646Z   OP_UNICODE: true
2026-08-19T11:48:54.7903834Z   OP_NTSYNC: true
2026-08-19T11:48:54.7905747Z   OP_BLACKLIST_MODULES: kernelsu,oplus_security_guard,oplus_qr_scan,oplus_score,oplus_vip_task,oplus_dns_cache,oplus_network_linkpower_module,oplus_data_module,oplus_secure_harden,oplus_security_keventupload,oplus_secure_guard_new,oplus_secure_guard,coresight_tpda,coresight_tgu,coresight_trace_noc,coresight_cti,coresight_qmi,coresight_dummy,coresight_remote_etm,coresight_tpdm,coresight_uetm,coresight_stm,coresight_tmc_sec,f_fs_ipc_log,qcom_iommu_debug,qti_battery_debug,rdbg,stm_heartbeat,stm_p_ost,stm_core,stm_ftrace,stm_console,spmi_pmic_arb_debug
2026-08-19T11:48:54.7907739Z   OP_UNAME: OP-WILD
2026-08-19T11:48:54.7907950Z   CONFIG: OP-ACE-3-PRO-6.1.75
2026-08-19T11:48:54.7908189Z   REPO: /usr/local/bin/repo
2026-08-19T11:48:54.7908614Z   CONFIG_FOLDER: /home/runner/work/OnePlus_KernelSU_SUSFS/OnePlus_KernelSU_SUSFS/OP-ACE-3-PRO-6.1.75
2026-08-19T11:48:54.7909316Z   ARTIFACTS_FOLDER: /home/runner/work/OnePlus_KernelSU_SUSFS/OnePlus_KernelSU_SUSFS/OP-ACE-3-PRO-6.1.75/artifacts
2026-08-19T11:48:54.7910107Z   KERNEL_PLATFORM_FOLDER: /home/runner/work/OnePlus_KernelSU_SUSFS/OnePlus_KernelSU_SUSFS/OP-ACE-3-PRO-6.1.75/kernel_platform
2026-08-19T11:48:54.7910942Z   COMMON_KERNEL_FOLDER: /home/runner/work/OnePlus_KernelSU_SUSFS/OnePlus_KernelSU_SUSFS/OP-ACE-3-PRO-6.1.75/kernel_platform/common
2026-08-19T11:48:54.7911920Z   MSM_KERNEL_FOLDER: /home/runner/work/OnePlus_KernelSU_SUSFS/OnePlus_KernelSU_SUSFS/OP-ACE-3-PRO-6.1.75/kernel_platform/msm-kernel
2026-08-19T11:48:54.7912895Z   AK3_FOLDER: /home/runner/work/OnePlus_KernelSU_SUSFS/OnePlus_KernelSU_SUSFS/OP-ACE-3-PRO-6.1.75/AnyKernel3
2026-08-19T11:48:54.7913591Z   DEBUG_ARTIFACTS_FOLDER: /home/runner/work/OnePlus_KernelSU_SUSFS/OnePlus_KernelSU_SUSFS/debug_artifacts
2026-08-19T11:48:54.7914262Z   KERNEL_PATCHES_FOLDER: /home/runner/work/OnePlus_KernelSU_SUSFS/OnePlus_KernelSU_SUSFS/kernel_patches
2026-08-19T11:48:54.7914881Z   SUSFS_FOLDER: /home/runner/work/OnePlus_KernelSU_SUSFS/OnePlus_KernelSU_SUSFS/susfs4ksu
2026-08-19T11:48:54.7915698Z   KSU_FOLDER: /home/runner/work/OnePlus_KernelSU_SUSFS/OnePlus_KernelSU_SUSFS/OP-ACE-3-PRO-6.1.75/kernel_platform/KernelSU
2026-08-19T11:48:54.7916532Z   KSUN_FOLDER: /home/runner/work/OnePlus_KernelSU_SUSFS/OnePlus_KernelSU_SUSFS/OP-ACE-3-PRO-6.1.75/kernel_platform/KernelSU-Next
2026-08-19T11:48:54.7917125Z   DEBUG_ZIP_NAME: debug_OP-ACE-3-PRO-6.1.75_A15.zip
2026-08-19T11:48:54.7917412Z   ANDROID_VER: android14
2026-08-19T11:48:54.7917621Z   KERNEL_VER: 6.1
2026-08-19T11:48:54.7917811Z   TKERNEL_VER: 6.1.75
2026-08-19T11:48:54.7918027Z   KERNEL_FULL_VER: android14-6.1.75
2026-08-19T11:48:54.7918292Z   SUSFS_KERNEL_BRANCH: gki-android14-6.1
2026-08-19T11:48:54.7918549Z   BUILD_USER: OnePlus
2026-08-19T11:48:54.7918752Z   BUILD_HOST: ubuntu-build
2026-08-19T11:48:54.7919394Z   CLANG_BIN_PATH: /home/runner/work/OnePlus_KernelSU_SUSFS/OnePlus_KernelSU_SUSFS/OP-ACE-3-PRO-6.1.75/kernel_platform/prebuilts/clang/host/linux-x86/clang-r487747c/bin
2026-08-19T11:48:54.7920587Z   CLANG_VERSION: Android (10087095, +pgo, +bolt, +lto, -mlgo, based on r487747c) clang version 17.0.2 (https://android.googlesource.com/toolchain/llvm-project d9f89f4d16663d5012e5c09495f3b30ece3d2362)
2026-08-19T11:48:54.7921356Z   CLANG_VERSION_SHORT: 4e90edd6
2026-08-19T11:48:54.7922167Z   LIBCLANG_PATH: /home/runner/work/OnePlus_KernelSU_SUSFS/OnePlus_KernelSU_SUSFS/OP-ACE-3-PRO-6.1.75/kernel_platform/prebuilts/clang/host/linux-x86/clang-r487747c/bin/../lib
2026-08-19T11:48:54.7922882Z   SUSFS_COMMIT_SHA: gki-android14-6.1
2026-08-19T11:48:54.7923236Z   NEED_HOOKS: false
2026-08-19T11:48:54.7923487Z   KSU_COMMIT_SHA: 234f6e040fcbca18b16d2398e1aa225712ec99ad
2026-08-19T11:48:54.7923784Z   KSUVER: 33239
2026-08-19T11:48:54.7923965Z   SUSVER: v2.2.0
2026-08-19T11:48:54.7924149Z ##[endgroup]
2026-08-19T11:48:54.9308572Z ##[warning]No files were found with the provided path: /home/runner/work/OnePlus_KernelSU_SUSFS/OnePlus_KernelSU_SUSFS/debug_artifacts. No artifacts will be uploaded.
2026-08-19T11:48:54.9385989Z ##[end-action id=build.__actions_upload-artifact;outcome=success;conclusion=success;duration_ms=153]
2026-08-19T11:48:54.9388281Z ##[start-action display=Upload Artifacts;id=build.__actions_upload-artifact_2]
2026-08-19T11:48:54.9391073Z ##[end-action id=build.__actions_upload-artifact_2;outcome=skipped;conclusion=skipped;duration_ms=0]
2026-08-19T11:48:54.9393286Z ##[start-action display=Upload ccache log;id=build.__actions_upload-artifact_3]
2026-08-19T11:48:54.9395895Z ##[end-action id=build.__actions_upload-artifact_3;outcome=skipped;conclusion=skipped;duration_ms=0]
2026-08-19T11:48:54.9397661Z ##[start-action display=📥 Checkout Code;id=build.__actions_checkout_2]
2026-08-19T11:48:54.9400915Z ##[end-action id=build.__actions_checkout_2;outcome=skipped;conclusion=skipped;duration_ms=0]
2026-08-19T11:48:54.9403228Z ##[start-action display=Save ccache cache;id=build.__self]
2026-08-19T11:48:54.9406713Z ##[end-action id=build.__self;outcome=skipped;conclusion=skipped;duration_ms=0]
2026-08-19T11:48:55.0424905Z Post job cleanup.
2026-08-19T11:48:55.0429178Z ##[start-action display=📥 Checkout Code;id=__6d15fcf0-9d70-4021-891b-a016db258104.__actions_checkout]
2026-08-19T11:48:55.0496916Z Post job cleanup.
2026-08-19T11:48:55.1482996Z [command]/usr/bin/git version
2026-08-19T11:48:55.1563017Z git version 2.54.0
2026-08-19T11:48:55.1635822Z Copying '/home/runner/.gitconfig' to '/home/runner/work/_temp/0c9a5b31-25e9-473a-b0bd-fccd37037c6c/.gitconfig'
2026-08-19T11:48:55.1670804Z Temporarily overriding HOME='/home/runner/work/_temp/0c9a5b31-25e9-473a-b0bd-fccd37037c6c' before making global git config changes
2026-08-19T11:48:55.1683841Z Adding repository directory to the temporary git global config as a safe directory
2026-08-19T11:48:55.1697980Z [command]/usr/bin/git config --global --add safe.directory /home/runner/work/OnePlus_KernelSU_SUSFS/OnePlus_KernelSU_SUSFS/action-source
2026-08-19T11:48:55.1704453Z Removing SSH command configuration
2026-08-19T11:48:55.1715553Z [command]/usr/bin/git config --local --name-only --get-regexp core\.sshCommand
2026-08-19T11:48:55.1774253Z [command]/usr/bin/git submodule foreach --recursive sh -c "git config --local --name-only --get-regexp 'core\.sshCommand' && git config --local --unset-all 'core.sshCommand' || :"
2026-08-19T11:48:55.2089462Z Removing HTTP extra header
2026-08-19T11:48:55.2092235Z [command]/usr/bin/git config --local --name-only --get-regexp http\.https\:\/\/github\.com\/\.extraheader
2026-08-19T11:48:55.2140146Z [command]/usr/bin/git submodule foreach --recursive sh -c "git config --local --name-only --get-regexp 'http\.https\:\/\/github\.com\/\.extraheader' && git config --local --unset-all 'http.https://github.com/.extraheader' || :"
2026-08-19T11:48:55.2409935Z Removing includeIf entries pointing to credentials config files
2026-08-19T11:48:55.2424422Z [command]/usr/bin/git config --local --name-only --get-regexp ^includeIf\.gitdir:
2026-08-19T11:48:55.2461866Z includeif.gitdir:/home/runner/work/OnePlus_KernelSU_SUSFS/OnePlus_KernelSU_SUSFS/action-source/.git.path
2026-08-19T11:48:55.2463340Z includeif.gitdir:/home/runner/work/OnePlus_KernelSU_SUSFS/OnePlus_KernelSU_SUSFS/action-source/.git/worktrees/*.path
2026-08-19T11:48:55.2464404Z includeif.gitdir:/github/workspace/action-source/.git.path
2026-08-19T11:48:55.2465415Z includeif.gitdir:/github/workspace/action-source/.git/worktrees/*.path
2026-08-19T11:48:55.2475202Z [command]/usr/bin/git config --local --get-all includeif.gitdir:/home/runner/work/OnePlus_KernelSU_SUSFS/OnePlus_KernelSU_SUSFS/action-source/.git.path
2026-08-19T11:48:55.2501421Z /home/runner/work/_temp/git-credentials-d30d7fd6-66c7-4e16-9560-1ee917260cff.config
2026-08-19T11:48:55.2518701Z [command]/usr/bin/git config --local --unset includeif.gitdir:/home/runner/work/OnePlus_KernelSU_SUSFS/OnePlus_KernelSU_SUSFS/action-source/.git.path /home/runner/work/_temp/git-credentials-d30d7fd6-66c7-4e16-9560-1ee917260cff.config
2026-08-19T11:48:55.2562342Z [command]/usr/bin/git config --local --get-all includeif.gitdir:/home/runner/work/OnePlus_KernelSU_SUSFS/OnePlus_KernelSU_SUSFS/action-source/.git/worktrees/*.path
2026-08-19T11:48:55.2589591Z /home/runner/work/_temp/git-credentials-d30d7fd6-66c7-4e16-9560-1ee917260cff.config
2026-08-19T11:48:55.2603500Z [command]/usr/bin/git config --local --unset includeif.gitdir:/home/runner/work/OnePlus_KernelSU_SUSFS/OnePlus_KernelSU_SUSFS/action-source/.git/worktrees/*.path /home/runner/work/_temp/git-credentials-d30d7fd6-66c7-4e16-9560-1ee917260cff.config
2026-08-19T11:48:55.2645672Z [command]/usr/bin/git config --local --get-all includeif.gitdir:/github/workspace/action-source/.git.path
2026-08-19T11:48:55.2674341Z /github/runner_temp/git-credentials-d30d7fd6-66c7-4e16-9560-1ee917260cff.config
2026-08-19T11:48:55.2687533Z [command]/usr/bin/git config --local --unset includeif.gitdir:/github/workspace/action-source/.git.path /github/runner_temp/git-credentials-d30d7fd6-66c7-4e16-9560-1ee917260cff.config
2026-08-19T11:48:55.2732120Z [command]/usr/bin/git config --local --get-all includeif.gitdir:/github/workspace/action-source/.git/worktrees/*.path
2026-08-19T11:48:55.2762686Z /github/runner_temp/git-credentials-d30d7fd6-66c7-4e16-9560-1ee917260cff.config
2026-08-19T11:48:55.2774594Z [command]/usr/bin/git config --local --unset includeif.gitdir:/github/workspace/action-source/.git/worktrees/*.path /github/runner_temp/git-credentials-d30d7fd6-66c7-4e16-9560-1ee917260cff.config
2026-08-19T11:48:55.2818459Z [command]/usr/bin/git submodule foreach --recursive git config --local --show-origin --name-only --get-regexp remote.origin.url
2026-08-19T11:48:55.3047324Z Removing credentials config '/home/runner/work/_temp/git-credentials-d30d7fd6-66c7-4e16-9560-1ee917260cff.config'
2026-08-19T11:48:55.3134694Z ##[end-action id=__6d15fcf0-9d70-4021-891b-a016db258104.__actions_checkout;outcome=success;conclusion=success;duration_ms=270]
2026-08-19T11:48:55.3200349Z Post job cleanup.
2026-08-19T11:48:55.4020105Z [command]/usr/bin/git version
2026-08-19T11:48:55.4065571Z git version 2.54.0
2026-08-19T11:48:55.4131687Z Copying '/home/runner/.gitconfig' to '/home/runner/work/_temp/3fdf917d-e329-4df2-976f-0a508362459e/.gitconfig'
2026-08-19T11:48:55.4143916Z Temporarily overriding HOME='/home/runner/work/_temp/3fdf917d-e329-4df2-976f-0a508362459e' before making global git config changes
2026-08-19T11:48:55.4145559Z Adding repository directory to the temporary git global config as a safe directory
2026-08-19T11:48:55.4150148Z [command]/usr/bin/git config --global --add safe.directory /home/runner/work/OnePlus_KernelSU_SUSFS/OnePlus_KernelSU_SUSFS
2026-08-19T11:48:55.4182685Z Removing SSH command configuration
2026-08-19T11:48:55.4189465Z [command]/usr/bin/git config --local --name-only --get-regexp core\.sshCommand
2026-08-19T11:48:55.4228069Z [command]/usr/bin/git submodule foreach --recursive sh -c "git config --local --name-only --get-regexp 'core\.sshCommand' && git config --local --unset-all 'core.sshCommand' || :"
2026-08-19T11:48:55.4484736Z Removing HTTP extra header
2026-08-19T11:48:55.4491296Z [command]/usr/bin/git config --local --name-only --get-regexp http\.https\:\/\/github\.com\/\.extraheader
2026-08-19T11:48:55.4529349Z [command]/usr/bin/git submodule foreach --recursive sh -c "git config --local --name-only --get-regexp 'http\.https\:\/\/github\.com\/\.extraheader' && git config --local --unset-all 'http.https://github.com/.extraheader' || :"
2026-08-19T11:48:55.4802570Z Removing includeIf entries pointing to credentials config files
2026-08-19T11:48:55.4816888Z [command]/usr/bin/git config --local --name-only --get-regexp ^includeIf\.gitdir:
2026-08-19T11:48:55.4862752Z includeif.gitdir:/home/runner/work/OnePlus_KernelSU_SUSFS/OnePlus_KernelSU_SUSFS/.git.path
2026-08-19T11:48:55.4892880Z includeif.gitdir:/home/runner/work/OnePlus_KernelSU_SUSFS/OnePlus_KernelSU_SUSFS/.git/worktrees/*.path
2026-08-19T11:48:55.4912629Z includeif.gitdir:/github/workspace/.git.path
2026-08-19T11:48:55.4919623Z includeif.gitdir:/github/workspace/.git/worktrees/*.path
2026-08-19T11:48:55.4931210Z [command]/usr/bin/git config --local --get-all includeif.gitdir:/home/runner/work/OnePlus_KernelSU_SUSFS/OnePlus_KernelSU_SUSFS/.git.path
2026-08-19T11:48:55.4933286Z /home/runner/work/_temp/git-credentials-f648876c-de16-4920-93e8-c8ad136fce79.config
2026-08-19T11:48:55.4934671Z [command]/usr/bin/git config --local --unset includeif.gitdir:/home/runner/work/OnePlus_KernelSU_SUSFS/OnePlus_KernelSU_SUSFS/.git.path /home/runner/work/_temp/git-credentials-f648876c-de16-4920-93e8-c8ad136fce79.config
2026-08-19T11:48:55.4973421Z [command]/usr/bin/git config --local --get-all includeif.gitdir:/home/runner/work/OnePlus_KernelSU_SUSFS/OnePlus_KernelSU_SUSFS/.git/worktrees/*.path
2026-08-19T11:48:55.5000830Z /home/runner/work/_temp/git-credentials-f648876c-de16-4920-93e8-c8ad136fce79.config
2026-08-19T11:48:55.5015706Z [command]/usr/bin/git config --local --unset includeif.gitdir:/home/runner/work/OnePlus_KernelSU_SUSFS/OnePlus_KernelSU_SUSFS/.git/worktrees/*.path /home/runner/work/_temp/git-credentials-f648876c-de16-4920-93e8-c8ad136fce79.config
2026-08-19T11:48:55.5058012Z [command]/usr/bin/git config --local --get-all includeif.gitdir:/github/workspace/.git.path
2026-08-19T11:48:55.5086533Z /github/runner_temp/git-credentials-f648876c-de16-4920-93e8-c8ad136fce79.config
2026-08-19T11:48:55.5096897Z [command]/usr/bin/git config --local --unset includeif.gitdir:/github/workspace/.git.path /github/runner_temp/git-credentials-f648876c-de16-4920-93e8-c8ad136fce79.config
2026-08-19T11:48:55.5140419Z [command]/usr/bin/git config --local --get-all includeif.gitdir:/github/workspace/.git/worktrees/*.path
2026-08-19T11:48:55.5166793Z /github/runner_temp/git-credentials-f648876c-de16-4920-93e8-c8ad136fce79.config
2026-08-19T11:48:55.5177991Z [command]/usr/bin/git config --local --unset includeif.gitdir:/github/workspace/.git/worktrees/*.path /github/runner_temp/git-credentials-f648876c-de16-4920-93e8-c8ad136fce79.config
2026-08-19T11:48:55.5216953Z [command]/usr/bin/git submodule foreach --recursive git config --local --show-origin --name-only --get-regexp remote.origin.url
2026-08-19T11:48:55.5440369Z Removing credentials config '/home/runner/work/_temp/git-credentials-f648876c-de16-4920-93e8-c8ad136fce79.config'
2026-08-19T11:48:55.5577620Z Cleaning up orphan processes
