build job id: 96055067477
﻿2026-08-19T11:41:15.5007621Z Current runner version: '2.336.0'
2026-08-19T11:41:15.5034326Z ##[group]Runner Image Provisioner
2026-08-19T11:41:15.5035948Z Hosted Compute Agent
2026-08-19T11:41:15.5036676Z Version: 20260729.566
2026-08-19T11:41:15.5037325Z Commit: cf7153fe6e25b664e8693c24944bf2b00355d109
2026-08-19T11:41:15.5038368Z Build Date: 2026-07-29T19:17:02Z
2026-08-19T11:41:15.5039090Z Worker ID: {2e74d6d3-a105-41a8-999a-044e538f8187}
2026-08-19T11:41:15.5039799Z Azure Region: eastus2
2026-08-19T11:41:15.5040502Z ##[endgroup]
2026-08-19T11:41:15.5042062Z ##[group]Operating System
2026-08-19T11:41:15.5043239Z Ubuntu
2026-08-19T11:41:15.5043796Z 24.04.4
2026-08-19T11:41:15.5044280Z LTS
2026-08-19T11:41:15.5045075Z ##[endgroup]
2026-08-19T11:41:15.5045644Z ##[group]Runner Image
2026-08-19T11:41:15.5046334Z Image: ubuntu-24.04
2026-08-19T11:41:15.5046938Z Version: 20260816.277.1
2026-08-19T11:41:15.5048151Z Included Software: https://github.com/actions/runner-images/blob/ubuntu24/20260816.277/images/ubuntu/Ubuntu2404-Readme.md
2026-08-19T11:41:15.5049761Z Image Release: https://github.com/actions/runner-images/releases/tag/ubuntu24%2F20260816.277
2026-08-19T11:41:15.5050711Z ##[endgroup]
2026-08-19T11:41:15.5052002Z ##[group]GITHUB_TOKEN Permissions
2026-08-19T11:41:15.5054924Z Actions: read
2026-08-19T11:41:15.5055888Z Contents: write
2026-08-19T11:41:15.5056704Z Metadata: read
2026-08-19T11:41:15.5057372Z ##[endgroup]
2026-08-19T11:41:15.5059562Z Secret source: Actions
2026-08-19T11:41:15.5060993Z Prepare workflow directory
2026-08-19T11:41:15.5389299Z Prepare all required actions
2026-08-19T11:41:15.5437729Z Getting action download info
2026-08-19T11:41:15.7688094Z Download action repository 'actions/checkout@v6' (SHA:d23441a48e516b6c34aea4fa41551a30e30af803)
2026-08-19T11:41:15.9634187Z Complete job name: OP-ACE-3-PRO-6.1.75 KSUN no-wakelock-timeout
2026-08-19T11:41:16.0506846Z ##[group]Run actions/checkout@v6
2026-08-19T11:41:16.0507673Z with:
2026-08-19T11:41:16.0508097Z   fetch-depth: 1
2026-08-19T11:41:16.0508598Z   repository: net00188/OnePlus_KernelSU_SUSFS
2026-08-19T11:41:16.0512831Z   token: ***
2026-08-19T11:41:16.0513271Z   ssh-strict: true
2026-08-19T11:41:16.0513716Z   ssh-user: git
2026-08-19T11:41:16.0514164Z   persist-credentials: true
2026-08-19T11:41:16.0514831Z   clean: true
2026-08-19T11:41:16.0515277Z   sparse-checkout-cone-mode: true
2026-08-19T11:41:16.0515782Z   fetch-tags: false
2026-08-19T11:41:16.0516220Z   show-progress: true
2026-08-19T11:41:16.0516661Z   lfs: false
2026-08-19T11:41:16.0517066Z   submodules: false
2026-08-19T11:41:16.0517513Z   set-safe-directory: true
2026-08-19T11:41:16.0518006Z   allow-unsafe-pr-checkout: false
2026-08-19T11:41:16.0518714Z ##[endgroup]
2026-08-19T11:41:16.1562500Z Syncing repository: net00188/OnePlus_KernelSU_SUSFS
2026-08-19T11:41:16.1565370Z ##[group]Getting Git version info
2026-08-19T11:41:16.1566821Z Working directory is '/home/runner/work/OnePlus_KernelSU_SUSFS/OnePlus_KernelSU_SUSFS'
2026-08-19T11:41:16.1568730Z [command]/usr/bin/git version
2026-08-19T11:41:16.1583669Z git version 2.55.0
2026-08-19T11:41:16.1606476Z ##[endgroup]
2026-08-19T11:41:16.1620611Z Temporarily overriding HOME='/home/runner/work/_temp/f3fdd328-abb0-4426-83b9-3e59039137d8' before making global git config changes
2026-08-19T11:41:16.1622883Z Adding repository directory to the temporary git global config as a safe directory
2026-08-19T11:41:16.1626117Z [command]/usr/bin/git config --global --add safe.directory /home/runner/work/OnePlus_KernelSU_SUSFS/OnePlus_KernelSU_SUSFS
2026-08-19T11:41:16.1674264Z Deleting the contents of '/home/runner/work/OnePlus_KernelSU_SUSFS/OnePlus_KernelSU_SUSFS'
2026-08-19T11:41:16.1685412Z ##[group]Determining repository object format
2026-08-19T11:41:16.1686875Z ##[endgroup]
2026-08-19T11:41:16.1688048Z ##[group]Initializing the repository
2026-08-19T11:41:16.1689450Z [command]/usr/bin/git init /home/runner/work/OnePlus_KernelSU_SUSFS/OnePlus_KernelSU_SUSFS
2026-08-19T11:41:16.1763843Z hint: Using 'master' as the name for the initial branch. This default branch name
2026-08-19T11:41:16.1766134Z hint: will change to "main" in Git 3.0. To configure the initial branch name
2026-08-19T11:41:16.1767944Z hint: to use in all of your new repositories, which will suppress this warning,
2026-08-19T11:41:16.1775029Z hint: call:
2026-08-19T11:41:16.1775991Z hint:
2026-08-19T11:41:16.1776804Z hint: 	git config --global init.defaultBranch <name>
2026-08-19T11:41:16.1777840Z hint:
2026-08-19T11:41:16.1778801Z hint: Names commonly chosen instead of 'master' are 'main', 'trunk' and
2026-08-19T11:41:16.1780333Z hint: 'development'. The just-created branch can be renamed via this command:
2026-08-19T11:41:16.1781573Z hint:
2026-08-19T11:41:16.1782354Z hint: 	git branch -m <name>
2026-08-19T11:41:16.1783321Z hint:
2026-08-19T11:41:16.1785439Z hint: Disable this message with "git config set advice.defaultBranchName false"
2026-08-19T11:41:16.1787387Z Initialized empty Git repository in /home/runner/work/OnePlus_KernelSU_SUSFS/OnePlus_KernelSU_SUSFS/.git/
2026-08-19T11:41:16.1790514Z [command]/usr/bin/git remote add origin https://github.com/net00188/OnePlus_KernelSU_SUSFS
2026-08-19T11:41:16.1820685Z ##[endgroup]
2026-08-19T11:41:16.1821899Z ##[group]Disabling automatic garbage collection
2026-08-19T11:41:16.1824358Z [command]/usr/bin/git config --local gc.auto 0
2026-08-19T11:41:16.1859659Z ##[endgroup]
2026-08-19T11:41:16.1860780Z ##[group]Setting up auth
2026-08-19T11:41:16.1861630Z Removing SSH command configuration
2026-08-19T11:41:16.1868894Z [command]/usr/bin/git config --local --name-only --get-regexp core\.sshCommand
2026-08-19T11:41:16.1905385Z [command]/usr/bin/git submodule foreach --recursive sh -c "git config --local --name-only --get-regexp 'core\.sshCommand' && git config --local --unset-all 'core.sshCommand' || :"
2026-08-19T11:41:16.2253416Z Removing HTTP extra header
2026-08-19T11:41:16.2260731Z [command]/usr/bin/git config --local --name-only --get-regexp http\.https\:\/\/github\.com\/\.extraheader
2026-08-19T11:41:16.2298128Z [command]/usr/bin/git submodule foreach --recursive sh -c "git config --local --name-only --get-regexp 'http\.https\:\/\/github\.com\/\.extraheader' && git config --local --unset-all 'http.https://github.com/.extraheader' || :"
2026-08-19T11:41:16.2551712Z Removing includeIf entries pointing to credentials config files
2026-08-19T11:41:16.2558400Z [command]/usr/bin/git config --local --name-only --get-regexp ^includeIf\.gitdir:
2026-08-19T11:41:16.2597694Z [command]/usr/bin/git submodule foreach --recursive git config --local --show-origin --name-only --get-regexp remote.origin.url
2026-08-19T11:41:16.2845196Z [command]/usr/bin/git config --file /home/runner/work/_temp/git-credentials-4c2e9a99-834d-4a06-bd46-fe5f02b1c9c5.config http.https://github.com/.extraheader AUTHORIZATION: basic ***
2026-08-19T11:41:16.2890342Z [command]/usr/bin/git config --local includeIf.gitdir:/home/runner/work/OnePlus_KernelSU_SUSFS/OnePlus_KernelSU_SUSFS/.git.path /home/runner/work/_temp/git-credentials-4c2e9a99-834d-4a06-bd46-fe5f02b1c9c5.config
2026-08-19T11:41:16.2927420Z [command]/usr/bin/git config --local includeIf.gitdir:/home/runner/work/OnePlus_KernelSU_SUSFS/OnePlus_KernelSU_SUSFS/.git/worktrees/*.path /home/runner/work/_temp/git-credentials-4c2e9a99-834d-4a06-bd46-fe5f02b1c9c5.config
2026-08-19T11:41:16.2964199Z [command]/usr/bin/git config --local includeIf.gitdir:/github/workspace/.git.path /github/runner_temp/git-credentials-4c2e9a99-834d-4a06-bd46-fe5f02b1c9c5.config
2026-08-19T11:41:16.3001641Z [command]/usr/bin/git config --local includeIf.gitdir:/github/workspace/.git/worktrees/*.path /github/runner_temp/git-credentials-4c2e9a99-834d-4a06-bd46-fe5f02b1c9c5.config
2026-08-19T11:41:16.3036723Z ##[endgroup]
2026-08-19T11:41:16.3037466Z ##[group]Fetching the repository
2026-08-19T11:41:16.3045790Z [command]/usr/bin/git -c protocol.version=2 fetch --no-tags --prune --no-recurse-submodules --depth=1 origin +8cee95535309bdc943714464812fd26110b9f7e4:refs/remotes/origin/main
2026-08-19T11:41:16.6160791Z From https://github.com/net00188/OnePlus_KernelSU_SUSFS
2026-08-19T11:41:16.6162063Z  * [new ref]         8cee95535309bdc943714464812fd26110b9f7e4 -> origin/main
2026-08-19T11:41:16.6171729Z [command]/usr/bin/git branch --list --remote origin/main
2026-08-19T11:41:16.6202600Z   origin/main
2026-08-19T11:41:16.6211070Z [command]/usr/bin/git rev-parse refs/remotes/origin/main
2026-08-19T11:41:16.6242341Z 8cee95535309bdc943714464812fd26110b9f7e4
2026-08-19T11:41:16.6247761Z ##[endgroup]
2026-08-19T11:41:16.6248902Z ##[group]Determining the checkout info
2026-08-19T11:41:16.6250217Z ##[endgroup]
2026-08-19T11:41:16.6254274Z [command]/usr/bin/git sparse-checkout disable
2026-08-19T11:41:16.6304902Z [command]/usr/bin/git config --local --unset-all extensions.worktreeConfig
2026-08-19T11:41:16.6336510Z ##[group]Checking out the ref
2026-08-19T11:41:16.6341872Z [command]/usr/bin/git checkout --progress --force -B main refs/remotes/origin/main
2026-08-19T11:41:16.6532031Z Switched to a new branch 'main'
2026-08-19T11:41:16.6536371Z branch 'main' set up to track 'origin/main'.
2026-08-19T11:41:16.6543737Z ##[endgroup]
2026-08-19T11:41:16.6591904Z [command]/usr/bin/git log -1 --format=%H
2026-08-19T11:41:16.6622351Z 8cee95535309bdc943714464812fd26110b9f7e4
2026-08-19T11:41:16.6842172Z ##[group]Run set -euo pipefail
2026-08-19T11:41:16.6842862Z [36;1mset -euo pipefail[0m
2026-08-19T11:41:16.6843394Z [36;1mpython3 - <<'PYEOF'[0m
2026-08-19T11:41:16.6843989Z [36;1mp = '.github/actions/build-kernel/action.yml'[0m
2026-08-19T11:41:16.6844865Z [36;1ms = open(p).read()[0m
2026-08-19T11:41:16.6845747Z [36;1manchor = 'patch -p1 --forward < "$KERNEL_PATCHES_FOLDER/common/add_timeout_wakelocks_globally.patch"'[0m
2026-08-19T11:41:16.6846673Z [36;1minject = anchor + '\n' + '\n'.join([[0m
2026-08-19T11:41:16.6847492Z [36;1m    '        # CUSTOM REVERT: restore persistent sysfs wakelocks (screen-off VPN access)',[0m
2026-08-19T11:41:16.6848627Z [36;1m    "        sed -i 's/__pm_wakeup_event(wl->ws, 500)/__pm_stay_awake(wl->ws)/' kernel/power/wakelock.c",[0m
2026-08-19T11:41:16.6849870Z [36;1m    "        grep -q '__pm_stay_awake(wl->ws)' kernel/power/wakelock.c || { echo '::error::wakelock revert failed'; exit 1; }",[0m
2026-08-19T11:41:16.6850956Z [36;1m    '        echo "CUSTOM: persistent wakelocks restored"'])[0m
2026-08-19T11:41:16.6851788Z [36;1massert s.count(anchor) == 1, 'anchor not found in build-kernel action'[0m
2026-08-19T11:41:16.6852583Z [36;1mopen(p, 'w').write(s.replace(anchor, inject))[0m
2026-08-19T11:41:16.6853171Z [36;1m[0m
2026-08-19T11:41:16.6853687Z [36;1mp2 = '.github/actions/kernel-source-sync/action.yml'[0m
2026-08-19T11:41:16.6854318Z [36;1ms2 = open(p2).read()[0m
2026-08-19T11:41:16.6855605Z [36;1mfatal = 'print(f"::error::[FATAL ERROR] Toolchain {base_filename} NOT FOUND in GitHub Release cache!")'[0m
2026-08-19T11:41:16.6856812Z [36;1massert s2.count(fatal) == 1, 'fatal block not found'[0m
2026-08-19T11:41:16.6857671Z [36;1mlines = s2.split('\n')[0m
2026-08-19T11:41:16.6858198Z [36;1mout = [][0m
2026-08-19T11:41:16.6858623Z [36;1mskip = 0[0m
2026-08-19T11:41:16.6859073Z [36;1mfor l in lines:[0m
2026-08-19T11:41:16.6859543Z [36;1m    if skip > 0:[0m
2026-08-19T11:41:16.6860025Z [36;1m        skip -= 1[0m
2026-08-19T11:41:16.6860507Z [36;1m        continue[0m
2026-08-19T11:41:16.6860973Z [36;1m    if fatal in l:[0m
2026-08-19T11:41:16.6861612Z [36;1m        out.append(l.replace('::error::[FATAL ERROR]', '::warning::')[0m
2026-08-19T11:41:16.6862612Z [36;1m                   .replace(' NOT FOUND in GitHub Release cache!', ' not in release cache - direct download'))[0m
2026-08-19T11:41:16.6863556Z [36;1m        skip = 2  # drop the second error print + return False[0m
2026-08-19T11:41:16.6864189Z [36;1m        continue[0m
2026-08-19T11:41:16.6864850Z [36;1m    out.append(l)[0m
2026-08-19T11:41:16.6865331Z [36;1ms2 = '\n'.join(out)[0m
2026-08-19T11:41:16.6865955Z [36;1massert 'FATAL ERROR' not in s2, 'fatal prints still present'[0m
2026-08-19T11:41:16.6866636Z [36;1mopen(p2, 'w').write(s2)[0m
2026-08-19T11:41:16.6867125Z [36;1m[0m
2026-08-19T11:41:16.6867931Z [36;1m# 3) use UPSTREAM toolchain cache release (fork has none of its own)[0m
2026-08-19T11:41:16.6868748Z [36;1mp3 = '.github/actions/kernel-source-sync/action.yml'[0m
2026-08-19T11:41:16.6869385Z [36;1ms3 = open(p3).read()[0m
2026-08-19T11:41:16.6869998Z [36;1moldrepo = 'TARGET_REPO = "${' + '{ github.repository }}"'[0m
2026-08-19T11:41:16.6870797Z [36;1mnewrepo = 'TARGET_REPO = "WildKernels/OnePlus_KernelSU_SUSFS"'[0m
2026-08-19T11:41:16.6871569Z [36;1massert oldrepo in s3, 'TARGET_REPO line not found'[0m
2026-08-19T11:41:16.6872289Z [36;1mopen(p3, 'w').write(s3.replace(oldrepo, newrepo))[0m
2026-08-19T11:41:16.6872891Z [36;1m[0m
2026-08-19T11:41:16.6873483Z [36;1m# 4) the composite re-checks-out PRISTINE upstream into action-source/[0m
2026-08-19T11:41:16.6874366Z [36;1m#    and calls sub-actions from there, bypassing our patches above.[0m
2026-08-19T11:41:16.6875457Z [36;1m#    Point all internal action refs at our patched workspace copies.[0m
2026-08-19T11:41:16.6876250Z [36;1mp4 = '.github/actions/build-kernel/action.yml'[0m
2026-08-19T11:41:16.6876953Z [36;1ms4 = open(p4).read()[0m
2026-08-19T11:41:16.6877701Z [36;1mold4 = 'uses: ./action-source/.github/actions/'[0m
2026-08-19T11:41:16.6878321Z [36;1mn4 = s4.count(old4)[0m
2026-08-19T11:41:16.6878871Z [36;1massert n4 >= 1, 'action-source refs not found'[0m
2026-08-19T11:41:16.6879608Z [36;1mopen(p4, 'w').write(s4.replace(old4, 'uses: ./.github/actions/'))[0m
2026-08-19T11:41:16.6880496Z [36;1mprint('custom injections applied (incl. %d internal action refs)' % n4)[0m
2026-08-19T11:41:16.6881227Z [36;1mPYEOF[0m
2026-08-19T11:41:16.6881799Z [36;1mgrep -n "__pm_stay_awake" .github/actions/build-kernel/action.yml[0m
2026-08-19T11:41:16.6882803Z [36;1mgrep -n "WildKernels/OnePlus_KernelSU_SUSFS" .github/actions/kernel-source-sync/action.yml[0m
2026-08-19T11:41:16.6883881Z [36;1mgrep -c "action-source/.github" .github/actions/build-kernel/action.yml || true[0m
2026-08-19T11:41:16.6929778Z shell: /usr/bin/bash -e {0}
2026-08-19T11:41:16.6930314Z ##[endgroup]
2026-08-19T11:41:16.7193735Z custom injections applied (incl. 3 internal action refs)
2026-08-19T11:41:16.7241517Z 1459:        sed -i 's/__pm_wakeup_event(wl->ws, 500)/__pm_stay_awake(wl->ws)/' kernel/power/wakelock.c
2026-08-19T11:41:16.7247578Z 1460:        grep -q '__pm_stay_awake(wl->ws)' kernel/power/wakelock.c || { echo '::error::wakelock revert failed'; exit 1; }
2026-08-19T11:41:16.7255777Z 52:        TARGET_REPO = "WildKernels/OnePlus_KernelSU_SUSFS"
2026-08-19T11:41:16.7270030Z 0
2026-08-19T11:41:16.7317626Z ##[group]Run set -euo pipefail
2026-08-19T11:41:16.7318189Z [36;1mset -euo pipefail[0m
2026-08-19T11:41:16.7318709Z [36;1mecho "::group::Install dependencies"[0m
2026-08-19T11:41:16.7320277Z [36;1msudo timeout 300 apt-get -o Acquire::ForceIPv4=true -o Acquire::Retries=3 -o Acquire::http::Timeout=20 -o Acquire::https::Timeout=20 update -qq || echo "::warning::apt update failed/timed out - continuing with cached indexes"[0m
2026-08-19T11:41:16.7322298Z [36;1msudo DEBIAN_FRONTEND=noninteractive timeout 900 apt-get -o Acquire::ForceIPv4=true install -y --no-install-recommends \[0m
2026-08-19T11:41:16.7323479Z [36;1m  git curl ca-certificates build-essential clang lld flex bison \[0m
2026-08-19T11:41:16.7324336Z [36;1m  libelf-dev libssl-dev libncurses-dev zlib1g-dev liblz4-tool \[0m
2026-08-19T11:41:16.7325955Z [36;1m  libxml2-utils rsync unzip dwarves file python3 ccache jq bc dos2unix kmod libdw-dev elfutils pigz[0m
2026-08-19T11:41:16.7326936Z [36;1msudo apt-get clean[0m
2026-08-19T11:41:16.7327952Z [36;1mcommand -v aria2c >/dev/null 2>&1 || sudo DEBIAN_FRONTEND=noninteractive timeout 300 apt-get install -y --no-install-recommends aria2[0m
2026-08-19T11:41:16.7329488Z [36;1mcommand -v zip >/dev/null 2>&1 || sudo DEBIAN_FRONTEND=noninteractive timeout 300 apt-get install -y --no-install-recommends zip[0m
2026-08-19T11:41:16.7330654Z [36;1mecho "aria2c: $(command -v aria2c)  zip: $(command -v zip)"[0m
2026-08-19T11:41:16.7331546Z [36;1mecho "✅ Dependencies installed"[0m
2026-08-19T11:41:16.7332093Z [36;1mecho "::endgroup::"[0m
2026-08-19T11:41:16.7372348Z shell: /usr/bin/bash -e {0}
2026-08-19T11:41:16.7373084Z ##[endgroup]
2026-08-19T11:41:16.7435187Z ##[group]Install dependencies
2026-08-19T11:41:22.8421848Z Reading package lists...
2026-08-19T11:41:23.0087533Z Building dependency tree...
2026-08-19T11:41:23.0095313Z Reading state information...
2026-08-19T11:41:23.1737151Z git is already the newest version (1:2.55.0-0ppa1~ubuntu24.04.2).
2026-08-19T11:41:23.1738106Z git set to manually installed.
2026-08-19T11:41:23.1738789Z curl is already the newest version (8.5.0-2ubuntu10.11).
2026-08-19T11:41:23.1739577Z ca-certificates is already the newest version (20260601~24.04.1).
2026-08-19T11:41:23.1740320Z flex is already the newest version (2.6.4-8.2build1).
2026-08-19T11:41:23.1740963Z bison is already the newest version (2:3.8.2+dfsg-1build2).
2026-08-19T11:41:23.1741675Z libssl-dev is already the newest version (3.0.13-0ubuntu3.12).
2026-08-19T11:41:23.1742517Z libncurses-dev is already the newest version (6.4+20240113-1ubuntu2.1).
2026-08-19T11:41:23.1743239Z libncurses-dev set to manually installed.
2026-08-19T11:41:23.1743929Z zlib1g-dev is already the newest version (1:1.3.dfsg-3.1ubuntu2.1).
2026-08-19T11:41:23.1745004Z rsync is already the newest version (3.2.7-1ubuntu1.5).
2026-08-19T11:41:23.1745791Z unzip is already the newest version (6.0-28ubuntu4.1).
2026-08-19T11:41:23.1746527Z file is already the newest version (1:5.45-3build1).
2026-08-19T11:41:23.1747322Z python3 is already the newest version (3.12.3-0ubuntu2.1).
2026-08-19T11:41:23.1748058Z jq is already the newest version (1.7.1-3ubuntu0.24.04.2).
2026-08-19T11:41:23.1748769Z bc is already the newest version (1.07.1-3ubuntu4).
2026-08-19T11:41:23.1749294Z bc set to manually installed.
2026-08-19T11:41:23.1749804Z kmod is already the newest version (31+20240202-2ubuntu7.2).
2026-08-19T11:41:23.1750346Z kmod set to manually installed.
2026-08-19T11:41:23.1750695Z pigz is already the newest version (2.8-1).
2026-08-19T11:41:23.1751094Z The following additional packages will be installed:
2026-08-19T11:41:23.1751595Z   libasm1t64 libhiredis1.1.0 liblzma-dev pahole
2026-08-19T11:41:23.1752060Z Suggested packages:
2026-08-19T11:41:23.1752424Z   distcc | icecc liblzma-doc
2026-08-19T11:41:23.2022727Z The following NEW packages will be installed:
2026-08-19T11:41:23.2024181Z   build-essential ccache clang dos2unix dwarves elfutils libasm1t64 libdw-dev
2026-08-19T11:41:23.2035478Z   libelf-dev libhiredis1.1.0 liblz4-tool liblzma-dev libxml2-utils lld pahole
2026-08-19T11:41:23.2231991Z 0 upgraded, 15 newly installed, 0 to remove and 5 not upgraded.
2026-08-19T11:41:23.2232804Z Need to get 2598 kB of archives.
2026-08-19T11:41:23.2233461Z After this operation, 11.6 MB of additional disk space will be used.
2026-08-19T11:41:23.2234250Z Get:1 file:/etc/apt/apt-mirrors.txt Mirrorlist [144 B]
2026-08-19T11:41:23.2545848Z Get:2 http://azure.archive.ubuntu.com/ubuntu noble/main amd64 build-essential amd64 12.10ubuntu1 [4928 B]
2026-08-19T11:41:23.2677865Z Get:3 http://azure.archive.ubuntu.com/ubuntu noble/universe amd64 libhiredis1.1.0 amd64 1.2.0-6ubuntu3 [41.4 kB]
2026-08-19T11:41:23.2835851Z Get:4 http://azure.archive.ubuntu.com/ubuntu noble/universe amd64 ccache amd64 4.9.1-1 [592 kB]
2026-08-19T11:41:23.3039148Z Get:5 http://azure.archive.ubuntu.com/ubuntu noble/universe amd64 clang amd64 1:18.0-59~exp2 [5846 B]
2026-08-19T11:41:23.3168993Z Get:6 http://azure.archive.ubuntu.com/ubuntu noble-updates/main amd64 libasm1t64 amd64 0.190-1.1ubuntu0.1 [17.5 kB]
2026-08-19T11:41:23.3353130Z Get:7 http://azure.archive.ubuntu.com/ubuntu noble-updates/main amd64 elfutils amd64 0.190-1.1ubuntu0.1 [525 kB]
2026-08-19T11:41:23.3529075Z Get:8 http://azure.archive.ubuntu.com/ubuntu noble-updates/main amd64 libelf-dev amd64 0.190-1.1ubuntu0.1 [68.5 kB]
2026-08-19T11:41:23.3653323Z Get:9 http://azure.archive.ubuntu.com/ubuntu noble-updates/main amd64 liblzma-dev amd64 5.6.1+really5.4.5-1ubuntu0.3 [176 kB]
2026-08-19T11:41:23.3810492Z Get:10 http://azure.archive.ubuntu.com/ubuntu noble-updates/main amd64 libdw-dev amd64 0.190-1.1ubuntu0.1 [340 kB]
2026-08-19T11:41:23.3994831Z Get:11 http://azure.archive.ubuntu.com/ubuntu noble-updates/main amd64 libxml2-utils amd64 2.9.14+dfsg-1.3ubuntu3.8 [39.4 kB]
2026-08-19T11:41:23.4122298Z Get:12 http://azure.archive.ubuntu.com/ubuntu noble/universe amd64 lld amd64 1:18.0-59~exp2 [5494 B]
2026-08-19T11:41:23.4250799Z Get:13 http://azure.archive.ubuntu.com/ubuntu noble/universe amd64 pahole amd64 1.25-0ubuntu3 [277 kB]
2026-08-19T11:41:23.4494063Z Get:14 http://azure.archive.ubuntu.com/ubuntu noble/universe amd64 dos2unix amd64 7.5.1-1 [501 kB]
2026-08-19T11:41:23.4717754Z Get:15 http://azure.archive.ubuntu.com/ubuntu noble/universe amd64 dwarves all 1.25-0ubuntu3 [2186 B]
2026-08-19T11:41:23.4844567Z Get:16 http://azure.archive.ubuntu.com/ubuntu noble-updates/universe amd64 liblz4-tool all 1.9.4-1build1.1 [2484 B]
2026-08-19T11:41:23.7594575Z Fetched 2598 kB in 0s (9529 kB/s)
2026-08-19T11:41:23.7808421Z Selecting previously unselected package build-essential.
2026-08-19T11:41:23.8055877Z (Reading database ... 
2026-08-19T11:41:23.8056515Z (Reading database ... 5%
2026-08-19T11:41:23.8057620Z (Reading database ... 10%
2026-08-19T11:41:23.8059190Z (Reading database ... 15%
2026-08-19T11:41:23.8059611Z (Reading database ... 20%
2026-08-19T11:41:23.8060177Z (Reading database ... 25%
2026-08-19T11:41:23.8060682Z (Reading database ... 30%
2026-08-19T11:41:23.8061041Z (Reading database ... 35%
2026-08-19T11:41:23.8061482Z (Reading database ... 40%
2026-08-19T11:41:23.8061852Z (Reading database ... 45%
2026-08-19T11:41:23.8062229Z (Reading database ... 50%
2026-08-19T11:41:23.8106832Z (Reading database ... 55%
2026-08-19T11:41:23.8652211Z (Reading database ... 60%
2026-08-19T11:41:23.9132853Z (Reading database ... 65%
2026-08-19T11:41:24.0673329Z (Reading database ... 70%
2026-08-19T11:41:24.2731328Z (Reading database ... 75%
2026-08-19T11:41:24.3903573Z (Reading database ... 80%
2026-08-19T11:41:24.5720944Z (Reading database ... 85%
2026-08-19T11:41:24.7605946Z (Reading database ... 90%
2026-08-19T11:41:24.9732930Z (Reading database ... 95%
2026-08-19T11:41:24.9733324Z (Reading database ... 100%
2026-08-19T11:41:24.9733694Z (Reading database ... 203124 files and directories currently installed.)
2026-08-19T11:41:24.9780488Z Preparing to unpack .../00-build-essential_12.10ubuntu1_amd64.deb ...
2026-08-19T11:41:24.9807205Z Unpacking build-essential (12.10ubuntu1) ...
2026-08-19T11:41:25.0035198Z Selecting previously unselected package libhiredis1.1.0:amd64.
2026-08-19T11:41:25.0166549Z Preparing to unpack .../01-libhiredis1.1.0_1.2.0-6ubuntu3_amd64.deb ...
2026-08-19T11:41:25.0183540Z Unpacking libhiredis1.1.0:amd64 (1.2.0-6ubuntu3) ...
2026-08-19T11:41:25.0402965Z Selecting previously unselected package ccache.
2026-08-19T11:41:25.0535207Z Preparing to unpack .../02-ccache_4.9.1-1_amd64.deb ...
2026-08-19T11:41:25.0543202Z Unpacking ccache (4.9.1-1) ...
2026-08-19T11:41:25.0858986Z Selecting previously unselected package clang.
2026-08-19T11:41:25.0992830Z Preparing to unpack .../03-clang_1%3a18.0-59~exp2_amd64.deb ...
2026-08-19T11:41:25.1000925Z Unpacking clang (1:18.0-59~exp2) ...
2026-08-19T11:41:25.1232340Z Selecting previously unselected package libasm1t64:amd64.
2026-08-19T11:41:25.1366610Z Preparing to unpack .../04-libasm1t64_0.190-1.1ubuntu0.1_amd64.deb ...
2026-08-19T11:41:25.1375774Z Unpacking libasm1t64:amd64 (0.190-1.1ubuntu0.1) ...
2026-08-19T11:41:25.1584385Z Selecting previously unselected package elfutils.
2026-08-19T11:41:25.1719448Z Preparing to unpack .../05-elfutils_0.190-1.1ubuntu0.1_amd64.deb ...
2026-08-19T11:41:25.1727730Z Unpacking elfutils (0.190-1.1ubuntu0.1) ...
2026-08-19T11:41:25.2072486Z Selecting previously unselected package libelf-dev:amd64.
2026-08-19T11:41:25.2205477Z Preparing to unpack .../06-libelf-dev_0.190-1.1ubuntu0.1_amd64.deb ...
2026-08-19T11:41:25.2213912Z Unpacking libelf-dev:amd64 (0.190-1.1ubuntu0.1) ...
2026-08-19T11:41:25.2472249Z Selecting previously unselected package liblzma-dev:amd64.
2026-08-19T11:41:25.2605933Z Preparing to unpack .../07-liblzma-dev_5.6.1+really5.4.5-1ubuntu0.3_amd64.deb ...
2026-08-19T11:41:25.2614025Z Unpacking liblzma-dev:amd64 (5.6.1+really5.4.5-1ubuntu0.3) ...
2026-08-19T11:41:25.2887862Z Selecting previously unselected package libdw-dev:amd64.
2026-08-19T11:41:25.3020004Z Preparing to unpack .../08-libdw-dev_0.190-1.1ubuntu0.1_amd64.deb ...
2026-08-19T11:41:25.3028158Z Unpacking libdw-dev:amd64 (0.190-1.1ubuntu0.1) ...
2026-08-19T11:41:25.3294348Z Selecting previously unselected package libxml2-utils.
2026-08-19T11:41:25.3428594Z Preparing to unpack .../09-libxml2-utils_2.9.14+dfsg-1.3ubuntu3.8_amd64.deb ...
2026-08-19T11:41:25.3436526Z Unpacking libxml2-utils (2.9.14+dfsg-1.3ubuntu3.8) ...
2026-08-19T11:41:25.3660869Z Selecting previously unselected package lld:amd64.
2026-08-19T11:41:25.3797144Z Preparing to unpack .../10-lld_1%3a18.0-59~exp2_amd64.deb ...
2026-08-19T11:41:25.3804784Z Unpacking lld:amd64 (1:18.0-59~exp2) ...
2026-08-19T11:41:25.4022686Z Selecting previously unselected package pahole.
2026-08-19T11:41:25.4158340Z Preparing to unpack .../11-pahole_1.25-0ubuntu3_amd64.deb ...
2026-08-19T11:41:25.4167112Z Unpacking pahole (1.25-0ubuntu3) ...
2026-08-19T11:41:25.4459153Z Selecting previously unselected package dos2unix.
2026-08-19T11:41:25.4592207Z Preparing to unpack .../12-dos2unix_7.5.1-1_amd64.deb ...
2026-08-19T11:41:25.4600590Z Unpacking dos2unix (7.5.1-1) ...
2026-08-19T11:41:25.5434831Z Selecting previously unselected package dwarves.
2026-08-19T11:41:25.5569553Z Preparing to unpack .../13-dwarves_1.25-0ubuntu3_all.deb ...
2026-08-19T11:41:25.5576758Z Unpacking dwarves (1.25-0ubuntu3) ...
2026-08-19T11:41:25.5775118Z Selecting previously unselected package liblz4-tool.
2026-08-19T11:41:25.5909645Z Preparing to unpack .../14-liblz4-tool_1.9.4-1build1.1_all.deb ...
2026-08-19T11:41:25.5916759Z Unpacking liblz4-tool (1.9.4-1build1.1) ...
2026-08-19T11:41:25.6317380Z Setting up lld:amd64 (1:18.0-59~exp2) ...
2026-08-19T11:41:25.6339834Z Setting up clang (1:18.0-59~exp2) ...
2026-08-19T11:41:25.6566135Z Setting up libasm1t64:amd64 (0.190-1.1ubuntu0.1) ...
2026-08-19T11:41:25.6587324Z Setting up libelf-dev:amd64 (0.190-1.1ubuntu0.1) ...
2026-08-19T11:41:25.6607453Z Setting up pahole (1.25-0ubuntu3) ...
2026-08-19T11:41:25.6629522Z Setting up liblzma-dev:amd64 (5.6.1+really5.4.5-1ubuntu0.3) ...
2026-08-19T11:41:25.6649193Z Setting up liblz4-tool (1.9.4-1build1.1) ...
2026-08-19T11:41:25.6671560Z Setting up build-essential (12.10ubuntu1) ...
2026-08-19T11:41:25.6690443Z Setting up dos2unix (7.5.1-1) ...
2026-08-19T11:41:25.6709805Z Setting up libxml2-utils (2.9.14+dfsg-1.3ubuntu3.8) ...
2026-08-19T11:41:25.6732082Z Setting up libhiredis1.1.0:amd64 (1.2.0-6ubuntu3) ...
2026-08-19T11:41:25.6751980Z Setting up elfutils (0.190-1.1ubuntu0.1) ...
2026-08-19T11:41:25.6773157Z Setting up ccache (4.9.1-1) ...
2026-08-19T11:41:25.6798212Z Updating symlinks in /usr/lib/ccache ...
2026-08-19T11:41:25.7007614Z Setting up libdw-dev:amd64 (0.190-1.1ubuntu0.1) ...
2026-08-19T11:41:25.7026689Z Setting up dwarves (1.25-0ubuntu3) ...
2026-08-19T11:41:25.7061926Z Processing triggers for man-db (2.12.0-4build2) ...
2026-08-19T11:41:25.7082671Z Not building database; man-db/auto-update is not 'true'.
2026-08-19T11:41:25.7098036Z Processing triggers for libc-bin (2.39-0ubuntu8.8) ...
2026-08-19T11:41:26.3371483Z 
2026-08-19T11:41:26.3372056Z Running kernel seems to be up-to-date.
2026-08-19T11:41:26.3378723Z 
2026-08-19T11:41:26.3378916Z No services need to be restarted.
2026-08-19T11:41:26.3379418Z 
2026-08-19T11:41:26.3379564Z No containers need to be restarted.
2026-08-19T11:41:26.3379855Z 
2026-08-19T11:41:26.3380046Z No user sessions are running outdated binaries.
2026-08-19T11:41:26.3380379Z 
2026-08-19T11:41:26.3380697Z No VM guests are running outdated hypervisor (qemu) binaries on this host.
2026-08-19T11:41:27.2814994Z aria2c: /usr/bin/aria2c  zip: /usr/bin/zip
2026-08-19T11:41:27.2815891Z ✅ Dependencies installed
2026-08-19T11:41:27.2817648Z ##[endgroup]
2026-08-19T11:41:27.2874800Z ##[group]Run set -euo pipefail
2026-08-19T11:41:27.2875139Z [36;1mset -euo pipefail[0m
2026-08-19T11:41:27.2875579Z [36;1mmkdir -p "/home/runner/work/OnePlus_KernelSU_SUSFS/OnePlus_KernelSU_SUSFS/.ccache"[0m
2026-08-19T11:41:27.2876063Z [36;1mfor setting in \[0m
2026-08-19T11:41:27.2876512Z [36;1m  "CCACHE_DIR=/home/runner/work/OnePlus_KernelSU_SUSFS/OnePlus_KernelSU_SUSFS/.ccache" \[0m
2026-08-19T11:41:27.2877001Z [36;1m  "CCACHE_MAXSIZE=12G" \[0m
2026-08-19T11:41:27.2877292Z [36;1m  "CCACHE_COMPILERCHECK=content" \[0m
2026-08-19T11:41:27.2877613Z [36;1m  "CCACHE_BASEDIR=${GITHUB_WORKSPACE}" \[0m
2026-08-19T11:41:27.2877923Z [36;1m  "CCACHE_NOHASHDIR=true" \[0m
2026-08-19T11:41:27.2878209Z [36;1m  "CCACHE_IGNOREOPTIONS=--sysroot*" \[0m
2026-08-19T11:41:27.2878511Z [36;1m  "CCACHE_COMPRESSION=true" \[0m
2026-08-19T11:41:27.2878802Z [36;1m  "CCACHE_COMPRESSION_LEVEL=3" \[0m
2026-08-19T11:41:27.2879096Z [36;1m  "CCACHE_DIRECT=true" \[0m
2026-08-19T11:41:27.2879409Z [36;1m  "CCACHE_FILE_CLONE=true" \[0m
2026-08-19T11:41:27.2879684Z [36;1m  "CCACHE_INODE_CACHE=true" \[0m
2026-08-19T11:41:27.2879976Z [36;1m  "CCACHE_IS_KERNEL_COMPILING=true" \[0m
2026-08-19T11:41:27.2880263Z [36;1m  "CCACHE_UMASK=002" \[0m
2026-08-19T11:41:27.2880824Z [36;1m  "CCACHE_SLOPPINESS=file_macro,time_macros,include_file_mtime,include_file_ctime,pch_defines,system_headers,locale"; do[0m
2026-08-19T11:41:27.2881399Z [36;1m  export "$setting"[0m
2026-08-19T11:41:27.2881664Z [36;1m  echo "$setting" >> "$GITHUB_ENV"[0m
2026-08-19T11:41:27.2881937Z [36;1mdone[0m
2026-08-19T11:41:27.2882150Z [36;1mccache -p | head -n 5 || true[0m
2026-08-19T11:41:27.2924007Z shell: /usr/bin/bash -e {0}
2026-08-19T11:41:27.2924274Z ##[endgroup]
2026-08-19T11:41:27.3027559Z (default) absolute_paths_in_stderr = false
2026-08-19T11:41:27.3028395Z (environment) base_dir = /home/runner/work/OnePlus_KernelSU_SUSFS/OnePlus_KernelSU_SUSFS
2026-08-19T11:41:27.3029197Z (environment) cache_dir = /home/runner/work/OnePlus_KernelSU_SUSFS/OnePlus_KernelSU_SUSFS/.ccache
2026-08-19T11:41:27.3029703Z (default) compiler = 
2026-08-19T11:41:27.3029956Z (environment) compiler_check = content
2026-08-19T11:41:27.3068624Z ##[group]Run set -euo pipefail
2026-08-19T11:41:27.3068929Z [36;1mset -euo pipefail[0m
2026-08-19T11:41:27.3069212Z [36;1mjq . configs/a15/OP-ACE-3-PRO-6.1.75.json[0m
2026-08-19T11:41:27.3069717Z [36;1mecho "config_json=$(jq -c . configs/a15/OP-ACE-3-PRO-6.1.75.json)" >> "$GITHUB_OUTPUT"[0m
2026-08-19T11:41:27.3109289Z shell: /usr/bin/bash --noprofile --norc -e -o pipefail {0}
2026-08-19T11:41:27.3109640Z env:
2026-08-19T11:41:27.3109993Z   CCACHE_DIR: /home/runner/work/OnePlus_KernelSU_SUSFS/OnePlus_KernelSU_SUSFS/.ccache
2026-08-19T11:41:27.3110422Z   CCACHE_MAXSIZE: 12G
2026-08-19T11:41:27.3110654Z   CCACHE_COMPILERCHECK: content
2026-08-19T11:41:27.3111048Z   CCACHE_BASEDIR: /home/runner/work/OnePlus_KernelSU_SUSFS/OnePlus_KernelSU_SUSFS
2026-08-19T11:41:27.3111477Z   CCACHE_NOHASHDIR: true
2026-08-19T11:41:27.3111747Z   CCACHE_IGNOREOPTIONS: --sysroot*
2026-08-19T11:41:27.3112019Z   CCACHE_COMPRESSION: true
2026-08-19T11:41:27.3112258Z   CCACHE_COMPRESSION_LEVEL: 3
2026-08-19T11:41:27.3112534Z   CCACHE_DIRECT: true
2026-08-19T11:41:27.3112754Z   CCACHE_FILE_CLONE: true
2026-08-19T11:41:27.3112990Z   CCACHE_INODE_CACHE: true
2026-08-19T11:41:27.3113234Z   CCACHE_IS_KERNEL_COMPILING: true
2026-08-19T11:41:27.3113484Z   CCACHE_UMASK: 002
2026-08-19T11:41:27.3113969Z   CCACHE_SLOPPINESS: file_macro,time_macros,include_file_mtime,include_file_ctime,pch_defines,system_headers,locale
2026-08-19T11:41:27.3114693Z ##[endgroup]
2026-08-19T11:41:27.3198249Z {
2026-08-19T11:41:27.3198589Z   "model": "OP-ACE-3-PRO-6.1.75",
2026-08-19T11:41:27.3198893Z   "soc": "pineapple",
2026-08-19T11:41:27.3199133Z   "branch": "wild/sm8650",
2026-08-19T11:41:27.3199411Z   "manifest": "oneplus_ace3_pro_6.1.75_v.xml",
2026-08-19T11:41:27.3199719Z   "android_version": "android14",
2026-08-19T11:41:27.3200294Z   "kernel_version": "6.1",
2026-08-19T11:41:27.3200641Z   "os_version": "A15",
2026-08-19T11:41:27.3200963Z   "lto": "thin",
2026-08-19T11:41:27.3201270Z   "zyc_compiler": "",
2026-08-19T11:41:27.3201913Z   "c_compiler": "kernel_platform/prebuilts/clang/host/linux-x86/clang-r487747c/bin",
2026-08-19T11:41:27.3202696Z   "rust_compiler": "",
2026-08-19T11:41:27.3202906Z   "bindgen": "",
2026-08-19T11:41:27.3203102Z   "rust_build": false,
2026-08-19T11:41:27.3203315Z   "disk_cleanup": false,
2026-08-19T11:41:27.3203531Z   "hmbird": false,
2026-08-19T11:41:27.3203727Z   "susfs": true,
2026-08-19T11:41:27.3203916Z   "opt": true,
2026-08-19T11:41:27.3204106Z   "ds": true,
2026-08-19T11:41:27.3204294Z   "bbg": true,
2026-08-19T11:41:27.3204700Z   "bbr": true,
2026-08-19T11:41:27.3204886Z   "bbr3": true,
2026-08-19T11:41:27.3205080Z   "ttl": true,
2026-08-19T11:41:27.3205268Z   "ip_set": true,
2026-08-19T11:41:27.3205467Z   "unicode": true,
2026-08-19T11:41:27.3205668Z   "ntsync": true,
2026-08-19T11:41:27.3207703Z   "blacklist_modules": "kernelsu,oplus_security_guard,oplus_qr_scan,oplus_score,oplus_vip_task,oplus_dns_cache,oplus_network_linkpower_module,oplus_data_module,oplus_secure_harden,oplus_security_keventupload,oplus_secure_guard_new,oplus_secure_guard,coresight_tpda,coresight_tgu,coresight_trace_noc,coresight_cti,coresight_qmi,coresight_dummy,coresight_remote_etm,coresight_tpdm,coresight_uetm,coresight_stm,coresight_tmc_sec,f_fs_ipc_log,qcom_iommu_debug,qti_battery_debug,rdbg,stm_heartbeat,stm_p_ost,stm_core,stm_ftrace,stm_console,spmi_pmic_arb_debug",
2026-08-19T11:41:27.3209767Z   "uname": "OP-WILD"
2026-08-19T11:41:27.3209978Z }
2026-08-19T11:41:27.3279946Z ##[group]Run set -euo pipefail
2026-08-19T11:41:27.3280250Z [36;1mset -euo pipefail[0m
2026-08-19T11:41:27.3280735Z [36;1m{ df -h; echo ---; df -h /dev/shm; echo ---; free -m; echo ---; nproc; echo ---; ulimit -a; } | tee runner_diag.txt[0m
2026-08-19T11:41:27.3318656Z shell: /usr/bin/bash -e {0}
2026-08-19T11:41:27.3318927Z env:
2026-08-19T11:41:27.3319291Z   CCACHE_DIR: /home/runner/work/OnePlus_KernelSU_SUSFS/OnePlus_KernelSU_SUSFS/.ccache
2026-08-19T11:41:27.3319724Z   CCACHE_MAXSIZE: 12G
2026-08-19T11:41:27.3319960Z   CCACHE_COMPILERCHECK: content
2026-08-19T11:41:27.3320353Z   CCACHE_BASEDIR: /home/runner/work/OnePlus_KernelSU_SUSFS/OnePlus_KernelSU_SUSFS
2026-08-19T11:41:27.3320768Z   CCACHE_NOHASHDIR: true
2026-08-19T11:41:27.3321014Z   CCACHE_IGNOREOPTIONS: --sysroot*
2026-08-19T11:41:27.3321282Z   CCACHE_COMPRESSION: true
2026-08-19T11:41:27.3321523Z   CCACHE_COMPRESSION_LEVEL: 3
2026-08-19T11:41:27.3321760Z   CCACHE_DIRECT: true
2026-08-19T11:41:27.3322005Z   CCACHE_FILE_CLONE: true
2026-08-19T11:41:27.3322242Z   CCACHE_INODE_CACHE: true
2026-08-19T11:41:27.3322480Z   CCACHE_IS_KERNEL_COMPILING: true
2026-08-19T11:41:27.3322726Z   CCACHE_UMASK: 002
2026-08-19T11:41:27.3323206Z   CCACHE_SLOPPINESS: file_macro,time_macros,include_file_mtime,include_file_ctime,pch_defines,system_headers,locale
2026-08-19T11:41:27.3323749Z ##[endgroup]
2026-08-19T11:41:27.3601804Z Filesystem      Size  Used Avail Use% Mounted on
2026-08-19T11:41:27.3602301Z /dev/root       145G   59G   87G  41% /
2026-08-19T11:41:27.3602730Z tmpfs           7.9G     0  7.9G   0% /dev/shm
2026-08-19T11:41:27.3603204Z tmpfs           3.2G 1016K  3.2G   1% /run
2026-08-19T11:41:27.3603663Z tmpfs           5.0M     0  5.0M   0% /run/lock
2026-08-19T11:41:27.3604200Z efivarfs        128M   32K  128M   1% /sys/firmware/efi/efivars
2026-08-19T11:41:27.3604939Z /dev/sda16      881M   64M  756M   8% /boot
2026-08-19T11:41:27.3605404Z /dev/sda15      105M  6.2M   99M   6% /boot/efi
2026-08-19T11:41:27.3605871Z tmpfs           1.6G   12K  1.6G   1% /run/user/1001
2026-08-19T11:41:27.3606175Z ---
2026-08-19T11:41:27.3616313Z Filesystem      Size  Used Avail Use% Mounted on
2026-08-19T11:41:27.3616866Z tmpfs           7.9G     0  7.9G   0% /dev/shm
2026-08-19T11:41:27.3617854Z ---
2026-08-19T11:41:27.3636004Z                total        used        free      shared  buff/cache   available
2026-08-19T11:41:27.3636674Z Mem:           15989        1251       12394          42        2708       14738
2026-08-19T11:41:27.3637026Z Swap:           3071           0        3071
2026-08-19T11:41:27.3638409Z ---
2026-08-19T11:41:27.3651777Z 4
2026-08-19T11:41:27.3653463Z ---
2026-08-19T11:41:27.3654021Z real-time non-blocking time  (microseconds, -R) unlimited
2026-08-19T11:41:27.3654804Z core file size              (blocks, -c) 0
2026-08-19T11:41:27.3655376Z data seg size               (kbytes, -d) unlimited
2026-08-19T11:41:27.3655971Z scheduling priority                 (-e) 0
2026-08-19T11:41:27.3656569Z file size                   (blocks, -f) unlimited
2026-08-19T11:41:27.3657108Z pending signals                     (-i) 63838
2026-08-19T11:41:27.3657643Z max locked memory           (kbytes, -l) 8192
2026-08-19T11:41:27.3658190Z max memory size             (kbytes, -m) unlimited
2026-08-19T11:41:27.3658764Z open files                          (-n) 65536
2026-08-19T11:41:27.3659362Z pipe size                (512 bytes, -p) 8
2026-08-19T11:41:27.3659855Z POSIX message queues         (bytes, -q) 819200
2026-08-19T11:41:27.3660356Z real-time priority                  (-r) 0
2026-08-19T11:41:27.3660819Z stack size                  (kbytes, -s) 16384
2026-08-19T11:41:27.3661279Z cpu time                   (seconds, -t) unlimited
2026-08-19T11:41:27.3661604Z max user processes                  (-u) 63838
2026-08-19T11:41:27.3661927Z virtual memory              (kbytes, -v) unlimited
2026-08-19T11:41:27.3662250Z file locks                          (-x) unlimited
2026-08-19T11:41:27.4874620Z Prepare all required actions
2026-08-19T11:41:27.4875319Z Getting action download info
2026-08-19T11:41:27.5847923Z Download action repository 'actions/upload-artifact@v7' (SHA:043fb46d1a93c77aae656e7c1c64a875d1fc6a0a)
2026-08-19T11:41:27.8014916Z ##[group]Run ./.github/actions/build-kernel
2026-08-19T11:41:27.8015226Z with:
2026-08-19T11:41:27.8019127Z   op_config_json: {"model":"OP-ACE-3-PRO-6.1.75","soc":"pineapple","branch":"wild/sm8650","manifest":"oneplus_ace3_pro_6.1.75_v.xml","android_version":"android14","kernel_version":"6.1","os_version":"A15","lto":"thin","zyc_compiler":"","c_compiler":"kernel_platform/prebuilts/clang/host/linux-x86/clang-r487747c/bin","rust_compiler":"","bindgen":"","rust_build":false,"disk_cleanup":false,"hmbird":false,"susfs":true,"opt":true,"ds":true,"bbg":true,"bbr":true,"bbr3":true,"ttl":true,"ip_set":true,"unicode":true,"ntsync":true,"blacklist_modules":"kernelsu,oplus_security_guard,oplus_qr_scan,oplus_score,oplus_vip_task,oplus_dns_cache,oplus_network_linkpower_module,oplus_data_module,oplus_secure_harden,oplus_security_keventupload,oplus_secure_guard_new,oplus_secure_guard,coresight_tpda,coresight_tgu,coresight_trace_noc,coresight_cti,coresight_qmi,coresight_dummy,coresight_remote_etm,coresight_tpdm,coresight_uetm,coresight_stm,coresight_tmc_sec,f_fs_ipc_log,qcom_iommu_debug,qti_battery_debug,rdbg,stm_heartbeat,stm_p_ost,stm_core,stm_ftrace,stm_console,spmi_pmic_arb_debug","uname":"OP-WILD"}
2026-08-19T11:41:27.8023223Z   ksu_type: KSUN
2026-08-19T11:41:27.8023444Z   ksu_branch_or_hash: dev
2026-08-19T11:41:27.8023686Z   optimize_level: O2
2026-08-19T11:41:27.8023907Z   clean: true
2026-08-19T11:41:27.8024099Z   debug: true
2026-08-19T11:41:27.8027411Z   github_token: ***
2026-08-19T11:41:27.8027638Z env:
2026-08-19T11:41:27.8027997Z   CCACHE_DIR: /home/runner/work/OnePlus_KernelSU_SUSFS/OnePlus_KernelSU_SUSFS/.ccache
2026-08-19T11:41:27.8028437Z   CCACHE_MAXSIZE: 12G
2026-08-19T11:41:27.8028673Z   CCACHE_COMPILERCHECK: content
2026-08-19T11:41:27.8029076Z   CCACHE_BASEDIR: /home/runner/work/OnePlus_KernelSU_SUSFS/OnePlus_KernelSU_SUSFS
2026-08-19T11:41:27.8029494Z   CCACHE_NOHASHDIR: true
2026-08-19T11:41:27.8029747Z   CCACHE_IGNOREOPTIONS: --sysroot*
2026-08-19T11:41:27.8030015Z   CCACHE_COMPRESSION: true
2026-08-19T11:41:27.8030257Z   CCACHE_COMPRESSION_LEVEL: 3
2026-08-19T11:41:27.8030501Z   CCACHE_DIRECT: true
2026-08-19T11:41:27.8030718Z   CCACHE_FILE_CLONE: true
2026-08-19T11:41:27.8031169Z   CCACHE_INODE_CACHE: true
2026-08-19T11:41:27.8031418Z   CCACHE_IS_KERNEL_COMPILING: true
2026-08-19T11:41:27.8031667Z   CCACHE_UMASK: 002
2026-08-19T11:41:27.8032162Z   CCACHE_SLOPPINESS: file_macro,time_macros,include_file_mtime,include_file_ctime,pch_defines,system_headers,locale
2026-08-19T11:41:27.8032701Z ##[endgroup]
2026-08-19T11:41:27.8122169Z ##[start-action display=Get Action info;id=build.__run]
2026-08-19T11:41:27.8146127Z ##[group]Run set -euo pipefail
2026-08-19T11:41:27.8146437Z [36;1mset -euo pipefail[0m
2026-08-19T11:41:27.8146766Z [36;1mecho "ACTION_REPO=$ACTION_REPO_VAL" >> $GITHUB_ENV[0m
2026-08-19T11:41:27.8147174Z [36;1mecho "ACTION_REF=$ACTION_REF_VAL" >> $GITHUB_ENV[0m
2026-08-19T11:41:27.8187695Z shell: /usr/bin/bash --noprofile --norc -e -o pipefail {0}
2026-08-19T11:41:27.8188045Z env:
2026-08-19T11:41:27.8188404Z   CCACHE_DIR: /home/runner/work/OnePlus_KernelSU_SUSFS/OnePlus_KernelSU_SUSFS/.ccache
2026-08-19T11:41:27.8188847Z   CCACHE_MAXSIZE: 12G
2026-08-19T11:41:27.8189098Z   CCACHE_COMPILERCHECK: content
2026-08-19T11:41:27.8189497Z   CCACHE_BASEDIR: /home/runner/work/OnePlus_KernelSU_SUSFS/OnePlus_KernelSU_SUSFS
2026-08-19T11:41:27.8189925Z   CCACHE_NOHASHDIR: true
2026-08-19T11:41:27.8190178Z   CCACHE_IGNOREOPTIONS: --sysroot*
2026-08-19T11:41:27.8190449Z   CCACHE_COMPRESSION: true
2026-08-19T11:41:27.8190695Z   CCACHE_COMPRESSION_LEVEL: 3
2026-08-19T11:41:27.8190941Z   CCACHE_DIRECT: true
2026-08-19T11:41:27.8191155Z   CCACHE_FILE_CLONE: true
2026-08-19T11:41:27.8191385Z   CCACHE_INODE_CACHE: true
2026-08-19T11:41:27.8191834Z   CCACHE_IS_KERNEL_COMPILING: true
2026-08-19T11:41:27.8192098Z   CCACHE_UMASK: 002
2026-08-19T11:41:27.8192586Z   CCACHE_SLOPPINESS: file_macro,time_macros,include_file_mtime,include_file_ctime,pch_defines,system_headers,locale
2026-08-19T11:41:27.8193128Z   ACTION_REPO_VAL: 
2026-08-19T11:41:27.8193338Z   ACTION_REF_VAL: 
2026-08-19T11:41:27.8193549Z ##[endgroup]
2026-08-19T11:41:27.8267590Z ##[end-action id=build.__run;outcome=success;conclusion=success;duration_ms=14]
2026-08-19T11:41:27.8270103Z ##[start-action display=📥 Checkout Code;id=build.__actions_checkout]
2026-08-19T11:41:27.8339471Z ##[group]Run actions/checkout@v6
2026-08-19T11:41:27.8339728Z with:
2026-08-19T11:41:27.8339930Z   path: action-source
2026-08-19T11:41:27.8340148Z   fetch-depth: 1
2026-08-19T11:41:27.8342931Z   token: ***
2026-08-19T11:41:27.8343134Z   ssh-strict: true
2026-08-19T11:41:27.8343341Z   ssh-user: git
2026-08-19T11:41:27.8343558Z   persist-credentials: true
2026-08-19T11:41:27.8343798Z   clean: true
2026-08-19T11:41:27.8344029Z   sparse-checkout-cone-mode: true
2026-08-19T11:41:27.8344289Z   fetch-tags: false
2026-08-19T11:41:27.8344728Z   show-progress: true
2026-08-19T11:41:27.8344964Z   lfs: false
2026-08-19T11:41:27.8345159Z   submodules: false
2026-08-19T11:41:27.8345373Z   set-safe-directory: true
2026-08-19T11:41:27.8345619Z   allow-unsafe-pr-checkout: false
2026-08-19T11:41:27.8345860Z env:
2026-08-19T11:41:27.8346204Z   CCACHE_DIR: /home/runner/work/OnePlus_KernelSU_SUSFS/OnePlus_KernelSU_SUSFS/.ccache
2026-08-19T11:41:27.8346617Z   CCACHE_MAXSIZE: 12G
2026-08-19T11:41:27.8346843Z   CCACHE_COMPILERCHECK: content
2026-08-19T11:41:27.8347219Z   CCACHE_BASEDIR: /home/runner/work/OnePlus_KernelSU_SUSFS/OnePlus_KernelSU_SUSFS
2026-08-19T11:41:27.8347611Z   CCACHE_NOHASHDIR: true
2026-08-19T11:41:27.8347855Z   CCACHE_IGNOREOPTIONS: --sysroot*
2026-08-19T11:41:27.8348117Z   CCACHE_COMPRESSION: true
2026-08-19T11:41:27.8348352Z   CCACHE_COMPRESSION_LEVEL: 3
2026-08-19T11:41:27.8348591Z   CCACHE_DIRECT: true
2026-08-19T11:41:27.8348811Z   CCACHE_FILE_CLONE: true
2026-08-19T11:41:27.8349042Z   CCACHE_INODE_CACHE: true
2026-08-19T11:41:27.8349274Z   CCACHE_IS_KERNEL_COMPILING: true
2026-08-19T11:41:27.8349518Z   CCACHE_UMASK: 002
2026-08-19T11:41:27.8349970Z   CCACHE_SLOPPINESS: file_macro,time_macros,include_file_mtime,include_file_ctime,pch_defines,system_headers,locale
2026-08-19T11:41:27.8350472Z   ACTION_REPO: 
2026-08-19T11:41:27.8350863Z   ACTION_REF: 
2026-08-19T11:41:27.8351063Z ##[endgroup]
2026-08-19T11:41:27.9178448Z Syncing repository: net00188/OnePlus_KernelSU_SUSFS
2026-08-19T11:41:27.9197038Z ##[group]Getting Git version info
2026-08-19T11:41:27.9197859Z Working directory is '/home/runner/work/OnePlus_KernelSU_SUSFS/OnePlus_KernelSU_SUSFS/action-source'
2026-08-19T11:41:27.9236379Z [command]/usr/bin/git version
2026-08-19T11:41:27.9283027Z git version 2.55.0
2026-08-19T11:41:27.9339905Z ##[endgroup]
2026-08-19T11:41:27.9354345Z Temporarily overriding HOME='/home/runner/work/_temp/30ddf19a-2d07-4792-9d90-d3e6036b8356' before making global git config changes
2026-08-19T11:41:27.9355737Z Adding repository directory to the temporary git global config as a safe directory
2026-08-19T11:41:27.9361410Z [command]/usr/bin/git config --global --add safe.directory /home/runner/work/OnePlus_KernelSU_SUSFS/OnePlus_KernelSU_SUSFS/action-source
2026-08-19T11:41:27.9397974Z ##[group]Determining repository object format
2026-08-19T11:41:27.9401390Z ##[endgroup]
2026-08-19T11:41:27.9402049Z ##[group]Initializing the repository
2026-08-19T11:41:27.9407670Z [command]/usr/bin/git init /home/runner/work/OnePlus_KernelSU_SUSFS/OnePlus_KernelSU_SUSFS/action-source
2026-08-19T11:41:27.9452466Z hint: Using 'master' as the name for the initial branch. This default branch name
2026-08-19T11:41:27.9453499Z hint: will change to "main" in Git 3.0. To configure the initial branch name
2026-08-19T11:41:27.9455929Z hint: to use in all of your new repositories, which will suppress this warning,
2026-08-19T11:41:27.9456489Z hint: call:
2026-08-19T11:41:27.9457286Z hint:
2026-08-19T11:41:27.9457862Z hint: 	git config --global init.defaultBranch <name>
2026-08-19T11:41:27.9458385Z hint:
2026-08-19T11:41:27.9458815Z hint: Names commonly chosen instead of 'master' are 'main', 'trunk' and
2026-08-19T11:41:27.9459476Z hint: 'development'. The just-created branch can be renamed via this command:
2026-08-19T11:41:27.9460003Z hint:
2026-08-19T11:41:27.9460327Z hint: 	git branch -m <name>
2026-08-19T11:41:27.9460695Z hint:
2026-08-19T11:41:27.9461150Z hint: Disable this message with "git config set advice.defaultBranchName false"
2026-08-19T11:41:27.9462020Z Initialized empty Git repository in /home/runner/work/OnePlus_KernelSU_SUSFS/OnePlus_KernelSU_SUSFS/action-source/.git/
2026-08-19T11:41:27.9464965Z [command]/usr/bin/git remote add origin https://github.com/net00188/OnePlus_KernelSU_SUSFS
2026-08-19T11:41:27.9500344Z ##[endgroup]
2026-08-19T11:41:27.9500777Z ##[group]Disabling automatic garbage collection
2026-08-19T11:41:27.9505894Z [command]/usr/bin/git config --local gc.auto 0
2026-08-19T11:41:27.9538595Z ##[endgroup]
2026-08-19T11:41:27.9539133Z ##[group]Setting up auth
2026-08-19T11:41:27.9540068Z Removing SSH command configuration
2026-08-19T11:41:27.9547876Z [command]/usr/bin/git config --local --name-only --get-regexp core\.sshCommand
2026-08-19T11:41:27.9583246Z [command]/usr/bin/git submodule foreach --recursive sh -c "git config --local --name-only --get-regexp 'core\.sshCommand' && git config --local --unset-all 'core.sshCommand' || :"
2026-08-19T11:41:27.9856965Z Removing HTTP extra header
2026-08-19T11:41:27.9857843Z [command]/usr/bin/git config --local --name-only --get-regexp http\.https\:\/\/github\.com\/\.extraheader
2026-08-19T11:41:27.9900129Z [command]/usr/bin/git submodule foreach --recursive sh -c "git config --local --name-only --get-regexp 'http\.https\:\/\/github\.com\/\.extraheader' && git config --local --unset-all 'http.https://github.com/.extraheader' || :"
2026-08-19T11:41:28.0211039Z Removing includeIf entries pointing to credentials config files
2026-08-19T11:41:28.0213254Z [command]/usr/bin/git config --local --name-only --get-regexp ^includeIf\.gitdir:
2026-08-19T11:41:28.0266729Z [command]/usr/bin/git submodule foreach --recursive git config --local --show-origin --name-only --get-regexp remote.origin.url
2026-08-19T11:41:28.0552713Z [command]/usr/bin/git config --file /home/runner/work/_temp/git-credentials-d6d2cfa7-9253-48f9-b332-6f0899b3e46d.config http.https://github.com/.extraheader AUTHORIZATION: basic ***
2026-08-19T11:41:28.0598363Z [command]/usr/bin/git config --local includeIf.gitdir:/home/runner/work/OnePlus_KernelSU_SUSFS/OnePlus_KernelSU_SUSFS/action-source/.git.path /home/runner/work/_temp/git-credentials-d6d2cfa7-9253-48f9-b332-6f0899b3e46d.config
2026-08-19T11:41:28.0634069Z [command]/usr/bin/git config --local includeIf.gitdir:/home/runner/work/OnePlus_KernelSU_SUSFS/OnePlus_KernelSU_SUSFS/action-source/.git/worktrees/*.path /home/runner/work/_temp/git-credentials-d6d2cfa7-9253-48f9-b332-6f0899b3e46d.config
2026-08-19T11:41:28.0672658Z [command]/usr/bin/git config --local includeIf.gitdir:/github/workspace/action-source/.git.path /github/runner_temp/git-credentials-d6d2cfa7-9253-48f9-b332-6f0899b3e46d.config
2026-08-19T11:41:28.0710963Z [command]/usr/bin/git config --local includeIf.gitdir:/github/workspace/action-source/.git/worktrees/*.path /github/runner_temp/git-credentials-d6d2cfa7-9253-48f9-b332-6f0899b3e46d.config
2026-08-19T11:41:28.0750116Z ##[endgroup]
2026-08-19T11:41:28.0750706Z ##[group]Fetching the repository
2026-08-19T11:41:28.0759727Z [command]/usr/bin/git -c protocol.version=2 fetch --no-tags --prune --no-recurse-submodules --depth=1 origin +8cee95535309bdc943714464812fd26110b9f7e4:refs/remotes/origin/main
2026-08-19T11:41:28.3655654Z From https://github.com/net00188/OnePlus_KernelSU_SUSFS
2026-08-19T11:41:28.3656651Z  * [new ref]         8cee95535309bdc943714464812fd26110b9f7e4 -> origin/main
2026-08-19T11:41:28.3659739Z [command]/usr/bin/git branch --list --remote origin/main
2026-08-19T11:41:28.3694825Z   origin/main
2026-08-19T11:41:28.3705740Z [command]/usr/bin/git rev-parse refs/remotes/origin/main
2026-08-19T11:41:28.3736976Z 8cee95535309bdc943714464812fd26110b9f7e4
2026-08-19T11:41:28.3746279Z ##[endgroup]
2026-08-19T11:41:28.3746816Z ##[group]Determining the checkout info
2026-08-19T11:41:28.3747228Z ##[endgroup]
2026-08-19T11:41:28.3749890Z [command]/usr/bin/git sparse-checkout disable
2026-08-19T11:41:28.3800831Z [command]/usr/bin/git config --local --unset-all extensions.worktreeConfig
2026-08-19T11:41:28.3836667Z ##[group]Checking out the ref
2026-08-19T11:41:28.3842571Z [command]/usr/bin/git checkout --progress --force -B main refs/remotes/origin/main
2026-08-19T11:41:28.4026907Z Switched to a new branch 'main'
2026-08-19T11:41:28.4029617Z branch 'main' set up to track 'origin/main'.
2026-08-19T11:41:28.4037395Z ##[endgroup]
2026-08-19T11:41:28.4087208Z [command]/usr/bin/git log -1 --format=%H
2026-08-19T11:41:28.4120002Z 8cee95535309bdc943714464812fd26110b9f7e4
2026-08-19T11:41:28.4270736Z ##[end-action id=build.__actions_checkout;outcome=success;conclusion=success;duration_ms=599]
2026-08-19T11:41:28.4273660Z ##[start-action display=Parse op_config_json;id=build.__run_2]
2026-08-19T11:41:28.4294235Z ##[group]Run set -euo pipefail
2026-08-19T11:41:28.4294903Z [36;1mset -euo pipefail[0m
2026-08-19T11:41:28.4298795Z [36;1mecho '{"model":"OP-ACE-3-PRO-6.1.75","soc":"pineapple","branch":"wild/sm8650","manifest":"oneplus_ace3_pro_6.1.75_v.xml","android_version":"android14","kernel_version":"6.1","os_version":"A15","lto":"thin","zyc_compiler":"","c_compiler":"kernel_platform/prebuilts/clang/host/linux-x86/clang-r487747c/bin","rust_compiler":"","bindgen":"","rust_build":false,"disk_cleanup":false,"hmbird":false,"susfs":true,"opt":true,"ds":true,"bbg":true,"bbr":true,"bbr3":true,"ttl":true,"ip_set":true,"unicode":true,"ntsync":true,"blacklist_modules":"kernelsu,oplus_security_guard,oplus_qr_scan,oplus_score,oplus_vip_task,oplus_dns_cache,oplus_network_linkpower_module,oplus_data_module,oplus_secure_harden,oplus_security_keventupload,oplus_secure_guard_new,oplus_secure_guard,coresight_tpda,coresight_tgu,coresight_trace_noc,coresight_cti,coresight_qmi,coresight_dummy,coresight_remote_etm,coresight_tpdm,coresight_uetm,coresight_stm,coresight_tmc_sec,f_fs_ipc_log,qcom_iommu_debug,qti_battery_debug,rdbg,stm_heartbeat,stm_p_ost,stm_core,stm_ftrace,stm_console,spmi_pmic_arb_debug","uname":"OP-WILD"}' > /tmp/config.json[0m
2026-08-19T11:41:28.4303170Z [36;1mjq -r 'to_entries[] | "OP_\(.key | ascii_upcase)=\(.value)"' /tmp/config.json >> "$GITHUB_ENV"[0m
2026-08-19T11:41:28.4303640Z [36;1mecho "Parsed config:"[0m
2026-08-19T11:41:28.4303926Z [36;1mjq '.' /tmp/config.json[0m
2026-08-19T11:41:28.4344967Z shell: /usr/bin/bash --noprofile --norc -e -o pipefail {0}
2026-08-19T11:41:28.4345328Z env:
2026-08-19T11:41:28.4345693Z   CCACHE_DIR: /home/runner/work/OnePlus_KernelSU_SUSFS/OnePlus_KernelSU_SUSFS/.ccache
2026-08-19T11:41:28.4346139Z   CCACHE_MAXSIZE: 12G
2026-08-19T11:41:28.4346386Z   CCACHE_COMPILERCHECK: content
2026-08-19T11:41:28.4346785Z   CCACHE_BASEDIR: /home/runner/work/OnePlus_KernelSU_SUSFS/OnePlus_KernelSU_SUSFS
2026-08-19T11:41:28.4347202Z   CCACHE_NOHASHDIR: true
2026-08-19T11:41:28.4347453Z   CCACHE_IGNOREOPTIONS: --sysroot*
2026-08-19T11:41:28.4347728Z   CCACHE_COMPRESSION: true
2026-08-19T11:41:28.4347995Z   CCACHE_COMPRESSION_LEVEL: 3
2026-08-19T11:41:28.4348243Z   CCACHE_DIRECT: true
2026-08-19T11:41:28.4348478Z   CCACHE_FILE_CLONE: true
2026-08-19T11:41:28.4348715Z   CCACHE_INODE_CACHE: true
2026-08-19T11:41:28.4348968Z   CCACHE_IS_KERNEL_COMPILING: true
2026-08-19T11:41:28.4349227Z   CCACHE_UMASK: 002
2026-08-19T11:41:28.4349728Z   CCACHE_SLOPPINESS: file_macro,time_macros,include_file_mtime,include_file_ctime,pch_defines,system_headers,locale
2026-08-19T11:41:28.4350254Z   ACTION_REPO: 
2026-08-19T11:41:28.4350457Z   ACTION_REF: 
2026-08-19T11:41:28.4350659Z ##[endgroup]
2026-08-19T11:41:28.4445243Z Parsed config:
2026-08-19T11:41:28.4469888Z {
2026-08-19T11:41:28.4491322Z   "model": "OP-ACE-3-PRO-6.1.75",
2026-08-19T11:41:28.4492948Z   "soc": "pineapple",
2026-08-19T11:41:28.4493331Z   "branch": "wild/sm8650",
2026-08-19T11:41:28.4493736Z   "manifest": "oneplus_ace3_pro_6.1.75_v.xml",
2026-08-19T11:41:28.4494090Z   "android_version": "android14",
2026-08-19T11:41:28.4494353Z   "kernel_version": "6.1",
2026-08-19T11:41:28.4494843Z   "os_version": "A15",
2026-08-19T11:41:28.4495062Z   "lto": "thin",
2026-08-19T11:41:28.4495359Z   "zyc_compiler": "",
2026-08-19T11:41:28.4495906Z   "c_compiler": "kernel_platform/prebuilts/clang/host/linux-x86/clang-r487747c/bin",
2026-08-19T11:41:28.4496576Z   "rust_compiler": "",
2026-08-19T11:41:28.4496875Z   "bindgen": "",
2026-08-19T11:41:28.4497151Z   "rust_build": false,
2026-08-19T11:41:28.4497456Z   "disk_cleanup": false,
2026-08-19T11:41:28.4497753Z   "hmbird": false,
2026-08-19T11:41:28.4498034Z   "susfs": true,
2026-08-19T11:41:28.4498331Z   "opt": true,
2026-08-19T11:41:28.4498607Z   "ds": true,
2026-08-19T11:41:28.4498890Z   "bbg": true,
2026-08-19T11:41:28.4499183Z   "bbr": true,
2026-08-19T11:41:28.4499463Z   "bbr3": true,
2026-08-19T11:41:28.4499807Z   "ttl": true,
2026-08-19T11:41:28.4500096Z   "ip_set": true,
2026-08-19T11:41:28.4500410Z   "unicode": true,
2026-08-19T11:41:28.4500738Z   "ntsync": true,
2026-08-19T11:41:28.4504168Z   "blacklist_modules": "kernelsu,oplus_security_guard,oplus_qr_scan,oplus_score,oplus_vip_task,oplus_dns_cache,oplus_network_linkpower_module,oplus_data_module,oplus_secure_harden,oplus_security_keventupload,oplus_secure_guard_new,oplus_secure_guard,coresight_tpda,coresight_tgu,coresight_trace_noc,coresight_cti,coresight_qmi,coresight_dummy,coresight_remote_etm,coresight_tpdm,coresight_uetm,coresight_stm,coresight_tmc_sec,f_fs_ipc_log,qcom_iommu_debug,qti_battery_debug,rdbg,stm_heartbeat,stm_p_ost,stm_core,stm_ftrace,stm_console,spmi_pmic_arb_debug",
2026-08-19T11:41:28.4508040Z   "uname": "OP-WILD"
2026-08-19T11:41:28.4508365Z }
2026-08-19T11:41:28.4513674Z ##[end-action id=build.__run_2;outcome=success;conclusion=success;duration_ms=23]
2026-08-19T11:41:28.4516505Z ##[start-action display=Validate Inputs;id=build.__run_3]
2026-08-19T11:41:28.4537102Z ##[group]Run set -euo pipefail
2026-08-19T11:41:28.4537513Z [36;1mset -euo pipefail[0m
2026-08-19T11:41:28.4537786Z [36;1mecho "::group::Validate inputs"[0m
2026-08-19T11:41:28.4538078Z [36;1mmodel="$OP_MODEL"[0m
2026-08-19T11:41:28.4538315Z [36;1msoc="$OP_SOC"[0m
2026-08-19T11:41:28.4538738Z [36;1mbranch="$OP_BRANCH"[0m
2026-08-19T11:41:28.4538990Z [36;1mmanifest="$OP_MANIFEST"[0m
2026-08-19T11:41:28.4539283Z [36;1mandroid_version="$OP_ANDROID_VERSION"[0m
2026-08-19T11:41:28.4539615Z [36;1mkernel_version="$OP_KERNEL_VERSION"[0m
2026-08-19T11:41:28.4539920Z [36;1mos_version="$OP_OS_VERSION"[0m
2026-08-19T11:41:28.4540195Z [36;1mhmbird="$OP_HMBIRD"[0m
2026-08-19T11:41:28.4540444Z [36;1msusfs="$OP_SUSFS"[0m
2026-08-19T11:41:28.4540685Z [36;1mopt="$OP_OPT"[0m
2026-08-19T11:41:28.4540910Z [36;1mbbg="$OP_BBG"[0m
2026-08-19T11:41:28.4541138Z [36;1mbbr="$OP_BBR"[0m
2026-08-19T11:41:28.4541358Z [36;1mbbr3="$OP_BBR3"[0m
2026-08-19T11:41:28.4541583Z [36;1mttl="$OP_TTL"[0m
2026-08-19T11:41:28.4541804Z [36;1mip_set="$OP_IP_SET"[0m
2026-08-19T11:41:28.4542053Z [36;1mrust_build="$OP_RUST_BUILD"[0m
2026-08-19T11:41:28.4542309Z [36;1mlto="$OP_LTO"[0m
2026-08-19T11:41:28.4542528Z [36;1muname="$OP_UNAME"[0m
2026-08-19T11:41:28.4542767Z [36;1municode="$OP_UNICODE"[0m
2026-08-19T11:41:28.4543036Z [36;1mc_compiler="$OP_C_COMPILER"[0m
2026-08-19T11:41:28.4543319Z [36;1mrust_compiler="$OP_RUST_COMPILER"[0m
2026-08-19T11:41:28.4543622Z [36;1mzyc_compiler="$OP_ZYC_COMPILER"[0m
2026-08-19T11:41:28.4543909Z [36;1mbindgen="$OP_BINDGEN"[0m
2026-08-19T11:41:28.4544149Z [36;1mds="$OP_DS"[0m
2026-08-19T11:41:28.4544373Z [36;1mntsync="$OP_NTSYNC"[0m
2026-08-19T11:41:28.4544924Z [36;1mblacklist_modules="$OP_BLACKLIST_MODULES"[0m
2026-08-19T11:41:28.4545240Z [36;1moptimize='O2'[0m
2026-08-19T11:41:28.4545461Z [36;1m[0m
2026-08-19T11:41:28.4545793Z [36;1merrors=()[0m
2026-08-19T11:41:28.4546002Z [36;1m[0m
2026-08-19T11:41:28.4546198Z [36;1mif [[ -z "$model" ]]; then[0m
2026-08-19T11:41:28.4546505Z [36;1m  errors+=("Input 'model' cannot be empty")[0m
2026-08-19T11:41:28.4546828Z [36;1melif [[ ! "$model" =~ ^OP ]]; then[0m
2026-08-19T11:41:28.4547218Z [36;1m  errors+=("Input 'model' does not start with 'OP'. Got: '$model'")[0m
2026-08-19T11:41:28.4547609Z [36;1mfi[0m
2026-08-19T11:41:28.4547801Z [36;1m[0m
2026-08-19T11:41:28.4547999Z [36;1mif [[ -z "$soc" ]]; then[0m
2026-08-19T11:41:28.4548294Z [36;1m  errors+=("Input 'soc' cannot be empty")[0m
2026-08-19T11:41:28.4548633Z [36;1melif [[ ! "$soc" =~ ^[A-Za-z0-9_-]+$ ]]; then[0m
2026-08-19T11:41:28.4549203Z [36;1m  errors+=("Input 'soc' contains invalid characters. Allowed: letters, digits, underscore, dash. Got: '$soc'")[0m
2026-08-19T11:41:28.4549745Z [36;1mfi[0m
2026-08-19T11:41:28.4549945Z [36;1m[0m
2026-08-19T11:41:28.4550151Z [36;1mif [[ -z "$branch" ]]; then[0m
2026-08-19T11:41:28.4550469Z [36;1m  errors+=("Input 'branch' cannot be empty")[0m
2026-08-19T11:41:28.4550831Z [36;1melif [[ ! "$branch" =~ ^[A-Za-z0-9._/-]+$ ]]; then[0m
2026-08-19T11:41:28.4551403Z [36;1m  errors+=("Input 'branch' contains invalid characters. Allowed: letters, digits, ., _, -, /. Got: '$branch'")[0m
2026-08-19T11:41:28.4551911Z [36;1mfi[0m
2026-08-19T11:41:28.4552099Z [36;1m[0m
2026-08-19T11:41:28.4552307Z [36;1mif [[ -z "$manifest" ]]; then[0m
2026-08-19T11:41:28.4552622Z [36;1m  errors+=("Input 'manifest' cannot be empty")[0m
2026-08-19T11:41:28.4552969Z [36;1melif [[ "$manifest" == http*://* ]]; then[0m
2026-08-19T11:41:28.4553299Z [36;1m  if [[ ! "$manifest" =~ ^https:// ]]; then[0m
2026-08-19T11:41:28.4553672Z [36;1m    errors+=("Manifest URL must be HTTPS. Got: '$manifest'")[0m
2026-08-19T11:41:28.4554020Z [36;1m  fi[0m
2026-08-19T11:41:28.4554253Z [36;1m  if [[ ! "$manifest" =~ \.xml($|\?) ]]; then[0m
2026-08-19T11:41:28.4554910Z [36;1m    errors+=("Manifest URL should point to an XML file (.xml). Got: '$manifest'")[0m
2026-08-19T11:41:28.4555330Z [36;1m  fi[0m
2026-08-19T11:41:28.4555611Z [36;1melse[0m
2026-08-19T11:41:28.4555901Z [36;1m  if [[ ! "$manifest" =~ \.xml$ ]]; then[0m
2026-08-19T11:41:28.4556302Z [36;1m    errors+=("Manifest filename must end with .xml. Got: '$manifest'")[0m
2026-08-19T11:41:28.4556679Z [36;1m  fi[0m
2026-08-19T11:41:28.4556912Z [36;1m  if [[ "$manifest" =~ [[:space:]] ]]; then[0m
2026-08-19T11:41:28.4557478Z [36;1m    errors+=("Manifest filename cannot contain spaces. Got: '$manifest'")[0m
2026-08-19T11:41:28.4557876Z [36;1m  fi[0m
2026-08-19T11:41:28.4558070Z [36;1mfi[0m
2026-08-19T11:41:28.4558263Z [36;1m[0m
2026-08-19T11:41:28.4558480Z [36;1mif [[ -z "$android_version" ]]; then[0m
2026-08-19T11:41:28.4558840Z [36;1m  errors+=("Input 'android_version' cannot be empty")[0m
2026-08-19T11:41:28.4559242Z [36;1melif [[ ! "$android_version" =~ ^android[0-9]+$ ]]; then[0m
2026-08-19T11:41:28.4559912Z [36;1m  errors+=("Input 'android_version' contains invalid characters. Allowed: android followed by a number. Got: '$android_version'")[0m
2026-08-19T11:41:28.4560511Z [36;1mfi[0m
2026-08-19T11:41:28.4560703Z [36;1m[0m
2026-08-19T11:41:28.4560919Z [36;1mif [[ -z "$kernel_version" ]]; then[0m
2026-08-19T11:41:28.4561267Z [36;1m  errors+=("Input 'kernel_version' cannot be empty")[0m
2026-08-19T11:41:28.4561652Z [36;1melif [[ ! "$kernel_version" =~ ^[0-9]+\.[0-9]+$ ]]; then[0m
2026-08-19T11:41:28.4562269Z [36;1m  errors+=("Input 'kernel_version' contains invalid characters. Allowed: number in X.Y format. Got: '$kernel_version'")[0m
2026-08-19T11:41:28.4562823Z [36;1mfi[0m
2026-08-19T11:41:28.4563005Z [36;1m[0m
2026-08-19T11:41:28.4563217Z [36;1mif [[ -z "$os_version" ]]; then[0m
2026-08-19T11:41:28.4563544Z [36;1m  errors+=("Input 'os_version' cannot be empty")[0m
2026-08-19T11:41:28.4563885Z [36;1melif [[ ! "$os_version" =~ ^A ]]; then[0m
2026-08-19T11:41:28.4564556Z [36;1m  errors+=("Input 'os_version' does not start with 'A'. Got: '$os_version'")[0m
2026-08-19T11:41:28.4564955Z [36;1mfi[0m
2026-08-19T11:41:28.4565142Z [36;1m[0m
2026-08-19T11:41:28.4565344Z [36;1mif [[ -z "$hmbird" ]]; then[0m
2026-08-19T11:41:28.4565646Z [36;1m  errors+=("Input 'hmbird' cannot be empty")[0m
2026-08-19T11:41:28.4566022Z [36;1melif [[ "$hmbird" != "true" && "$hmbird" != "false" ]]; then[0m
2026-08-19T11:41:28.4566585Z [36;1m  errors+=("Input 'hmbird' contains invalid characters. Allowed: 'true' or 'false'. Got: '$hmbird'")[0m
2026-08-19T11:41:28.4567063Z [36;1mfi[0m
2026-08-19T11:41:28.4567249Z [36;1m[0m
2026-08-19T11:41:28.4567444Z [36;1mif [[ -z "$susfs" ]]; then[0m
2026-08-19T11:41:28.4567741Z [36;1m  errors+=("Input 'susfs' cannot be empty")[0m
2026-08-19T11:41:28.4568095Z [36;1melif [[ "$susfs" != "true" && "$susfs" != "false" ]]; then[0m
2026-08-19T11:41:28.4568633Z [36;1m  errors+=("Input 'susfs' contains invalid characters. Allowed: 'true' or 'false'. Got: '$susfs'")[0m
2026-08-19T11:41:28.4569296Z [36;1mfi[0m
2026-08-19T11:41:28.4569544Z [36;1m[0m
2026-08-19T11:41:28.4569741Z [36;1mif [[ -z "$opt" ]]; then[0m
2026-08-19T11:41:28.4570034Z [36;1m  errors+=("Input 'opt' cannot be empty")[0m
2026-08-19T11:41:28.4570387Z [36;1melif [[ "$opt" != "true" && "$opt" != "false" ]]; then[0m
2026-08-19T11:41:28.4570897Z [36;1m  errors+=("Input 'opt' contains invalid characters. Allowed: 'true' or 'false'. Got: '$opt'")[0m
2026-08-19T11:41:28.4571366Z [36;1mfi[0m
2026-08-19T11:41:28.4571547Z [36;1m[0m
2026-08-19T11:41:28.4571739Z [36;1mif [[ -z "$bbg" ]]; then[0m
2026-08-19T11:41:28.4572027Z [36;1m  errors+=("Input 'bbg' cannot be empty")[0m
2026-08-19T11:41:28.4572374Z [36;1melif [[ "$bbg" != "true" && "$bbg" != "false" ]]; then[0m
2026-08-19T11:41:28.4572889Z [36;1m  errors+=("Input 'bbg' contains invalid characters. Allowed: 'true' or 'false'. Got: '$bbg'")[0m
2026-08-19T11:41:28.4573331Z [36;1mfi[0m
2026-08-19T11:41:28.4573514Z [36;1m[0m
2026-08-19T11:41:28.4573705Z [36;1mif [[ -z "$bbr" ]]; then[0m
2026-08-19T11:41:28.4573977Z [36;1m  errors+=("Input 'bbr' cannot be empty")[0m
2026-08-19T11:41:28.4574310Z [36;1melif [[ "$bbr" != "true" && "$bbr" != "false" ]]; then[0m
2026-08-19T11:41:28.4574919Z [36;1m  errors+=("Input 'bbr' contains invalid characters. Allowed: 'true' or 'false'. Got: '$bbr'")[0m
2026-08-19T11:41:28.4575366Z [36;1mfi[0m
2026-08-19T11:41:28.4575553Z [36;1m[0m
2026-08-19T11:41:28.4575914Z [36;1mif [[ -z "$bbr3" ]]; then[0m
2026-08-19T11:41:28.4576208Z [36;1m  errors+=("Input 'bbr3' cannot be empty")[0m
2026-08-19T11:41:28.4576569Z [36;1melif [[ "$bbr3" != "true" && "$bbr3" != "false" ]]; then[0m
2026-08-19T11:41:28.4577098Z [36;1m  errors+=("Input 'bbr3' contains invalid characters. Allowed: 'true' or 'false'. Got: '$bbr3'")[0m
2026-08-19T11:41:28.4577564Z [36;1mfi[0m
2026-08-19T11:41:28.4577754Z [36;1m[0m
2026-08-19T11:41:28.4577950Z [36;1mif [[ -z "$ttl" ]]; then[0m
2026-08-19T11:41:28.4578248Z [36;1m  errors+=("Input 'ttl' cannot be empty")[0m
2026-08-19T11:41:28.4578600Z [36;1melif [[ "$ttl" != "true" && "$ttl" != "false" ]]; then[0m
2026-08-19T11:41:28.4579110Z [36;1m  errors+=("Input 'ttl' contains invalid characters. Allowed: 'true' or 'false'. Got: '$ttl'")[0m
2026-08-19T11:41:28.4579557Z [36;1mfi[0m
2026-08-19T11:41:28.4579739Z [36;1m[0m
2026-08-19T11:41:28.4579935Z [36;1mif [[ -z "$ip_set" ]]; then[0m
2026-08-19T11:41:28.4580242Z [36;1m  errors+=("Input 'ip_set' cannot be empty")[0m
2026-08-19T11:41:28.4580610Z [36;1melif [[ "$ip_set" != "true" && "$ip_set" != "false" ]]; then[0m
2026-08-19T11:41:28.4581160Z [36;1m  errors+=("Input 'ip_set' contains invalid characters. Allowed: 'true' or 'false'. Got: '$ip_set'")[0m
2026-08-19T11:41:28.4581625Z [36;1mfi[0m
2026-08-19T11:41:28.4581803Z [36;1m[0m
2026-08-19T11:41:28.4582001Z [36;1mif [[ -z "$rust_build" ]]; then[0m
2026-08-19T11:41:28.4582319Z [36;1m  errors+=("Input 'rust_build' cannot be empty")[0m
2026-08-19T11:41:28.4582856Z [36;1melif [[ "$rust_build" != "true" && "$rust_build" != "false" ]]; then[0m
2026-08-19T11:41:28.4583585Z [36;1m  errors+=("Input 'rust_build' contains invalid characters. Allowed: 'true' or 'false'. Got: '$rust_build'")[0m
2026-08-19T11:41:28.4584084Z [36;1mfi[0m
2026-08-19T11:41:28.4584271Z [36;1m[0m
2026-08-19T11:41:28.4584617Z [36;1mif [[ -z "$lto" ]]; then[0m
2026-08-19T11:41:28.4584906Z [36;1m  errors+=("Input 'lto' cannot be empty")[0m
2026-08-19T11:41:28.4585293Z [36;1melif [[ "$lto" != "none" && "$lto" != "thin" && "$lto" != "full" ]]; then[0m
2026-08-19T11:41:28.4585858Z [36;1m  errors+=("Input 'lto' contains invalid characters. Allowed: 'thin', 'full' or 'none'. Got: '$lto'")[0m
2026-08-19T11:41:28.4586327Z [36;1mfi[0m
2026-08-19T11:41:28.4586507Z [36;1m[0m
2026-08-19T11:41:28.4586703Z [36;1mif [[ -z "$uname" ]]; then[0m
2026-08-19T11:41:28.4586994Z [36;1m  errors+=("Input 'uname' cannot be empty")[0m
2026-08-19T11:41:28.4587306Z [36;1melif [[ ${#uname} -gt 44 ]]; then[0m
2026-08-19T11:41:28.4587697Z [36;1m  errors+=("Input 'uname' too long. Maximum length: 44. Got: '$uname'")[0m
2026-08-19T11:41:28.4588066Z [36;1mfi[0m
2026-08-19T11:41:28.4588240Z [36;1m[0m
2026-08-19T11:41:28.4588434Z [36;1mif [[ -z "$unicode" ]]; then[0m
2026-08-19T11:41:28.4588735Z [36;1m  errors+=("Input 'unicode' cannot be empty")[0m
2026-08-19T11:41:28.4589115Z [36;1melif [[ "$unicode" != "true" && "$unicode" != "false" ]]; then[0m
2026-08-19T11:41:28.4589680Z [36;1m  errors+=("Input 'unicode' contains invalid characters. Allowed: 'true' or 'false'. Got: '$unicode'")[0m
2026-08-19T11:41:28.4590150Z [36;1mfi[0m
2026-08-19T11:41:28.4590328Z [36;1m[0m
2026-08-19T11:41:28.4590547Z [36;1m# OP_C_COMPILER currently has no checks![0m
2026-08-19T11:41:28.4590833Z [36;1m[0m
2026-08-19T11:41:28.4591057Z [36;1m# OP_RUST_COMPILER currently has no checks![0m
2026-08-19T11:41:28.4591337Z [36;1m[0m
2026-08-19T11:41:28.4591561Z [36;1m# OP_ZYC_COMPILER currently has no checks![0m
2026-08-19T11:41:28.4591844Z [36;1m[0m
2026-08-19T11:41:28.4592065Z [36;1m# OP_BINDGEN currently has no checks![0m
2026-08-19T11:41:28.4592340Z [36;1m[0m
2026-08-19T11:41:28.4592577Z [36;1m# OP_BLACKLIST_MODULES currently has no checks![0m
2026-08-19T11:41:28.4592888Z [36;1m[0m
2026-08-19T11:41:28.4593080Z [36;1mif [[ -z "$ds" ]]; then[0m
2026-08-19T11:41:28.4593358Z [36;1m  errors+=("Input 'ds' cannot be empty")[0m
2026-08-19T11:41:28.4593703Z [36;1melif [[ "$ds" != "true" && "$ds" != "false" ]]; then[0m
2026-08-19T11:41:28.4594391Z [36;1m  errors+=("Input 'ds' contains invalid characters. Allowed: 'true' or 'false'. Got: '$ds'")[0m
2026-08-19T11:41:28.4594976Z [36;1mfi[0m
2026-08-19T11:41:28.4595170Z [36;1m[0m
2026-08-19T11:41:28.4595363Z [36;1mif [[ -z "$ntsync" ]]; then[0m
2026-08-19T11:41:28.4595666Z [36;1m  errors+=("Input 'ntsync' cannot be empty")[0m
2026-08-19T11:41:28.4596035Z [36;1melif [[ "$ntsync" != "true" && "$ntsync" != "false" ]]; then[0m
2026-08-19T11:41:28.4596594Z [36;1m  errors+=("Input 'ntsync' contains invalid characters. Allowed: 'true' or 'false'. Got: '$ntsync'")[0m
2026-08-19T11:41:28.4597067Z [36;1mfi[0m
2026-08-19T11:41:28.4597293Z [36;1m[0m
2026-08-19T11:41:28.4597496Z [36;1mcase "$optimize" in[0m
2026-08-19T11:41:28.4597738Z [36;1m  O2|O3) ;;[0m
2026-08-19T11:41:28.4598072Z [36;1m  *) errors+=("optimize_level must be O2 or O3. Got: '$optimize'"); ;;[0m
2026-08-19T11:41:28.4598458Z [36;1mesac[0m
2026-08-19T11:41:28.4598661Z [36;1m[0m
2026-08-19T11:41:28.4598855Z [36;1mif [ ${#errors[@]} -ne 0 ]; then[0m
2026-08-19T11:41:28.4599189Z [36;1m  echo "Found ${#errors[@]} validation error(s):" >&2[0m
2026-08-19T11:41:28.4599530Z [36;1m  for error in "${errors[@]}"; do[0m
2026-08-19T11:41:28.4599806Z [36;1m    echo "  - $error" >&2[0m
2026-08-19T11:41:28.4600051Z [36;1m  done[0m
2026-08-19T11:41:28.4600347Z [36;1m  echo "::error::Input validation failed. See logs for details."[0m
2026-08-19T11:41:28.4600700Z [36;1m  exit 1[0m
2026-08-19T11:41:28.4600899Z [36;1melse[0m
2026-08-19T11:41:28.4601258Z [36;1m  echo "✅ Input validation passed"[0m
2026-08-19T11:41:28.4601542Z [36;1mfi[0m
2026-08-19T11:41:28.4601745Z [36;1mecho "::endgroup::"[0m
2026-08-19T11:41:28.4641701Z shell: /usr/bin/bash --noprofile --norc -e -o pipefail {0}
2026-08-19T11:41:28.4642059Z env:
2026-08-19T11:41:28.4642429Z   CCACHE_DIR: /home/runner/work/OnePlus_KernelSU_SUSFS/OnePlus_KernelSU_SUSFS/.ccache
2026-08-19T11:41:28.4642888Z   CCACHE_MAXSIZE: 12G
2026-08-19T11:41:28.4643126Z   CCACHE_COMPILERCHECK: content
2026-08-19T11:41:28.4643525Z   CCACHE_BASEDIR: /home/runner/work/OnePlus_KernelSU_SUSFS/OnePlus_KernelSU_SUSFS
2026-08-19T11:41:28.4643934Z   CCACHE_NOHASHDIR: true
2026-08-19T11:41:28.4644179Z   CCACHE_IGNOREOPTIONS: --sysroot*
2026-08-19T11:41:28.4644557Z   CCACHE_COMPRESSION: true
2026-08-19T11:41:28.4644799Z   CCACHE_COMPRESSION_LEVEL: 3
2026-08-19T11:41:28.4645040Z   CCACHE_DIRECT: true
2026-08-19T11:41:28.4645258Z   CCACHE_FILE_CLONE: true
2026-08-19T11:41:28.4645498Z   CCACHE_INODE_CACHE: true
2026-08-19T11:41:28.4645736Z   CCACHE_IS_KERNEL_COMPILING: true
2026-08-19T11:41:28.4645988Z   CCACHE_UMASK: 002
2026-08-19T11:41:28.4646476Z   CCACHE_SLOPPINESS: file_macro,time_macros,include_file_mtime,include_file_ctime,pch_defines,system_headers,locale
2026-08-19T11:41:28.4647013Z   ACTION_REPO: 
2026-08-19T11:41:28.4647220Z   ACTION_REF: 
2026-08-19T11:41:28.4647437Z   OP_MODEL: OP-ACE-3-PRO-6.1.75
2026-08-19T11:41:28.4647696Z   OP_SOC: pineapple
2026-08-19T11:41:28.4647910Z   OP_BRANCH: wild/sm8650
2026-08-19T11:41:28.4648161Z   OP_MANIFEST: oneplus_ace3_pro_6.1.75_v.xml
2026-08-19T11:41:28.4648458Z   OP_ANDROID_VERSION: android14
2026-08-19T11:41:28.4648702Z   OP_KERNEL_VERSION: 6.1
2026-08-19T11:41:28.4648935Z   OP_OS_VERSION: A15
2026-08-19T11:41:28.4649148Z   OP_LTO: thin
2026-08-19T11:41:28.4649352Z   OP_ZYC_COMPILER: 
2026-08-19T11:41:28.4649713Z   OP_C_COMPILER: kernel_platform/prebuilts/clang/host/linux-x86/clang-r487747c/bin
2026-08-19T11:41:28.4650133Z   OP_RUST_COMPILER: 
2026-08-19T11:41:28.4650349Z   OP_BINDGEN: 
2026-08-19T11:41:28.4650546Z   OP_RUST_BUILD: false
2026-08-19T11:41:28.4650775Z   OP_DISK_CLEANUP: false
2026-08-19T11:41:28.4651000Z   OP_HMBIRD: false
2026-08-19T11:41:28.4651208Z   OP_SUSFS: true
2026-08-19T11:41:28.4651409Z   OP_OPT: true
2026-08-19T11:41:28.4651598Z   OP_DS: true
2026-08-19T11:41:28.4651789Z   OP_BBG: true
2026-08-19T11:41:28.4651986Z   OP_BBR: true
2026-08-19T11:41:28.4652346Z   OP_BBR3: true
2026-08-19T11:41:28.4652546Z   OP_TTL: true
2026-08-19T11:41:28.4652736Z   OP_IP_SET: true
2026-08-19T11:41:28.4652945Z   OP_UNICODE: true
2026-08-19T11:41:28.4653151Z   OP_NTSYNC: true
2026-08-19T11:41:28.4655343Z   OP_BLACKLIST_MODULES: kernelsu,oplus_security_guard,oplus_qr_scan,oplus_score,oplus_vip_task,oplus_dns_cache,oplus_network_linkpower_module,oplus_data_module,oplus_secure_harden,oplus_security_keventupload,oplus_secure_guard_new,oplus_secure_guard,coresight_tpda,coresight_tgu,coresight_trace_noc,coresight_cti,coresight_qmi,coresight_dummy,coresight_remote_etm,coresight_tpdm,coresight_uetm,coresight_stm,coresight_tmc_sec,f_fs_ipc_log,qcom_iommu_debug,qti_battery_debug,rdbg,stm_heartbeat,stm_p_ost,stm_core,stm_ftrace,stm_console,spmi_pmic_arb_debug
2026-08-19T11:41:28.4657440Z   OP_UNAME: OP-WILD
2026-08-19T11:41:28.4657660Z ##[endgroup]
2026-08-19T11:41:28.4720117Z ##[group]Validate inputs
2026-08-19T11:41:28.4726197Z ✅ Input validation passed
2026-08-19T11:41:28.4726820Z ##[endgroup]
2026-08-19T11:41:28.4733085Z ##[end-action id=build.__run_3;outcome=success;conclusion=success;duration_ms=21]
2026-08-19T11:41:28.4735655Z ##[start-action display=Setup Base Environment;id=build.__run_4]
2026-08-19T11:41:28.4752220Z ##[group]Run set -euo pipefail
2026-08-19T11:41:28.4752518Z [36;1mset -euo pipefail[0m
2026-08-19T11:41:28.4752785Z [36;1mCONFIG="$OP_MODEL"[0m
2026-08-19T11:41:28.4753088Z [36;1mecho "Creating folder for configuration: $CONFIG"[0m
2026-08-19T11:41:28.4753440Z [36;1mmkdir -p "$CONFIG"[0m
2026-08-19T11:41:28.4753857Z [36;1mecho "CONFIG=$CONFIG" >> "$GITHUB_ENV"[0m
2026-08-19T11:41:28.4754175Z [36;1mREPO="/usr/local/bin/repo"[0m
2026-08-19T11:41:28.4754705Z [36;1mif [ ! -x "$REPO" ]; then[0m
2026-08-19T11:41:28.4755169Z [36;1m  curl -s https://storage.googleapis.com/git-repo-downloads/repo -o "$REPO"[0m
2026-08-19T11:41:28.4755599Z [36;1m  chmod +x "$REPO"[0m
2026-08-19T11:41:28.4755824Z [36;1mfi[0m
2026-08-19T11:41:28.4756041Z [36;1mecho "REPO=$REPO" >> "$GITHUB_ENV"[0m
2026-08-19T11:41:28.4793155Z shell: /usr/bin/bash --noprofile --norc -e -o pipefail {0}
2026-08-19T11:41:28.4793507Z env:
2026-08-19T11:41:28.4793859Z   CCACHE_DIR: /home/runner/work/OnePlus_KernelSU_SUSFS/OnePlus_KernelSU_SUSFS/.ccache
2026-08-19T11:41:28.4794291Z   CCACHE_MAXSIZE: 12G
2026-08-19T11:41:28.4794630Z   CCACHE_COMPILERCHECK: content
2026-08-19T11:41:28.4795019Z   CCACHE_BASEDIR: /home/runner/work/OnePlus_KernelSU_SUSFS/OnePlus_KernelSU_SUSFS
2026-08-19T11:41:28.4795432Z   CCACHE_NOHASHDIR: true
2026-08-19T11:41:28.4795686Z   CCACHE_IGNOREOPTIONS: --sysroot*
2026-08-19T11:41:28.4795954Z   CCACHE_COMPRESSION: true
2026-08-19T11:41:28.4796195Z   CCACHE_COMPRESSION_LEVEL: 3
2026-08-19T11:41:28.4796446Z   CCACHE_DIRECT: true
2026-08-19T11:41:28.4796662Z   CCACHE_FILE_CLONE: true
2026-08-19T11:41:28.4796892Z   CCACHE_INODE_CACHE: true
2026-08-19T11:41:28.4797133Z   CCACHE_IS_KERNEL_COMPILING: true
2026-08-19T11:41:28.4797385Z   CCACHE_UMASK: 002
2026-08-19T11:41:28.4797871Z   CCACHE_SLOPPINESS: file_macro,time_macros,include_file_mtime,include_file_ctime,pch_defines,system_headers,locale
2026-08-19T11:41:28.4798419Z   ACTION_REPO: 
2026-08-19T11:41:28.4798622Z   ACTION_REF: 
2026-08-19T11:41:28.4798838Z   OP_MODEL: OP-ACE-3-PRO-6.1.75
2026-08-19T11:41:28.4799091Z   OP_SOC: pineapple
2026-08-19T11:41:28.4799302Z   OP_BRANCH: wild/sm8650
2026-08-19T11:41:28.4799554Z   OP_MANIFEST: oneplus_ace3_pro_6.1.75_v.xml
2026-08-19T11:41:28.4799844Z   OP_ANDROID_VERSION: android14
2026-08-19T11:41:28.4800084Z   OP_KERNEL_VERSION: 6.1
2026-08-19T11:41:28.4800310Z   OP_OS_VERSION: A15
2026-08-19T11:41:28.4800519Z   OP_LTO: thin
2026-08-19T11:41:28.4800722Z   OP_ZYC_COMPILER: 
2026-08-19T11:41:28.4801081Z   OP_C_COMPILER: kernel_platform/prebuilts/clang/host/linux-x86/clang-r487747c/bin
2026-08-19T11:41:28.4801487Z   OP_RUST_COMPILER: 
2026-08-19T11:41:28.4801693Z   OP_BINDGEN: 
2026-08-19T11:41:28.4801891Z   OP_RUST_BUILD: false
2026-08-19T11:41:28.4802111Z   OP_DISK_CLEANUP: false
2026-08-19T11:41:28.4802491Z   OP_HMBIRD: false
2026-08-19T11:41:28.4802695Z   OP_SUSFS: true
2026-08-19T11:41:28.4802892Z   OP_OPT: true
2026-08-19T11:41:28.4803081Z   OP_DS: true
2026-08-19T11:41:28.4803271Z   OP_BBG: true
2026-08-19T11:41:28.4803467Z   OP_BBR: true
2026-08-19T11:41:28.4803658Z   OP_BBR3: true
2026-08-19T11:41:28.4803855Z   OP_TTL: true
2026-08-19T11:41:28.4804043Z   OP_IP_SET: true
2026-08-19T11:41:28.4804243Z   OP_UNICODE: true
2026-08-19T11:41:28.4804560Z   OP_NTSYNC: true
2026-08-19T11:41:28.4806579Z   OP_BLACKLIST_MODULES: kernelsu,oplus_security_guard,oplus_qr_scan,oplus_score,oplus_vip_task,oplus_dns_cache,oplus_network_linkpower_module,oplus_data_module,oplus_secure_harden,oplus_security_keventupload,oplus_secure_guard_new,oplus_secure_guard,coresight_tpda,coresight_tgu,coresight_trace_noc,coresight_cti,coresight_qmi,coresight_dummy,coresight_remote_etm,coresight_tpdm,coresight_uetm,coresight_stm,coresight_tmc_sec,f_fs_ipc_log,qcom_iommu_debug,qti_battery_debug,rdbg,stm_heartbeat,stm_p_ost,stm_core,stm_ftrace,stm_console,spmi_pmic_arb_debug
2026-08-19T11:41:28.4808626Z   OP_UNAME: OP-WILD
2026-08-19T11:41:28.4808837Z ##[endgroup]
2026-08-19T11:41:28.4868035Z Creating folder for configuration: OP-ACE-3-PRO-6.1.75
2026-08-19T11:41:28.5421756Z ##[end-action id=build.__run_4;outcome=success;conclusion=success;duration_ms=68]
2026-08-19T11:41:28.5424716Z ##[start-action display=Optimize Global Git for Repo Tool;id=build.__run_5]
2026-08-19T11:41:28.5442537Z ##[group]Run set -euo pipefail
2026-08-19T11:41:28.5442833Z [36;1mset -euo pipefail[0m
2026-08-19T11:41:28.5443326Z [36;1mgit config --global feature.manyFiles true[0m
2026-08-19T11:41:28.5443698Z [36;1mgit config --global core.fsmonitor true[0m
2026-08-19T11:41:28.5444031Z [36;1mgit config --global pack.sparse true[0m
2026-08-19T11:41:28.5444376Z [36;1mgit config --global http.sslVerify false[0m
2026-08-19T11:41:28.5487455Z shell: /usr/bin/bash --noprofile --norc -e -o pipefail {0}
2026-08-19T11:41:28.5487809Z env:
2026-08-19T11:41:28.5488182Z   CCACHE_DIR: /home/runner/work/OnePlus_KernelSU_SUSFS/OnePlus_KernelSU_SUSFS/.ccache
2026-08-19T11:41:28.5488608Z   CCACHE_MAXSIZE: 12G
2026-08-19T11:41:28.5488844Z   CCACHE_COMPILERCHECK: content
2026-08-19T11:41:28.5489231Z   CCACHE_BASEDIR: /home/runner/work/OnePlus_KernelSU_SUSFS/OnePlus_KernelSU_SUSFS
2026-08-19T11:41:28.5489641Z   CCACHE_NOHASHDIR: true
2026-08-19T11:41:28.5489886Z   CCACHE_IGNOREOPTIONS: --sysroot*
2026-08-19T11:41:28.5490151Z   CCACHE_COMPRESSION: true
2026-08-19T11:41:28.5490384Z   CCACHE_COMPRESSION_LEVEL: 3
2026-08-19T11:41:28.5490622Z   CCACHE_DIRECT: true
2026-08-19T11:41:28.5490839Z   CCACHE_FILE_CLONE: true
2026-08-19T11:41:28.5491068Z   CCACHE_INODE_CACHE: true
2026-08-19T11:41:28.5491321Z   CCACHE_IS_KERNEL_COMPILING: true
2026-08-19T11:41:28.5491579Z   CCACHE_UMASK: 002
2026-08-19T11:41:28.5492066Z   CCACHE_SLOPPINESS: file_macro,time_macros,include_file_mtime,include_file_ctime,pch_defines,system_headers,locale
2026-08-19T11:41:28.5492597Z   ACTION_REPO: 
2026-08-19T11:41:28.5492801Z   ACTION_REF: 
2026-08-19T11:41:28.5493017Z   OP_MODEL: OP-ACE-3-PRO-6.1.75
2026-08-19T11:41:28.5493269Z   OP_SOC: pineapple
2026-08-19T11:41:28.5493482Z   OP_BRANCH: wild/sm8650
2026-08-19T11:41:28.5493736Z   OP_MANIFEST: oneplus_ace3_pro_6.1.75_v.xml
2026-08-19T11:41:28.5494025Z   OP_ANDROID_VERSION: android14
2026-08-19T11:41:28.5494266Z   OP_KERNEL_VERSION: 6.1
2026-08-19T11:41:28.5494687Z   OP_OS_VERSION: A15
2026-08-19T11:41:28.5494899Z   OP_LTO: thin
2026-08-19T11:41:28.5495097Z   OP_ZYC_COMPILER: 
2026-08-19T11:41:28.5495470Z   OP_C_COMPILER: kernel_platform/prebuilts/clang/host/linux-x86/clang-r487747c/bin
2026-08-19T11:41:28.5495889Z   OP_RUST_COMPILER: 
2026-08-19T11:41:28.5496099Z   OP_BINDGEN: 
2026-08-19T11:41:28.5496297Z   OP_RUST_BUILD: false
2026-08-19T11:41:28.5496521Z   OP_DISK_CLEANUP: false
2026-08-19T11:41:28.5496743Z   OP_HMBIRD: false
2026-08-19T11:41:28.5496941Z   OP_SUSFS: true
2026-08-19T11:41:28.5497138Z   OP_OPT: true
2026-08-19T11:41:28.5497322Z   OP_DS: true
2026-08-19T11:41:28.5497696Z   OP_BBG: true
2026-08-19T11:41:28.5497883Z   OP_BBR: true
2026-08-19T11:41:28.5498068Z   OP_BBR3: true
2026-08-19T11:41:28.5498261Z   OP_TTL: true
2026-08-19T11:41:28.5498449Z   OP_IP_SET: true
2026-08-19T11:41:28.5498649Z   OP_UNICODE: true
2026-08-19T11:41:28.5498850Z   OP_NTSYNC: true
2026-08-19T11:41:28.5500836Z   OP_BLACKLIST_MODULES: kernelsu,oplus_security_guard,oplus_qr_scan,oplus_score,oplus_vip_task,oplus_dns_cache,oplus_network_linkpower_module,oplus_data_module,oplus_secure_harden,oplus_security_keventupload,oplus_secure_guard_new,oplus_secure_guard,coresight_tpda,coresight_tgu,coresight_trace_noc,coresight_cti,coresight_qmi,coresight_dummy,coresight_remote_etm,coresight_tpdm,coresight_uetm,coresight_stm,coresight_tmc_sec,f_fs_ipc_log,qcom_iommu_debug,qti_battery_debug,rdbg,stm_heartbeat,stm_p_ost,stm_core,stm_ftrace,stm_console,spmi_pmic_arb_debug
2026-08-19T11:41:28.5502829Z   OP_UNAME: OP-WILD
2026-08-19T11:41:28.5503058Z   CONFIG: OP-ACE-3-PRO-6.1.75
2026-08-19T11:41:28.5503327Z   REPO: /usr/local/bin/repo
2026-08-19T11:41:28.5503561Z ##[endgroup]
2026-08-19T11:41:28.5639010Z ##[end-action id=build.__run_5;outcome=success;conclusion=success;duration_ms=21]
2026-08-19T11:41:28.5641343Z ##[start-action display=Sync Kernel Source;id=build.sync-kernel-source]
2026-08-19T11:41:28.5745160Z Prepare all required actions
2026-08-19T11:41:28.5882574Z ##[group]Run ./.github/actions/kernel-source-sync
2026-08-19T11:41:28.5882890Z with:
2026-08-19T11:41:28.5883115Z   source_location: OP-ACE-3-PRO-6.1.75
2026-08-19T11:41:28.5886384Z   github_token: ***
2026-08-19T11:41:28.5886795Z   debug: true
2026-08-19T11:41:28.5886989Z env:
2026-08-19T11:41:28.5887342Z   CCACHE_DIR: /home/runner/work/OnePlus_KernelSU_SUSFS/OnePlus_KernelSU_SUSFS/.ccache
2026-08-19T11:41:28.5887765Z   CCACHE_MAXSIZE: 12G
2026-08-19T11:41:28.5887997Z   CCACHE_COMPILERCHECK: content
2026-08-19T11:41:28.5888372Z   CCACHE_BASEDIR: /home/runner/work/OnePlus_KernelSU_SUSFS/OnePlus_KernelSU_SUSFS
2026-08-19T11:41:28.5888772Z   CCACHE_NOHASHDIR: true
2026-08-19T11:41:28.5889016Z   CCACHE_IGNOREOPTIONS: --sysroot*
2026-08-19T11:41:28.5889288Z   CCACHE_COMPRESSION: true
2026-08-19T11:41:28.5889527Z   CCACHE_COMPRESSION_LEVEL: 3
2026-08-19T11:41:28.5889767Z   CCACHE_DIRECT: true
2026-08-19T11:41:28.5889983Z   CCACHE_FILE_CLONE: true
2026-08-19T11:41:28.5890208Z   CCACHE_INODE_CACHE: true
2026-08-19T11:41:28.5890437Z   CCACHE_IS_KERNEL_COMPILING: true
2026-08-19T11:41:28.5890681Z   CCACHE_UMASK: 002
2026-08-19T11:41:28.5891143Z   CCACHE_SLOPPINESS: file_macro,time_macros,include_file_mtime,include_file_ctime,pch_defines,system_headers,locale
2026-08-19T11:41:28.5891647Z   ACTION_REPO: 
2026-08-19T11:41:28.5891892Z   ACTION_REF: 
2026-08-19T11:41:28.5892109Z   OP_MODEL: OP-ACE-3-PRO-6.1.75
2026-08-19T11:41:28.5892362Z   OP_SOC: pineapple
2026-08-19T11:41:28.5892572Z   OP_BRANCH: wild/sm8650
2026-08-19T11:41:28.5892823Z   OP_MANIFEST: oneplus_ace3_pro_6.1.75_v.xml
2026-08-19T11:41:28.5893112Z   OP_ANDROID_VERSION: android14
2026-08-19T11:41:28.5893364Z   OP_KERNEL_VERSION: 6.1
2026-08-19T11:41:28.5893580Z   OP_OS_VERSION: A15
2026-08-19T11:41:28.5893786Z   OP_LTO: thin
2026-08-19T11:41:28.5893986Z   OP_ZYC_COMPILER: 
2026-08-19T11:41:28.5894336Z   OP_C_COMPILER: kernel_platform/prebuilts/clang/host/linux-x86/clang-r487747c/bin
2026-08-19T11:41:28.5894856Z   OP_RUST_COMPILER: 
2026-08-19T11:41:28.5895065Z   OP_BINDGEN: 
2026-08-19T11:41:28.5895265Z   OP_RUST_BUILD: false
2026-08-19T11:41:28.5895487Z   OP_DISK_CLEANUP: false
2026-08-19T11:41:28.5895720Z   OP_HMBIRD: false
2026-08-19T11:41:28.5895919Z   OP_SUSFS: true
2026-08-19T11:41:28.5896123Z   OP_OPT: true
2026-08-19T11:41:28.5896315Z   OP_DS: true
2026-08-19T11:41:28.5896504Z   OP_BBG: true
2026-08-19T11:41:28.5896693Z   OP_BBR: true
2026-08-19T11:41:28.5896883Z   OP_BBR3: true
2026-08-19T11:41:28.5897079Z   OP_TTL: true
2026-08-19T11:41:28.5897268Z   OP_IP_SET: true
2026-08-19T11:41:28.5897469Z   OP_UNICODE: true
2026-08-19T11:41:28.5897664Z   OP_NTSYNC: true
2026-08-19T11:41:28.5899675Z   OP_BLACKLIST_MODULES: kernelsu,oplus_security_guard,oplus_qr_scan,oplus_score,oplus_vip_task,oplus_dns_cache,oplus_network_linkpower_module,oplus_data_module,oplus_secure_harden,oplus_security_keventupload,oplus_secure_guard_new,oplus_secure_guard,coresight_tpda,coresight_tgu,coresight_trace_noc,coresight_cti,coresight_qmi,coresight_dummy,coresight_remote_etm,coresight_tpdm,coresight_uetm,coresight_stm,coresight_tmc_sec,f_fs_ipc_log,qcom_iommu_debug,qti_battery_debug,rdbg,stm_heartbeat,stm_p_ost,stm_core,stm_ftrace,stm_console,spmi_pmic_arb_debug
2026-08-19T11:41:28.5901567Z   OP_UNAME: OP-WILD
2026-08-19T11:41:28.5901792Z   CONFIG: OP-ACE-3-PRO-6.1.75
2026-08-19T11:41:28.5902044Z   REPO: /usr/local/bin/repo
2026-08-19T11:41:28.5902274Z ##[endgroup]
2026-08-19T11:41:28.5906726Z ##[start-action display=Download and Prepare Manifest;id=build.sync-kernel-source.__run]
2026-08-19T11:41:28.5923571Z ##[group]Run # Download and Prepare Manifest
2026-08-19T11:41:28.5923926Z [36;1m# Download and Prepare Manifest[0m
2026-08-19T11:41:28.5924257Z [36;1mif [[ "$OP_MANIFEST" == https://* ]]; then[0m
2026-08-19T11:41:28.5925005Z [36;1m  curl --fail --show-error --location --proto '=https' "$OP_MANIFEST" -o manifest.xml[0m
2026-08-19T11:41:28.5925477Z [36;1melif [[ "$OP_BRANCH" == wild/* ]]; then[0m
2026-08-19T11:41:28.5925944Z [36;1m  cp "../manifests/$(echo "$OP_OS_VERSION" | tr '[:upper:]' '[:lower:]')/$OP_MANIFEST" manifest.xml[0m
2026-08-19T11:41:28.5926387Z [36;1melse[0m
2026-08-19T11:41:28.5927257Z [36;1m  curl --fail --show-error --location --proto '=https' "https://raw.githubusercontent.com/OnePlusOSS/kernel_manifest/refs/heads/$OP_BRANCH/$OP_MANIFEST" -o manifest.xml[0m
2026-08-19T11:41:28.5927988Z [36;1mfi[0m
2026-08-19T11:41:28.5971867Z shell: /usr/bin/bash --noprofile --norc -e -o pipefail {0}
2026-08-19T11:41:28.5972221Z env:
2026-08-19T11:41:28.5972592Z   CCACHE_DIR: /home/runner/work/OnePlus_KernelSU_SUSFS/OnePlus_KernelSU_SUSFS/.ccache
2026-08-19T11:41:28.5973033Z   CCACHE_MAXSIZE: 12G
2026-08-19T11:41:28.5973274Z   CCACHE_COMPILERCHECK: content
2026-08-19T11:41:28.5973664Z   CCACHE_BASEDIR: /home/runner/work/OnePlus_KernelSU_SUSFS/OnePlus_KernelSU_SUSFS
2026-08-19T11:41:28.5974078Z   CCACHE_NOHASHDIR: true
2026-08-19T11:41:28.5974332Z   CCACHE_IGNOREOPTIONS: --sysroot*
2026-08-19T11:41:28.5974911Z   CCACHE_COMPRESSION: true
2026-08-19T11:41:28.5975158Z   CCACHE_COMPRESSION_LEVEL: 3
2026-08-19T11:41:28.5975399Z   CCACHE_DIRECT: true
2026-08-19T11:41:28.5975617Z   CCACHE_FILE_CLONE: true
2026-08-19T11:41:28.5975843Z   CCACHE_INODE_CACHE: true
2026-08-19T11:41:28.5976087Z   CCACHE_IS_KERNEL_COMPILING: true
2026-08-19T11:41:28.5976339Z   CCACHE_UMASK: 002
2026-08-19T11:41:28.5976828Z   CCACHE_SLOPPINESS: file_macro,time_macros,include_file_mtime,include_file_ctime,pch_defines,system_headers,locale
2026-08-19T11:41:28.5977379Z   ACTION_REPO: 
2026-08-19T11:41:28.5977575Z   ACTION_REF: 
2026-08-19T11:41:28.5977786Z   OP_MODEL: OP-ACE-3-PRO-6.1.75
2026-08-19T11:41:28.5978040Z   OP_SOC: pineapple
2026-08-19T11:41:28.5978255Z   OP_BRANCH: wild/sm8650
2026-08-19T11:41:28.5978508Z   OP_MANIFEST: oneplus_ace3_pro_6.1.75_v.xml
2026-08-19T11:41:28.5978800Z   OP_ANDROID_VERSION: android14
2026-08-19T11:41:28.5979037Z   OP_KERNEL_VERSION: 6.1
2026-08-19T11:41:28.5979266Z   OP_OS_VERSION: A15
2026-08-19T11:41:28.5979471Z   OP_LTO: thin
2026-08-19T11:41:28.5979660Z   OP_ZYC_COMPILER: 
2026-08-19T11:41:28.5980016Z   OP_C_COMPILER: kernel_platform/prebuilts/clang/host/linux-x86/clang-r487747c/bin
2026-08-19T11:41:28.5980425Z   OP_RUST_COMPILER: 
2026-08-19T11:41:28.5980630Z   OP_BINDGEN: 
2026-08-19T11:41:28.5980822Z   OP_RUST_BUILD: false
2026-08-19T11:41:28.5981037Z   OP_DISK_CLEANUP: false
2026-08-19T11:41:28.5981252Z   OP_HMBIRD: false
2026-08-19T11:41:28.5981448Z   OP_SUSFS: true
2026-08-19T11:41:28.5981644Z   OP_OPT: true
2026-08-19T11:41:28.5981826Z   OP_DS: true
2026-08-19T11:41:28.5982011Z   OP_BBG: true
2026-08-19T11:41:28.5982208Z   OP_BBR: true
2026-08-19T11:41:28.5982401Z   OP_BBR3: true
2026-08-19T11:41:28.5982771Z   OP_TTL: true
2026-08-19T11:41:28.5982959Z   OP_IP_SET: true
2026-08-19T11:41:28.5983158Z   OP_UNICODE: true
2026-08-19T11:41:28.5983354Z   OP_NTSYNC: true
2026-08-19T11:41:28.5985630Z   OP_BLACKLIST_MODULES: kernelsu,oplus_security_guard,oplus_qr_scan,oplus_score,oplus_vip_task,oplus_dns_cache,oplus_network_linkpower_module,oplus_data_module,oplus_secure_harden,oplus_security_keventupload,oplus_secure_guard_new,oplus_secure_guard,coresight_tpda,coresight_tgu,coresight_trace_noc,coresight_cti,coresight_qmi,coresight_dummy,coresight_remote_etm,coresight_tpdm,coresight_uetm,coresight_stm,coresight_tmc_sec,f_fs_ipc_log,qcom_iommu_debug,qti_battery_debug,rdbg,stm_heartbeat,stm_p_ost,stm_core,stm_ftrace,stm_console,spmi_pmic_arb_debug
2026-08-19T11:41:28.5987696Z   OP_UNAME: OP-WILD
2026-08-19T11:41:28.5987922Z   CONFIG: OP-ACE-3-PRO-6.1.75
2026-08-19T11:41:28.5988177Z   REPO: /usr/local/bin/repo
2026-08-19T11:41:28.5988404Z ##[endgroup]
2026-08-19T11:41:28.6089196Z ##[end-action id=build.sync-kernel-source.__run;outcome=success;conclusion=success;duration_ms=18]
2026-08-19T11:41:28.6092675Z ##[start-action display=Download Manifest Archives;id=build.sync-kernel-source.__run_2]
2026-08-19T11:41:28.6109873Z ##[group]Run # Download Manifest Archives
2026-08-19T11:41:28.6110390Z [36;1m# Download Manifest Archives[0m
2026-08-19T11:41:28.6110697Z [36;1mimport xml.etree.ElementTree as ET[0m
2026-08-19T11:41:28.6110999Z [36;1mimport subprocess[0m
2026-08-19T11:41:28.6111248Z [36;1mimport os, shutil[0m
2026-08-19T11:41:28.6111490Z [36;1mimport time[0m
2026-08-19T11:41:28.6111855Z [36;1mimport glob[0m
2026-08-19T11:41:28.6112143Z [36;1mfrom concurrent.futures import ThreadPoolExecutor[0m
2026-08-19T11:41:28.6112491Z [36;1mimport requests[0m
2026-08-19T11:41:28.6112716Z [36;1m[0m
2026-08-19T11:41:28.6112950Z [36;1mMAX_WORKERS = (os.cpu_count() or 2) * 4[0m
2026-08-19T11:41:28.6113388Z [36;1mNPROC = int(subprocess.check_output("nproc", shell=True).strip())[0m
2026-08-19T11:41:28.6113854Z [36;1mTARGET_REPO = "WildKernels/OnePlus_KernelSU_SUSFS"[0m
2026-08-19T11:41:28.6114203Z [36;1mTOOLCHAIN_MAP = {[0m
2026-08-19T11:41:28.6114698Z [36;1m    "clang/host/linux-x86": "clang",[0m
2026-08-19T11:41:28.6115008Z [36;1m    "prebuilts/rust": "rust",[0m
2026-08-19T11:41:28.6115326Z [36;1m    "prebuilts/clang-tools": "clang-tools",[0m
2026-08-19T11:41:28.6115687Z [36;1m    "kernel/prebuilts/build-tools": "build-tools",[0m
2026-08-19T11:41:28.6116026Z [36;1m    "AnyKernel3": "AnyKernel3"[0m
2026-08-19T11:41:28.6116295Z [36;1m}[0m
2026-08-19T11:41:28.6116581Z [36;1mDEBUG = os.environ.get("DEBUG", "false").lower() == "true"[0m
2026-08-19T11:41:28.6117073Z [36;1maria_quiet_flags = "--quiet --summary-interval=0" if not DEBUG else ""[0m
2026-08-19T11:41:28.6117464Z [36;1m[0m
2026-08-19T11:41:28.6117662Z [36;1mcurl_headers = ([0m
2026-08-19T11:41:28.6118223Z [36;1m    "-H 'User-Agent: Mozilla/5.0 (Windows NT 10.0; Win64; x64) AppleWebKit/537.36 (KHTML, like Gecko) Chrome/120.0.0.0 Safari/537.36' "[0m
2026-08-19T11:41:28.6118822Z [36;1m    "-H 'Accept: */*' "[0m
2026-08-19T11:41:28.6119100Z [36;1m    "-H 'Connection: keep-alive' "[0m
2026-08-19T11:41:28.6119392Z [36;1m    "--tcp-fastopen"[0m
2026-08-19T11:41:28.6119634Z [36;1m)[0m
2026-08-19T11:41:28.6119821Z [36;1m[0m
2026-08-19T11:41:28.6120015Z [36;1maria2_headers = ([0m
2026-08-19T11:41:28.6120585Z [36;1m    "--header='User-Agent: Mozilla/5.0 (Windows NT 10.0; Win64; x64) AppleWebKit/537.36 (KHTML, like Gecko) Chrome/120.0.0.0 Safari/537.36' "[0m
2026-08-19T11:41:28.6121178Z [36;1m    "--header='Accept: */*' "[0m
2026-08-19T11:41:28.6121477Z [36;1m    "--header='Connection: keep-alive' "[0m
2026-08-19T11:41:28.6121763Z [36;1m)[0m
2026-08-19T11:41:28.6121945Z [36;1m[0m
2026-08-19T11:41:28.6122178Z [36;1mprint("::group::Download Manifest Archives")[0m
2026-08-19T11:41:28.6122473Z [36;1m[0m
2026-08-19T11:41:28.6122666Z [36;1mdef sync_project(task):[0m
2026-08-19T11:41:28.6122951Z [36;1m    name, path, url, strip, rev = task[0m
2026-08-19T11:41:28.6123409Z [36;1m    if path not in ["./", "."]:[0m
2026-08-19T11:41:28.6123712Z [36;1m        os.makedirs(path, exist_ok=True)[0m
2026-08-19T11:41:28.6123998Z [36;1m    [0m
2026-08-19T11:41:28.6124211Z [36;1m    start_time = time.time()[0m
2026-08-19T11:41:28.6124645Z [36;1m    MAX_ATTEMPTS = 3[0m
2026-08-19T11:41:28.6124942Z [36;1m    for attempt in range(1, MAX_ATTEMPTS + 1):[0m
2026-08-19T11:41:28.6125330Z [36;1m        shm_workspace = f"/dev/shm/sync_{hash(name) % 1000000}"[0m
2026-08-19T11:41:28.6125722Z [36;1m        if os.path.exists(shm_workspace):[0m
2026-08-19T11:41:28.6126091Z [36;1m            shutil.rmtree(shm_workspace, ignore_errors=True)[0m
2026-08-19T11:41:28.6126487Z [36;1m        os.makedirs(shm_workspace, exist_ok=True)[0m
2026-08-19T11:41:28.6126800Z [36;1m        [0m
2026-08-19T11:41:28.6127044Z [36;1m        print(f"Syncing: {name} -> {path}")[0m
2026-08-19T11:41:28.6127363Z [36;1m        print(f"  [PENDING] {name}")[0m
2026-08-19T11:41:28.6127646Z [36;1m        try:[0m
2026-08-19T11:41:28.6127864Z [36;1m            label = None[0m
2026-08-19T11:41:28.6128188Z [36;1m            for repo_key, type_label in TOOLCHAIN_MAP.items():[0m
2026-08-19T11:41:28.6128546Z [36;1m                if repo_key in name:[0m
2026-08-19T11:41:28.6128845Z [36;1m                    label = type_label[0m
2026-08-19T11:41:28.6129127Z [36;1m                    break[0m
2026-08-19T11:41:28.6129373Z [36;1m            [0m
2026-08-19T11:41:28.6129602Z [36;1m            found_in_cache = False[0m
2026-08-19T11:41:28.6130010Z [36;1m            if label:[0m
2026-08-19T11:41:28.6130310Z [36;1m                base_filename = f"{label}-{rev}.tar.gz"[0m
2026-08-19T11:41:28.6130822Z [36;1m                BASE_URL = f"https://github.com/{TARGET_REPO}/releases/download/toolchain-cache"[0m
2026-08-19T11:41:28.6131266Z [36;1m                [0m
2026-08-19T11:41:28.6131840Z [36;1m                check_single = f"curl -IsL {curl_headers} --retry 10 --connect-timeout 30 -o /dev/null -w '%{{http_code}}' {BASE_URL}/{base_filename}"[0m
2026-08-19T11:41:28.6132614Z [36;1m                if subprocess.check_output(check_single, shell=True).decode().strip() == "200":[0m
2026-08-19T11:41:28.6133205Z [36;1m                    if DEBUG: print(f"  [CACHE] Downloading single file: {base_filename}")[0m
2026-08-19T11:41:28.6134189Z [36;1m                    aria_cmd = f"aria2c -x16 -s16 -k1M -j16 --retry-wait=5 --max-tries=10 -d {shm_workspace} --file-allocation=none {aria_quiet_flags} {aria2_headers} -o {base_filename} {BASE_URL}/{base_filename}"[0m
2026-08-19T11:41:28.6135399Z [36;1m                    subprocess.run(aria_cmd, shell=True, check=True, capture_output=not DEBUG)[0m
2026-08-19T11:41:28.6135867Z [36;1m                    found_in_cache = True[0m
2026-08-19T11:41:28.6136166Z [36;1m                else:[0m
2026-08-19T11:41:28.6136615Z [36;1m                    if DEBUG: print(f"  [CACHE] Single file not found, checking parts for {base_filename}...")[0m
2026-08-19T11:41:28.6137119Z [36;1m                    parts_to_download = [][0m
2026-08-19T11:41:28.6137531Z [36;1m                    for suffix in [f"a{c}" for c in "abcdefghijklmnopqrstuvwxyz"]:[0m
2026-08-19T11:41:28.6137996Z [36;1m                        part_name = f"{base_filename}.part{suffix}"[0m
2026-08-19T11:41:28.6138676Z [36;1m                        check_part = f"curl -IsL {curl_headers} --retry 10 --connect-timeout 30 -o /dev/null -w '%{{http_code}}' {BASE_URL}/{part_name}"[0m
2026-08-19T11:41:28.6139464Z [36;1m                        if subprocess.check_output(check_part, shell=True).decode().strip() == "200":[0m
2026-08-19T11:41:28.6140026Z [36;1m                            parts_to_download.append(f"{BASE_URL}/{part_name}")[0m
2026-08-19T11:41:28.6140408Z [36;1m                        else:[0m
2026-08-19T11:41:28.6140686Z [36;1m                            break[0m
2026-08-19T11:41:28.6140957Z [36;1m                    [0m
2026-08-19T11:41:28.6141223Z [36;1m                    if parts_to_download:[0m
2026-08-19T11:41:28.6141836Z [36;1m                        if DEBUG: print(f"  [CACHE] Found {len(parts_to_download)} parts. Downloading...")[0m
2026-08-19T11:41:28.6142296Z [36;1m                        [0m
2026-08-19T11:41:28.6142606Z [36;1m                        input_file_path = f"{base_filename}.urls"[0m
2026-08-19T11:41:28.6142992Z [36;1m                        with open(input_file_path, "w") as f:[0m
2026-08-19T11:41:28.6143363Z [36;1m                            for part_url in parts_to_download:[0m
2026-08-19T11:41:28.6143753Z [36;1m                                p_suffix = part_url.split('.part')[-1][0m
2026-08-19T11:41:28.6144156Z [36;1m                                p_name = f"{base_filename}.part{p_suffix}"[0m
2026-08-19T11:41:28.6144990Z [36;1m                                f.write(f"{part_url}\n  out={p_name}\n")[0m
2026-08-19T11:41:28.6145322Z [36;1m                        [0m
2026-08-19T11:41:28.6145586Z [36;1m                        aria_bulk_cmd = ([0m
2026-08-19T11:41:28.6146130Z [36;1m                            f"aria2c -x16 -s16 -k1M -j16 --retry-wait=5 --max-tries=10 -d {shm_workspace} --file-allocation=none "[0m
2026-08-19T11:41:28.6146709Z [36;1m                            f"{aria_quiet_flags} {aria2_headers} "[0m
2026-08-19T11:41:28.6147080Z [36;1m                            f"--input-file={input_file_path}"[0m
2026-08-19T11:41:28.6147391Z [36;1m                        )[0m
2026-08-19T11:41:28.6147638Z [36;1m                        [0m
2026-08-19T11:41:28.6148189Z [36;1m                        subprocess.run(aria_bulk_cmd, shell=True, check=True, capture_output=not DEBUG)[0m
2026-08-19T11:41:28.6148688Z [36;1m                        os.remove(input_file_path)[0m
2026-08-19T11:41:28.6149025Z [36;1m                        found_in_cache = True[0m
2026-08-19T11:41:28.6149312Z [36;1m                    [0m
2026-08-19T11:41:28.6149566Z [36;1m                if not found_in_cache:[0m
2026-08-19T11:41:28.6150059Z [36;1m                    print(f"::warning:: Toolchain {base_filename} not in release cache - direct download")[0m
2026-08-19T11:41:28.6150518Z [36;1m            [0m
2026-08-19T11:41:28.6150761Z [36;1m            if found_in_cache:[0m
2026-08-19T11:41:28.6151164Z [36;1m                parts = sorted(glob.glob(os.path.join(shm_workspace, f"*.part*")))[0m
2026-08-19T11:41:28.6151830Z [36;1m                source = f"cat {' '.join(parts)} | " if parts else f"cat {os.path.join(shm_workspace, base_filename)} | "[0m
2026-08-19T11:41:28.6152581Z [36;1m                extract_cmd = f"{source} tar -I 'pigz -p {NPROC} -b 256' -x --record-size=1M --no-same-owner -C {path} {strip}"[0m
2026-08-19T11:41:28.6153184Z [36;1m                subprocess.run(extract_cmd, shell=True, check=True)[0m
2026-08-19T11:41:28.6153547Z [36;1m            else:[0m
2026-08-19T11:41:28.6153833Z [36;1m                direct_file = f"dynamic_file.tar.gz"[0m
2026-08-19T11:41:28.6154248Z [36;1m                archive_path = os.path.join(shm_workspace, direct_file)[0m
2026-08-19T11:41:28.6155241Z [36;1m                aria_cmd = f"aria2c -x16 -s16 -k1M -j16 --allow-overwrite=true --retry-wait=5 --max-tries=10 -d {shm_workspace} -o {direct_file} {aria_quiet_flags} {aria2_headers} '{url}'"[0m
2026-08-19T11:41:28.6156020Z [36;1m                if DEBUG: print(f"  [DIRECT] Fetching: {url}")[0m
2026-08-19T11:41:28.6156509Z [36;1m                subprocess.run(aria_cmd, shell=True, check=True, capture_output=not DEBUG)[0m
2026-08-19T11:41:28.6157175Z [36;1m                extract_cmd = f"tar -I 'pigz -p {NPROC} -b 256' -x --record-size=1M -f {archive_path} -C {path} {strip}"[0m
2026-08-19T11:41:28.6157763Z [36;1m                subprocess.run(extract_cmd, shell=True, check=True)[0m
2026-08-19T11:41:28.6158114Z [36;1m            [0m
2026-08-19T11:41:28.6158375Z [36;1m            duration = time.time() - start_time[0m
2026-08-19T11:41:28.6158759Z [36;1m            print(f"Synced {name} successfully! ({duration:.2f}s)")[0m
2026-08-19T11:41:28.6159249Z [36;1m            return True[0m
2026-08-19T11:41:28.6159573Z [36;1m        except subprocess.CalledProcessError as e:[0m
2026-08-19T11:41:28.6160143Z [36;1m            print(f"  [RETRY {attempt}/{MAX_ATTEMPTS}] {name} failed with exit code {e.returncode}. Command: {e.cmd}")[0m
2026-08-19T11:41:28.6160722Z [36;1m            print(f"  [ERROR] Command failed for {name}: {e.cmd}")[0m
2026-08-19T11:41:28.6161187Z [36;1m            print(f"   Stderr: {e.stderr.decode() if e.stderr else 'No stderr'}")[0m
2026-08-19T11:41:28.6161610Z [36;1m            if attempt < MAX_ATTEMPTS:[0m
2026-08-19T11:41:28.6161914Z [36;1m                time.sleep(5)[0m
2026-08-19T11:41:28.6162193Z [36;1m        except Exception as e:[0m
2026-08-19T11:41:28.6162696Z [36;1m            print(f"  [RETRY {attempt}/{MAX_ATTEMPTS}] {name} failed with exit code {e.returncode}. Command: {e.cmd}")[0m
2026-08-19T11:41:28.6163230Z [36;1m            print(f"  [ERROR] Failed to sync {name}")[0m
2026-08-19T11:41:28.6163573Z [36;1m            if attempt < MAX_ATTEMPTS:[0m
2026-08-19T11:41:28.6163854Z [36;1m                time.sleep(5)[0m
2026-08-19T11:41:28.6164116Z [36;1m        finally:[0m
2026-08-19T11:41:28.6164387Z [36;1m            if os.path.exists(shm_workspace):[0m
2026-08-19T11:41:28.6164921Z [36;1m                shutil.rmtree(shm_workspace, ignore_errors=True)[0m
2026-08-19T11:41:28.6165270Z [36;1m    return False[0m
2026-08-19T11:41:28.6165494Z [36;1m[0m
2026-08-19T11:41:28.6165700Z [36;1mglobal_start = time.time()[0m
2026-08-19T11:41:28.6165956Z [36;1m[0m
2026-08-19T11:41:28.6166313Z [36;1mwith open('manifest.xml', 'r') as f:[0m
2026-08-19T11:41:28.6166622Z [36;1m    manifest_content = f.read()[0m
2026-08-19T11:41:28.6166886Z [36;1m[0m
2026-08-19T11:41:28.6167106Z [36;1mroot = ET.fromstring(manifest_content)[0m
2026-08-19T11:41:28.6167403Z [36;1mtop_dir = os.getcwd()[0m
2026-08-19T11:41:28.6167641Z [36;1m[0m
2026-08-19T11:41:28.6167979Z [36;1mremotes = {r.get('name'): r.get('fetch').rstrip('/') for r in root.findall('remote')}[0m
2026-08-19T11:41:28.6168417Z [36;1mdefault = root.find('default')[0m
2026-08-19T11:41:28.6168803Z [36;1mdef_remote = default.get('remote') if default is not None else None[0m
2026-08-19T11:41:28.6169286Z [36;1mdef_rev = default.get('revision') if default is not None else None[0m
2026-08-19T11:41:28.6169649Z [36;1m[0m
2026-08-19T11:41:28.6169841Z [36;1msync_tasks = [][0m
2026-08-19T11:41:28.6170082Z [36;1mpost_process_data = [][0m
2026-08-19T11:41:28.6170323Z [36;1m[0m
2026-08-19T11:41:28.6170554Z [36;1mfor project in root.findall('project'):[0m
2026-08-19T11:41:28.6170873Z [36;1m    name = project.get('name')[0m
2026-08-19T11:41:28.6171164Z [36;1m    path = project.get('path', name)[0m
2026-08-19T11:41:28.6171505Z [36;1m    remote_name = project.get('remote', def_remote)[0m
2026-08-19T11:41:28.6171865Z [36;1m    rev = project.get('revision', def_rev)[0m
2026-08-19T11:41:28.6172192Z [36;1m    base_url = remotes.get(remote_name)[0m
2026-08-19T11:41:28.6172480Z [36;1m    [0m
2026-08-19T11:41:28.6172690Z [36;1m    if not base_url: continue[0m
2026-08-19T11:41:28.6172953Z [36;1m    [0m
2026-08-19T11:41:28.6173169Z [36;1m    if "github.com" in base_url:[0m
2026-08-19T11:41:28.6173507Z [36;1m        url = f"{base_url}/{name}/archive/{rev}.tar.gz"[0m
2026-08-19T11:41:28.6173862Z [36;1m        strip = "--strip-components=1"[0m
2026-08-19T11:41:28.6174188Z [36;1m    elif "googlesource.com" in base_url:[0m
2026-08-19T11:41:28.6174734Z [36;1m        url = f"{base_url}/{name}/+archive/{rev}.tar.gz"[0m
2026-08-19T11:41:28.6175080Z [36;1m        strip = ""[0m
2026-08-19T11:41:28.6175360Z [36;1m    elif "git.codelinaro.org" in base_url:[0m
2026-08-19T11:41:28.6175718Z [36;1m        url = f"{base_url}/{name}/-/archive/{rev}.tar.gz"[0m
2026-08-19T11:41:28.6176070Z [36;1m        strip = "--strip-components=1"[0m
2026-08-19T11:41:28.6176353Z [36;1m    else:[0m
2026-08-19T11:41:28.6176566Z [36;1m        continue[0m
2026-08-19T11:41:28.6176930Z [36;1m    [0m
2026-08-19T11:41:28.6177195Z [36;1m    sync_tasks.append((name, path, url, strip, rev))[0m
2026-08-19T11:41:28.6177516Z [36;1m    [0m
2026-08-19T11:41:28.6177721Z [36;1m    for child in project:[0m
2026-08-19T11:41:28.6178024Z [36;1m        if child.tag in ['linkfile', 'copyfile']:[0m
2026-08-19T11:41:28.6178386Z [36;1m            post_process_data.append((path, child))[0m
2026-08-19T11:41:28.6178688Z [36;1m[0m
2026-08-19T11:41:28.6178876Z [36;1mif DEBUG:[0m
2026-08-19T11:41:28.6179209Z [36;1m    print(f"Starting parallel sync of {len(sync_tasks)} projects...")[0m
2026-08-19T11:41:28.6179710Z [36;1mwith ThreadPoolExecutor(max_workers=MAX_WORKERS) as executor:[0m
2026-08-19T11:41:28.6180182Z [36;1m    success_list = list(executor.map(sync_project, sync_tasks))[0m
2026-08-19T11:41:28.6180539Z [36;1m    [0m
2026-08-19T11:41:28.6180751Z [36;1m    if not all(success_list):[0m
2026-08-19T11:41:28.6181090Z [36;1m        print("::error::One or more projects failed to sync!")[0m
2026-08-19T11:41:28.6181443Z [36;1m        print("::endgroup::")[0m
2026-08-19T11:41:28.6181700Z [36;1m        exit(1)[0m
2026-08-19T11:41:28.6181919Z [36;1m[0m
2026-08-19T11:41:28.6182167Z [36;1mprint("Processing linkfiles and copyfiles...")[0m
2026-08-19T11:41:28.6182523Z [36;1mfor path, child in post_process_data:[0m
2026-08-19T11:41:28.6182833Z [36;1m    src_rel = child.get('src')[0m
2026-08-19T11:41:28.6183109Z [36;1m    dest_rel = child.get('dest')[0m
2026-08-19T11:41:28.6183422Z [36;1m    if not src_rel or not dest_rel: continue[0m
2026-08-19T11:41:28.6183828Z [36;1m    [0m
2026-08-19T11:41:28.6184088Z [36;1m    src_path = os.path.join(top_dir, path, src_rel)[0m
2026-08-19T11:41:28.6184637Z [36;1m    dest_path = os.path.join(top_dir, dest_rel)[0m
2026-08-19T11:41:28.6185040Z [36;1m    os.makedirs(os.path.dirname(dest_path), exist_ok=True)[0m
2026-08-19T11:41:28.6185390Z [36;1m    [0m
2026-08-19T11:41:28.6185603Z [36;1m    if child.tag == 'linkfile':[0m
2026-08-19T11:41:28.6185954Z [36;1m        if os.path.lexists(dest_path): os.remove(dest_path)[0m
2026-08-19T11:41:28.6186414Z [36;1m        rel_target = os.path.relpath(src_path, os.path.dirname(dest_path))[0m
2026-08-19T11:41:28.6186838Z [36;1m        os.symlink(rel_target, dest_path)[0m
2026-08-19T11:41:28.6187184Z [36;1m        print(f"  [Link] {dest_rel} -> {src_rel}")[0m
2026-08-19T11:41:28.6187512Z [36;1m    elif child.tag == 'copyfile':[0m
2026-08-19T11:41:28.6187819Z [36;1m        shutil.copy2(src_path, dest_path)[0m
2026-08-19T11:41:28.6188150Z [36;1m        print(f"  [Copy] {dest_rel} from {src_rel}")[0m
2026-08-19T11:41:28.6188462Z [36;1m[0m
2026-08-19T11:41:28.6188638Z [36;1m[0m
2026-08-19T11:41:28.6188880Z [36;1mtotal_duration = time.time() - global_start[0m
2026-08-19T11:41:28.6189222Z [36;1mminutes = int(total_duration // 60)[0m
2026-08-19T11:41:28.6189523Z [36;1mseconds = total_duration % 60[0m
2026-08-19T11:41:28.6189894Z [36;1mprint(f"Kernel Sync completed in {minutes}m {seconds:.2f}s")[0m
2026-08-19T11:41:28.6190270Z [36;1mprint("::endgroup::")[0m
2026-08-19T11:41:28.6216688Z shell: /usr/bin/python {0}
2026-08-19T11:41:28.6216947Z env:
2026-08-19T11:41:28.6217316Z   CCACHE_DIR: /home/runner/work/OnePlus_KernelSU_SUSFS/OnePlus_KernelSU_SUSFS/.ccache
2026-08-19T11:41:28.6217752Z   CCACHE_MAXSIZE: 12G
2026-08-19T11:41:28.6217993Z   CCACHE_COMPILERCHECK: content
2026-08-19T11:41:28.6218389Z   CCACHE_BASEDIR: /home/runner/work/OnePlus_KernelSU_SUSFS/OnePlus_KernelSU_SUSFS
2026-08-19T11:41:28.6218797Z   CCACHE_NOHASHDIR: true
2026-08-19T11:41:28.6219056Z   CCACHE_IGNOREOPTIONS: --sysroot*
2026-08-19T11:41:28.6219335Z   CCACHE_COMPRESSION: true
2026-08-19T11:41:28.6219583Z   CCACHE_COMPRESSION_LEVEL: 3
2026-08-19T11:41:28.6219828Z   CCACHE_DIRECT: true
2026-08-19T11:41:28.6220048Z   CCACHE_FILE_CLONE: true
2026-08-19T11:41:28.6220279Z   CCACHE_INODE_CACHE: true
2026-08-19T11:41:28.6220515Z   CCACHE_IS_KERNEL_COMPILING: true
2026-08-19T11:41:28.6220766Z   CCACHE_UMASK: 002
2026-08-19T11:41:28.6221403Z   CCACHE_SLOPPINESS: file_macro,time_macros,include_file_mtime,include_file_ctime,pch_defines,system_headers,locale
2026-08-19T11:41:28.6221957Z   ACTION_REPO: 
2026-08-19T11:41:28.6222166Z   ACTION_REF: 
2026-08-19T11:41:28.6222386Z   OP_MODEL: OP-ACE-3-PRO-6.1.75
2026-08-19T11:41:28.6222651Z   OP_SOC: pineapple
2026-08-19T11:41:28.6222871Z   OP_BRANCH: wild/sm8650
2026-08-19T11:41:28.6223126Z   OP_MANIFEST: oneplus_ace3_pro_6.1.75_v.xml
2026-08-19T11:41:28.6223421Z   OP_ANDROID_VERSION: android14
2026-08-19T11:41:28.6223661Z   OP_KERNEL_VERSION: 6.1
2026-08-19T11:41:28.6223892Z   OP_OS_VERSION: A15
2026-08-19T11:41:28.6224104Z   OP_LTO: thin
2026-08-19T11:41:28.6224302Z   OP_ZYC_COMPILER: 
2026-08-19T11:41:28.6224977Z   OP_C_COMPILER: kernel_platform/prebuilts/clang/host/linux-x86/clang-r487747c/bin
2026-08-19T11:41:28.6225415Z   OP_RUST_COMPILER: 
2026-08-19T11:41:28.6225630Z   OP_BINDGEN: 
2026-08-19T11:41:28.6225832Z   OP_RUST_BUILD: false
2026-08-19T11:41:28.6226060Z   OP_DISK_CLEANUP: false
2026-08-19T11:41:28.6226276Z   OP_HMBIRD: false
2026-08-19T11:41:28.6226475Z   OP_SUSFS: true
2026-08-19T11:41:28.6226671Z   OP_OPT: true
2026-08-19T11:41:28.6226870Z   OP_DS: true
2026-08-19T11:41:28.6227072Z   OP_BBG: true
2026-08-19T11:41:28.6227261Z   OP_BBR: true
2026-08-19T11:41:28.6227452Z   OP_BBR3: true
2026-08-19T11:41:28.6227644Z   OP_TTL: true
2026-08-19T11:41:28.6227835Z   OP_IP_SET: true
2026-08-19T11:41:28.6228038Z   OP_UNICODE: true
2026-08-19T11:41:28.6228242Z   OP_NTSYNC: true
2026-08-19T11:41:28.6230278Z   OP_BLACKLIST_MODULES: kernelsu,oplus_security_guard,oplus_qr_scan,oplus_score,oplus_vip_task,oplus_dns_cache,oplus_network_linkpower_module,oplus_data_module,oplus_secure_harden,oplus_security_keventupload,oplus_secure_guard_new,oplus_secure_guard,coresight_tpda,coresight_tgu,coresight_trace_noc,coresight_cti,coresight_qmi,coresight_dummy,coresight_remote_etm,coresight_tpdm,coresight_uetm,coresight_stm,coresight_tmc_sec,f_fs_ipc_log,qcom_iommu_debug,qti_battery_debug,rdbg,stm_heartbeat,stm_p_ost,stm_core,stm_ftrace,stm_console,spmi_pmic_arb_debug
2026-08-19T11:41:28.6232195Z   OP_UNAME: OP-WILD
2026-08-19T11:41:28.6232425Z   CONFIG: OP-ACE-3-PRO-6.1.75
2026-08-19T11:41:28.6232676Z   REPO: /usr/local/bin/repo
2026-08-19T11:41:28.6232915Z   PYTHONUNBUFFERED: 1
2026-08-19T11:41:28.6236047Z   GITHUB_TOKEN: ***
2026-08-19T11:41:28.6236282Z   DEBUG: true
2026-08-19T11:41:28.6236485Z ##[endgroup]
2026-08-19T11:41:28.7335158Z ##[group]Download Manifest Archives
2026-08-19T11:41:28.7336517Z Starting parallel sync of 5 projects...
2026-08-19T11:41:28.7340970Z Syncing: AnyKernel3 -> AnyKernel3
2026-08-19T11:41:28.7341622Z   [PENDING] AnyKernel3
2026-08-19T11:41:28.7349328Z Syncing: android_kernel_modules_and_devicetree_oneplus_sm8650 -> ./
2026-08-19T11:41:28.7352448Z   [PENDING] android_kernel_modules_and_devicetree_oneplus_sm8650Syncing: android_kernel_common_oneplus_sm8650 -> kernel_platform/common
2026-08-19T11:41:28.7362017Z   [DIRECT] Fetching: https://github.com/OnePlusOSS/android_kernel_modules_and_devicetree_oneplus_sm8650/archive/8f66296b04ef8875011f457eae57733c86646e6a.tar.gz
2026-08-19T11:41:28.7363184Z Syncing: kernel/prebuilts/build-tools -> kernel_platform/prebuilts/kernel-build-tools
2026-08-19T11:41:28.7364196Z   [PENDING] kernel/prebuilts/build-tools
2026-08-19T11:41:28.7365013Z   [PENDING] android_kernel_common_oneplus_sm8650
2026-08-19T11:41:28.7366120Z   [DIRECT] Fetching: https://github.com/OnePlusOSS/android_kernel_common_oneplus_sm8650/archive/1cee682fb60cc9ffd86a2342fa8051bcde77116f.tar.gz
2026-08-19T11:41:28.7367013Z 
2026-08-19T11:41:28.7367612Z Syncing: kernelplatform/prebuilts-master/clang/host/linux-x86 -> kernel_platform/prebuilts/clang/host/linux-x86
2026-08-19T11:41:28.7368604Z   [PENDING] kernelplatform/prebuilts-master/clang/host/linux-x86
2026-08-19T11:41:28.9265935Z   [CACHE] Downloading single file: AnyKernel3-0b46673ae91aee8d60bd6ee257b4d56d3f6a0114.tar.gz
2026-08-19T11:41:28.9508843Z   [CACHE] Downloading single file: build-tools-d153b7ab4a4956198957e258d4f370e875c53059.tar.gz
2026-08-19T11:41:28.9849552Z   [CACHE] Downloading single file: clang-28b975ada54f8610ed531a6b57253aed10e7c87d.tar.gz
2026-08-19T11:41:29.0045262Z 
2026-08-19T11:41:29.0046423Z 08/19 11:41:29 [[1;32mNOTICE[0m] Downloading 1 item(s)
2026-08-19T11:41:29.0074953Z 
2026-08-19T11:41:29.0105523Z 08/19 11:41:29 [[1;32mNOTICE[0m] Downloading 1 item(s)
2026-08-19T11:41:29.0106216Z 
2026-08-19T11:41:29.0135485Z 08/19 11:41:29 [[1;32mNOTICE[0m] Downloading 1 item(s)
2026-08-19T11:41:29.0165472Z 
2026-08-19T11:41:29.0166288Z 08/19 11:41:29 [[1;32mNOTICE[0m] Downloading 1 item(s)
2026-08-19T11:41:29.0166915Z 
2026-08-19T11:41:29.0167393Z 08/19 11:41:29 [[1;32mNOTICE[0m] Downloading 1 item(s)
2026-08-19T11:41:29.0454372Z 
2026-08-19T11:41:29.0462853Z 08/19 11:41:29 [[1;32mNOTICE[0m] CUID#7 - Redirecting to https://release-assets.githubusercontent.com/github-production-release-asset/900124341/6479600a-860d-4ca9-9a43-16b6732bbb20?sp=r&sv=2018-11-09&sr=b&spr=https&se=2026-08-19T12%3A42%3A23Z&rscd=attachment%3B+filename%3Dbuild-tools-d153b7ab4a4956198957e258d4f370e875c53059.tar.gz&rsct=application%2Foctet-stream&skoid=96c2d410-5711-43a1-aedd-ab1947aa7ab0&sktid=398a6654-997b-47e9-b12b-9515b896b4de&skt=2026-08-19T11%3A41%3A27Z&ske=2026-08-19T12%3A42%3A23Z&sks=b&skv=2018-11-09&sig=mECKJqGLZWJzhwmRb9imdRT2vj%2FWi%2B%2FqMimhr8Gy2%2F4%3D&jwt=***
2026-08-19T11:41:29.0466124Z 
2026-08-19T11:41:29.0472593Z 08/19 11:41:29 [[1;32mNOTICE[0m] CUID#7 - Redirecting to https://release-assets.githubusercontent.com/github-production-release-asset/900124341/a37f140b-4f7b-466e-8b91-4cbe71814578?sp=r&sv=2018-11-09&sr=b&spr=https&se=2026-08-19T12%3A39%3A51Z&rscd=attachment%3B+filename%3DAnyKernel3-0b46673ae91aee8d60bd6ee257b4d56d3f6a0114.tar.gz&rsct=application%2Foctet-stream&skoid=96c2d410-5711-43a1-aedd-ab1947aa7ab0&sktid=398a6654-997b-47e9-b12b-9515b896b4de&skt=2026-08-19T11%3A39%3A36Z&ske=2026-08-19T12%3A39%3A51Z&sks=b&skv=2018-11-09&sig=FfI7CCbsGXH5HyRMa8AFVUcAut0oEI%2Bbf8RyX3IR1kU%3D&jwt=***
2026-08-19T11:41:29.0483424Z 
2026-08-19T11:41:29.0495170Z 08/19 11:41:29 [[1;32mNOTICE[0m] CUID#7 - Redirecting to https://release-assets.githubusercontent.com/github-production-release-asset/900124341/7f31483b-ea99-4028-8fec-94f12384301a?sp=r&sv=2018-11-09&sr=b&spr=https&se=2026-08-19T12%3A41%3A53Z&rscd=attachment%3B+filename%3Dclang-28b975ada54f8610ed531a6b57253aed10e7c87d.tar.gz&rsct=application%2Foctet-stream&skoid=96c2d410-5711-43a1-aedd-ab1947aa7ab0&sktid=398a6654-997b-47e9-b12b-9515b896b4de&skt=2026-08-19T11%3A41%3A18Z&ske=2026-08-19T12%3A41%3A53Z&sks=b&skv=2018-11-09&sig=K2FDr3ci8327%2Fmdk6U2wdfvygX6jP9MiWsJZ%2FiWKhxg%3D&jwt=***
2026-08-19T11:41:29.0871198Z 
2026-08-19T11:41:29.0881523Z 08/19 11:41:29 [[1;32mNOTICE[0m] CUID#8 - Redirecting to https://release-assets.githubusercontent.com/github-production-release-asset/900124341/a37f140b-4f7b-466e-8b91-4cbe71814578?sp=r&sv=2018-11-09&sr=b&spr=https&se=2026-08-19T12%3A39%3A51Z&rscd=attachment%3B+filename%3DAnyKernel3-0b46673ae91aee8d60bd6ee257b4d56d3f6a0114.tar.gz&rsct=application%2Foctet-stream&skoid=96c2d410-5711-43a1-aedd-ab1947aa7ab0&sktid=398a6654-997b-47e9-b12b-9515b896b4de&skt=2026-08-19T11%3A39%3A36Z&ske=2026-08-19T12%3A39%3A51Z&sks=b&skv=2018-11-09&sig=FfI7CCbsGXH5HyRMa8AFVUcAut0oEI%2Bbf8RyX3IR1kU%3D&jwt=***
2026-08-19T11:41:29.0965133Z 
2026-08-19T11:41:29.0971853Z 08/19 11:41:29 [[1;32mNOTICE[0m] CUID#8 - Redirecting to https://release-assets.githubusercontent.com/github-production-release-asset/900124341/6479600a-860d-4ca9-9a43-16b6732bbb20?sp=r&sv=2018-11-09&sr=b&spr=https&se=2026-08-19T12%3A42%3A23Z&rscd=attachment%3B+filename%3Dbuild-tools-d153b7ab4a4956198957e258d4f370e875c53059.tar.gz&rsct=application%2Foctet-stream&skoid=96c2d410-5711-43a1-aedd-ab1947aa7ab0&sktid=398a6654-997b-47e9-b12b-9515b896b4de&skt=2026-08-19T11%3A41%3A27Z&ske=2026-08-19T12%3A42%3A23Z&sks=b&skv=2018-11-09&sig=mECKJqGLZWJzhwmRb9imdRT2vj%2FWi%2B%2FqMimhr8Gy2%2F4%3D&jwt=***
2026-08-19T11:41:29.1035399Z 
2026-08-19T11:41:29.1047797Z 08/19 11:41:29 [[1;32mNOTICE[0m] CUID#9 - Redirecting to https://release-assets.githubusercontent.com/github-production-release-asset/900124341/a37f140b-4f7b-466e-8b91-4cbe71814578?sp=r&sv=2018-11-09&sr=b&spr=https&se=2026-08-19T12%3A39%3A51Z&rscd=attachment%3B+filename%3DAnyKernel3-0b46673ae91aee8d60bd6ee257b4d56d3f6a0114.tar.gz&rsct=application%2Foctet-stream&skoid=96c2d410-5711-43a1-aedd-ab1947aa7ab0&sktid=398a6654-997b-47e9-b12b-9515b896b4de&skt=2026-08-19T11%3A39%3A36Z&ske=2026-08-19T12%3A39%3A51Z&sks=b&skv=2018-11-09&sig=FfI7CCbsGXH5HyRMa8AFVUcAut0oEI%2Bbf8RyX3IR1kU%3D&jwt=***
2026-08-19T11:41:29.1052272Z 
2026-08-19T11:41:29.1079818Z 08/19 11:41:29 [[1;32mNOTICE[0m] CUID#8 - Redirecting to https://release-assets.githubusercontent.com/github-production-release-asset/900124341/7f31483b-ea99-4028-8fec-94f12384301a?sp=r&sv=2018-11-09&sr=b&spr=https&se=2026-08-19T12%3A41%3A53Z&rscd=attachment%3B+filename%3Dclang-28b975ada54f8610ed531a6b57253aed10e7c87d.tar.gz&rsct=application%2Foctet-stream&skoid=96c2d410-5711-43a1-aedd-ab1947aa7ab0&sktid=398a6654-997b-47e9-b12b-9515b896b4de&skt=2026-08-19T11%3A41%3A18Z&ske=2026-08-19T12%3A41%3A53Z&sks=b&skv=2018-11-09&sig=K2FDr3ci8327%2Fmdk6U2wdfvygX6jP9MiWsJZ%2FiWKhxg%3D&jwt=***
2026-08-19T11:41:29.1083372Z 
2026-08-19T11:41:29.1125351Z 08/19 11:41:29 [[1;32mNOTICE[0m] CUID#10 - Redirecting to https://release-assets.githubusercontent.com/github-production-release-asset/900124341/a37f140b-4f7b-466e-8b91-4cbe71814578?sp=r&sv=2018-11-09&sr=b&spr=https&se=2026-08-19T12%3A39%3A51Z&rscd=attachment%3B+filename%3DAnyKernel3-0b46673ae91aee8d60bd6ee257b4d56d3f6a0114.tar.gz&rsct=application%2Foctet-stream&skoid=96c2d410-5711-43a1-aedd-ab1947aa7ab0&sktid=398a6654-997b-47e9-b12b-9515b896b4de&skt=2026-08-19T11%3A39%3A36Z&ske=2026-08-19T12%3A39%3A51Z&sks=b&skv=2018-11-09&sig=FfI7CCbsGXH5HyRMa8AFVUcAut0oEI%2Bbf8RyX3IR1kU%3D&jwt=***
2026-08-19T11:41:29.1425484Z 
2026-08-19T11:41:29.1436771Z 08/19 11:41:29 [[1;32mNOTICE[0m] CUID#9 - Redirecting to https://release-assets.githubusercontent.com/github-production-release-asset/900124341/6479600a-860d-4ca9-9a43-16b6732bbb20?sp=r&sv=2018-11-09&sr=b&spr=https&se=2026-08-19T12%3A42%3A23Z&rscd=attachment%3B+filename%3Dbuild-tools-d153b7ab4a4956198957e258d4f370e875c53059.tar.gz&rsct=application%2Foctet-stream&skoid=96c2d410-5711-43a1-aedd-ab1947aa7ab0&sktid=398a6654-997b-47e9-b12b-9515b896b4de&skt=2026-08-19T11%3A41%3A27Z&ske=2026-08-19T12%3A42%3A23Z&sks=b&skv=2018-11-09&sig=mECKJqGLZWJzhwmRb9imdRT2vj%2FWi%2B%2FqMimhr8Gy2%2F4%3D&jwt=***
2026-08-19T11:41:29.1440583Z 
2026-08-19T11:41:29.1447512Z 08/19 11:41:29 [[1;32mNOTICE[0m] CUID#10 - Redirecting to https://release-assets.githubusercontent.com/github-production-release-asset/900124341/6479600a-860d-4ca9-9a43-16b6732bbb20?sp=r&sv=2018-11-09&sr=b&spr=https&se=2026-08-19T12%3A42%3A23Z&rscd=attachment%3B+filename%3Dbuild-tools-d153b7ab4a4956198957e258d4f370e875c53059.tar.gz&rsct=application%2Foctet-stream&skoid=96c2d410-5711-43a1-aedd-ab1947aa7ab0&sktid=398a6654-997b-47e9-b12b-9515b896b4de&skt=2026-08-19T11%3A41%3A27Z&ske=2026-08-19T12%3A42%3A23Z&sks=b&skv=2018-11-09&sig=mECKJqGLZWJzhwmRb9imdRT2vj%2FWi%2B%2FqMimhr8Gy2%2F4%3D&jwt=***
2026-08-19T11:41:29.1449896Z 
2026-08-19T11:41:29.1457148Z 08/19 11:41:29 [[1;32mNOTICE[0m] CUID#11 - Redirecting to https://release-assets.githubusercontent.com/github-production-release-asset/900124341/6479600a-860d-4ca9-9a43-16b6732bbb20?sp=r&sv=2018-11-09&sr=b&spr=https&se=2026-08-19T12%3A42%3A23Z&rscd=attachment%3B+filename%3Dbuild-tools-d153b7ab4a4956198957e258d4f370e875c53059.tar.gz&rsct=application%2Foctet-stream&skoid=96c2d410-5711-43a1-aedd-ab1947aa7ab0&sktid=398a6654-997b-47e9-b12b-9515b896b4de&skt=2026-08-19T11%3A41%3A27Z&ske=2026-08-19T12%3A42%3A23Z&sks=b&skv=2018-11-09&sig=mECKJqGLZWJzhwmRb9imdRT2vj%2FWi%2B%2FqMimhr8Gy2%2F4%3D&jwt=***
2026-08-19T11:41:29.1459443Z 
2026-08-19T11:41:29.1467095Z 08/19 11:41:29 [[1;32mNOTICE[0m] CUID#12 - Redirecting to https://release-assets.githubusercontent.com/github-production-release-asset/900124341/6479600a-860d-4ca9-9a43-16b6732bbb20?sp=r&sv=2018-11-09&sr=b&spr=https&se=2026-08-19T12%3A42%3A23Z&rscd=attachment%3B+filename%3Dbuild-tools-d153b7ab4a4956198957e258d4f370e875c53059.tar.gz&rsct=application%2Foctet-stream&skoid=96c2d410-5711-43a1-aedd-ab1947aa7ab0&sktid=398a6654-997b-47e9-b12b-9515b896b4de&skt=2026-08-19T11%3A41%3A27Z&ske=2026-08-19T12%3A42%3A23Z&sks=b&skv=2018-11-09&sig=mECKJqGLZWJzhwmRb9imdRT2vj%2FWi%2B%2FqMimhr8Gy2%2F4%3D&jwt=***
2026-08-19T11:41:29.1470300Z 
2026-08-19T11:41:29.1479981Z 08/19 11:41:29 [[1;32mNOTICE[0m] CUID#13 - Redirecting to https://release-assets.githubusercontent.com/github-production-release-asset/900124341/6479600a-860d-4ca9-9a43-16b6732bbb20?sp=r&sv=2018-11-09&sr=b&spr=https&se=2026-08-19T12%3A42%3A23Z&rscd=attachment%3B+filename%3Dbuild-tools-d153b7ab4a4956198957e258d4f370e875c53059.tar.gz&rsct=application%2Foctet-stream&skoid=96c2d410-5711-43a1-aedd-ab1947aa7ab0&sktid=398a6654-997b-47e9-b12b-9515b896b4de&skt=2026-08-19T11%3A41%3A27Z&ske=2026-08-19T12%3A42%3A23Z&sks=b&skv=2018-11-09&sig=mECKJqGLZWJzhwmRb9imdRT2vj%2FWi%2B%2FqMimhr8Gy2%2F4%3D&jwt=***
2026-08-19T11:41:29.1482470Z 
2026-08-19T11:41:29.1513483Z 08/19 11:41:29 [[1;32mNOTICE[0m] CUID#14 - Redirecting to https://release-assets.githubusercontent.com/github-production-release-asset/900124341/6479600a-860d-4ca9-9a43-16b6732bbb20?sp=r&sv=2018-11-09&sr=b&spr=https&se=2026-08-19T12%3A42%3A23Z&rscd=attachment%3B+filename%3Dbuild-tools-d153b7ab4a4956198957e258d4f370e875c53059.tar.gz&rsct=application%2Foctet-stream&skoid=96c2d410-5711-43a1-aedd-ab1947aa7ab0&sktid=398a6654-997b-47e9-b12b-9515b896b4de&skt=2026-08-19T11%3A41%3A27Z&ske=2026-08-19T12%3A42%3A23Z&sks=b&skv=2018-11-09&sig=mECKJqGLZWJzhwmRb9imdRT2vj%2FWi%2B%2FqMimhr8Gy2%2F4%3D&jwt=***
2026-08-19T11:41:29.1517403Z 
2026-08-19T11:41:29.1527272Z 08/19 11:41:29 [[1;32mNOTICE[0m] CUID#15 - Redirecting to https://release-assets.githubusercontent.com/github-production-release-asset/900124341/6479600a-860d-4ca9-9a43-16b6732bbb20?sp=r&sv=2018-11-09&sr=b&spr=https&se=2026-08-19T12%3A42%3A23Z&rscd=attachment%3B+filename%3Dbuild-tools-d153b7ab4a4956198957e258d4f370e875c53059.tar.gz&rsct=application%2Foctet-stream&skoid=96c2d410-5711-43a1-aedd-ab1947aa7ab0&sktid=398a6654-997b-47e9-b12b-9515b896b4de&skt=2026-08-19T11%3A41%3A27Z&ske=2026-08-19T12%3A42%3A23Z&sks=b&skv=2018-11-09&sig=mECKJqGLZWJzhwmRb9imdRT2vj%2FWi%2B%2FqMimhr8Gy2%2F4%3D&jwt=***
2026-08-19T11:41:29.1530981Z 
2026-08-19T11:41:29.1540654Z 08/19 11:41:29 [[1;32mNOTICE[0m] CUID#16 - Redirecting to https://release-assets.githubusercontent.com/github-production-release-asset/900124341/6479600a-860d-4ca9-9a43-16b6732bbb20?sp=r&sv=2018-11-09&sr=b&spr=https&se=2026-08-19T12%3A42%3A23Z&rscd=attachment%3B+filename%3Dbuild-tools-d153b7ab4a4956198957e258d4f370e875c53059.tar.gz&rsct=application%2Foctet-stream&skoid=96c2d410-5711-43a1-aedd-ab1947aa7ab0&sktid=398a6654-997b-47e9-b12b-9515b896b4de&skt=2026-08-19T11%3A41%3A27Z&ske=2026-08-19T12%3A42%3A23Z&sks=b&skv=2018-11-09&sig=mECKJqGLZWJzhwmRb9imdRT2vj%2FWi%2B%2FqMimhr8Gy2%2F4%3D&jwt=***
2026-08-19T11:41:29.1543402Z 
2026-08-19T11:41:29.1554762Z 08/19 11:41:29 [[1;32mNOTICE[0m] CUID#17 - Redirecting to https://release-assets.githubusercontent.com/github-production-release-asset/900124341/6479600a-860d-4ca9-9a43-16b6732bbb20?sp=r&sv=2018-11-09&sr=b&spr=https&se=2026-08-19T12%3A42%3A23Z&rscd=attachment%3B+filename%3Dbuild-tools-d153b7ab4a4956198957e258d4f370e875c53059.tar.gz&rsct=application%2Foctet-stream&skoid=96c2d410-5711-43a1-aedd-ab1947aa7ab0&sktid=398a6654-997b-47e9-b12b-9515b896b4de&skt=2026-08-19T11%3A41%3A27Z&ske=2026-08-19T12%3A42%3A23Z&sks=b&skv=2018-11-09&sig=mECKJqGLZWJzhwmRb9imdRT2vj%2FWi%2B%2FqMimhr8Gy2%2F4%3D&jwt=***
2026-08-19T11:41:29.1557588Z 
2026-08-19T11:41:29.1563393Z 08/19 11:41:29 [[1;32mNOTICE[0m] CUID#18 - Redirecting to https://release-assets.githubusercontent.com/github-production-release-asset/900124341/6479600a-860d-4ca9-9a43-16b6732bbb20?sp=r&sv=2018-11-09&sr=b&spr=https&se=2026-08-19T12%3A42%3A23Z&rscd=attachment%3B+filename%3Dbuild-tools-d153b7ab4a4956198957e258d4f370e875c53059.tar.gz&rsct=application%2Foctet-stream&skoid=96c2d410-5711-43a1-aedd-ab1947aa7ab0&sktid=398a6654-997b-47e9-b12b-9515b896b4de&skt=2026-08-19T11%3A41%3A27Z&ske=2026-08-19T12%3A42%3A23Z&sks=b&skv=2018-11-09&sig=mECKJqGLZWJzhwmRb9imdRT2vj%2FWi%2B%2FqMimhr8Gy2%2F4%3D&jwt=***
2026-08-19T11:41:29.1566255Z 
2026-08-19T11:41:29.1578821Z 08/19 11:41:29 [[1;32mNOTICE[0m] CUID#19 - Redirecting to https://release-assets.githubusercontent.com/github-production-release-asset/900124341/6479600a-860d-4ca9-9a43-16b6732bbb20?sp=r&sv=2018-11-09&sr=b&spr=https&se=2026-08-19T12%3A42%3A23Z&rscd=attachment%3B+filename%3Dbuild-tools-d153b7ab4a4956198957e258d4f370e875c53059.tar.gz&rsct=application%2Foctet-stream&skoid=96c2d410-5711-43a1-aedd-ab1947aa7ab0&sktid=398a6654-997b-47e9-b12b-9515b896b4de&skt=2026-08-19T11%3A41%3A27Z&ske=2026-08-19T12%3A42%3A23Z&sks=b&skv=2018-11-09&sig=mECKJqGLZWJzhwmRb9imdRT2vj%2FWi%2B%2FqMimhr8Gy2%2F4%3D&jwt=***
2026-08-19T11:41:29.1582585Z 
2026-08-19T11:41:29.1592981Z 08/19 11:41:29 [[1;32mNOTICE[0m] CUID#20 - Redirecting to https://release-assets.githubusercontent.com/github-production-release-asset/900124341/6479600a-860d-4ca9-9a43-16b6732bbb20?sp=r&sv=2018-11-09&sr=b&spr=https&se=2026-08-19T12%3A42%3A23Z&rscd=attachment%3B+filename%3Dbuild-tools-d153b7ab4a4956198957e258d4f370e875c53059.tar.gz&rsct=application%2Foctet-stream&skoid=96c2d410-5711-43a1-aedd-ab1947aa7ab0&sktid=398a6654-997b-47e9-b12b-9515b896b4de&skt=2026-08-19T11%3A41%3A27Z&ske=2026-08-19T12%3A42%3A23Z&sks=b&skv=2018-11-09&sig=mECKJqGLZWJzhwmRb9imdRT2vj%2FWi%2B%2FqMimhr8Gy2%2F4%3D&jwt=***
2026-08-19T11:41:29.1597579Z 
2026-08-19T11:41:29.1607958Z 08/19 11:41:29 [[1;32mNOTICE[0m] CUID#21 - Redirecting to https://release-assets.githubusercontent.com/github-production-release-asset/900124341/6479600a-860d-4ca9-9a43-16b6732bbb20?sp=r&sv=2018-11-09&sr=b&spr=https&se=2026-08-19T12%3A42%3A23Z&rscd=attachment%3B+filename%3Dbuild-tools-d153b7ab4a4956198957e258d4f370e875c53059.tar.gz&rsct=application%2Foctet-stream&skoid=96c2d410-5711-43a1-aedd-ab1947aa7ab0&sktid=398a6654-997b-47e9-b12b-9515b896b4de&skt=2026-08-19T11%3A41%3A27Z&ske=2026-08-19T12%3A42%3A23Z&sks=b&skv=2018-11-09&sig=mECKJqGLZWJzhwmRb9imdRT2vj%2FWi%2B%2FqMimhr8Gy2%2F4%3D&jwt=***
2026-08-19T11:41:29.1611683Z 
2026-08-19T11:41:29.1621594Z 08/19 11:41:29 [[1;32mNOTICE[0m] CUID#10 - Redirecting to https://release-assets.githubusercontent.com/github-production-release-asset/900124341/6479600a-860d-4ca9-9a43-16b6732bbb20?sp=r&sv=2018-11-09&sr=b&spr=https&se=2026-08-19T12%3A42%3A23Z&rscd=attachment%3B+filename%3Dbuild-tools-d153b7ab4a4956198957e258d4f370e875c53059.tar.gz&rsct=application%2Foctet-stream&skoid=96c2d410-5711-43a1-aedd-ab1947aa7ab0&sktid=398a6654-997b-47e9-b12b-9515b896b4de&skt=2026-08-19T11%3A41%3A27Z&ske=2026-08-19T12%3A42%3A23Z&sks=b&skv=2018-11-09&sig=mECKJqGLZWJzhwmRb9imdRT2vj%2FWi%2B%2FqMimhr8Gy2%2F4%3D&jwt=***
2026-08-19T11:41:29.1625627Z 
2026-08-19T11:41:29.1638131Z 08/19 11:41:29 [[1;32mNOTICE[0m] CUID#11 - Redirecting to https://release-assets.githubusercontent.com/github-production-release-asset/900124341/6479600a-860d-4ca9-9a43-16b6732bbb20?sp=r&sv=2018-11-09&sr=b&spr=https&se=2026-08-19T12%3A42%3A23Z&rscd=attachment%3B+filename%3Dbuild-tools-d153b7ab4a4956198957e258d4f370e875c53059.tar.gz&rsct=application%2Foctet-stream&skoid=96c2d410-5711-43a1-aedd-ab1947aa7ab0&sktid=398a6654-997b-47e9-b12b-9515b896b4de&skt=2026-08-19T11%3A41%3A27Z&ske=2026-08-19T12%3A42%3A23Z&sks=b&skv=2018-11-09&sig=mECKJqGLZWJzhwmRb9imdRT2vj%2FWi%2B%2FqMimhr8Gy2%2F4%3D&jwt=***
2026-08-19T11:41:29.1642089Z 
2026-08-19T11:41:29.1652241Z 08/19 11:41:29 [[1;32mNOTICE[0m] CUID#12 - Redirecting to https://release-assets.githubusercontent.com/github-production-release-asset/900124341/6479600a-860d-4ca9-9a43-16b6732bbb20?sp=r&sv=2018-11-09&sr=b&spr=https&se=2026-08-19T12%3A42%3A23Z&rscd=attachment%3B+filename%3Dbuild-tools-d153b7ab4a4956198957e258d4f370e875c53059.tar.gz&rsct=application%2Foctet-stream&skoid=96c2d410-5711-43a1-aedd-ab1947aa7ab0&sktid=398a6654-997b-47e9-b12b-9515b896b4de&skt=2026-08-19T11%3A41%3A27Z&ske=2026-08-19T12%3A42%3A23Z&sks=b&skv=2018-11-09&sig=mECKJqGLZWJzhwmRb9imdRT2vj%2FWi%2B%2FqMimhr8Gy2%2F4%3D&jwt=***
2026-08-19T11:41:29.1658162Z 
2026-08-19T11:41:29.1668517Z 08/19 11:41:29 [[1;32mNOTICE[0m] CUID#13 - Redirecting to https://release-assets.githubusercontent.com/github-production-release-asset/900124341/6479600a-860d-4ca9-9a43-16b6732bbb20?sp=r&sv=2018-11-09&sr=b&spr=https&se=2026-08-19T12%3A42%3A23Z&rscd=attachment%3B+filename%3Dbuild-tools-d153b7ab4a4956198957e258d4f370e875c53059.tar.gz&rsct=application%2Foctet-stream&skoid=96c2d410-5711-43a1-aedd-ab1947aa7ab0&sktid=398a6654-997b-47e9-b12b-9515b896b4de&skt=2026-08-19T11%3A41%3A27Z&ske=2026-08-19T12%3A42%3A23Z&sks=b&skv=2018-11-09&sig=mECKJqGLZWJzhwmRb9imdRT2vj%2FWi%2B%2FqMimhr8Gy2%2F4%3D&jwt=***
2026-08-19T11:41:29.1674337Z 
2026-08-19T11:41:29.1683841Z 08/19 11:41:29 [[1;32mNOTICE[0m] CUID#14 - Redirecting to https://release-assets.githubusercontent.com/github-production-release-asset/900124341/6479600a-860d-4ca9-9a43-16b6732bbb20?sp=r&sv=2018-11-09&sr=b&spr=https&se=2026-08-19T12%3A42%3A23Z&rscd=attachment%3B+filename%3Dbuild-tools-d153b7ab4a4956198957e258d4f370e875c53059.tar.gz&rsct=application%2Foctet-stream&skoid=96c2d410-5711-43a1-aedd-ab1947aa7ab0&sktid=398a6654-997b-47e9-b12b-9515b896b4de&skt=2026-08-19T11%3A41%3A27Z&ske=2026-08-19T12%3A42%3A23Z&sks=b&skv=2018-11-09&sig=mECKJqGLZWJzhwmRb9imdRT2vj%2FWi%2B%2FqMimhr8Gy2%2F4%3D&jwt=***
2026-08-19T11:41:29.1687737Z 
2026-08-19T11:41:29.1727060Z 08/19 11:41:29 [[1;32mNOTICE[0m] CUID#15 - Redirecting to https://release-assets.githubusercontent.com/github-production-release-asset/900124341/6479600a-860d-4ca9-9a43-16b6732bbb20?sp=r&sv=2018-11-09&sr=b&spr=https&se=2026-08-19T12%3A42%3A23Z&rscd=attachment%3B+filename%3Dbuild-tools-d153b7ab4a4956198957e258d4f370e875c53059.tar.gz&rsct=application%2Foctet-stream&skoid=96c2d410-5711-43a1-aedd-ab1947aa7ab0&sktid=398a6654-997b-47e9-b12b-9515b896b4de&skt=2026-08-19T11%3A41%3A27Z&ske=2026-08-19T12%3A42%3A23Z&sks=b&skv=2018-11-09&sig=mECKJqGLZWJzhwmRb9imdRT2vj%2FWi%2B%2FqMimhr8Gy2%2F4%3D&jwt=***
2026-08-19T11:41:29.1736961Z 
2026-08-19T11:41:29.1746371Z 08/19 11:41:29 [[1;32mNOTICE[0m] CUID#16 - Redirecting to https://release-assets.githubusercontent.com/github-production-release-asset/900124341/6479600a-860d-4ca9-9a43-16b6732bbb20?sp=r&sv=2018-11-09&sr=b&spr=https&se=2026-08-19T12%3A42%3A23Z&rscd=attachment%3B+filename%3Dbuild-tools-d153b7ab4a4956198957e258d4f370e875c53059.tar.gz&rsct=application%2Foctet-stream&skoid=96c2d410-5711-43a1-aedd-ab1947aa7ab0&sktid=398a6654-997b-47e9-b12b-9515b896b4de&skt=2026-08-19T11%3A41%3A27Z&ske=2026-08-19T12%3A42%3A23Z&sks=b&skv=2018-11-09&sig=mECKJqGLZWJzhwmRb9imdRT2vj%2FWi%2B%2FqMimhr8Gy2%2F4%3D&jwt=***
2026-08-19T11:41:29.1748593Z 
2026-08-19T11:41:29.1755170Z 08/19 11:41:29 [[1;32mNOTICE[0m] CUID#17 - Redirecting to https://release-assets.githubusercontent.com/github-production-release-asset/900124341/6479600a-860d-4ca9-9a43-16b6732bbb20?sp=r&sv=2018-11-09&sr=b&spr=https&se=2026-08-19T12%3A42%3A23Z&rscd=attachment%3B+filename%3Dbuild-tools-d153b7ab4a4956198957e258d4f370e875c53059.tar.gz&rsct=application%2Foctet-stream&skoid=96c2d410-5711-43a1-aedd-ab1947aa7ab0&sktid=398a6654-997b-47e9-b12b-9515b896b4de&skt=2026-08-19T11%3A41%3A27Z&ske=2026-08-19T12%3A42%3A23Z&sks=b&skv=2018-11-09&sig=mECKJqGLZWJzhwmRb9imdRT2vj%2FWi%2B%2FqMimhr8Gy2%2F4%3D&jwt=***
2026-08-19T11:41:29.1757507Z 
2026-08-19T11:41:29.1763232Z 08/19 11:41:29 [[1;32mNOTICE[0m] CUID#18 - Redirecting to https://release-assets.githubusercontent.com/github-production-release-asset/900124341/6479600a-860d-4ca9-9a43-16b6732bbb20?sp=r&sv=2018-11-09&sr=b&spr=https&se=2026-08-19T12%3A42%3A23Z&rscd=attachment%3B+filename%3Dbuild-tools-d153b7ab4a4956198957e258d4f370e875c53059.tar.gz&rsct=application%2Foctet-stream&skoid=96c2d410-5711-43a1-aedd-ab1947aa7ab0&sktid=398a6654-997b-47e9-b12b-9515b896b4de&skt=2026-08-19T11%3A41%3A27Z&ske=2026-08-19T12%3A42%3A23Z&sks=b&skv=2018-11-09&sig=mECKJqGLZWJzhwmRb9imdRT2vj%2FWi%2B%2FqMimhr8Gy2%2F4%3D&jwt=***
2026-08-19T11:41:29.1765769Z 
2026-08-19T11:41:29.1772254Z 08/19 11:41:29 [[1;32mNOTICE[0m] CUID#22 - Redirecting to https://release-assets.githubusercontent.com/github-production-release-asset/900124341/6479600a-860d-4ca9-9a43-16b6732bbb20?sp=r&sv=2018-11-09&sr=b&spr=https&se=2026-08-19T12%3A42%3A23Z&rscd=attachment%3B+filename%3Dbuild-tools-d153b7ab4a4956198957e258d4f370e875c53059.tar.gz&rsct=application%2Foctet-stream&skoid=96c2d410-5711-43a1-aedd-ab1947aa7ab0&sktid=398a6654-997b-47e9-b12b-9515b896b4de&skt=2026-08-19T11%3A41%3A27Z&ske=2026-08-19T12%3A42%3A23Z&sks=b&skv=2018-11-09&sig=mECKJqGLZWJzhwmRb9imdRT2vj%2FWi%2B%2FqMimhr8Gy2%2F4%3D&jwt=***
2026-08-19T11:41:29.1774318Z 
2026-08-19T11:41:29.1775256Z 08/19 11:41:29 [[1;32mNOTICE[0m] CUID#7 - Redirecting to https://codeload.github.com/OnePlusOSS/android_kernel_common_oneplus_sm8650/tar.gz/1cee682fb60cc9ffd86a2342fa8051bcde77116f
2026-08-19T11:41:29.1775952Z 
2026-08-19T11:41:29.1783243Z 08/19 11:41:29 [[1;32mNOTICE[0m] CUID#9 - Redirecting to https://release-assets.githubusercontent.com/github-production-release-asset/900124341/7f31483b-ea99-4028-8fec-94f12384301a?sp=r&sv=2018-11-09&sr=b&spr=https&se=2026-08-19T12%3A41%3A53Z&rscd=attachment%3B+filename%3Dclang-28b975ada54f8610ed531a6b57253aed10e7c87d.tar.gz&rsct=application%2Foctet-stream&skoid=96c2d410-5711-43a1-aedd-ab1947aa7ab0&sktid=398a6654-997b-47e9-b12b-9515b896b4de&skt=2026-08-19T11%3A41%3A18Z&ske=2026-08-19T12%3A41%3A53Z&sks=b&skv=2018-11-09&sig=K2FDr3ci8327%2Fmdk6U2wdfvygX6jP9MiWsJZ%2FiWKhxg%3D&jwt=***
2026-08-19T11:41:29.1786632Z 
2026-08-19T11:41:29.1792576Z 08/19 11:41:29 [[1;32mNOTICE[0m] CUID#10 - Redirecting to https://release-assets.githubusercontent.com/github-production-release-asset/900124341/7f31483b-ea99-4028-8fec-94f12384301a?sp=r&sv=2018-11-09&sr=b&spr=https&se=2026-08-19T12%3A41%3A53Z&rscd=attachment%3B+filename%3Dclang-28b975ada54f8610ed531a6b57253aed10e7c87d.tar.gz&rsct=application%2Foctet-stream&skoid=96c2d410-5711-43a1-aedd-ab1947aa7ab0&sktid=398a6654-997b-47e9-b12b-9515b896b4de&skt=2026-08-19T11%3A41%3A18Z&ske=2026-08-19T12%3A41%3A53Z&sks=b&skv=2018-11-09&sig=K2FDr3ci8327%2Fmdk6U2wdfvygX6jP9MiWsJZ%2FiWKhxg%3D&jwt=***
2026-08-19T11:41:29.1794866Z 
2026-08-19T11:41:29.1800630Z 08/19 11:41:29 [[1;32mNOTICE[0m] CUID#11 - Redirecting to https://release-assets.githubusercontent.com/github-production-release-asset/900124341/7f31483b-ea99-4028-8fec-94f12384301a?sp=r&sv=2018-11-09&sr=b&spr=https&se=2026-08-19T12%3A41%3A53Z&rscd=attachment%3B+filename%3Dclang-28b975ada54f8610ed531a6b57253aed10e7c87d.tar.gz&rsct=application%2Foctet-stream&skoid=96c2d410-5711-43a1-aedd-ab1947aa7ab0&sktid=398a6654-997b-47e9-b12b-9515b896b4de&skt=2026-08-19T11%3A41%3A18Z&ske=2026-08-19T12%3A41%3A53Z&sks=b&skv=2018-11-09&sig=K2FDr3ci8327%2Fmdk6U2wdfvygX6jP9MiWsJZ%2FiWKhxg%3D&jwt=***
2026-08-19T11:41:29.1802694Z 
2026-08-19T11:41:29.1809244Z 08/19 11:41:29 [[1;32mNOTICE[0m] CUID#12 - Redirecting to https://release-assets.githubusercontent.com/github-production-release-asset/900124341/7f31483b-ea99-4028-8fec-94f12384301a?sp=r&sv=2018-11-09&sr=b&spr=https&se=2026-08-19T12%3A41%3A53Z&rscd=attachment%3B+filename%3Dclang-28b975ada54f8610ed531a6b57253aed10e7c87d.tar.gz&rsct=application%2Foctet-stream&skoid=96c2d410-5711-43a1-aedd-ab1947aa7ab0&sktid=398a6654-997b-47e9-b12b-9515b896b4de&skt=2026-08-19T11%3A41%3A18Z&ske=2026-08-19T12%3A41%3A53Z&sks=b&skv=2018-11-09&sig=K2FDr3ci8327%2Fmdk6U2wdfvygX6jP9MiWsJZ%2FiWKhxg%3D&jwt=***
2026-08-19T11:41:29.1811372Z 
2026-08-19T11:41:29.1817420Z 08/19 11:41:29 [[1;32mNOTICE[0m] CUID#13 - Redirecting to https://release-assets.githubusercontent.com/github-production-release-asset/900124341/7f31483b-ea99-4028-8fec-94f12384301a?sp=r&sv=2018-11-09&sr=b&spr=https&se=2026-08-19T12%3A41%3A53Z&rscd=attachment%3B+filename%3Dclang-28b975ada54f8610ed531a6b57253aed10e7c87d.tar.gz&rsct=application%2Foctet-stream&skoid=96c2d410-5711-43a1-aedd-ab1947aa7ab0&sktid=398a6654-997b-47e9-b12b-9515b896b4de&skt=2026-08-19T11%3A41%3A18Z&ske=2026-08-19T12%3A41%3A53Z&sks=b&skv=2018-11-09&sig=K2FDr3ci8327%2Fmdk6U2wdfvygX6jP9MiWsJZ%2FiWKhxg%3D&jwt=***
2026-08-19T11:41:29.1819751Z 
2026-08-19T11:41:29.1827156Z 08/19 11:41:29 [[1;32mNOTICE[0m] CUID#14 - Redirecting to https://release-assets.githubusercontent.com/github-production-release-asset/900124341/7f31483b-ea99-4028-8fec-94f12384301a?sp=r&sv=2018-11-09&sr=b&spr=https&se=2026-08-19T12%3A41%3A53Z&rscd=attachment%3B+filename%3Dclang-28b975ada54f8610ed531a6b57253aed10e7c87d.tar.gz&rsct=application%2Foctet-stream&skoid=96c2d410-5711-43a1-aedd-ab1947aa7ab0&sktid=398a6654-997b-47e9-b12b-9515b896b4de&skt=2026-08-19T11%3A41%3A18Z&ske=2026-08-19T12%3A41%3A53Z&sks=b&skv=2018-11-09&sig=K2FDr3ci8327%2Fmdk6U2wdfvygX6jP9MiWsJZ%2FiWKhxg%3D&jwt=***
2026-08-19T11:41:29.1829188Z 
2026-08-19T11:41:29.1835722Z 08/19 11:41:29 [[1;32mNOTICE[0m] CUID#15 - Redirecting to https://release-assets.githubusercontent.com/github-production-release-asset/900124341/7f31483b-ea99-4028-8fec-94f12384301a?sp=r&sv=2018-11-09&sr=b&spr=https&se=2026-08-19T12%3A41%3A53Z&rscd=attachment%3B+filename%3Dclang-28b975ada54f8610ed531a6b57253aed10e7c87d.tar.gz&rsct=application%2Foctet-stream&skoid=96c2d410-5711-43a1-aedd-ab1947aa7ab0&sktid=398a6654-997b-47e9-b12b-9515b896b4de&skt=2026-08-19T11%3A41%3A18Z&ske=2026-08-19T12%3A41%3A53Z&sks=b&skv=2018-11-09&sig=K2FDr3ci8327%2Fmdk6U2wdfvygX6jP9MiWsJZ%2FiWKhxg%3D&jwt=***
2026-08-19T11:41:29.1838586Z 
2026-08-19T11:41:29.1845795Z 08/19 11:41:29 [[1;32mNOTICE[0m] CUID#16 - Redirecting to https://release-assets.githubusercontent.com/github-production-release-asset/900124341/7f31483b-ea99-4028-8fec-94f12384301a?sp=r&sv=2018-11-09&sr=b&spr=https&se=2026-08-19T12%3A41%3A53Z&rscd=attachment%3B+filename%3Dclang-28b975ada54f8610ed531a6b57253aed10e7c87d.tar.gz&rsct=application%2Foctet-stream&skoid=96c2d410-5711-43a1-aedd-ab1947aa7ab0&sktid=398a6654-997b-47e9-b12b-9515b896b4de&skt=2026-08-19T11%3A41%3A18Z&ske=2026-08-19T12%3A41%3A53Z&sks=b&skv=2018-11-09&sig=K2FDr3ci8327%2Fmdk6U2wdfvygX6jP9MiWsJZ%2FiWKhxg%3D&jwt=***
2026-08-19T11:41:29.1848593Z 
2026-08-19T11:41:29.1855333Z 08/19 11:41:29 [[1;32mNOTICE[0m] CUID#17 - Redirecting to https://release-assets.githubusercontent.com/github-production-release-asset/900124341/7f31483b-ea99-4028-8fec-94f12384301a?sp=r&sv=2018-11-09&sr=b&spr=https&se=2026-08-19T12%3A41%3A53Z&rscd=attachment%3B+filename%3Dclang-28b975ada54f8610ed531a6b57253aed10e7c87d.tar.gz&rsct=application%2Foctet-stream&skoid=96c2d410-5711-43a1-aedd-ab1947aa7ab0&sktid=398a6654-997b-47e9-b12b-9515b896b4de&skt=2026-08-19T11%3A41%3A18Z&ske=2026-08-19T12%3A41%3A53Z&sks=b&skv=2018-11-09&sig=K2FDr3ci8327%2Fmdk6U2wdfvygX6jP9MiWsJZ%2FiWKhxg%3D&jwt=***
2026-08-19T11:41:29.1858288Z 
2026-08-19T11:41:29.1864305Z 08/19 11:41:29 [[1;32mNOTICE[0m] CUID#18 - Redirecting to https://release-assets.githubusercontent.com/github-production-release-asset/900124341/7f31483b-ea99-4028-8fec-94f12384301a?sp=r&sv=2018-11-09&sr=b&spr=https&se=2026-08-19T12%3A41%3A53Z&rscd=attachment%3B+filename%3Dclang-28b975ada54f8610ed531a6b57253aed10e7c87d.tar.gz&rsct=application%2Foctet-stream&skoid=96c2d410-5711-43a1-aedd-ab1947aa7ab0&sktid=398a6654-997b-47e9-b12b-9515b896b4de&skt=2026-08-19T11%3A41%3A18Z&ske=2026-08-19T12%3A41%3A53Z&sks=b&skv=2018-11-09&sig=K2FDr3ci8327%2Fmdk6U2wdfvygX6jP9MiWsJZ%2FiWKhxg%3D&jwt=***
2026-08-19T11:41:29.1866599Z 
2026-08-19T11:41:29.1872547Z 08/19 11:41:29 [[1;32mNOTICE[0m] CUID#19 - Redirecting to https://release-assets.githubusercontent.com/github-production-release-asset/900124341/7f31483b-ea99-4028-8fec-94f12384301a?sp=r&sv=2018-11-09&sr=b&spr=https&se=2026-08-19T12%3A41%3A53Z&rscd=attachment%3B+filename%3Dclang-28b975ada54f8610ed531a6b57253aed10e7c87d.tar.gz&rsct=application%2Foctet-stream&skoid=96c2d410-5711-43a1-aedd-ab1947aa7ab0&sktid=398a6654-997b-47e9-b12b-9515b896b4de&skt=2026-08-19T11%3A41%3A18Z&ske=2026-08-19T12%3A41%3A53Z&sks=b&skv=2018-11-09&sig=K2FDr3ci8327%2Fmdk6U2wdfvygX6jP9MiWsJZ%2FiWKhxg%3D&jwt=***
2026-08-19T11:41:29.1874692Z 
2026-08-19T11:41:29.1880080Z 08/19 11:41:29 [[1;32mNOTICE[0m] CUID#20 - Redirecting to https://release-assets.githubusercontent.com/github-production-release-asset/900124341/7f31483b-ea99-4028-8fec-94f12384301a?sp=r&sv=2018-11-09&sr=b&spr=https&se=2026-08-19T12%3A41%3A53Z&rscd=attachment%3B+filename%3Dclang-28b975ada54f8610ed531a6b57253aed10e7c87d.tar.gz&rsct=application%2Foctet-stream&skoid=96c2d410-5711-43a1-aedd-ab1947aa7ab0&sktid=398a6654-997b-47e9-b12b-9515b896b4de&skt=2026-08-19T11%3A41%3A18Z&ske=2026-08-19T12%3A41%3A53Z&sks=b&skv=2018-11-09&sig=K2FDr3ci8327%2Fmdk6U2wdfvygX6jP9MiWsJZ%2FiWKhxg%3D&jwt=***
2026-08-19T11:41:29.1882307Z 
2026-08-19T11:41:29.1889715Z 08/19 11:41:29 [[1;32mNOTICE[0m] CUID#21 - Redirecting to https://release-assets.githubusercontent.com/github-production-release-asset/900124341/7f31483b-ea99-4028-8fec-94f12384301a?sp=r&sv=2018-11-09&sr=b&spr=https&se=2026-08-19T12%3A41%3A53Z&rscd=attachment%3B+filename%3Dclang-28b975ada54f8610ed531a6b57253aed10e7c87d.tar.gz&rsct=application%2Foctet-stream&skoid=96c2d410-5711-43a1-aedd-ab1947aa7ab0&sktid=398a6654-997b-47e9-b12b-9515b896b4de&skt=2026-08-19T11%3A41%3A18Z&ske=2026-08-19T12%3A41%3A53Z&sks=b&skv=2018-11-09&sig=K2FDr3ci8327%2Fmdk6U2wdfvygX6jP9MiWsJZ%2FiWKhxg%3D&jwt=***
2026-08-19T11:41:29.1891830Z 
2026-08-19T11:41:29.1898381Z 08/19 11:41:29 [[1;32mNOTICE[0m] CUID#22 - Redirecting to https://release-assets.githubusercontent.com/github-production-release-asset/900124341/7f31483b-ea99-4028-8fec-94f12384301a?sp=r&sv=2018-11-09&sr=b&spr=https&se=2026-08-19T12%3A41%3A53Z&rscd=attachment%3B+filename%3Dclang-28b975ada54f8610ed531a6b57253aed10e7c87d.tar.gz&rsct=application%2Foctet-stream&skoid=96c2d410-5711-43a1-aedd-ab1947aa7ab0&sktid=398a6654-997b-47e9-b12b-9515b896b4de&skt=2026-08-19T11%3A41%3A18Z&ske=2026-08-19T12%3A41%3A53Z&sks=b&skv=2018-11-09&sig=K2FDr3ci8327%2Fmdk6U2wdfvygX6jP9MiWsJZ%2FiWKhxg%3D&jwt=***
2026-08-19T11:41:29.1900662Z 
2026-08-19T11:41:29.1908249Z 08/19 11:41:29 [[1;32mNOTICE[0m] CUID#11 - Redirecting to https://release-assets.githubusercontent.com/github-production-release-asset/900124341/6479600a-860d-4ca9-9a43-16b6732bbb20?sp=r&sv=2018-11-09&sr=b&spr=https&se=2026-08-19T12%3A42%3A23Z&rscd=attachment%3B+filename%3Dbuild-tools-d153b7ab4a4956198957e258d4f370e875c53059.tar.gz&rsct=application%2Foctet-stream&skoid=96c2d410-5711-43a1-aedd-ab1947aa7ab0&sktid=398a6654-997b-47e9-b12b-9515b896b4de&skt=2026-08-19T11%3A41%3A27Z&ske=2026-08-19T12%3A42%3A23Z&sks=b&skv=2018-11-09&sig=mECKJqGLZWJzhwmRb9imdRT2vj%2FWi%2B%2FqMimhr8Gy2%2F4%3D&jwt=***
2026-08-19T11:41:29.1912120Z 
2026-08-19T11:41:29.1921879Z 08/19 11:41:29 [[1;32mNOTICE[0m] CUID#12 - Redirecting to https://release-assets.githubusercontent.com/github-production-release-asset/900124341/6479600a-860d-4ca9-9a43-16b6732bbb20?sp=r&sv=2018-11-09&sr=b&spr=https&se=2026-08-19T12%3A42%3A23Z&rscd=attachment%3B+filename%3Dbuild-tools-d153b7ab4a4956198957e258d4f370e875c53059.tar.gz&rsct=application%2Foctet-stream&skoid=96c2d410-5711-43a1-aedd-ab1947aa7ab0&sktid=398a6654-997b-47e9-b12b-9515b896b4de&skt=2026-08-19T11%3A41%3A27Z&ske=2026-08-19T12%3A42%3A23Z&sks=b&skv=2018-11-09&sig=mECKJqGLZWJzhwmRb9imdRT2vj%2FWi%2B%2FqMimhr8Gy2%2F4%3D&jwt=***
2026-08-19T11:41:29.1925525Z 
2026-08-19T11:41:29.1933633Z 08/19 11:41:29 [[1;32mNOTICE[0m] CUID#13 - Redirecting to https://release-assets.githubusercontent.com/github-production-release-asset/900124341/6479600a-860d-4ca9-9a43-16b6732bbb20?sp=r&sv=2018-11-09&sr=b&spr=https&se=2026-08-19T12%3A42%3A23Z&rscd=attachment%3B+filename%3Dbuild-tools-d153b7ab4a4956198957e258d4f370e875c53059.tar.gz&rsct=application%2Foctet-stream&skoid=96c2d410-5711-43a1-aedd-ab1947aa7ab0&sktid=398a6654-997b-47e9-b12b-9515b896b4de&skt=2026-08-19T11%3A41%3A27Z&ske=2026-08-19T12%3A42%3A23Z&sks=b&skv=2018-11-09&sig=mECKJqGLZWJzhwmRb9imdRT2vj%2FWi%2B%2FqMimhr8Gy2%2F4%3D&jwt=***
2026-08-19T11:41:29.1936261Z 
2026-08-19T11:41:29.1941909Z 08/19 11:41:29 [[1;32mNOTICE[0m] CUID#15 - Redirecting to https://release-assets.githubusercontent.com/github-production-release-asset/900124341/6479600a-860d-4ca9-9a43-16b6732bbb20?sp=r&sv=2018-11-09&sr=b&spr=https&se=2026-08-19T12%3A42%3A23Z&rscd=attachment%3B+filename%3Dbuild-tools-d153b7ab4a4956198957e258d4f370e875c53059.tar.gz&rsct=application%2Foctet-stream&skoid=96c2d410-5711-43a1-aedd-ab1947aa7ab0&sktid=398a6654-997b-47e9-b12b-9515b896b4de&skt=2026-08-19T11%3A41%3A27Z&ske=2026-08-19T12%3A42%3A23Z&sks=b&skv=2018-11-09&sig=mECKJqGLZWJzhwmRb9imdRT2vj%2FWi%2B%2FqMimhr8Gy2%2F4%3D&jwt=***
2026-08-19T11:41:29.1944316Z 
2026-08-19T11:41:29.1951670Z 08/19 11:41:29 [[1;32mNOTICE[0m] CUID#16 - Redirecting to https://release-assets.githubusercontent.com/github-production-release-asset/900124341/6479600a-860d-4ca9-9a43-16b6732bbb20?sp=r&sv=2018-11-09&sr=b&spr=https&se=2026-08-19T12%3A42%3A23Z&rscd=attachment%3B+filename%3Dbuild-tools-d153b7ab4a4956198957e258d4f370e875c53059.tar.gz&rsct=application%2Foctet-stream&skoid=96c2d410-5711-43a1-aedd-ab1947aa7ab0&sktid=398a6654-997b-47e9-b12b-9515b896b4de&skt=2026-08-19T11%3A41%3A27Z&ske=2026-08-19T12%3A42%3A23Z&sks=b&skv=2018-11-09&sig=mECKJqGLZWJzhwmRb9imdRT2vj%2FWi%2B%2FqMimhr8Gy2%2F4%3D&jwt=***
2026-08-19T11:41:29.1954214Z 
2026-08-19T11:41:29.1960814Z 08/19 11:41:29 [[1;32mNOTICE[0m] CUID#17 - Redirecting to https://release-assets.githubusercontent.com/github-production-release-asset/900124341/6479600a-860d-4ca9-9a43-16b6732bbb20?sp=r&sv=2018-11-09&sr=b&spr=https&se=2026-08-19T12%3A42%3A23Z&rscd=attachment%3B+filename%3Dbuild-tools-d153b7ab4a4956198957e258d4f370e875c53059.tar.gz&rsct=application%2Foctet-stream&skoid=96c2d410-5711-43a1-aedd-ab1947aa7ab0&sktid=398a6654-997b-47e9-b12b-9515b896b4de&skt=2026-08-19T11%3A41%3A27Z&ske=2026-08-19T12%3A42%3A23Z&sks=b&skv=2018-11-09&sig=mECKJqGLZWJzhwmRb9imdRT2vj%2FWi%2B%2FqMimhr8Gy2%2F4%3D&jwt=***
2026-08-19T11:41:29.1963676Z 
2026-08-19T11:41:29.1969831Z 08/19 11:41:29 [[1;32mNOTICE[0m] CUID#18 - Redirecting to https://release-assets.githubusercontent.com/github-production-release-asset/900124341/6479600a-860d-4ca9-9a43-16b6732bbb20?sp=r&sv=2018-11-09&sr=b&spr=https&se=2026-08-19T12%3A42%3A23Z&rscd=attachment%3B+filename%3Dbuild-tools-d153b7ab4a4956198957e258d4f370e875c53059.tar.gz&rsct=application%2Foctet-stream&skoid=96c2d410-5711-43a1-aedd-ab1947aa7ab0&sktid=398a6654-997b-47e9-b12b-9515b896b4de&skt=2026-08-19T11%3A41%3A27Z&ske=2026-08-19T12%3A42%3A23Z&sks=b&skv=2018-11-09&sig=mECKJqGLZWJzhwmRb9imdRT2vj%2FWi%2B%2FqMimhr8Gy2%2F4%3D&jwt=***
2026-08-19T11:41:29.1971918Z 
2026-08-19T11:41:29.1977892Z 08/19 11:41:29 [[1;32mNOTICE[0m] CUID#22 - Redirecting to https://release-assets.githubusercontent.com/github-production-release-asset/900124341/6479600a-860d-4ca9-9a43-16b6732bbb20?sp=r&sv=2018-11-09&sr=b&spr=https&se=2026-08-19T12%3A42%3A23Z&rscd=attachment%3B+filename%3Dbuild-tools-d153b7ab4a4956198957e258d4f370e875c53059.tar.gz&rsct=application%2Foctet-stream&skoid=96c2d410-5711-43a1-aedd-ab1947aa7ab0&sktid=398a6654-997b-47e9-b12b-9515b896b4de&skt=2026-08-19T11%3A41%3A27Z&ske=2026-08-19T12%3A42%3A23Z&sks=b&skv=2018-11-09&sig=mECKJqGLZWJzhwmRb9imdRT2vj%2FWi%2B%2FqMimhr8Gy2%2F4%3D&jwt=***
2026-08-19T11:41:29.1979990Z 
2026-08-19T11:41:29.1985606Z 08/19 11:41:29 [[1;32mNOTICE[0m] CUID#14 - Redirecting to https://release-assets.githubusercontent.com/github-production-release-asset/900124341/6479600a-860d-4ca9-9a43-16b6732bbb20?sp=r&sv=2018-11-09&sr=b&spr=https&se=2026-08-19T12%3A42%3A23Z&rscd=attachment%3B+filename%3Dbuild-tools-d153b7ab4a4956198957e258d4f370e875c53059.tar.gz&rsct=application%2Foctet-stream&skoid=96c2d410-5711-43a1-aedd-ab1947aa7ab0&sktid=398a6654-997b-47e9-b12b-9515b896b4de&skt=2026-08-19T11%3A41%3A27Z&ske=2026-08-19T12%3A42%3A23Z&sks=b&skv=2018-11-09&sig=mECKJqGLZWJzhwmRb9imdRT2vj%2FWi%2B%2FqMimhr8Gy2%2F4%3D&jwt=***
2026-08-19T11:41:29.1987800Z 
2026-08-19T11:41:29.1993754Z 08/19 11:41:29 [[1;32mNOTICE[0m] CUID#14 - Redirecting to https://release-assets.githubusercontent.com/github-production-release-asset/900124341/7f31483b-ea99-4028-8fec-94f12384301a?sp=r&sv=2018-11-09&sr=b&spr=https&se=2026-08-19T12%3A41%3A53Z&rscd=attachment%3B+filename%3Dclang-28b975ada54f8610ed531a6b57253aed10e7c87d.tar.gz&rsct=application%2Foctet-stream&skoid=96c2d410-5711-43a1-aedd-ab1947aa7ab0&sktid=398a6654-997b-47e9-b12b-9515b896b4de&skt=2026-08-19T11%3A41%3A18Z&ske=2026-08-19T12%3A41%3A53Z&sks=b&skv=2018-11-09&sig=K2FDr3ci8327%2Fmdk6U2wdfvygX6jP9MiWsJZ%2FiWKhxg%3D&jwt=***
2026-08-19T11:41:29.1996438Z 
2026-08-19T11:41:29.2001834Z 08/19 11:41:29 [[1;32mNOTICE[0m] CUID#15 - Redirecting to https://release-assets.githubusercontent.com/github-production-release-asset/900124341/7f31483b-ea99-4028-8fec-94f12384301a?sp=r&sv=2018-11-09&sr=b&spr=https&se=2026-08-19T12%3A41%3A53Z&rscd=attachment%3B+filename%3Dclang-28b975ada54f8610ed531a6b57253aed10e7c87d.tar.gz&rsct=application%2Foctet-stream&skoid=96c2d410-5711-43a1-aedd-ab1947aa7ab0&sktid=398a6654-997b-47e9-b12b-9515b896b4de&skt=2026-08-19T11%3A41%3A18Z&ske=2026-08-19T12%3A41%3A53Z&sks=b&skv=2018-11-09&sig=K2FDr3ci8327%2Fmdk6U2wdfvygX6jP9MiWsJZ%2FiWKhxg%3D&jwt=***
2026-08-19T11:41:29.2004081Z 
2026-08-19T11:41:29.2010301Z 08/19 11:41:29 [[1;32mNOTICE[0m] CUID#10 - Redirecting to https://release-assets.githubusercontent.com/github-production-release-asset/900124341/7f31483b-ea99-4028-8fec-94f12384301a?sp=r&sv=2018-11-09&sr=b&spr=https&se=2026-08-19T12%3A41%3A53Z&rscd=attachment%3B+filename%3Dclang-28b975ada54f8610ed531a6b57253aed10e7c87d.tar.gz&rsct=application%2Foctet-stream&skoid=96c2d410-5711-43a1-aedd-ab1947aa7ab0&sktid=398a6654-997b-47e9-b12b-9515b896b4de&skt=2026-08-19T11%3A41%3A18Z&ske=2026-08-19T12%3A41%3A53Z&sks=b&skv=2018-11-09&sig=K2FDr3ci8327%2Fmdk6U2wdfvygX6jP9MiWsJZ%2FiWKhxg%3D&jwt=***
2026-08-19T11:41:29.2012420Z 
2026-08-19T11:41:29.2017835Z 08/19 11:41:29 [[1;32mNOTICE[0m] CUID#11 - Redirecting to https://release-assets.githubusercontent.com/github-production-release-asset/900124341/7f31483b-ea99-4028-8fec-94f12384301a?sp=r&sv=2018-11-09&sr=b&spr=https&se=2026-08-19T12%3A41%3A53Z&rscd=attachment%3B+filename%3Dclang-28b975ada54f8610ed531a6b57253aed10e7c87d.tar.gz&rsct=application%2Foctet-stream&skoid=96c2d410-5711-43a1-aedd-ab1947aa7ab0&sktid=398a6654-997b-47e9-b12b-9515b896b4de&skt=2026-08-19T11%3A41%3A18Z&ske=2026-08-19T12%3A41%3A53Z&sks=b&skv=2018-11-09&sig=K2FDr3ci8327%2Fmdk6U2wdfvygX6jP9MiWsJZ%2FiWKhxg%3D&jwt=***
2026-08-19T11:41:29.2019917Z 
2026-08-19T11:41:29.2025514Z 08/19 11:41:29 [[1;32mNOTICE[0m] CUID#16 - Redirecting to https://release-assets.githubusercontent.com/github-production-release-asset/900124341/7f31483b-ea99-4028-8fec-94f12384301a?sp=r&sv=2018-11-09&sr=b&spr=https&se=2026-08-19T12%3A41%3A53Z&rscd=attachment%3B+filename%3Dclang-28b975ada54f8610ed531a6b57253aed10e7c87d.tar.gz&rsct=application%2Foctet-stream&skoid=96c2d410-5711-43a1-aedd-ab1947aa7ab0&sktid=398a6654-997b-47e9-b12b-9515b896b4de&skt=2026-08-19T11%3A41%3A18Z&ske=2026-08-19T12%3A41%3A53Z&sks=b&skv=2018-11-09&sig=K2FDr3ci8327%2Fmdk6U2wdfvygX6jP9MiWsJZ%2FiWKhxg%3D&jwt=***
2026-08-19T11:41:29.2027770Z 
2026-08-19T11:41:29.2032980Z 08/19 11:41:29 [[1;32mNOTICE[0m] CUID#17 - Redirecting to https://release-assets.githubusercontent.com/github-production-release-asset/900124341/7f31483b-ea99-4028-8fec-94f12384301a?sp=r&sv=2018-11-09&sr=b&spr=https&se=2026-08-19T12%3A41%3A53Z&rscd=attachment%3B+filename%3Dclang-28b975ada54f8610ed531a6b57253aed10e7c87d.tar.gz&rsct=application%2Foctet-stream&skoid=96c2d410-5711-43a1-aedd-ab1947aa7ab0&sktid=398a6654-997b-47e9-b12b-9515b896b4de&skt=2026-08-19T11%3A41%3A18Z&ske=2026-08-19T12%3A41%3A53Z&sks=b&skv=2018-11-09&sig=K2FDr3ci8327%2Fmdk6U2wdfvygX6jP9MiWsJZ%2FiWKhxg%3D&jwt=***
2026-08-19T11:41:29.2035064Z 
2026-08-19T11:41:29.2043469Z 08/19 11:41:29 [[1;32mNOTICE[0m] CUID#18 - Redirecting to https://release-assets.githubusercontent.com/github-production-release-asset/900124341/7f31483b-ea99-4028-8fec-94f12384301a?sp=r&sv=2018-11-09&sr=b&spr=https&se=2026-08-19T12%3A41%3A53Z&rscd=attachment%3B+filename%3Dclang-28b975ada54f8610ed531a6b57253aed10e7c87d.tar.gz&rsct=application%2Foctet-stream&skoid=96c2d410-5711-43a1-aedd-ab1947aa7ab0&sktid=398a6654-997b-47e9-b12b-9515b896b4de&skt=2026-08-19T11%3A41%3A18Z&ske=2026-08-19T12%3A41%3A53Z&sks=b&skv=2018-11-09&sig=K2FDr3ci8327%2Fmdk6U2wdfvygX6jP9MiWsJZ%2FiWKhxg%3D&jwt=***
2026-08-19T11:41:29.2046738Z 
2026-08-19T11:41:29.2055227Z 08/19 11:41:29 [[1;32mNOTICE[0m] CUID#12 - Redirecting to https://release-assets.githubusercontent.com/github-production-release-asset/900124341/7f31483b-ea99-4028-8fec-94f12384301a?sp=r&sv=2018-11-09&sr=b&spr=https&se=2026-08-19T12%3A41%3A53Z&rscd=attachment%3B+filename%3Dclang-28b975ada54f8610ed531a6b57253aed10e7c87d.tar.gz&rsct=application%2Foctet-stream&skoid=96c2d410-5711-43a1-aedd-ab1947aa7ab0&sktid=398a6654-997b-47e9-b12b-9515b896b4de&skt=2026-08-19T11%3A41%3A18Z&ske=2026-08-19T12%3A41%3A53Z&sks=b&skv=2018-11-09&sig=K2FDr3ci8327%2Fmdk6U2wdfvygX6jP9MiWsJZ%2FiWKhxg%3D&jwt=***
2026-08-19T11:41:29.2057366Z 
2026-08-19T11:41:29.2063512Z 08/19 11:41:29 [[1;32mNOTICE[0m] CUID#19 - Redirecting to https://release-assets.githubusercontent.com/github-production-release-asset/900124341/7f31483b-ea99-4028-8fec-94f12384301a?sp=r&sv=2018-11-09&sr=b&spr=https&se=2026-08-19T12%3A41%3A53Z&rscd=attachment%3B+filename%3Dclang-28b975ada54f8610ed531a6b57253aed10e7c87d.tar.gz&rsct=application%2Foctet-stream&skoid=96c2d410-5711-43a1-aedd-ab1947aa7ab0&sktid=398a6654-997b-47e9-b12b-9515b896b4de&skt=2026-08-19T11%3A41%3A18Z&ske=2026-08-19T12%3A41%3A53Z&sks=b&skv=2018-11-09&sig=K2FDr3ci8327%2Fmdk6U2wdfvygX6jP9MiWsJZ%2FiWKhxg%3D&jwt=***
2026-08-19T11:41:29.2066786Z 
2026-08-19T11:41:29.2076296Z 08/19 11:41:29 [[1;32mNOTICE[0m] CUID#20 - Redirecting to https://release-assets.githubusercontent.com/github-production-release-asset/900124341/7f31483b-ea99-4028-8fec-94f12384301a?sp=r&sv=2018-11-09&sr=b&spr=https&se=2026-08-19T12%3A41%3A53Z&rscd=attachment%3B+filename%3Dclang-28b975ada54f8610ed531a6b57253aed10e7c87d.tar.gz&rsct=application%2Foctet-stream&skoid=96c2d410-5711-43a1-aedd-ab1947aa7ab0&sktid=398a6654-997b-47e9-b12b-9515b896b4de&skt=2026-08-19T11%3A41%3A18Z&ske=2026-08-19T12%3A41%3A53Z&sks=b&skv=2018-11-09&sig=K2FDr3ci8327%2Fmdk6U2wdfvygX6jP9MiWsJZ%2FiWKhxg%3D&jwt=***
2026-08-19T11:41:29.2080171Z 
2026-08-19T11:41:29.2096252Z 08/19 11:41:29 [[1;32mNOTICE[0m] CUID#13 - Redirecting to https://release-assets.githubusercontent.com/github-production-release-asset/900124341/7f31483b-ea99-4028-8fec-94f12384301a?sp=r&sv=2018-11-09&sr=b&spr=https&se=2026-08-19T12%3A41%3A53Z&rscd=attachment%3B+filename%3Dclang-28b975ada54f8610ed531a6b57253aed10e7c87d.tar.gz&rsct=application%2Foctet-stream&skoid=96c2d410-5711-43a1-aedd-ab1947aa7ab0&sktid=398a6654-997b-47e9-b12b-9515b896b4de&skt=2026-08-19T11%3A41%3A18Z&ske=2026-08-19T12%3A41%3A53Z&sks=b&skv=2018-11-09&sig=K2FDr3ci8327%2Fmdk6U2wdfvygX6jP9MiWsJZ%2FiWKhxg%3D&jwt=***
2026-08-19T11:41:29.2099849Z 
2026-08-19T11:41:29.2109204Z 08/19 11:41:29 [[1;32mNOTICE[0m] CUID#13 - Redirecting to https://release-assets.githubusercontent.com/github-production-release-asset/900124341/6479600a-860d-4ca9-9a43-16b6732bbb20?sp=r&sv=2018-11-09&sr=b&spr=https&se=2026-08-19T12%3A42%3A23Z&rscd=attachment%3B+filename%3Dbuild-tools-d153b7ab4a4956198957e258d4f370e875c53059.tar.gz&rsct=application%2Foctet-stream&skoid=96c2d410-5711-43a1-aedd-ab1947aa7ab0&sktid=398a6654-997b-47e9-b12b-9515b896b4de&skt=2026-08-19T11%3A41%3A27Z&ske=2026-08-19T12%3A42%3A23Z&sks=b&skv=2018-11-09&sig=mECKJqGLZWJzhwmRb9imdRT2vj%2FWi%2B%2FqMimhr8Gy2%2F4%3D&jwt=***
2026-08-19T11:41:29.2112817Z 
2026-08-19T11:41:29.2122500Z 08/19 11:41:29 [[1;32mNOTICE[0m] CUID#14 - Redirecting to https://release-assets.githubusercontent.com/github-production-release-asset/900124341/6479600a-860d-4ca9-9a43-16b6732bbb20?sp=r&sv=2018-11-09&sr=b&spr=https&se=2026-08-19T12%3A42%3A23Z&rscd=attachment%3B+filename%3Dbuild-tools-d153b7ab4a4956198957e258d4f370e875c53059.tar.gz&rsct=application%2Foctet-stream&skoid=96c2d410-5711-43a1-aedd-ab1947aa7ab0&sktid=398a6654-997b-47e9-b12b-9515b896b4de&skt=2026-08-19T11%3A41%3A27Z&ske=2026-08-19T12%3A42%3A23Z&sks=b&skv=2018-11-09&sig=mECKJqGLZWJzhwmRb9imdRT2vj%2FWi%2B%2FqMimhr8Gy2%2F4%3D&jwt=***
2026-08-19T11:41:29.2125982Z 
2026-08-19T11:41:29.2135765Z 08/19 11:41:29 [[1;32mNOTICE[0m] CUID#16 - Redirecting to https://release-assets.githubusercontent.com/github-production-release-asset/900124341/6479600a-860d-4ca9-9a43-16b6732bbb20?sp=r&sv=2018-11-09&sr=b&spr=https&se=2026-08-19T12%3A42%3A23Z&rscd=attachment%3B+filename%3Dbuild-tools-d153b7ab4a4956198957e258d4f370e875c53059.tar.gz&rsct=application%2Foctet-stream&skoid=96c2d410-5711-43a1-aedd-ab1947aa7ab0&sktid=398a6654-997b-47e9-b12b-9515b896b4de&skt=2026-08-19T11%3A41%3A27Z&ske=2026-08-19T12%3A42%3A23Z&sks=b&skv=2018-11-09&sig=mECKJqGLZWJzhwmRb9imdRT2vj%2FWi%2B%2FqMimhr8Gy2%2F4%3D&jwt=***
2026-08-19T11:41:29.2139899Z 
2026-08-19T11:41:29.2151142Z 08/19 11:41:29 [[1;32mNOTICE[0m] CUID#22 - Redirecting to https://release-assets.githubusercontent.com/github-production-release-asset/900124341/6479600a-860d-4ca9-9a43-16b6732bbb20?sp=r&sv=2018-11-09&sr=b&spr=https&se=2026-08-19T12%3A42%3A23Z&rscd=attachment%3B+filename%3Dbuild-tools-d153b7ab4a4956198957e258d4f370e875c53059.tar.gz&rsct=application%2Foctet-stream&skoid=96c2d410-5711-43a1-aedd-ab1947aa7ab0&sktid=398a6654-997b-47e9-b12b-9515b896b4de&skt=2026-08-19T11%3A41%3A27Z&ske=2026-08-19T12%3A42%3A23Z&sks=b&skv=2018-11-09&sig=mECKJqGLZWJzhwmRb9imdRT2vj%2FWi%2B%2FqMimhr8Gy2%2F4%3D&jwt=***
2026-08-19T11:41:29.2153314Z 
2026-08-19T11:41:29.2160749Z 08/19 11:41:29 [[1;32mNOTICE[0m] CUID#12 - Redirecting to https://release-assets.githubusercontent.com/github-production-release-asset/900124341/6479600a-860d-4ca9-9a43-16b6732bbb20?sp=r&sv=2018-11-09&sr=b&spr=https&se=2026-08-19T12%3A42%3A23Z&rscd=attachment%3B+filename%3Dbuild-tools-d153b7ab4a4956198957e258d4f370e875c53059.tar.gz&rsct=application%2Foctet-stream&skoid=96c2d410-5711-43a1-aedd-ab1947aa7ab0&sktid=398a6654-997b-47e9-b12b-9515b896b4de&skt=2026-08-19T11%3A41%3A27Z&ske=2026-08-19T12%3A42%3A23Z&sks=b&skv=2018-11-09&sig=mECKJqGLZWJzhwmRb9imdRT2vj%2FWi%2B%2FqMimhr8Gy2%2F4%3D&jwt=***
2026-08-19T11:41:29.2164112Z 
2026-08-19T11:41:29.2171226Z 08/19 11:41:29 [[1;32mNOTICE[0m] CUID#18 - Redirecting to https://release-assets.githubusercontent.com/github-production-release-asset/900124341/6479600a-860d-4ca9-9a43-16b6732bbb20?sp=r&sv=2018-11-09&sr=b&spr=https&se=2026-08-19T12%3A42%3A23Z&rscd=attachment%3B+filename%3Dbuild-tools-d153b7ab4a4956198957e258d4f370e875c53059.tar.gz&rsct=application%2Foctet-stream&skoid=96c2d410-5711-43a1-aedd-ab1947aa7ab0&sktid=398a6654-997b-47e9-b12b-9515b896b4de&skt=2026-08-19T11%3A41%3A27Z&ske=2026-08-19T12%3A42%3A23Z&sks=b&skv=2018-11-09&sig=mECKJqGLZWJzhwmRb9imdRT2vj%2FWi%2B%2FqMimhr8Gy2%2F4%3D&jwt=***
2026-08-19T11:41:29.2173704Z 
2026-08-19T11:41:29.2180245Z 08/19 11:41:29 [[1;32mNOTICE[0m] CUID#17 - Redirecting to https://release-assets.githubusercontent.com/github-production-release-asset/900124341/6479600a-860d-4ca9-9a43-16b6732bbb20?sp=r&sv=2018-11-09&sr=b&spr=https&se=2026-08-19T12%3A42%3A23Z&rscd=attachment%3B+filename%3Dbuild-tools-d153b7ab4a4956198957e258d4f370e875c53059.tar.gz&rsct=application%2Foctet-stream&skoid=96c2d410-5711-43a1-aedd-ab1947aa7ab0&sktid=398a6654-997b-47e9-b12b-9515b896b4de&skt=2026-08-19T11%3A41%3A27Z&ske=2026-08-19T12%3A42%3A23Z&sks=b&skv=2018-11-09&sig=mECKJqGLZWJzhwmRb9imdRT2vj%2FWi%2B%2FqMimhr8Gy2%2F4%3D&jwt=***
2026-08-19T11:41:29.2182515Z 
2026-08-19T11:41:29.2192118Z 08/19 11:41:29 [[1;32mNOTICE[0m] CUID#15 - Redirecting to https://release-assets.githubusercontent.com/github-production-release-asset/900124341/7f31483b-ea99-4028-8fec-94f12384301a?sp=r&sv=2018-11-09&sr=b&spr=https&se=2026-08-19T12%3A41%3A53Z&rscd=attachment%3B+filename%3Dclang-28b975ada54f8610ed531a6b57253aed10e7c87d.tar.gz&rsct=application%2Foctet-stream&skoid=96c2d410-5711-43a1-aedd-ab1947aa7ab0&sktid=398a6654-997b-47e9-b12b-9515b896b4de&skt=2026-08-19T11%3A41%3A18Z&ske=2026-08-19T12%3A41%3A53Z&sks=b&skv=2018-11-09&sig=K2FDr3ci8327%2Fmdk6U2wdfvygX6jP9MiWsJZ%2FiWKhxg%3D&jwt=***
2026-08-19T11:41:29.2195017Z 
2026-08-19T11:41:29.2201635Z 08/19 11:41:29 [[1;32mNOTICE[0m] CUID#18 - Redirecting to https://release-assets.githubusercontent.com/github-production-release-asset/900124341/7f31483b-ea99-4028-8fec-94f12384301a?sp=r&sv=2018-11-09&sr=b&spr=https&se=2026-08-19T12%3A41%3A53Z&rscd=attachment%3B+filename%3Dclang-28b975ada54f8610ed531a6b57253aed10e7c87d.tar.gz&rsct=application%2Foctet-stream&skoid=96c2d410-5711-43a1-aedd-ab1947aa7ab0&sktid=398a6654-997b-47e9-b12b-9515b896b4de&skt=2026-08-19T11%3A41%3A18Z&ske=2026-08-19T12%3A41%3A53Z&sks=b&skv=2018-11-09&sig=K2FDr3ci8327%2Fmdk6U2wdfvygX6jP9MiWsJZ%2FiWKhxg%3D&jwt=***
2026-08-19T11:41:29.2204313Z 
2026-08-19T11:41:29.2211063Z 08/19 11:41:29 [[1;32mNOTICE[0m] CUID#11 - Redirecting to https://release-assets.githubusercontent.com/github-production-release-asset/900124341/7f31483b-ea99-4028-8fec-94f12384301a?sp=r&sv=2018-11-09&sr=b&spr=https&se=2026-08-19T12%3A41%3A53Z&rscd=attachment%3B+filename%3Dclang-28b975ada54f8610ed531a6b57253aed10e7c87d.tar.gz&rsct=application%2Foctet-stream&skoid=96c2d410-5711-43a1-aedd-ab1947aa7ab0&sktid=398a6654-997b-47e9-b12b-9515b896b4de&skt=2026-08-19T11%3A41%3A18Z&ske=2026-08-19T12%3A41%3A53Z&sks=b&skv=2018-11-09&sig=K2FDr3ci8327%2Fmdk6U2wdfvygX6jP9MiWsJZ%2FiWKhxg%3D&jwt=***
2026-08-19T11:41:29.2214068Z 
2026-08-19T11:41:29.2223795Z 08/19 11:41:29 [[1;32mNOTICE[0m] CUID#16 - Redirecting to https://release-assets.githubusercontent.com/github-production-release-asset/900124341/7f31483b-ea99-4028-8fec-94f12384301a?sp=r&sv=2018-11-09&sr=b&spr=https&se=2026-08-19T12%3A41%3A53Z&rscd=attachment%3B+filename%3Dclang-28b975ada54f8610ed531a6b57253aed10e7c87d.tar.gz&rsct=application%2Foctet-stream&skoid=96c2d410-5711-43a1-aedd-ab1947aa7ab0&sktid=398a6654-997b-47e9-b12b-9515b896b4de&skt=2026-08-19T11%3A41%3A18Z&ske=2026-08-19T12%3A41%3A53Z&sks=b&skv=2018-11-09&sig=K2FDr3ci8327%2Fmdk6U2wdfvygX6jP9MiWsJZ%2FiWKhxg%3D&jwt=***
2026-08-19T11:41:29.2227922Z 
2026-08-19T11:41:29.2238191Z 08/19 11:41:29 [[1;32mNOTICE[0m] CUID#17 - Redirecting to https://release-assets.githubusercontent.com/github-production-release-asset/900124341/7f31483b-ea99-4028-8fec-94f12384301a?sp=r&sv=2018-11-09&sr=b&spr=https&se=2026-08-19T12%3A41%3A53Z&rscd=attachment%3B+filename%3Dclang-28b975ada54f8610ed531a6b57253aed10e7c87d.tar.gz&rsct=application%2Foctet-stream&skoid=96c2d410-5711-43a1-aedd-ab1947aa7ab0&sktid=398a6654-997b-47e9-b12b-9515b896b4de&skt=2026-08-19T11%3A41%3A18Z&ske=2026-08-19T12%3A41%3A53Z&sks=b&skv=2018-11-09&sig=K2FDr3ci8327%2Fmdk6U2wdfvygX6jP9MiWsJZ%2FiWKhxg%3D&jwt=***
2026-08-19T11:41:29.2242072Z 
2026-08-19T11:41:29.2251835Z 08/19 11:41:29 [[1;32mNOTICE[0m] CUID#19 - Redirecting to https://release-assets.githubusercontent.com/github-production-release-asset/900124341/7f31483b-ea99-4028-8fec-94f12384301a?sp=r&sv=2018-11-09&sr=b&spr=https&se=2026-08-19T12%3A41%3A53Z&rscd=attachment%3B+filename%3Dclang-28b975ada54f8610ed531a6b57253aed10e7c87d.tar.gz&rsct=application%2Foctet-stream&skoid=96c2d410-5711-43a1-aedd-ab1947aa7ab0&sktid=398a6654-997b-47e9-b12b-9515b896b4de&skt=2026-08-19T11%3A41%3A18Z&ske=2026-08-19T12%3A41%3A53Z&sks=b&skv=2018-11-09&sig=K2FDr3ci8327%2Fmdk6U2wdfvygX6jP9MiWsJZ%2FiWKhxg%3D&jwt=***
2026-08-19T11:41:29.2255848Z 
2026-08-19T11:41:29.2264375Z 08/19 11:41:29 [[1;32mNOTICE[0m] CUID#20 - Redirecting to https://release-assets.githubusercontent.com/github-production-release-asset/900124341/7f31483b-ea99-4028-8fec-94f12384301a?sp=r&sv=2018-11-09&sr=b&spr=https&se=2026-08-19T12%3A41%3A53Z&rscd=attachment%3B+filename%3Dclang-28b975ada54f8610ed531a6b57253aed10e7c87d.tar.gz&rsct=application%2Foctet-stream&skoid=96c2d410-5711-43a1-aedd-ab1947aa7ab0&sktid=398a6654-997b-47e9-b12b-9515b896b4de&skt=2026-08-19T11%3A41%3A18Z&ske=2026-08-19T12%3A41%3A53Z&sks=b&skv=2018-11-09&sig=K2FDr3ci8327%2Fmdk6U2wdfvygX6jP9MiWsJZ%2FiWKhxg%3D&jwt=***
2026-08-19T11:41:29.2267676Z 
2026-08-19T11:41:29.2274778Z 08/19 11:41:29 [[1;32mNOTICE[0m] CUID#16 - Redirecting to https://release-assets.githubusercontent.com/github-production-release-asset/900124341/6479600a-860d-4ca9-9a43-16b6732bbb20?sp=r&sv=2018-11-09&sr=b&spr=https&se=2026-08-19T12%3A42%3A23Z&rscd=attachment%3B+filename%3Dbuild-tools-d153b7ab4a4956198957e258d4f370e875c53059.tar.gz&rsct=application%2Foctet-stream&skoid=96c2d410-5711-43a1-aedd-ab1947aa7ab0&sktid=398a6654-997b-47e9-b12b-9515b896b4de&skt=2026-08-19T11%3A41%3A27Z&ske=2026-08-19T12%3A42%3A23Z&sks=b&skv=2018-11-09&sig=mECKJqGLZWJzhwmRb9imdRT2vj%2FWi%2B%2FqMimhr8Gy2%2F4%3D&jwt=***
2026-08-19T11:41:29.2277508Z 
2026-08-19T11:41:29.2278176Z 08/19 11:41:29 [[1;32mNOTICE[0m] Download complete: /dev/shm/sync_815476/AnyKernel3-0b46673ae91aee8d60bd6ee257b4d56d3f6a0114.tar.gz
2026-08-19T11:41:29.2278684Z 
2026-08-19T11:41:29.2278781Z Download Results:
2026-08-19T11:41:29.2279020Z gid   |stat|avg speed  |path/URI
2026-08-19T11:41:29.2279329Z ======+====+===========+=======================================================
2026-08-19T11:41:29.2279881Z b9cac4|OK  |    31MiB/s|/dev/shm/sync_815476/AnyKernel3-0b46673ae91aee8d60bd6ee257b4d56d3f6a0114.tar.gz
2026-08-19T11:41:29.2280274Z 
2026-08-19T11:41:29.2280365Z Status Legend:
2026-08-19T11:41:29.2280575Z (OK):download completed.
2026-08-19T11:41:29.2280725Z 
2026-08-19T11:41:29.2289334Z 08/19 11:41:29 [[1;32mNOTICE[0m] CUID#11 - Redirecting to https://release-assets.githubusercontent.com/github-production-release-asset/900124341/7f31483b-ea99-4028-8fec-94f12384301a?sp=r&sv=2018-11-09&sr=b&spr=https&se=2026-08-19T12%3A41%3A53Z&rscd=attachment%3B+filename%3Dclang-28b975ada54f8610ed531a6b57253aed10e7c87d.tar.gz&rsct=application%2Foctet-stream&skoid=96c2d410-5711-43a1-aedd-ab1947aa7ab0&sktid=398a6654-997b-47e9-b12b-9515b896b4de&skt=2026-08-19T11%3A41%3A18Z&ske=2026-08-19T12%3A41%3A53Z&sks=b&skv=2018-11-09&sig=K2FDr3ci8327%2Fmdk6U2wdfvygX6jP9MiWsJZ%2FiWKhxg%3D&jwt=***
2026-08-19T11:41:29.2291580Z 
2026-08-19T11:41:29.2298951Z 08/19 11:41:29 [[1;32mNOTICE[0m] CUID#17 - Redirecting to https://release-assets.githubusercontent.com/github-production-release-asset/900124341/7f31483b-ea99-4028-8fec-94f12384301a?sp=r&sv=2018-11-09&sr=b&spr=https&se=2026-08-19T12%3A41%3A53Z&rscd=attachment%3B+filename%3Dclang-28b975ada54f8610ed531a6b57253aed10e7c87d.tar.gz&rsct=application%2Foctet-stream&skoid=96c2d410-5711-43a1-aedd-ab1947aa7ab0&sktid=398a6654-997b-47e9-b12b-9515b896b4de&skt=2026-08-19T11%3A41%3A18Z&ske=2026-08-19T12%3A41%3A53Z&sks=b&skv=2018-11-09&sig=K2FDr3ci8327%2Fmdk6U2wdfvygX6jP9MiWsJZ%2FiWKhxg%3D&jwt=***
2026-08-19T11:41:29.2301823Z 
2026-08-19T11:41:29.2310778Z 08/19 11:41:29 [[1;32mNOTICE[0m] CUID#18 - Redirecting to https://release-assets.githubusercontent.com/github-production-release-asset/900124341/7f31483b-ea99-4028-8fec-94f12384301a?sp=r&sv=2018-11-09&sr=b&spr=https&se=2026-08-19T12%3A41%3A53Z&rscd=attachment%3B+filename%3Dclang-28b975ada54f8610ed531a6b57253aed10e7c87d.tar.gz&rsct=application%2Foctet-stream&skoid=96c2d410-5711-43a1-aedd-ab1947aa7ab0&sktid=398a6654-997b-47e9-b12b-9515b896b4de&skt=2026-08-19T11%3A41%3A18Z&ske=2026-08-19T12%3A41%3A53Z&sks=b&skv=2018-11-09&sig=K2FDr3ci8327%2Fmdk6U2wdfvygX6jP9MiWsJZ%2FiWKhxg%3D&jwt=***
2026-08-19T11:41:29.2314871Z 
2026-08-19T11:41:29.2325190Z 08/19 11:41:29 [[1;32mNOTICE[0m] CUID#20 - Redirecting to https://release-assets.githubusercontent.com/github-production-release-asset/900124341/7f31483b-ea99-4028-8fec-94f12384301a?sp=r&sv=2018-11-09&sr=b&spr=https&se=2026-08-19T12%3A41%3A53Z&rscd=attachment%3B+filename%3Dclang-28b975ada54f8610ed531a6b57253aed10e7c87d.tar.gz&rsct=application%2Foctet-stream&skoid=96c2d410-5711-43a1-aedd-ab1947aa7ab0&sktid=398a6654-997b-47e9-b12b-9515b896b4de&skt=2026-08-19T11%3A41%3A18Z&ske=2026-08-19T12%3A41%3A53Z&sks=b&skv=2018-11-09&sig=K2FDr3ci8327%2Fmdk6U2wdfvygX6jP9MiWsJZ%2FiWKhxg%3D&jwt=***
2026-08-19T11:41:29.2329162Z 
2026-08-19T11:41:29.2330556Z 08/19 11:41:29 [[1;32mNOTICE[0m] CUID#7 - Redirecting to https://codeload.github.com/OnePlusOSS/android_kernel_modules_and_devicetree_oneplus_sm8650/tar.gz/8f66296b04ef8875011f457eae57733c86646e6a
2026-08-19T11:41:29.2331860Z 
2026-08-19T11:41:29.2342221Z 08/19 11:41:29 [[1;32mNOTICE[0m] CUID#18 - Redirecting to https://release-assets.githubusercontent.com/github-production-release-asset/900124341/7f31483b-ea99-4028-8fec-94f12384301a?sp=r&sv=2018-11-09&sr=b&spr=https&se=2026-08-19T12%3A41%3A53Z&rscd=attachment%3B+filename%3Dclang-28b975ada54f8610ed531a6b57253aed10e7c87d.tar.gz&rsct=application%2Foctet-stream&skoid=96c2d410-5711-43a1-aedd-ab1947aa7ab0&sktid=398a6654-997b-47e9-b12b-9515b896b4de&skt=2026-08-19T11%3A41%3A18Z&ske=2026-08-19T12%3A41%3A53Z&sks=b&skv=2018-11-09&sig=K2FDr3ci8327%2Fmdk6U2wdfvygX6jP9MiWsJZ%2FiWKhxg%3D&jwt=***
2026-08-19T11:41:29.2346374Z 
2026-08-19T11:41:29.2378730Z 08/19 11:41:29 [[1;32mNOTICE[0m] CUID#17 - Redirecting to https://release-assets.githubusercontent.com/github-production-release-asset/900124341/7f31483b-ea99-4028-8fec-94f12384301a?sp=r&sv=2018-11-09&sr=b&spr=https&se=2026-08-19T12%3A41%3A53Z&rscd=attachment%3B+filename%3Dclang-28b975ada54f8610ed531a6b57253aed10e7c87d.tar.gz&rsct=application%2Foctet-stream&skoid=96c2d410-5711-43a1-aedd-ab1947aa7ab0&sktid=398a6654-997b-47e9-b12b-9515b896b4de&skt=2026-08-19T11%3A41%3A18Z&ske=2026-08-19T12%3A41%3A53Z&sks=b&skv=2018-11-09&sig=K2FDr3ci8327%2Fmdk6U2wdfvygX6jP9MiWsJZ%2FiWKhxg%3D&jwt=***
2026-08-19T11:41:29.2383506Z 
2026-08-19T11:41:29.2393564Z 08/19 11:41:29 [[1;32mNOTICE[0m] CUID#17 - Redirecting to https://release-assets.githubusercontent.com/github-production-release-asset/900124341/7f31483b-ea99-4028-8fec-94f12384301a?sp=r&sv=2018-11-09&sr=b&spr=https&se=2026-08-19T12%3A41%3A53Z&rscd=attachment%3B+filename%3Dclang-28b975ada54f8610ed531a6b57253aed10e7c87d.tar.gz&rsct=application%2Foctet-stream&skoid=96c2d410-5711-43a1-aedd-ab1947aa7ab0&sktid=398a6654-997b-47e9-b12b-9515b896b4de&skt=2026-08-19T11%3A41%3A18Z&ske=2026-08-19T12%3A41%3A53Z&sks=b&skv=2018-11-09&sig=K2FDr3ci8327%2Fmdk6U2wdfvygX6jP9MiWsJZ%2FiWKhxg%3D&jwt=***
2026-08-19T11:41:29.3389038Z Synced AnyKernel3 successfully! (0.60s)
2026-08-19T11:41:29.3925873Z 
2026-08-19T11:41:29.3928187Z 08/19 11:41:29 [[1;32mNOTICE[0m] Download complete: /dev/shm/sync_134365/build-tools-d153b7ab4a4956198957e258d4f370e875c53059.tar.gz
2026-08-19T11:41:29.3929605Z 
2026-08-19T11:41:29.3929922Z Download Results:
2026-08-19T11:41:29.3930538Z gid   |stat|avg speed  |path/URI
2026-08-19T11:41:29.3931194Z ======+====+===========+=======================================================
2026-08-19T11:41:29.3932260Z b3fefd|OK  |   213MiB/s|/dev/shm/sync_134365/build-tools-d153b7ab4a4956198957e258d4f370e875c53059.tar.gz
2026-08-19T11:41:29.3933121Z 
2026-08-19T11:41:29.3933410Z Status Legend:
2026-08-19T11:41:29.3933911Z (OK):download completed.
2026-08-19T11:41:30.6155565Z Synced kernel/prebuilts/build-tools successfully! (1.88s)
2026-08-19T11:41:31.0041736Z [#d00205 335MiB/793MiB(42%) CN:16 DL:368MiB ETA:1s]
2026-08-19T11:41:31.0042339Z [#d00205 792MiB/793MiB(99%) CN:1 DL:416MiB]
2026-08-19T11:41:31.0042551Z 
2026-08-19T11:41:31.0043388Z 08/19 11:41:31 [[1;32mNOTICE[0m] Download complete: /dev/shm/sync_72707/clang-28b975ada54f8610ed531a6b57253aed10e7c87d.tar.gz
2026-08-19T11:41:31.0044036Z 
2026-08-19T11:41:31.0044133Z Download Results:
2026-08-19T11:41:31.0044370Z gid   |stat|avg speed  |path/URI
2026-08-19T11:41:31.0044964Z ======+====+===========+=======================================================
2026-08-19T11:41:31.0045493Z d00205|OK  |   415MiB/s|/dev/shm/sync_72707/clang-28b975ada54f8610ed531a6b57253aed10e7c87d.tar.gz
2026-08-19T11:41:31.0045854Z 
2026-08-19T11:41:31.0045947Z Status Legend:
2026-08-19T11:41:31.0046167Z (OK):download completed.
2026-08-19T11:41:40.2722842Z [#b318c2 4.5MiB/0B CN:1 DL:6.4MiB]
2026-08-19T11:41:40.2723353Z [#b318c2 12MiB/0B CN:1 DL:7.2MiB]
2026-08-19T11:41:40.2723756Z [#b318c2 35MiB/0B CN:1 DL:13MiB]
2026-08-19T11:41:40.2724150Z [#b318c2 42MiB/0B CN:1 DL:11MiB]
2026-08-19T11:41:40.2724697Z [#b318c2 48MiB/0B CN:1 DL:10MiB]
2026-08-19T11:41:40.2725082Z [#b318c2 55MiB/0B CN:1 DL:9.5MiB]
2026-08-19T11:41:40.2725407Z [#b318c2 61MiB/0B CN:1 DL:9.0MiB]
2026-08-19T11:41:40.2725667Z [#b318c2 67MiB/0B CN:1 DL:8.6MiB]
2026-08-19T11:41:40.2725903Z [#b318c2 72MiB/0B CN:1 DL:8.3MiB]
2026-08-19T11:41:40.2726136Z [#b318c2 79MiB/0B CN:1 DL:8.1MiB]
2026-08-19T11:41:40.2726370Z [#b318c2 86MiB/0B CN:1 DL:8.1MiB]
2026-08-19T11:41:40.2726526Z 
2026-08-19T11:41:40.2727095Z 08/19 11:41:40 [[1;32mNOTICE[0m] Download complete: /dev/shm/sync_802603/dynamic_file.tar.gz
2026-08-19T11:41:40.2727648Z 
2026-08-19T11:41:40.2727933Z Download Results:
2026-08-19T11:41:40.2728419Z gid   |stat|avg speed  |path/URI
2026-08-19T11:41:40.2728724Z ======+====+===========+=======================================================
2026-08-19T11:41:40.2729126Z b318c2|OK  |   7.7MiB/s|/dev/shm/sync_802603/dynamic_file.tar.gz
2026-08-19T11:41:40.2729396Z 
2026-08-19T11:41:40.2729479Z Status Legend:
2026-08-19T11:41:40.2729687Z (OK):download completed.
2026-08-19T11:41:42.2392317Z Synced kernelplatform/prebuilts-master/clang/host/linux-x86 successfully! (13.50s)
2026-08-19T11:41:42.7322806Z Synced android_kernel_modules_and_devicetree_oneplus_sm8650 successfully! (14.00s)
2026-08-19T11:42:02.4126153Z [#b6daac 512KiB/0B CN:1 DL:6.3MiB]
2026-08-19T11:42:02.4126513Z [#b6daac 8.0MiB/0B CN:1 DL:7.3MiB]
2026-08-19T11:42:02.4126876Z [#b6daac 15MiB/0B CN:1 DL:7.5MiB]
2026-08-19T11:42:02.4127242Z [#b6daac 23MiB/0B CN:1 DL:7.5MiB]
2026-08-19T11:42:02.4127626Z [#b6daac 31MiB/0B CN:1 DL:7.6MiB]
2026-08-19T11:42:02.4128025Z [#b6daac 38MiB/0B CN:1 DL:7.5MiB]
2026-08-19T11:42:02.4128430Z [#b6daac 45MiB/0B CN:1 DL:7.4MiB]
2026-08-19T11:42:02.4128803Z [#b6daac 51MiB/0B CN:1 DL:7.2MiB]
2026-08-19T11:42:02.4129177Z [#b6daac 56MiB/0B CN:1 DL:6.9MiB]
2026-08-19T11:42:02.4129551Z [#b6daac 60MiB/0B CN:1 DL:6.6MiB]
2026-08-19T11:42:02.4129938Z [#b6daac 65MiB/0B CN:1 DL:6.2MiB]
2026-08-19T11:42:02.4130309Z [#b6daac 69MiB/0B CN:1 DL:5.8MiB]
2026-08-19T11:42:02.4130679Z [#b6daac 74MiB/0B CN:1 DL:5.5MiB]
2026-08-19T11:42:02.4131050Z [#b6daac 79MiB/0B CN:1 DL:5.2MiB]
2026-08-19T11:42:02.4131426Z [#b6daac 86MiB/0B CN:1 DL:5.2MiB]
2026-08-19T11:42:02.4132260Z [#b6daac 94MiB/0B CN:1 DL:5.2MiB]
2026-08-19T11:42:02.4132644Z [#b6daac 100MiB/0B CN:1 DL:5.3MiB]
2026-08-19T11:42:02.4133031Z [#b6daac 107MiB/0B CN:1 DL:5.6MiB]
2026-08-19T11:42:02.4133413Z [#b6daac 114MiB/0B CN:1 DL:5.8MiB]
2026-08-19T11:42:02.4133709Z [#b6daac 121MiB/0B CN:1 DL:6.1MiB]
2026-08-19T11:42:02.4133953Z [#b6daac 129MiB/0B CN:1 DL:6.5MiB]
2026-08-19T11:42:02.4134208Z [#b6daac 135MiB/0B CN:1 DL:6.8MiB]
2026-08-19T11:42:02.4134751Z [#b6daac 142MiB/0B CN:1 DL:7.0MiB]
2026-08-19T11:42:02.4135007Z [#b6daac 150MiB/0B CN:1 DL:7.0MiB]
2026-08-19T11:42:02.4135248Z [#b6daac 157MiB/0B CN:1 DL:7.0MiB]
2026-08-19T11:42:02.4135491Z [#b6daac 165MiB/0B CN:1 DL:7.1MiB]
2026-08-19T11:42:02.4135737Z [#b6daac 171MiB/0B CN:1 DL:6.9MiB]
2026-08-19T11:42:02.4135989Z [#b6daac 178MiB/0B CN:1 DL:7.0MiB]
2026-08-19T11:42:02.4136235Z [#b6daac 186MiB/0B CN:1 DL:7.0MiB]
2026-08-19T11:42:02.4136477Z [#b6daac 193MiB/0B CN:1 DL:7.0MiB]
2026-08-19T11:42:02.4136716Z [#b6daac 200MiB/0B CN:1 DL:7.1MiB]
2026-08-19T11:42:02.4136959Z [#b6daac 208MiB/0B CN:1 DL:7.1MiB]
2026-08-19T11:42:02.4137203Z [#b6daac 215MiB/0B CN:1 DL:7.1MiB]
2026-08-19T11:42:02.4137376Z 
2026-08-19T11:42:02.4137959Z 08/19 11:42:02 [[1;32mNOTICE[0m] Download complete: /dev/shm/sync_908927/dynamic_file.tar.gz
2026-08-19T11:42:02.4138312Z 
2026-08-19T11:42:02.4138406Z Download Results:
2026-08-19T11:42:02.4138632Z gid   |stat|avg speed  |path/URI
2026-08-19T11:42:02.4138928Z ======+====+===========+=======================================================
2026-08-19T11:42:02.4139324Z b6daac|OK  |   6.4MiB/s|/dev/shm/sync_908927/dynamic_file.tar.gz
2026-08-19T11:42:02.4139571Z 
2026-08-19T11:42:02.4139660Z Status Legend:
2026-08-19T11:42:02.4139872Z (OK):download completed.
2026-08-19T11:42:08.6125526Z Synced android_kernel_common_oneplus_sm8650 successfully! (39.88s)
2026-08-19T11:42:08.6463892Z Processing linkfiles and copyfiles...
2026-08-19T11:42:08.6465256Z   [Link] kernel_platform/.source_date_epoch_dir -> .
2026-08-19T11:42:08.6466550Z   [Link] kernel_platform/build/prebuilts/kernel-build-tools -> .
2026-08-19T11:42:08.6467430Z Kernel Sync completed in 0m 39.91s
2026-08-19T11:42:08.6469110Z ##[endgroup]
2026-08-19T11:42:08.6664643Z ##[end-action id=build.sync-kernel-source.__run_2;outcome=success;conclusion=success;duration_ms=40057]
2026-08-19T11:42:08.6682587Z ##[end-action id=build.sync-kernel-source;outcome=success;conclusion=success;duration_ms=40104]
2026-08-19T11:42:08.6687886Z ##[start-action display=Set Dir Paths;id=build.__run_6]
2026-08-19T11:42:08.6711110Z ##[group]Run set -euo pipefail
2026-08-19T11:42:08.6711593Z [36;1mset -euo pipefail[0m
2026-08-19T11:42:08.6712028Z [36;1mCONFIG_DIR="$GITHUB_WORKSPACE/$CONFIG"[0m
2026-08-19T11:42:08.6712549Z [36;1mARTIFACTS_DIR="$CONFIG_DIR/artifacts"[0m
2026-08-19T11:42:08.6713108Z [36;1mKERNEL_PLATFORM_DIR="$CONFIG_DIR/kernel_platform"[0m
2026-08-19T11:42:08.6713721Z [36;1mCOMMON_KERNEL_DIR="$KERNEL_PLATFORM_DIR/common"[0m
2026-08-19T11:42:08.6714319Z [36;1mMSM_KERNEL_DIR="$KERNEL_PLATFORM_DIR/msm-kernel"[0m
2026-08-19T11:42:08.6715032Z [36;1mAK3_DIR="$CONFIG_DIR/AnyKernel3"[0m
2026-08-19T11:42:08.6715607Z [36;1mDEBUG_ARTIFACTS_DIR="$GITHUB_WORKSPACE/debug_artifacts"[0m
2026-08-19T11:42:08.6716284Z [36;1mKERNEL_PATCHES_DIR="$GITHUB_WORKSPACE/kernel_patches"[0m
2026-08-19T11:42:08.6716885Z [36;1mSUSFS_DIR="$GITHUB_WORKSPACE/susfs4ksu"[0m
2026-08-19T11:42:08.6717412Z [36;1mKSU_DIR="$KERNEL_PLATFORM_DIR/KernelSU"[0m
2026-08-19T11:42:08.6717950Z [36;1mKSUN_DIR="$KERNEL_PLATFORM_DIR/KernelSU-Next"[0m
2026-08-19T11:42:08.6718462Z [36;1mmkdir -p "$ARTIFACTS_DIR"[0m
2026-08-19T11:42:08.6718898Z [36;1mmkdir -p "$DEBUG_ARTIFACTS_DIR"[0m
2026-08-19T11:42:08.6719315Z [36;1m[0m
2026-08-19T11:42:08.6719655Z [36;1m# Save to environment for later steps[0m
2026-08-19T11:42:08.6720204Z [36;1mecho "CONFIG_FOLDER=$CONFIG_DIR" >> "$GITHUB_ENV"[0m
2026-08-19T11:42:08.6720835Z [36;1mecho "ARTIFACTS_FOLDER=$ARTIFACTS_DIR" >> "$GITHUB_ENV"[0m
2026-08-19T11:42:08.6721801Z [36;1mecho "KERNEL_PLATFORM_FOLDER=$KERNEL_PLATFORM_DIR" >> "$GITHUB_ENV"[0m
2026-08-19T11:42:08.6722595Z [36;1mecho "COMMON_KERNEL_FOLDER=$COMMON_KERNEL_DIR" >> "$GITHUB_ENV"[0m
2026-08-19T11:42:08.6723308Z [36;1mecho "MSM_KERNEL_FOLDER=$MSM_KERNEL_DIR" >> "$GITHUB_ENV"[0m
2026-08-19T11:42:08.6723918Z [36;1mecho "AK3_FOLDER=$AK3_DIR" >> "$GITHUB_ENV"[0m
2026-08-19T11:42:08.6724711Z [36;1mecho "DEBUG_ARTIFACTS_FOLDER=$DEBUG_ARTIFACTS_DIR" >> "$GITHUB_ENV"[0m
2026-08-19T11:42:08.6725525Z [36;1mecho "KERNEL_PATCHES_FOLDER=$KERNEL_PATCHES_DIR" >> "$GITHUB_ENV"[0m
2026-08-19T11:42:08.6726211Z [36;1mecho "SUSFS_FOLDER=$SUSFS_DIR" >> "$GITHUB_ENV"[0m
2026-08-19T11:42:08.6726759Z [36;1mecho "KSU_FOLDER=$KSU_DIR" >> "$GITHUB_ENV"[0m
2026-08-19T11:42:08.6727296Z [36;1mecho "KSUN_FOLDER=$KSUN_DIR" >> "$GITHUB_ENV"[0m
2026-08-19T11:42:08.6727765Z [36;1m[0m
2026-08-19T11:42:08.6728094Z [36;1mDEBUG_ZIP_NAME="debug_${OP_MODEL}_${OP_OS_VERSION}.zip"[0m
2026-08-19T11:42:08.6728507Z [36;1mecho "DEBUG_ZIP_NAME=$DEBUG_ZIP_NAME" >> "$GITHUB_ENV"[0m
2026-08-19T11:42:08.6780234Z shell: /usr/bin/bash --noprofile --norc -e -o pipefail {0}
2026-08-19T11:42:08.6780594Z env:
2026-08-19T11:42:08.6781072Z   CCACHE_DIR: /home/runner/work/OnePlus_KernelSU_SUSFS/OnePlus_KernelSU_SUSFS/.ccache
2026-08-19T11:42:08.6781766Z   CCACHE_MAXSIZE: 12G
2026-08-19T11:42:08.6782122Z   CCACHE_COMPILERCHECK: content
2026-08-19T11:42:08.6782731Z   CCACHE_BASEDIR: /home/runner/work/OnePlus_KernelSU_SUSFS/OnePlus_KernelSU_SUSFS
2026-08-19T11:42:08.6783389Z   CCACHE_NOHASHDIR: true
2026-08-19T11:42:08.6783767Z   CCACHE_IGNOREOPTIONS: --sysroot*
2026-08-19T11:42:08.6784177Z   CCACHE_COMPRESSION: true
2026-08-19T11:42:08.6784732Z   CCACHE_COMPRESSION_LEVEL: 3
2026-08-19T11:42:08.6785104Z   CCACHE_DIRECT: true
2026-08-19T11:42:08.6785428Z   CCACHE_FILE_CLONE: true
2026-08-19T11:42:08.6785777Z   CCACHE_INODE_CACHE: true
2026-08-19T11:42:08.6786141Z   CCACHE_IS_KERNEL_COMPILING: true
2026-08-19T11:42:08.6786525Z   CCACHE_UMASK: 002
2026-08-19T11:42:08.6787281Z   CCACHE_SLOPPINESS: file_macro,time_macros,include_file_mtime,include_file_ctime,pch_defines,system_headers,locale
2026-08-19T11:42:08.6788127Z   ACTION_REPO: 
2026-08-19T11:42:08.6788426Z   ACTION_REF: 
2026-08-19T11:42:08.6788738Z   OP_MODEL: OP-ACE-3-PRO-6.1.75
2026-08-19T11:42:08.6789109Z   OP_SOC: pineapple
2026-08-19T11:42:08.6789419Z   OP_BRANCH: wild/sm8650
2026-08-19T11:42:08.6789797Z   OP_MANIFEST: oneplus_ace3_pro_6.1.75_v.xml
2026-08-19T11:42:08.6790447Z   OP_ANDROID_VERSION: android14
2026-08-19T11:42:08.6790832Z   OP_KERNEL_VERSION: 6.1
2026-08-19T11:42:08.6791174Z   OP_OS_VERSION: A15
2026-08-19T11:42:08.6791488Z   OP_LTO: thin
2026-08-19T11:42:08.6791788Z   OP_ZYC_COMPILER: 
2026-08-19T11:42:08.6792347Z   OP_C_COMPILER: kernel_platform/prebuilts/clang/host/linux-x86/clang-r487747c/bin
2026-08-19T11:42:08.6792998Z   OP_RUST_COMPILER: 
2026-08-19T11:42:08.6793322Z   OP_BINDGEN: 
2026-08-19T11:42:08.6793624Z   OP_RUST_BUILD: false
2026-08-19T11:42:08.6793960Z   OP_DISK_CLEANUP: false
2026-08-19T11:42:08.6794302Z   OP_HMBIRD: false
2026-08-19T11:42:08.6795072Z   OP_SUSFS: true
2026-08-19T11:42:08.6795322Z   OP_OPT: true
2026-08-19T11:42:08.6795532Z   OP_DS: true
2026-08-19T11:42:08.6795740Z   OP_BBG: true
2026-08-19T11:42:08.6795937Z   OP_BBR: true
2026-08-19T11:42:08.6796133Z   OP_BBR3: true
2026-08-19T11:42:08.6796335Z   OP_TTL: true
2026-08-19T11:42:08.6796531Z   OP_IP_SET: true
2026-08-19T11:42:08.6796735Z   OP_UNICODE: true
2026-08-19T11:42:08.6796948Z   OP_NTSYNC: true
2026-08-19T11:42:08.6799173Z   OP_BLACKLIST_MODULES: kernelsu,oplus_security_guard,oplus_qr_scan,oplus_score,oplus_vip_task,oplus_dns_cache,oplus_network_linkpower_module,oplus_data_module,oplus_secure_harden,oplus_security_keventupload,oplus_secure_guard_new,oplus_secure_guard,coresight_tpda,coresight_tgu,coresight_trace_noc,coresight_cti,coresight_qmi,coresight_dummy,coresight_remote_etm,coresight_tpdm,coresight_uetm,coresight_stm,coresight_tmc_sec,f_fs_ipc_log,qcom_iommu_debug,qti_battery_debug,rdbg,stm_heartbeat,stm_p_ost,stm_core,stm_ftrace,stm_console,spmi_pmic_arb_debug
2026-08-19T11:42:08.6801290Z   OP_UNAME: OP-WILD
2026-08-19T11:42:08.6801529Z   CONFIG: OP-ACE-3-PRO-6.1.75
2026-08-19T11:42:08.6801791Z   REPO: /usr/local/bin/repo
2026-08-19T11:42:08.6802021Z ##[endgroup]
2026-08-19T11:42:08.6918513Z ##[end-action id=build.__run_6;outcome=success;conclusion=success;duration_ms=22]
2026-08-19T11:42:08.6921710Z ##[start-action display=Set Kernel build-tools to Path;id=build.__run_7]
2026-08-19T11:42:08.6940080Z ##[group]Run # Set Kernel build-tools to Path
2026-08-19T11:42:08.6940427Z [36;1m# Set Kernel build-tools to Path[0m
2026-08-19T11:42:08.6940751Z [36;1mset -euo pipefail[0m
2026-08-19T11:42:08.6941222Z [36;1mecho "${KERNEL_PLATFORM_FOLDER}/prebuilts/kernel-build-tools/linux-x86/bin/" >> $GITHUB_PATH[0m
2026-08-19T11:42:08.6941934Z [36;1mecho "${KERNEL_PLATFORM_FOLDER}/prebuilts/kernel-build-tools/linux_musl-x86/bin/" >> $GITHUB_PATH[0m
2026-08-19T11:42:08.6979531Z shell: /usr/bin/bash --noprofile --norc -e -o pipefail {0}
2026-08-19T11:42:08.6979893Z env:
2026-08-19T11:42:08.6980251Z   CCACHE_DIR: /home/runner/work/OnePlus_KernelSU_SUSFS/OnePlus_KernelSU_SUSFS/.ccache
2026-08-19T11:42:08.6980685Z   CCACHE_MAXSIZE: 12G
2026-08-19T11:42:08.6980926Z   CCACHE_COMPILERCHECK: content
2026-08-19T11:42:08.6981318Z   CCACHE_BASEDIR: /home/runner/work/OnePlus_KernelSU_SUSFS/OnePlus_KernelSU_SUSFS
2026-08-19T11:42:08.6981731Z   CCACHE_NOHASHDIR: true
2026-08-19T11:42:08.6981990Z   CCACHE_IGNOREOPTIONS: --sysroot*
2026-08-19T11:42:08.6982256Z   CCACHE_COMPRESSION: true
2026-08-19T11:42:08.6982502Z   CCACHE_COMPRESSION_LEVEL: 3
2026-08-19T11:42:08.6982743Z   CCACHE_DIRECT: true
2026-08-19T11:42:08.6982962Z   CCACHE_FILE_CLONE: true
2026-08-19T11:42:08.6983191Z   CCACHE_INODE_CACHE: true
2026-08-19T11:42:08.6983428Z   CCACHE_IS_KERNEL_COMPILING: true
2026-08-19T11:42:08.6983682Z   CCACHE_UMASK: 002
2026-08-19T11:42:08.6984161Z   CCACHE_SLOPPINESS: file_macro,time_macros,include_file_mtime,include_file_ctime,pch_defines,system_headers,locale
2026-08-19T11:42:08.6984902Z   ACTION_REPO: 
2026-08-19T11:42:08.6985105Z   ACTION_REF: 
2026-08-19T11:42:08.6985323Z   OP_MODEL: OP-ACE-3-PRO-6.1.75
2026-08-19T11:42:08.6985573Z   OP_SOC: pineapple
2026-08-19T11:42:08.6985783Z   OP_BRANCH: wild/sm8650
2026-08-19T11:42:08.6986033Z   OP_MANIFEST: oneplus_ace3_pro_6.1.75_v.xml
2026-08-19T11:42:08.6986326Z   OP_ANDROID_VERSION: android14
2026-08-19T11:42:08.6986563Z   OP_KERNEL_VERSION: 6.1
2026-08-19T11:42:08.6986952Z   OP_OS_VERSION: A15
2026-08-19T11:42:08.6987161Z   OP_LTO: thin
2026-08-19T11:42:08.6987360Z   OP_ZYC_COMPILER: 
2026-08-19T11:42:08.6987721Z   OP_C_COMPILER: kernel_platform/prebuilts/clang/host/linux-x86/clang-r487747c/bin
2026-08-19T11:42:08.6988135Z   OP_RUST_COMPILER: 
2026-08-19T11:42:08.6988341Z   OP_BINDGEN: 
2026-08-19T11:42:08.6988538Z   OP_RUST_BUILD: false
2026-08-19T11:42:08.6988760Z   OP_DISK_CLEANUP: false
2026-08-19T11:42:08.6988984Z   OP_HMBIRD: false
2026-08-19T11:42:08.6989185Z   OP_SUSFS: true
2026-08-19T11:42:08.6989381Z   OP_OPT: true
2026-08-19T11:42:08.6989572Z   OP_DS: true
2026-08-19T11:42:08.6989761Z   OP_BBG: true
2026-08-19T11:42:08.6989957Z   OP_BBR: true
2026-08-19T11:42:08.6990146Z   OP_BBR3: true
2026-08-19T11:42:08.6990342Z   OP_TTL: true
2026-08-19T11:42:08.6990534Z   OP_IP_SET: true
2026-08-19T11:42:08.6990741Z   OP_UNICODE: true
2026-08-19T11:42:08.6990940Z   OP_NTSYNC: true
2026-08-19T11:42:08.6992949Z   OP_BLACKLIST_MODULES: kernelsu,oplus_security_guard,oplus_qr_scan,oplus_score,oplus_vip_task,oplus_dns_cache,oplus_network_linkpower_module,oplus_data_module,oplus_secure_harden,oplus_security_keventupload,oplus_secure_guard_new,oplus_secure_guard,coresight_tpda,coresight_tgu,coresight_trace_noc,coresight_cti,coresight_qmi,coresight_dummy,coresight_remote_etm,coresight_tpdm,coresight_uetm,coresight_stm,coresight_tmc_sec,f_fs_ipc_log,qcom_iommu_debug,qti_battery_debug,rdbg,stm_heartbeat,stm_p_ost,stm_core,stm_ftrace,stm_console,spmi_pmic_arb_debug
2026-08-19T11:42:08.6995295Z   OP_UNAME: OP-WILD
2026-08-19T11:42:08.6995700Z   CONFIG: OP-ACE-3-PRO-6.1.75
2026-08-19T11:42:08.6995960Z   REPO: /usr/local/bin/repo
2026-08-19T11:42:08.6996415Z   CONFIG_FOLDER: /home/runner/work/OnePlus_KernelSU_SUSFS/OnePlus_KernelSU_SUSFS/OP-ACE-3-PRO-6.1.75
2026-08-19T11:42:08.6997151Z   ARTIFACTS_FOLDER: /home/runner/work/OnePlus_KernelSU_SUSFS/OnePlus_KernelSU_SUSFS/OP-ACE-3-PRO-6.1.75/artifacts
2026-08-19T11:42:08.6998098Z   KERNEL_PLATFORM_FOLDER: /home/runner/work/OnePlus_KernelSU_SUSFS/OnePlus_KernelSU_SUSFS/OP-ACE-3-PRO-6.1.75/kernel_platform
2026-08-19T11:42:08.6998977Z   COMMON_KERNEL_FOLDER: /home/runner/work/OnePlus_KernelSU_SUSFS/OnePlus_KernelSU_SUSFS/OP-ACE-3-PRO-6.1.75/kernel_platform/common
2026-08-19T11:42:08.6999859Z   MSM_KERNEL_FOLDER: /home/runner/work/OnePlus_KernelSU_SUSFS/OnePlus_KernelSU_SUSFS/OP-ACE-3-PRO-6.1.75/kernel_platform/msm-kernel
2026-08-19T11:42:08.7000658Z   AK3_FOLDER: /home/runner/work/OnePlus_KernelSU_SUSFS/OnePlus_KernelSU_SUSFS/OP-ACE-3-PRO-6.1.75/AnyKernel3
2026-08-19T11:42:08.7001380Z   DEBUG_ARTIFACTS_FOLDER: /home/runner/work/OnePlus_KernelSU_SUSFS/OnePlus_KernelSU_SUSFS/debug_artifacts
2026-08-19T11:42:08.7002073Z   KERNEL_PATCHES_FOLDER: /home/runner/work/OnePlus_KernelSU_SUSFS/OnePlus_KernelSU_SUSFS/kernel_patches
2026-08-19T11:42:08.7002713Z   SUSFS_FOLDER: /home/runner/work/OnePlus_KernelSU_SUSFS/OnePlus_KernelSU_SUSFS/susfs4ksu
2026-08-19T11:42:08.7003428Z   KSU_FOLDER: /home/runner/work/OnePlus_KernelSU_SUSFS/OnePlus_KernelSU_SUSFS/OP-ACE-3-PRO-6.1.75/kernel_platform/KernelSU
2026-08-19T11:42:08.7004291Z   KSUN_FOLDER: /home/runner/work/OnePlus_KernelSU_SUSFS/OnePlus_KernelSU_SUSFS/OP-ACE-3-PRO-6.1.75/kernel_platform/KernelSU-Next
2026-08-19T11:42:08.7005080Z   DEBUG_ZIP_NAME: debug_OP-ACE-3-PRO-6.1.75_A15.zip
2026-08-19T11:42:08.7005390Z ##[endgroup]
2026-08-19T11:42:08.7073901Z ##[end-action id=build.__run_7;outcome=success;conclusion=success;duration_ms=15]
2026-08-19T11:42:08.7076463Z ##[start-action display=Get Kernel Version Info;id=build.__run_8]
2026-08-19T11:42:08.7093667Z ##[group]Run set -euo pipefail
2026-08-19T11:42:08.7094022Z [36;1mset -euo pipefail[0m
2026-08-19T11:42:08.7094301Z [36;1mecho "::group::Get kernel version"[0m
2026-08-19T11:42:08.7094848Z [36;1mcd "$COMMON_KERNEL_FOLDER"[0m
2026-08-19T11:42:08.7095112Z [36;1m[0m
2026-08-19T11:42:08.7095634Z [36;1mCONFIG_FILES=("build.config.common" "build.config.constants")[0m
2026-08-19T11:42:08.7096032Z [36;1mBRANCH_LINE=""[0m
2026-08-19T11:42:08.7096466Z [36;1mfor f in "${CONFIG_FILES[@]}"; do[0m
2026-08-19T11:42:08.7096756Z [36;1m  if [ -f "$f" ]; then[0m
2026-08-19T11:42:08.7097055Z [36;1m    l=$(grep '^[[:space:]]*BRANCH=' "$f" || true)[0m
2026-08-19T11:42:08.7097434Z [36;1m    if [ -n "$l" ]; then BRANCH_LINE="$l"; break; fi[0m
2026-08-19T11:42:08.7097748Z [36;1m  fi[0m
2026-08-19T11:42:08.7097948Z [36;1mdone[0m
2026-08-19T11:42:08.7098139Z [36;1m[0m
2026-08-19T11:42:08.7098345Z [36;1mif [ -z "$BRANCH_LINE" ]; then[0m
2026-08-19T11:42:08.7098696Z [36;1m  echo "::error::No BRANCH= found in config files"; exit 1[0m
2026-08-19T11:42:08.7099034Z [36;1mfi[0m
2026-08-19T11:42:08.7099220Z [36;1m[0m
2026-08-19T11:42:08.7099418Z [36;1mBRANCH_VALUE="${BRANCH_LINE#*=}"[0m
2026-08-19T11:42:08.7099730Z [36;1mANDROID_VERSION="${BRANCH_VALUE%-*}"[0m
2026-08-19T11:42:08.7100014Z [36;1m[0m
2026-08-19T11:42:08.7100226Z [36;1mif [ -z "$ANDROID_VERSION" ]; then[0m
2026-08-19T11:42:08.7100651Z [36;1m  echo "::error::Could not parse android version from BRANCH=$BRANCH_VALUE"[0m
2026-08-19T11:42:08.7101065Z [36;1m  exit 1[0m
2026-08-19T11:42:08.7101268Z [36;1mfi[0m
2026-08-19T11:42:08.7101451Z [36;1m[0m
2026-08-19T11:42:08.7101729Z [36;1mVERSION=$(grep '^VERSION *=' Makefile | awk '{print $3}')[0m
2026-08-19T11:42:08.7102186Z [36;1mPATCHLEVEL=$(grep '^PATCHLEVEL *=' Makefile | awk '{print $3}')[0m
2026-08-19T11:42:08.7102649Z [36;1mSUBLEVEL=$(grep '^SUBLEVEL *=' Makefile | awk '{print $3}')[0m
2026-08-19T11:42:08.7103053Z [36;1mFULL_VERSION="$VERSION.$PATCHLEVEL.$SUBLEVEL"[0m
2026-08-19T11:42:08.7103362Z [36;1m[0m
2026-08-19T11:42:08.7103703Z [36;1mcd "$ARTIFACTS_FOLDER"[0m
2026-08-19T11:42:08.7104099Z [36;1mecho "$ANDROID_VERSION-$FULL_VERSION" > "${OP_MODEL}_${OP_OS_VERSION}.txt"[0m
2026-08-19T11:42:08.7104822Z [36;1mecho "$OP_OS_VERSION" >> "${OP_MODEL}_${OP_OS_VERSION}.txt"[0m
2026-08-19T11:42:08.7105162Z [36;1m[0m
2026-08-19T11:42:08.7105353Z [36;1m{[0m
2026-08-19T11:42:08.7105576Z [36;1m  echo "ANDROID_VER=$ANDROID_VERSION"[0m
2026-08-19T11:42:08.7105924Z [36;1m  echo "KERNEL_VER=$VERSION.$PATCHLEVEL"[0m
2026-08-19T11:42:08.7106255Z [36;1m  echo "TKERNEL_VER=$FULL_VERSION"[0m
2026-08-19T11:42:08.7106618Z [36;1m  echo "KERNEL_FULL_VER=$ANDROID_VERSION-$FULL_VERSION"[0m
2026-08-19T11:42:08.7106971Z [36;1m  if [ "true" = true ]; then[0m
2026-08-19T11:42:08.7107371Z [36;1m    echo "SUSFS_KERNEL_BRANCH=gki-$ANDROID_VERSION-$VERSION.$PATCHLEVEL"[0m
2026-08-19T11:42:08.7107759Z [36;1m  fi[0m
2026-08-19T11:42:08.7107986Z [36;1m} >> "$GITHUB_ENV"[0m
2026-08-19T11:42:08.7108227Z [36;1m[0m
2026-08-19T11:42:08.7108499Z [36;1mecho "✅ Detected: $ANDROID_VERSION-$FULL_VERSION"[0m
2026-08-19T11:42:08.7108865Z [36;1mif [ "true" = true ]; then[0m
2026-08-19T11:42:08.7109245Z [36;1m  echo "   SUSFS Branch: gki-$ANDROID_VERSION-$VERSION.$PATCHLEVEL"[0m
2026-08-19T11:42:08.7109629Z [36;1mfi[0m
2026-08-19T11:42:08.7109838Z [36;1mecho "::endgroup::"[0m
2026-08-19T11:42:08.7149074Z shell: /usr/bin/bash --noprofile --norc -e -o pipefail {0}
2026-08-19T11:42:08.7149441Z env:
2026-08-19T11:42:08.7149797Z   CCACHE_DIR: /home/runner/work/OnePlus_KernelSU_SUSFS/OnePlus_KernelSU_SUSFS/.ccache
2026-08-19T11:42:08.7150238Z   CCACHE_MAXSIZE: 12G
2026-08-19T11:42:08.7150470Z   CCACHE_COMPILERCHECK: content
2026-08-19T11:42:08.7150866Z   CCACHE_BASEDIR: /home/runner/work/OnePlus_KernelSU_SUSFS/OnePlus_KernelSU_SUSFS
2026-08-19T11:42:08.7151275Z   CCACHE_NOHASHDIR: true
2026-08-19T11:42:08.7151522Z   CCACHE_IGNOREOPTIONS: --sysroot*
2026-08-19T11:42:08.7151795Z   CCACHE_COMPRESSION: true
2026-08-19T11:42:08.7152039Z   CCACHE_COMPRESSION_LEVEL: 3
2026-08-19T11:42:08.7152278Z   CCACHE_DIRECT: true
2026-08-19T11:42:08.7152496Z   CCACHE_FILE_CLONE: true
2026-08-19T11:42:08.7152719Z   CCACHE_INODE_CACHE: true
2026-08-19T11:42:08.7152950Z   CCACHE_IS_KERNEL_COMPILING: true
2026-08-19T11:42:08.7153192Z   CCACHE_UMASK: 002
2026-08-19T11:42:08.7153673Z   CCACHE_SLOPPINESS: file_macro,time_macros,include_file_mtime,include_file_ctime,pch_defines,system_headers,locale
2026-08-19T11:42:08.7154390Z   ACTION_REPO: 
2026-08-19T11:42:08.7154884Z   ACTION_REF: 
2026-08-19T11:42:08.7155099Z   OP_MODEL: OP-ACE-3-PRO-6.1.75
2026-08-19T11:42:08.7155349Z   OP_SOC: pineapple
2026-08-19T11:42:08.7155557Z   OP_BRANCH: wild/sm8650
2026-08-19T11:42:08.7155807Z   OP_MANIFEST: oneplus_ace3_pro_6.1.75_v.xml
2026-08-19T11:42:08.7156094Z   OP_ANDROID_VERSION: android14
2026-08-19T11:42:08.7156327Z   OP_KERNEL_VERSION: 6.1
2026-08-19T11:42:08.7156542Z   OP_OS_VERSION: A15
2026-08-19T11:42:08.7156753Z   OP_LTO: thin
2026-08-19T11:42:08.7156955Z   OP_ZYC_COMPILER: 
2026-08-19T11:42:08.7157311Z   OP_C_COMPILER: kernel_platform/prebuilts/clang/host/linux-x86/clang-r487747c/bin
2026-08-19T11:42:08.7157723Z   OP_RUST_COMPILER: 
2026-08-19T11:42:08.7157928Z   OP_BINDGEN: 
2026-08-19T11:42:08.7158122Z   OP_RUST_BUILD: false
2026-08-19T11:42:08.7158339Z   OP_DISK_CLEANUP: false
2026-08-19T11:42:08.7158554Z   OP_HMBIRD: false
2026-08-19T11:42:08.7158753Z   OP_SUSFS: true
2026-08-19T11:42:08.7158954Z   OP_OPT: true
2026-08-19T11:42:08.7159144Z   OP_DS: true
2026-08-19T11:42:08.7159330Z   OP_BBG: true
2026-08-19T11:42:08.7159520Z   OP_BBR: true
2026-08-19T11:42:08.7159703Z   OP_BBR3: true
2026-08-19T11:42:08.7159897Z   OP_TTL: true
2026-08-19T11:42:08.7160085Z   OP_IP_SET: true
2026-08-19T11:42:08.7160285Z   OP_UNICODE: true
2026-08-19T11:42:08.7160486Z   OP_NTSYNC: true
2026-08-19T11:42:08.7162652Z   OP_BLACKLIST_MODULES: kernelsu,oplus_security_guard,oplus_qr_scan,oplus_score,oplus_vip_task,oplus_dns_cache,oplus_network_linkpower_module,oplus_data_module,oplus_secure_harden,oplus_security_keventupload,oplus_secure_guard_new,oplus_secure_guard,coresight_tpda,coresight_tgu,coresight_trace_noc,coresight_cti,coresight_qmi,coresight_dummy,coresight_remote_etm,coresight_tpdm,coresight_uetm,coresight_stm,coresight_tmc_sec,f_fs_ipc_log,qcom_iommu_debug,qti_battery_debug,rdbg,stm_heartbeat,stm_p_ost,stm_core,stm_ftrace,stm_console,spmi_pmic_arb_debug
2026-08-19T11:42:08.7164835Z   OP_UNAME: OP-WILD
2026-08-19T11:42:08.7165065Z   CONFIG: OP-ACE-3-PRO-6.1.75
2026-08-19T11:42:08.7165318Z   REPO: /usr/local/bin/repo
2026-08-19T11:42:08.7165781Z   CONFIG_FOLDER: /home/runner/work/OnePlus_KernelSU_SUSFS/OnePlus_KernelSU_SUSFS/OP-ACE-3-PRO-6.1.75
2026-08-19T11:42:08.7166509Z   ARTIFACTS_FOLDER: /home/runner/work/OnePlus_KernelSU_SUSFS/OnePlus_KernelSU_SUSFS/OP-ACE-3-PRO-6.1.75/artifacts
2026-08-19T11:42:08.7167316Z   KERNEL_PLATFORM_FOLDER: /home/runner/work/OnePlus_KernelSU_SUSFS/OnePlus_KernelSU_SUSFS/OP-ACE-3-PRO-6.1.75/kernel_platform
2026-08-19T11:42:08.7168198Z   COMMON_KERNEL_FOLDER: /home/runner/work/OnePlus_KernelSU_SUSFS/OnePlus_KernelSU_SUSFS/OP-ACE-3-PRO-6.1.75/kernel_platform/common
2026-08-19T11:42:08.7169073Z   MSM_KERNEL_FOLDER: /home/runner/work/OnePlus_KernelSU_SUSFS/OnePlus_KernelSU_SUSFS/OP-ACE-3-PRO-6.1.75/kernel_platform/msm-kernel
2026-08-19T11:42:08.7169868Z   AK3_FOLDER: /home/runner/work/OnePlus_KernelSU_SUSFS/OnePlus_KernelSU_SUSFS/OP-ACE-3-PRO-6.1.75/AnyKernel3
2026-08-19T11:42:08.7170582Z   DEBUG_ARTIFACTS_FOLDER: /home/runner/work/OnePlus_KernelSU_SUSFS/OnePlus_KernelSU_SUSFS/debug_artifacts
2026-08-19T11:42:08.7171273Z   KERNEL_PATCHES_FOLDER: /home/runner/work/OnePlus_KernelSU_SUSFS/OnePlus_KernelSU_SUSFS/kernel_patches
2026-08-19T11:42:08.7171909Z   SUSFS_FOLDER: /home/runner/work/OnePlus_KernelSU_SUSFS/OnePlus_KernelSU_SUSFS/susfs4ksu
2026-08-19T11:42:08.7172608Z   KSU_FOLDER: /home/runner/work/OnePlus_KernelSU_SUSFS/OnePlus_KernelSU_SUSFS/OP-ACE-3-PRO-6.1.75/kernel_platform/KernelSU
2026-08-19T11:42:08.7173443Z   KSUN_FOLDER: /home/runner/work/OnePlus_KernelSU_SUSFS/OnePlus_KernelSU_SUSFS/OP-ACE-3-PRO-6.1.75/kernel_platform/KernelSU-Next
2026-08-19T11:42:08.7174047Z   DEBUG_ZIP_NAME: debug_OP-ACE-3-PRO-6.1.75_A15.zip
2026-08-19T11:42:08.7174347Z ##[endgroup]
2026-08-19T11:42:08.7236431Z ##[group]Get kernel version
2026-08-19T11:42:08.7356444Z ✅ Detected: android14-6.1.75
2026-08-19T11:42:08.7356895Z    SUSFS Branch: gki-android14-6.1
2026-08-19T11:42:08.7357661Z ##[endgroup]
2026-08-19T11:42:08.7362901Z ##[end-action id=build.__run_8;outcome=success;conclusion=success;duration_ms=28]
2026-08-19T11:42:08.7365650Z ##[start-action display=🏷️ Set Build Identity (Hardcoded);id=build.__run_9]
2026-08-19T11:42:08.7380870Z ##[group]Run set -euo pipefail
2026-08-19T11:42:08.7381176Z [36;1mset -euo pipefail[0m
2026-08-19T11:42:08.7381454Z [36;1mecho "::group::Set build user/host"[0m
2026-08-19T11:42:08.7381752Z [36;1m        [0m
2026-08-19T11:42:08.7381969Z [36;1mBUILD_USER="OnePlus"[0m
2026-08-19T11:42:08.7382227Z [36;1mBUILD_HOST="ubuntu-build"[0m
2026-08-19T11:42:08.7382497Z [36;1m[0m
2026-08-19T11:42:08.7382747Z [36;1mecho "BUILD_USER=$BUILD_USER" >> "$GITHUB_ENV"[0m
2026-08-19T11:42:08.7383102Z [36;1mecho "BUILD_HOST=$BUILD_HOST" >> "$GITHUB_ENV"[0m
2026-08-19T11:42:08.7383391Z [36;1m[0m
2026-08-19T11:42:08.7383576Z [36;1mecho ""[0m
2026-08-19T11:42:08.7383813Z [36;1mecho "✅ Build identity configured:"[0m
2026-08-19T11:42:08.7384112Z [36;1mecho "   User: $BUILD_USER"[0m
2026-08-19T11:42:08.7384386Z [36;1mecho "   Host: $BUILD_HOST"[0m
2026-08-19T11:42:08.7385398Z [36;1mecho "::endgroup::"[0m
2026-08-19T11:42:08.7423351Z shell: /usr/bin/bash --noprofile --norc -e -o pipefail {0}
2026-08-19T11:42:08.7423705Z env:
2026-08-19T11:42:08.7424063Z   CCACHE_DIR: /home/runner/work/OnePlus_KernelSU_SUSFS/OnePlus_KernelSU_SUSFS/.ccache
2026-08-19T11:42:08.7424703Z   CCACHE_MAXSIZE: 12G
2026-08-19T11:42:08.7424945Z   CCACHE_COMPILERCHECK: content
2026-08-19T11:42:08.7425339Z   CCACHE_BASEDIR: /home/runner/work/OnePlus_KernelSU_SUSFS/OnePlus_KernelSU_SUSFS
2026-08-19T11:42:08.7425922Z   CCACHE_NOHASHDIR: true
2026-08-19T11:42:08.7426182Z   CCACHE_IGNOREOPTIONS: --sysroot*
2026-08-19T11:42:08.7426449Z   CCACHE_COMPRESSION: true
2026-08-19T11:42:08.7426687Z   CCACHE_COMPRESSION_LEVEL: 3
2026-08-19T11:42:08.7426927Z   CCACHE_DIRECT: true
2026-08-19T11:42:08.7427144Z   CCACHE_FILE_CLONE: true
2026-08-19T11:42:08.7427370Z   CCACHE_INODE_CACHE: true
2026-08-19T11:42:08.7427613Z   CCACHE_IS_KERNEL_COMPILING: true
2026-08-19T11:42:08.7427869Z   CCACHE_UMASK: 002
2026-08-19T11:42:08.7428348Z   CCACHE_SLOPPINESS: file_macro,time_macros,include_file_mtime,include_file_ctime,pch_defines,system_headers,locale
2026-08-19T11:42:08.7428873Z   ACTION_REPO: 
2026-08-19T11:42:08.7429085Z   ACTION_REF: 
2026-08-19T11:42:08.7429299Z   OP_MODEL: OP-ACE-3-PRO-6.1.75
2026-08-19T11:42:08.7429550Z   OP_SOC: pineapple
2026-08-19T11:42:08.7429760Z   OP_BRANCH: wild/sm8650
2026-08-19T11:42:08.7430030Z   OP_MANIFEST: oneplus_ace3_pro_6.1.75_v.xml
2026-08-19T11:42:08.7430326Z   OP_ANDROID_VERSION: android14
2026-08-19T11:42:08.7430566Z   OP_KERNEL_VERSION: 6.1
2026-08-19T11:42:08.7430783Z   OP_OS_VERSION: A15
2026-08-19T11:42:08.7430989Z   OP_LTO: thin
2026-08-19T11:42:08.7431183Z   OP_ZYC_COMPILER: 
2026-08-19T11:42:08.7431536Z   OP_C_COMPILER: kernel_platform/prebuilts/clang/host/linux-x86/clang-r487747c/bin
2026-08-19T11:42:08.7431947Z   OP_RUST_COMPILER: 
2026-08-19T11:42:08.7432152Z   OP_BINDGEN: 
2026-08-19T11:42:08.7432357Z   OP_RUST_BUILD: false
2026-08-19T11:42:08.7432580Z   OP_DISK_CLEANUP: false
2026-08-19T11:42:08.7432801Z   OP_HMBIRD: false
2026-08-19T11:42:08.7433005Z   OP_SUSFS: true
2026-08-19T11:42:08.7433206Z   OP_OPT: true
2026-08-19T11:42:08.7433396Z   OP_DS: true
2026-08-19T11:42:08.7433586Z   OP_BBG: true
2026-08-19T11:42:08.7433779Z   OP_BBR: true
2026-08-19T11:42:08.7433964Z   OP_BBR3: true
2026-08-19T11:42:08.7434157Z   OP_TTL: true
2026-08-19T11:42:08.7434349Z   OP_IP_SET: true
2026-08-19T11:42:08.7434721Z   OP_UNICODE: true
2026-08-19T11:42:08.7434925Z   OP_NTSYNC: true
2026-08-19T11:42:08.7436912Z   OP_BLACKLIST_MODULES: kernelsu,oplus_security_guard,oplus_qr_scan,oplus_score,oplus_vip_task,oplus_dns_cache,oplus_network_linkpower_module,oplus_data_module,oplus_secure_harden,oplus_security_keventupload,oplus_secure_guard_new,oplus_secure_guard,coresight_tpda,coresight_tgu,coresight_trace_noc,coresight_cti,coresight_qmi,coresight_dummy,coresight_remote_etm,coresight_tpdm,coresight_uetm,coresight_stm,coresight_tmc_sec,f_fs_ipc_log,qcom_iommu_debug,qti_battery_debug,rdbg,stm_heartbeat,stm_p_ost,stm_core,stm_ftrace,stm_console,spmi_pmic_arb_debug
2026-08-19T11:42:08.7439111Z   OP_UNAME: OP-WILD
2026-08-19T11:42:08.7439346Z   CONFIG: OP-ACE-3-PRO-6.1.75
2026-08-19T11:42:08.7439601Z   REPO: /usr/local/bin/repo
2026-08-19T11:42:08.7440062Z   CONFIG_FOLDER: /home/runner/work/OnePlus_KernelSU_SUSFS/OnePlus_KernelSU_SUSFS/OP-ACE-3-PRO-6.1.75
2026-08-19T11:42:08.7440816Z   ARTIFACTS_FOLDER: /home/runner/work/OnePlus_KernelSU_SUSFS/OnePlus_KernelSU_SUSFS/OP-ACE-3-PRO-6.1.75/artifacts
2026-08-19T11:42:08.7441687Z   KERNEL_PLATFORM_FOLDER: /home/runner/work/OnePlus_KernelSU_SUSFS/OnePlus_KernelSU_SUSFS/OP-ACE-3-PRO-6.1.75/kernel_platform
2026-08-19T11:42:08.7442553Z   COMMON_KERNEL_FOLDER: /home/runner/work/OnePlus_KernelSU_SUSFS/OnePlus_KernelSU_SUSFS/OP-ACE-3-PRO-6.1.75/kernel_platform/common
2026-08-19T11:42:08.7443444Z   MSM_KERNEL_FOLDER: /home/runner/work/OnePlus_KernelSU_SUSFS/OnePlus_KernelSU_SUSFS/OP-ACE-3-PRO-6.1.75/kernel_platform/msm-kernel
2026-08-19T11:42:08.7444247Z   AK3_FOLDER: /home/runner/work/OnePlus_KernelSU_SUSFS/OnePlus_KernelSU_SUSFS/OP-ACE-3-PRO-6.1.75/AnyKernel3
2026-08-19T11:42:08.7445157Z   DEBUG_ARTIFACTS_FOLDER: /home/runner/work/OnePlus_KernelSU_SUSFS/OnePlus_KernelSU_SUSFS/debug_artifacts
2026-08-19T11:42:08.7445878Z   KERNEL_PATCHES_FOLDER: /home/runner/work/OnePlus_KernelSU_SUSFS/OnePlus_KernelSU_SUSFS/kernel_patches
2026-08-19T11:42:08.7446812Z   SUSFS_FOLDER: /home/runner/work/OnePlus_KernelSU_SUSFS/OnePlus_KernelSU_SUSFS/susfs4ksu
2026-08-19T11:42:08.7447795Z   KSU_FOLDER: /home/runner/work/OnePlus_KernelSU_SUSFS/OnePlus_KernelSU_SUSFS/OP-ACE-3-PRO-6.1.75/kernel_platform/KernelSU
2026-08-19T11:42:08.7448799Z   KSUN_FOLDER: /home/runner/work/OnePlus_KernelSU_SUSFS/OnePlus_KernelSU_SUSFS/OP-ACE-3-PRO-6.1.75/kernel_platform/KernelSU-Next
2026-08-19T11:42:08.7449647Z   DEBUG_ZIP_NAME: debug_OP-ACE-3-PRO-6.1.75_A15.zip
2026-08-19T11:42:08.7467448Z   ANDROID_VER: android14
2026-08-19T11:42:08.7467842Z   KERNEL_VER: 6.1
2026-08-19T11:42:08.7468138Z   TKERNEL_VER: 6.1.75
2026-08-19T11:42:08.7468482Z   KERNEL_FULL_VER: android14-6.1.75
2026-08-19T11:42:08.7468877Z   SUSFS_KERNEL_BRANCH: gki-android14-6.1
2026-08-19T11:42:08.7469263Z ##[endgroup]
2026-08-19T11:42:08.7531959Z ##[group]Set build user/host
2026-08-19T11:42:08.7532250Z 
2026-08-19T11:42:08.7532585Z ✅ Build identity configured:
2026-08-19T11:42:08.7532945Z    User: OnePlus
2026-08-19T11:42:08.7533254Z    Host: ubuntu-build
2026-08-19T11:42:08.7533807Z ##[endgroup]
2026-08-19T11:42:08.7540167Z ##[end-action id=build.__run_9;outcome=success;conclusion=success;duration_ms=17]
2026-08-19T11:42:08.7542343Z ##[start-action display=Check or Detect Clang;id=build.__run_10]
2026-08-19T11:42:08.7557658Z ##[group]Run # Check or Detect Clang
2026-08-19T11:42:08.7558047Z [36;1m# Check or Detect Clang[0m
2026-08-19T11:42:08.7558321Z [36;1mset -euo pipefail[0m
2026-08-19T11:42:08.7558582Z [36;1mecho "::group::Detect Clang"[0m
2026-08-19T11:42:08.7558912Z [36;1mCLANG_FOUND=false[0m
2026-08-19T11:42:08.7559143Z [36;1mCLANG_BIN=""[0m
2026-08-19T11:42:08.7559364Z [36;1m[0m
2026-08-19T11:42:08.7559583Z [36;1mif [ -n "$OP_ZYC_COMPILER" ]; then[0m
2026-08-19T11:42:08.7559932Z [36;1m  # Priority 1: User explicitly wants ZyC compiler[0m
2026-08-19T11:42:08.7560389Z [36;1m  echo "OP_ZYC_COMPILER detected as download link: $OP_ZYC_COMPILER"[0m
2026-08-19T11:42:08.7560772Z [36;1m  [0m
2026-08-19T11:42:08.7561005Z [36;1m  ZYC_DIR="$CONFIG_FOLDER/compiler/zyc"[0m
2026-08-19T11:42:08.7561358Z [36;1m  TEMP_TAR="$CONFIG_FOLDER/compiler.tar.gz"[0m
2026-08-19T11:42:08.7561677Z [36;1m  mkdir -p "$ZYC_DIR"[0m
2026-08-19T11:42:08.7561923Z [36;1m  [0m
2026-08-19T11:42:08.7562155Z [36;1m  echo "Downloading ZyC Clang from link..."[0m
2026-08-19T11:42:08.7562453Z [36;1m  [0m
2026-08-19T11:42:08.7562648Z [36;1m  max_retries=5[0m
2026-08-19T11:42:08.7562882Z [36;1m  attempt=1[0m
2026-08-19T11:42:08.7563109Z [36;1m  download_success=false[0m
2026-08-19T11:42:08.7563534Z [36;1m  [0m
2026-08-19T11:42:08.7563773Z [36;1m  while [ $attempt -le $max_retries ]; do[0m
2026-08-19T11:42:08.7564141Z [36;1m    echo "Download attempt $attempt/$max_retries..."[0m
2026-08-19T11:42:08.7564579Z [36;1m    [0m
2026-08-19T11:42:08.7565048Z [36;1m    if curl -L --fail --retry 3 --retry-delay 5 --connect-timeout 60 -o "$TEMP_TAR" "$OP_ZYC_COMPILER"; then[0m
2026-08-19T11:42:08.7565580Z [36;1m        echo "Download successful."[0m
2026-08-19T11:42:08.7565877Z [36;1m        download_success=true[0m
2026-08-19T11:42:08.7566143Z [36;1m        break[0m
2026-08-19T11:42:08.7566355Z [36;1m    else[0m
2026-08-19T11:42:08.7566612Z [36;1m        echo "Download failed (attempt $attempt)."[0m
2026-08-19T11:42:08.7566947Z [36;1m        rm -f "$TEMP_TAR" 2>/dev/null[0m
2026-08-19T11:42:08.7567263Z [36;1m        if [ $attempt -eq $max_retries ]; then[0m
2026-08-19T11:42:08.7567697Z [36;1m            echo "Error: Failed to download ZyC Clang after $max_retries attempts."[0m
2026-08-19T11:42:08.7568130Z [36;1m            break[0m
2026-08-19T11:42:08.7568355Z [36;1m        fi[0m
2026-08-19T11:42:08.7568584Z [36;1m        attempt=$((attempt + 1))[0m
2026-08-19T11:42:08.7568860Z [36;1m        sleep 8[0m
2026-08-19T11:42:08.7569076Z [36;1m    fi[0m
2026-08-19T11:42:08.7569271Z [36;1m  done[0m
2026-08-19T11:42:08.7569460Z [36;1m[0m
2026-08-19T11:42:08.7569679Z [36;1m  if [ "$download_success" = true ]; then[0m
2026-08-19T11:42:08.7569968Z [36;1m    # Extract[0m
2026-08-19T11:42:08.7570349Z [36;1m    echo "Extracting to $ZYC_DIR ..."[0m
2026-08-19T11:42:08.7570719Z [36;1m    if tar -xzf "$TEMP_TAR" -C "$ZYC_DIR" 2>/dev/null; then[0m
2026-08-19T11:42:08.7571075Z [36;1m      # Symlink extraction fix[0m
2026-08-19T11:42:08.7571415Z [36;1m      tar -xzf "$TEMP_TAR" -C "$ZYC_DIR" 2>/dev/null || true[0m
2026-08-19T11:42:08.7571748Z [36;1m      # Cleanup[0m
2026-08-19T11:42:08.7571980Z [36;1m      rm -f "$TEMP_TAR"[0m
2026-08-19T11:42:08.7572226Z [36;1m      [0m
2026-08-19T11:42:08.7572434Z [36;1m      # Verify clang exists[0m
2026-08-19T11:42:08.7572720Z [36;1m      if [ -x "$ZYC_DIR/bin/clang" ]; then[0m
2026-08-19T11:42:08.7573021Z [36;1m          CLANG_BIN="$ZYC_DIR/bin"[0m
2026-08-19T11:42:08.7573304Z [36;1m          CLANG_FOUND=true[0m
2026-08-19T11:42:08.7573666Z [36;1m          echo "ZyC Clang successfully downloaded and extracted."[0m
2026-08-19T11:42:08.7574056Z [36;1m          echo "Using: $CLANG_BIN/clang"[0m
2026-08-19T11:42:08.7574344Z [36;1m      else[0m
2026-08-19T11:42:08.7575013Z [36;1m          echo "Warning: Extraction done, but clang binary not found at $ZYC_DIR/bin/clang"[0m
2026-08-19T11:42:08.7575460Z [36;1m      fi[0m
2026-08-19T11:42:08.7575657Z [36;1m    else[0m
2026-08-19T11:42:08.7575925Z [36;1m        echo "Error: Failed to extract the tar.gz file."[0m
2026-08-19T11:42:08.7576265Z [36;1m        rm -f "$TEMP_TAR"[0m
2026-08-19T11:42:08.7576514Z [36;1m    fi[0m
2026-08-19T11:42:08.7576733Z [36;1m  fi[0m
2026-08-19T11:42:08.7576934Z [36;1m[0m
2026-08-19T11:42:08.7577151Z [36;1melif [ -n "$OP_C_COMPILER" ]; then[0m
2026-08-19T11:42:08.7577503Z [36;1m  # Priority 2: User specified a custom C compiler[0m
2026-08-19T11:42:08.7577897Z [36;1m  if [ -x "$CONFIG_FOLDER/$OP_C_COMPILER/clang" ]; then[0m
2026-08-19T11:42:08.7578276Z [36;1m    CLANG_BIN="$CONFIG_FOLDER/$OP_C_COMPILER"[0m
2026-08-19T11:42:08.7578590Z [36;1m    CLANG_FOUND=true[0m
2026-08-19T11:42:08.7578831Z [36;1m  else[0m
2026-08-19T11:42:08.7579305Z [36;1m    echo "Warning: OP_C_COMPILER='$OP_C_COMPILER' but clang binary not found at $CONFIG_FOLDER/$OP_C_COMPILER/clang"[0m
2026-08-19T11:42:08.7579827Z [36;1m  fi[0m
2026-08-19T11:42:08.7580025Z [36;1mfi[0m
2026-08-19T11:42:08.7580215Z [36;1m[0m
2026-08-19T11:42:08.7580427Z [36;1mif [ "$CLANG_FOUND" = false ]; then[0m
2026-08-19T11:42:08.7580932Z [36;1m  # Priority 3: Auto-detect from prebuilts (when both variables are empty / user clang not found)[0m
2026-08-19T11:42:08.7581767Z [36;1m  for base in "$KERNEL_PLATFORM_FOLDER/prebuilts" "$KERNEL_PLATFORM_FOLDER/prebuilts-master"; do[0m
2026-08-19T11:42:08.7582295Z [36;1m    [ -d "$base/clang/host/linux-x86" ] || continue[0m
2026-08-19T11:42:08.7582809Z [36;1m    latest=$(ls -d "$base/clang/host/linux-x86/clang-r"* 2>/dev/null | sort -V | tail -n1 || true)[0m
2026-08-19T11:42:08.7583322Z [36;1m    if [ -n "$latest" ] && [ -x "$latest/bin/clang" ]; then[0m
2026-08-19T11:42:08.7583661Z [36;1m      CLANG_BIN="$latest/bin"[0m
2026-08-19T11:42:08.7583936Z [36;1m      CLANG_FOUND=true[0m
2026-08-19T11:42:08.7584183Z [36;1m      break[0m
2026-08-19T11:42:08.7584391Z [36;1m    fi[0m
2026-08-19T11:42:08.7584790Z [36;1m  done[0m
2026-08-19T11:42:08.7584978Z [36;1mfi[0m
2026-08-19T11:42:08.7585165Z [36;1m[0m
2026-08-19T11:42:08.7585476Z [36;1mif [ "$CLANG_FOUND" = false ] && command -v clang >/dev/null 2>&1; then[0m
2026-08-19T11:42:08.7585918Z [36;1m  # Priority 4: Fallback to system-installed clang[0m
2026-08-19T11:42:08.7586296Z [36;1m  CLANG_BIN="$(dirname "$(command -v clang)")"[0m
2026-08-19T11:42:08.7586624Z [36;1m  CLANG_FOUND=true[0m
2026-08-19T11:42:08.7586876Z [36;1m  echo "Using system clang."[0m
2026-08-19T11:42:08.7587134Z [36;1mfi[0m
2026-08-19T11:42:08.7587318Z [36;1m[0m
2026-08-19T11:42:08.7587631Z [36;1m[ "$CLANG_FOUND" = true ] || { echo "::error::No clang toolchain found"; exit 1; }[0m
2026-08-19T11:42:08.7588013Z [36;1m[0m
2026-08-19T11:42:08.7588263Z [36;1mecho "CLANG_BIN_PATH=$CLANG_BIN" >> "$GITHUB_ENV"[0m
2026-08-19T11:42:08.7588571Z [36;1m[0m
2026-08-19T11:42:08.7588976Z [36;1mCLANG_VERSION="$("$CLANG_BIN/clang" --version | head -n1)"[0m
2026-08-19T11:42:08.7589417Z [36;1mecho "CLANG_VERSION=$CLANG_VERSION" >> "$GITHUB_ENV"[0m
2026-08-19T11:42:08.7589742Z [36;1m[0m
2026-08-19T11:42:08.7589953Z [36;1mecho "Derive Clang fingerprint"[0m
2026-08-19T11:42:08.7590225Z [36;1m[0m
2026-08-19T11:42:08.7590567Z [36;1mshort="$("${CLANG_BIN}/clang" --version | sed -n '1s/.*clang-r\([0-9.]\+\).*/\1/p')"[0m
2026-08-19T11:42:08.7590983Z [36;1m[0m
2026-08-19T11:42:08.7591179Z [36;1mif [ -z "$short" ]; then[0m
2026-08-19T11:42:08.7591532Z [36;1m  short="$("${CLANG_BIN}/clang" --version | sha256sum | cut -c1-8)"[0m
2026-08-19T11:42:08.7592015Z [36;1m  echo "⚠️ Could not extract clang-r version, using hash: $short"[0m
2026-08-19T11:42:08.7592406Z [36;1melse[0m
2026-08-19T11:42:08.7592664Z [36;1m  echo "✅ Clang version fingerprint: $short"[0m
2026-08-19T11:42:08.7592969Z [36;1mfi[0m
2026-08-19T11:42:08.7593156Z [36;1m[0m
2026-08-19T11:42:08.7593416Z [36;1mecho "CLANG_VERSION_SHORT=$short" >> "$GITHUB_ENV"[0m
2026-08-19T11:42:08.7593759Z [36;1mecho "$CLANG_BIN" >> $GITHUB_PATH[0m
2026-08-19T11:42:08.7594111Z [36;1mecho "LIBCLANG_PATH=$CLANG_BIN/../lib" >> "$GITHUB_ENV"[0m
2026-08-19T11:42:08.7594620Z [36;1m[0m
2026-08-19T11:42:08.7594863Z [36;1mecho "✅ Detected Clang: $CLANG_VERSION"[0m
2026-08-19T11:42:08.7595172Z [36;1mecho "::endgroup::"[0m
2026-08-19T11:42:08.7632987Z shell: /usr/bin/bash --noprofile --norc -e -o pipefail {0}
2026-08-19T11:42:08.7633339Z env:
2026-08-19T11:42:08.7633702Z   CCACHE_DIR: /home/runner/work/OnePlus_KernelSU_SUSFS/OnePlus_KernelSU_SUSFS/.ccache
2026-08-19T11:42:08.7634138Z   CCACHE_MAXSIZE: 12G
2026-08-19T11:42:08.7634376Z   CCACHE_COMPILERCHECK: content
2026-08-19T11:42:08.7635079Z   CCACHE_BASEDIR: /home/runner/work/OnePlus_KernelSU_SUSFS/OnePlus_KernelSU_SUSFS
2026-08-19T11:42:08.7635498Z   CCACHE_NOHASHDIR: true
2026-08-19T11:42:08.7635749Z   CCACHE_IGNOREOPTIONS: --sysroot*
2026-08-19T11:42:08.7636031Z   CCACHE_COMPRESSION: true
2026-08-19T11:42:08.7636276Z   CCACHE_COMPRESSION_LEVEL: 3
2026-08-19T11:42:08.7636520Z   CCACHE_DIRECT: true
2026-08-19T11:42:08.7636741Z   CCACHE_FILE_CLONE: true
2026-08-19T11:42:08.7636971Z   CCACHE_INODE_CACHE: true
2026-08-19T11:42:08.7637209Z   CCACHE_IS_KERNEL_COMPILING: true
2026-08-19T11:42:08.7637460Z   CCACHE_UMASK: 002
2026-08-19T11:42:08.7637951Z   CCACHE_SLOPPINESS: file_macro,time_macros,include_file_mtime,include_file_ctime,pch_defines,system_headers,locale
2026-08-19T11:42:08.7638656Z   ACTION_REPO: 
2026-08-19T11:42:08.7638855Z   ACTION_REF: 
2026-08-19T11:42:08.7639072Z   OP_MODEL: OP-ACE-3-PRO-6.1.75
2026-08-19T11:42:08.7639335Z   OP_SOC: pineapple
2026-08-19T11:42:08.7639554Z   OP_BRANCH: wild/sm8650
2026-08-19T11:42:08.7639808Z   OP_MANIFEST: oneplus_ace3_pro_6.1.75_v.xml
2026-08-19T11:42:08.7640099Z   OP_ANDROID_VERSION: android14
2026-08-19T11:42:08.7640337Z   OP_KERNEL_VERSION: 6.1
2026-08-19T11:42:08.7640559Z   OP_OS_VERSION: A15
2026-08-19T11:42:08.7640777Z   OP_LTO: thin
2026-08-19T11:42:08.7640974Z   OP_ZYC_COMPILER: 
2026-08-19T11:42:08.7641341Z   OP_C_COMPILER: kernel_platform/prebuilts/clang/host/linux-x86/clang-r487747c/bin
2026-08-19T11:42:08.7641762Z   OP_RUST_COMPILER: 
2026-08-19T11:42:08.7641968Z   OP_BINDGEN: 
2026-08-19T11:42:08.7642160Z   OP_RUST_BUILD: false
2026-08-19T11:42:08.7642385Z   OP_DISK_CLEANUP: false
2026-08-19T11:42:08.7642603Z   OP_HMBIRD: false
2026-08-19T11:42:08.7642813Z   OP_SUSFS: true
2026-08-19T11:42:08.7643013Z   OP_OPT: true
2026-08-19T11:42:08.7643323Z   OP_DS: true
2026-08-19T11:42:08.7643518Z   OP_BBG: true
2026-08-19T11:42:08.7643710Z   OP_BBR: true
2026-08-19T11:42:08.7643898Z   OP_BBR3: true
2026-08-19T11:42:08.7644089Z   OP_TTL: true
2026-08-19T11:42:08.7644279Z   OP_IP_SET: true
2026-08-19T11:42:08.7644629Z   OP_UNICODE: true
2026-08-19T11:42:08.7644830Z   OP_NTSYNC: true
2026-08-19T11:42:08.7647002Z   OP_BLACKLIST_MODULES: kernelsu,oplus_security_guard,oplus_qr_scan,oplus_score,oplus_vip_task,oplus_dns_cache,oplus_network_linkpower_module,oplus_data_module,oplus_secure_harden,oplus_security_keventupload,oplus_secure_guard_new,oplus_secure_guard,coresight_tpda,coresight_tgu,coresight_trace_noc,coresight_cti,coresight_qmi,coresight_dummy,coresight_remote_etm,coresight_tpdm,coresight_uetm,coresight_stm,coresight_tmc_sec,f_fs_ipc_log,qcom_iommu_debug,qti_battery_debug,rdbg,stm_heartbeat,stm_p_ost,stm_core,stm_ftrace,stm_console,spmi_pmic_arb_debug
2026-08-19T11:42:08.7649100Z   OP_UNAME: OP-WILD
2026-08-19T11:42:08.7649328Z   CONFIG: OP-ACE-3-PRO-6.1.75
2026-08-19T11:42:08.7649582Z   REPO: /usr/local/bin/repo
2026-08-19T11:42:08.7650036Z   CONFIG_FOLDER: /home/runner/work/OnePlus_KernelSU_SUSFS/OnePlus_KernelSU_SUSFS/OP-ACE-3-PRO-6.1.75
2026-08-19T11:42:08.7650770Z   ARTIFACTS_FOLDER: /home/runner/work/OnePlus_KernelSU_SUSFS/OnePlus_KernelSU_SUSFS/OP-ACE-3-PRO-6.1.75/artifacts
2026-08-19T11:42:08.7651596Z   KERNEL_PLATFORM_FOLDER: /home/runner/work/OnePlus_KernelSU_SUSFS/OnePlus_KernelSU_SUSFS/OP-ACE-3-PRO-6.1.75/kernel_platform
2026-08-19T11:42:08.7652489Z   COMMON_KERNEL_FOLDER: /home/runner/work/OnePlus_KernelSU_SUSFS/OnePlus_KernelSU_SUSFS/OP-ACE-3-PRO-6.1.75/kernel_platform/common
2026-08-19T11:42:08.7653377Z   MSM_KERNEL_FOLDER: /home/runner/work/OnePlus_KernelSU_SUSFS/OnePlus_KernelSU_SUSFS/OP-ACE-3-PRO-6.1.75/kernel_platform/msm-kernel
2026-08-19T11:42:08.7654187Z   AK3_FOLDER: /home/runner/work/OnePlus_KernelSU_SUSFS/OnePlus_KernelSU_SUSFS/OP-ACE-3-PRO-6.1.75/AnyKernel3
2026-08-19T11:42:08.7655076Z   DEBUG_ARTIFACTS_FOLDER: /home/runner/work/OnePlus_KernelSU_SUSFS/OnePlus_KernelSU_SUSFS/debug_artifacts
2026-08-19T11:42:08.7655787Z   KERNEL_PATCHES_FOLDER: /home/runner/work/OnePlus_KernelSU_SUSFS/OnePlus_KernelSU_SUSFS/kernel_patches
2026-08-19T11:42:08.7656433Z   SUSFS_FOLDER: /home/runner/work/OnePlus_KernelSU_SUSFS/OnePlus_KernelSU_SUSFS/susfs4ksu
2026-08-19T11:42:08.7657150Z   KSU_FOLDER: /home/runner/work/OnePlus_KernelSU_SUSFS/OnePlus_KernelSU_SUSFS/OP-ACE-3-PRO-6.1.75/kernel_platform/KernelSU
2026-08-19T11:42:08.7658007Z   KSUN_FOLDER: /home/runner/work/OnePlus_KernelSU_SUSFS/OnePlus_KernelSU_SUSFS/OP-ACE-3-PRO-6.1.75/kernel_platform/KernelSU-Next
2026-08-19T11:42:08.7658616Z   DEBUG_ZIP_NAME: debug_OP-ACE-3-PRO-6.1.75_A15.zip
2026-08-19T11:42:08.7658963Z   ANDROID_VER: android14
2026-08-19T11:42:08.7659194Z   KERNEL_VER: 6.1
2026-08-19T11:42:08.7659406Z   TKERNEL_VER: 6.1.75
2026-08-19T11:42:08.7659641Z   KERNEL_FULL_VER: android14-6.1.75
2026-08-19T11:42:08.7660061Z   SUSFS_KERNEL_BRANCH: gki-android14-6.1
2026-08-19T11:42:08.7660341Z   BUILD_USER: OnePlus
2026-08-19T11:42:08.7660563Z   BUILD_HOST: ubuntu-build
2026-08-19T11:42:08.7660806Z ##[endgroup]
2026-08-19T11:42:08.7721975Z ##[group]Detect Clang
2026-08-19T11:42:08.8059448Z Derive Clang fingerprint
2026-08-19T11:42:08.8275623Z ⚠️ Could not extract clang-r version, using hash: 4e90edd6
2026-08-19T11:42:08.8277126Z ✅ Detected Clang: Android (10087095, +pgo, +bolt, +lto, -mlgo, based on r487747c) clang version 17.0.2 (https://android.googlesource.com/toolchain/llvm-project d9f89f4d16663d5012e5c09495f3b30ece3d2362)
2026-08-19T11:42:08.8278872Z ##[endgroup]
2026-08-19T11:42:08.8285384Z ##[end-action id=build.__run_10;outcome=success;conclusion=success;duration_ms=74]
2026-08-19T11:42:08.8288176Z ##[start-action display=Check or Detect Rust & bindgen;id=build.__run_11]
2026-08-19T11:42:08.8307885Z ##[end-action id=build.__run_11;outcome=skipped;conclusion=skipped;duration_ms=0]
2026-08-19T11:42:08.8310086Z ##[start-action display=Install bindgen only (no rustc);id=build.__run_12]
2026-08-19T11:42:08.8316503Z ##[end-action id=build.__run_12;outcome=skipped;conclusion=skipped;duration_ms=0]
2026-08-19T11:42:08.8318610Z ##[start-action display=Test Rust & bindgen;id=build.__run_13]
2026-08-19T11:42:08.8322144Z ##[end-action id=build.__run_13;outcome=skipped;conclusion=skipped;duration_ms=0]
2026-08-19T11:42:08.8324114Z ##[start-action display=Restore ccache cache;id=build.restore-ccache-cache]
2026-08-19T11:42:08.8345989Z ##[end-action id=build.restore-ccache-cache;outcome=skipped;conclusion=skipped;duration_ms=0]
2026-08-19T11:42:08.8348181Z ##[start-action display=Check and Prepare Caches;id=build.__run_14]
2026-08-19T11:42:08.8364680Z ##[group]Run echo "::group::Check ccache"
2026-08-19T11:42:08.8365075Z [36;1mecho "::group::Check ccache"[0m
2026-08-19T11:42:08.8365364Z [36;1mset -euo pipefail[0m
2026-08-19T11:42:08.8365608Z [36;1m[0m
2026-08-19T11:42:08.8365846Z [36;1mecho "/usr/lib/ccache" >> $GITHUB_PATH[0m
2026-08-19T11:42:08.8366169Z [36;1m[0m
2026-08-19T11:42:08.8366401Z [36;1mecho "Current ccache configuration:"[0m
2026-08-19T11:42:08.8366719Z [36;1mccache -p[0m
2026-08-19T11:42:08.8366944Z [36;1m[0m
2026-08-19T11:42:08.8367380Z [36;1mif [ -d "$CCACHE_DIR" ] && find "$CCACHE_DIR" -maxdepth 2 -type f -print -quit 2>/dev/null | grep -q .; then[0m
2026-08-19T11:42:08.8367902Z [36;1m  echo "✅ Restored cache found"[0m
2026-08-19T11:42:08.8368182Z [36;1m  echo ""[0m
2026-08-19T11:42:08.8368433Z [36;1m  echo "Pre-build cache statistics:"[0m
2026-08-19T11:42:08.8368743Z [36;1m  ccache -s | head -n 20[0m
2026-08-19T11:42:08.8369000Z [36;1m  [0m
2026-08-19T11:42:08.8369260Z [36;1m  echo "Updating atime to achive cache eviction"[0m
2026-08-19T11:42:08.8369964Z [36;1m  find /home/runner/work/OnePlus_KernelSU_SUSFS/OnePlus_KernelSU_SUSFS/.ccache -type f -exec touch -t $(date -d "1 day ago" +%Y%m%d%H%M) {} +[0m
2026-08-19T11:42:08.8370592Z [36;1melse[0m
2026-08-19T11:42:08.8370883Z [36;1m  echo "⚠️ No existing cache - building from scratch"[0m
2026-08-19T11:42:08.8371309Z [36;1m  echo "Cache will be populated for future builds"[0m
2026-08-19T11:42:08.8371626Z [36;1mfi[0m
2026-08-19T11:42:08.8371816Z [36;1m[0m
2026-08-19T11:42:08.8372007Z [36;1mccache -z[0m
2026-08-19T11:42:08.8372242Z [36;1mrm -f "$CCACHE_DIR/ccache.log"[0m
2026-08-19T11:42:08.8372506Z [36;1m[0m
2026-08-19T11:42:08.8372718Z [36;1m# Blacklist Risky files from ccache[0m
2026-08-19T11:42:08.8373149Z [36;1msed -i '1i // CI_RUN_ID: 32248806541' "$COMMON_KERNEL_FOLDER/kernel/configs.c"[0m
2026-08-19T11:42:08.8373676Z [36;1msed -i '1i // ccache:disable' "$COMMON_KERNEL_FOLDER/kernel/configs.c"[0m
2026-08-19T11:42:08.8374057Z [36;1m[0m
2026-08-19T11:42:08.8374651Z [36;1mif head -n 1 "$COMMON_KERNEL_FOLDER/kernel/configs.c" | grep -q "// ccache:disable"; then[0m
2026-08-19T11:42:08.8375193Z [36;1m    echo "Success: ccache is disabled for this file!"[0m
2026-08-19T11:42:08.8375721Z [36;1melse[0m
2026-08-19T11:42:08.8376009Z [36;1m    echo "Error: Modification failed or line is missing."[0m
2026-08-19T11:42:08.8376347Z [36;1mfi[0m
2026-08-19T11:42:08.8376540Z [36;1m[0m
2026-08-19T11:42:08.8376740Z [36;1mecho "::endgroup::"[0m
2026-08-19T11:42:08.8419438Z shell: /usr/bin/bash --noprofile --norc -e -o pipefail {0}
2026-08-19T11:42:08.8419795Z env:
2026-08-19T11:42:08.8420157Z   CCACHE_DIR: /home/runner/work/OnePlus_KernelSU_SUSFS/OnePlus_KernelSU_SUSFS/.ccache
2026-08-19T11:42:08.8420600Z   CCACHE_MAXSIZE: 12G
2026-08-19T11:42:08.8420850Z   CCACHE_COMPILERCHECK: content
2026-08-19T11:42:08.8421253Z   CCACHE_BASEDIR: /home/runner/work/OnePlus_KernelSU_SUSFS/OnePlus_KernelSU_SUSFS
2026-08-19T11:42:08.8421678Z   CCACHE_NOHASHDIR: true
2026-08-19T11:42:08.8421933Z   CCACHE_IGNOREOPTIONS: --sysroot*
2026-08-19T11:42:08.8422204Z   CCACHE_COMPRESSION: true
2026-08-19T11:42:08.8422446Z   CCACHE_COMPRESSION_LEVEL: 3
2026-08-19T11:42:08.8422693Z   CCACHE_DIRECT: true
2026-08-19T11:42:08.8422921Z   CCACHE_FILE_CLONE: true
2026-08-19T11:42:08.8423149Z   CCACHE_INODE_CACHE: true
2026-08-19T11:42:08.8423395Z   CCACHE_IS_KERNEL_COMPILING: true
2026-08-19T11:42:08.8423653Z   CCACHE_UMASK: 002
2026-08-19T11:42:08.8424143Z   CCACHE_SLOPPINESS: file_macro,time_macros,include_file_mtime,include_file_ctime,pch_defines,system_headers,locale
2026-08-19T11:42:08.8424900Z   ACTION_REPO: 
2026-08-19T11:42:08.8425106Z   ACTION_REF: 
2026-08-19T11:42:08.8425326Z   OP_MODEL: OP-ACE-3-PRO-6.1.75
2026-08-19T11:42:08.8425585Z   OP_SOC: pineapple
2026-08-19T11:42:08.8425968Z   OP_BRANCH: wild/sm8650
2026-08-19T11:42:08.8426231Z   OP_MANIFEST: oneplus_ace3_pro_6.1.75_v.xml
2026-08-19T11:42:08.8426536Z   OP_ANDROID_VERSION: android14
2026-08-19T11:42:08.8426791Z   OP_KERNEL_VERSION: 6.1
2026-08-19T11:42:08.8427012Z   OP_OS_VERSION: A15
2026-08-19T11:42:08.8427230Z   OP_LTO: thin
2026-08-19T11:42:08.8427431Z   OP_ZYC_COMPILER: 
2026-08-19T11:42:08.8427797Z   OP_C_COMPILER: kernel_platform/prebuilts/clang/host/linux-x86/clang-r487747c/bin
2026-08-19T11:42:08.8428219Z   OP_RUST_COMPILER: 
2026-08-19T11:42:08.8428432Z   OP_BINDGEN: 
2026-08-19T11:42:08.8428631Z   OP_RUST_BUILD: false
2026-08-19T11:42:08.8428859Z   OP_DISK_CLEANUP: false
2026-08-19T11:42:08.8429084Z   OP_HMBIRD: false
2026-08-19T11:42:08.8429298Z   OP_SUSFS: true
2026-08-19T11:42:08.8429500Z   OP_OPT: true
2026-08-19T11:42:08.8429693Z   OP_DS: true
2026-08-19T11:42:08.8429887Z   OP_BBG: true
2026-08-19T11:42:08.8430087Z   OP_BBR: true
2026-08-19T11:42:08.8430279Z   OP_BBR3: true
2026-08-19T11:42:08.8430474Z   OP_TTL: true
2026-08-19T11:42:08.8430672Z   OP_IP_SET: true
2026-08-19T11:42:08.8430878Z   OP_UNICODE: true
2026-08-19T11:42:08.8431087Z   OP_NTSYNC: true
2026-08-19T11:42:08.8433110Z   OP_BLACKLIST_MODULES: kernelsu,oplus_security_guard,oplus_qr_scan,oplus_score,oplus_vip_task,oplus_dns_cache,oplus_network_linkpower_module,oplus_data_module,oplus_secure_harden,oplus_security_keventupload,oplus_secure_guard_new,oplus_secure_guard,coresight_tpda,coresight_tgu,coresight_trace_noc,coresight_cti,coresight_qmi,coresight_dummy,coresight_remote_etm,coresight_tpdm,coresight_uetm,coresight_stm,coresight_tmc_sec,f_fs_ipc_log,qcom_iommu_debug,qti_battery_debug,rdbg,stm_heartbeat,stm_p_ost,stm_core,stm_ftrace,stm_console,spmi_pmic_arb_debug
2026-08-19T11:42:08.8435351Z   OP_UNAME: OP-WILD
2026-08-19T11:42:08.8435583Z   CONFIG: OP-ACE-3-PRO-6.1.75
2026-08-19T11:42:08.8435843Z   REPO: /usr/local/bin/repo
2026-08-19T11:42:08.8436299Z   CONFIG_FOLDER: /home/runner/work/OnePlus_KernelSU_SUSFS/OnePlus_KernelSU_SUSFS/OP-ACE-3-PRO-6.1.75
2026-08-19T11:42:08.8437035Z   ARTIFACTS_FOLDER: /home/runner/work/OnePlus_KernelSU_SUSFS/OnePlus_KernelSU_SUSFS/OP-ACE-3-PRO-6.1.75/artifacts
2026-08-19T11:42:08.8437849Z   KERNEL_PLATFORM_FOLDER: /home/runner/work/OnePlus_KernelSU_SUSFS/OnePlus_KernelSU_SUSFS/OP-ACE-3-PRO-6.1.75/kernel_platform
2026-08-19T11:42:08.8438713Z   COMMON_KERNEL_FOLDER: /home/runner/work/OnePlus_KernelSU_SUSFS/OnePlus_KernelSU_SUSFS/OP-ACE-3-PRO-6.1.75/kernel_platform/common
2026-08-19T11:42:08.8439794Z   MSM_KERNEL_FOLDER: /home/runner/work/OnePlus_KernelSU_SUSFS/OnePlus_KernelSU_SUSFS/OP-ACE-3-PRO-6.1.75/kernel_platform/msm-kernel
2026-08-19T11:42:08.8440601Z   AK3_FOLDER: /home/runner/work/OnePlus_KernelSU_SUSFS/OnePlus_KernelSU_SUSFS/OP-ACE-3-PRO-6.1.75/AnyKernel3
2026-08-19T11:42:08.8441317Z   DEBUG_ARTIFACTS_FOLDER: /home/runner/work/OnePlus_KernelSU_SUSFS/OnePlus_KernelSU_SUSFS/debug_artifacts
2026-08-19T11:42:08.8442024Z   KERNEL_PATCHES_FOLDER: /home/runner/work/OnePlus_KernelSU_SUSFS/OnePlus_KernelSU_SUSFS/kernel_patches
2026-08-19T11:42:08.8442672Z   SUSFS_FOLDER: /home/runner/work/OnePlus_KernelSU_SUSFS/OnePlus_KernelSU_SUSFS/susfs4ksu
2026-08-19T11:42:08.8443385Z   KSU_FOLDER: /home/runner/work/OnePlus_KernelSU_SUSFS/OnePlus_KernelSU_SUSFS/OP-ACE-3-PRO-6.1.75/kernel_platform/KernelSU
2026-08-19T11:42:08.8444237Z   KSUN_FOLDER: /home/runner/work/OnePlus_KernelSU_SUSFS/OnePlus_KernelSU_SUSFS/OP-ACE-3-PRO-6.1.75/kernel_platform/KernelSU-Next
2026-08-19T11:42:08.8445091Z   DEBUG_ZIP_NAME: debug_OP-ACE-3-PRO-6.1.75_A15.zip
2026-08-19T11:42:08.8445410Z   ANDROID_VER: android14
2026-08-19T11:42:08.8445641Z   KERNEL_VER: 6.1
2026-08-19T11:42:08.8445846Z   TKERNEL_VER: 6.1.75
2026-08-19T11:42:08.8446075Z   KERNEL_FULL_VER: android14-6.1.75
2026-08-19T11:42:08.8446363Z   SUSFS_KERNEL_BRANCH: gki-android14-6.1
2026-08-19T11:42:08.8446636Z   BUILD_USER: OnePlus
2026-08-19T11:42:08.8446849Z   BUILD_HOST: ubuntu-build
2026-08-19T11:42:08.8447663Z   CLANG_BIN_PATH: /home/runner/work/OnePlus_KernelSU_SUSFS/OnePlus_KernelSU_SUSFS/OP-ACE-3-PRO-6.1.75/kernel_platform/prebuilts/clang/host/linux-x86/clang-r487747c/bin
2026-08-19T11:42:08.8448931Z   CLANG_VERSION: Android (10087095, +pgo, +bolt, +lto, -mlgo, based on r487747c) clang version 17.0.2 (https://android.googlesource.com/toolchain/llvm-project d9f89f4d16663d5012e5c09495f3b30ece3d2362)
2026-08-19T11:42:08.8449718Z   CLANG_VERSION_SHORT: 4e90edd6
2026-08-19T11:42:08.8450431Z   LIBCLANG_PATH: /home/runner/work/OnePlus_KernelSU_SUSFS/OnePlus_KernelSU_SUSFS/OP-ACE-3-PRO-6.1.75/kernel_platform/prebuilts/clang/host/linux-x86/clang-r487747c/bin/../lib
2026-08-19T11:42:08.8451157Z ##[endgroup]
2026-08-19T11:42:08.8515677Z ##[group]Check ccache
2026-08-19T11:42:08.8516013Z Current ccache configuration:
2026-08-19T11:42:08.8536917Z (default) absolute_paths_in_stderr = false
2026-08-19T11:42:08.8537672Z (environment) base_dir = /home/runner/work/OnePlus_KernelSU_SUSFS/OnePlus_KernelSU_SUSFS
2026-08-19T11:42:08.8538537Z (environment) cache_dir = /home/runner/work/OnePlus_KernelSU_SUSFS/OnePlus_KernelSU_SUSFS/.ccache
2026-08-19T11:42:08.8539313Z (default) compiler = 
2026-08-19T11:42:08.8539686Z (environment) compiler_check = content
2026-08-19T11:42:08.8540128Z (default) compiler_type = auto
2026-08-19T11:42:08.8540523Z (default) compression = true
2026-08-19T11:42:08.8540899Z (default) compression_level = 0
2026-08-19T11:42:08.8541291Z (default) cpp_extension = 
2026-08-19T11:42:08.8541652Z (default) debug = false
2026-08-19T11:42:08.8542006Z (default) debug_dir = 
2026-08-19T11:42:08.8542325Z (default) debug_level = 2
2026-08-19T11:42:08.8542570Z (default) depend_mode = false
2026-08-19T11:42:08.8542825Z (environment) direct_mode = true
2026-08-19T11:42:08.8543075Z (default) disable = false
2026-08-19T11:42:08.8543302Z (default) extra_files_to_hash = 
2026-08-19T11:42:08.8543544Z (default) file_clone = false
2026-08-19T11:42:08.8543780Z (default) hard_link = false
2026-08-19T11:42:08.8544018Z (environment) hash_dir = false
2026-08-19T11:42:08.8544276Z (default) ignore_headers_in_manifest = 
2026-08-19T11:42:08.8544790Z (environment) ignore_options = --sysroot*
2026-08-19T11:42:08.8545093Z (default) inode_cache = true
2026-08-19T11:42:08.8545346Z (default) keep_comments_cpp = false
2026-08-19T11:42:08.8545606Z (default) log_file = 
2026-08-19T11:42:08.8545823Z (default) max_files = 0
2026-08-19T11:42:08.8546048Z (environment) max_size = 12.0 GB
2026-08-19T11:42:08.8546333Z (default) msvc_dep_prefix = Note: including file:
2026-08-19T11:42:08.8546957Z (default) namespace = 
2026-08-19T11:42:08.8547177Z (default) path = 
2026-08-19T11:42:08.8547401Z (default) pch_external_checksum = false
2026-08-19T11:42:08.8547678Z (default) prefix_command = 
2026-08-19T11:42:08.8547921Z (default) prefix_command_cpp = 
2026-08-19T11:42:08.8548169Z (default) read_only = false
2026-08-19T11:42:08.8548408Z (default) read_only_direct = false
2026-08-19T11:42:08.8548665Z (default) recache = false
2026-08-19T11:42:08.8548910Z (default) remote_only = false
2026-08-19T11:42:08.8549157Z (default) remote_storage = 
2026-08-19T11:42:08.8549390Z (default) reshare = false
2026-08-19T11:42:08.8549627Z (default) run_second_cpp = true
2026-08-19T11:42:08.8550146Z (environment) sloppiness = include_file_ctime, include_file_mtime, locale, pch_defines, system_headers, time_macros
2026-08-19T11:42:08.8550671Z (default) stats = true
2026-08-19T11:42:08.8550887Z (default) stats_log = 
2026-08-19T11:42:08.8551150Z (default) temporary_dir = /run/user/1001/ccache-tmp
2026-08-19T11:42:08.8551481Z (environment) umask = 002
2026-08-19T11:42:08.8559463Z ⚠️ No existing cache - building from scratch
2026-08-19T11:42:08.8559989Z Cache will be populated for future builds
2026-08-19T11:42:08.8998185Z Statistics zeroed
2026-08-19T11:42:08.9061956Z Success: ccache is disabled for this file!
2026-08-19T11:42:08.9062843Z ##[endgroup]
2026-08-19T11:42:08.9069859Z ##[end-action id=build.__run_14;outcome=success;conclusion=success;duration_ms=72]
2026-08-19T11:42:08.9072606Z ##[start-action display=Fetch SusFS and Other Dependencies;id=build.__run_15]
2026-08-19T11:42:08.9100454Z ##[group]Run echo "::group::Fetch dependencies"
2026-08-19T11:42:08.9101086Z [36;1mecho "::group::Fetch dependencies"[0m
2026-08-19T11:42:08.9101392Z [36;1mset -euo pipefail[0m
2026-08-19T11:42:08.9101711Z [36;1mecho "Fetching SusFS and other dependencies..."[0m
2026-08-19T11:42:08.9102038Z [36;1m[0m
2026-08-19T11:42:08.9102220Z [36;1m[0m
2026-08-19T11:42:08.9102412Z [36;1mif [ "true" = true ]; then[0m
2026-08-19T11:42:08.9102722Z [36;1m  # Determine SUSFS branch/commit to use[0m
2026-08-19T11:42:08.9103019Z [36;1m  SUSFS_INPUT=""[0m
2026-08-19T11:42:08.9103239Z [36;1m  [0m
2026-08-19T11:42:08.9103490Z [36;1m  # Default SUSFS branches for each kernel version[0m
2026-08-19T11:42:08.9103833Z [36;1m  declare -A DEFAULT_SUSFS=([0m
2026-08-19T11:42:08.9104137Z [36;1m    ["android12-5.10"]="gki-android12-5.10"[0m
2026-08-19T11:42:08.9104796Z [36;1m    ["android13-5.15"]="gki-android13-5.15"[0m
2026-08-19T11:42:08.9105124Z [36;1m    ["android14-6.1"]="gki-android14-6.1"[0m
2026-08-19T11:42:08.9105447Z [36;1m    ["android15-6.6"]="gki-android15-6.6"[0m
2026-08-19T11:42:08.9105762Z [36;1m    ["android16-6.12"]="gki-android16-6.12"[0m
2026-08-19T11:42:08.9106047Z [36;1m  )[0m
2026-08-19T11:42:08.9106235Z [36;1m  [0m
2026-08-19T11:42:08.9106447Z [36;1m  # Determine which SUSFS ref to use[0m
2026-08-19T11:42:08.9106745Z [36;1m  KERNEL_KEY="android14-6.1"[0m
2026-08-19T11:42:08.9107028Z [36;1m  if [ -z "$SUSFS_INPUT" ]; then[0m
2026-08-19T11:42:08.9107332Z [36;1m    # use kernel-specific default[0m
2026-08-19T11:42:08.9107719Z [36;1m    SUSFS_BRANCH="${DEFAULT_SUSFS[$KERNEL_KEY]:-gki-android15-6.6}"[0m
2026-08-19T11:42:08.9108241Z [36;1m    echo "ℹ️  Using default SUSFS branch for $KERNEL_KEY: $SUSFS_BRANCH"[0m
2026-08-19T11:42:08.9108647Z [36;1m  else[0m
2026-08-19T11:42:08.9108926Z [36;1m    # 40-char hash or branch/commit passed directly[0m
2026-08-19T11:42:08.9109290Z [36;1m    SUSFS_BRANCH="$SUSFS_INPUT"[0m
2026-08-19T11:42:08.9109653Z [36;1m    echo "🔧 Using resolved SUSFS ref: $SUSFS_BRANCH"[0m
2026-08-19T11:42:08.9109992Z [36;1m  fi[0m
2026-08-19T11:42:08.9110197Z [36;1mfi[0m
2026-08-19T11:42:08.9110390Z [36;1m[0m
2026-08-19T11:42:08.9130152Z [36;1mretry_fetch_archive() {[0m
2026-08-19T11:42:08.9130470Z [36;1m  local url="$1"[0m
2026-08-19T11:42:08.9130718Z [36;1m  local branch="${2:-main}"[0m
2026-08-19T11:42:08.9130987Z [36;1m  local max_attempts=3[0m
2026-08-19T11:42:08.9131447Z [36;1m  local attempt=1[0m
2026-08-19T11:42:08.9131672Z [36;1m  [0m
2026-08-19T11:42:08.9131898Z [36;1m  local repo_name=$(basename "$url" .git)[0m
2026-08-19T11:42:08.9132239Z [36;1m  local safe_branch=$(echo "$branch" | tr '/' '_')[0m
2026-08-19T11:42:08.9132623Z [36;1m  local archive_name="${repo_name}_${safe_branch}.tar.gz"[0m
2026-08-19T11:42:08.9132984Z [36;1m  local shm_path="/dev/shm/$archive_name"[0m
2026-08-19T11:42:08.9133260Z [36;1m  [0m
2026-08-19T11:42:08.9133484Z [36;1m  local nproc=$(nproc 2>/dev/null || echo 4)[0m
2026-08-19T11:42:08.9133762Z [36;1m  [0m
2026-08-19T11:42:08.9134013Z [36;1m  local aria_log_flags="--quiet --summary-interval=0"[0m
2026-08-19T11:42:08.9134335Z [36;1m  if [ "true" = "true" ]; then[0m
2026-08-19T11:42:08.9134960Z [36;1m      aria_log_flags="--summary-interval=5" # Show progress every 5s in debug[0m
2026-08-19T11:42:08.9135340Z [36;1m  fi[0m
2026-08-19T11:42:08.9135520Z [36;1m  [0m
2026-08-19T11:42:08.9135710Z [36;1m  local aria2_headers=([0m
2026-08-19T11:42:08.9136279Z [36;1m    "--header=User-Agent: Mozilla/5.0 (Windows NT 10.0; Win64; x64) AppleWebKit/537.36 (KHTML, like Gecko) Chrome/120.0.0.0 Safari/537.36"[0m
2026-08-19T11:42:08.9136843Z [36;1m    "--header=Accept: */*"[0m
2026-08-19T11:42:08.9137117Z [36;1m    "--header=Connection: keep-alive"[0m
2026-08-19T11:42:08.9137378Z [36;1m  )[0m
2026-08-19T11:42:08.9137551Z [36;1m  [0m
2026-08-19T11:42:08.9137734Z [36;1m  local download_url=""[0m
2026-08-19T11:42:08.9137994Z [36;1m  if [[ "$url" == *"github.com"* ]]; then[0m
2026-08-19T11:42:08.9138504Z [36;1m      download_url="${url%.git}/archive/refs/heads/${branch}.tar.gz"[0m
2026-08-19T11:42:08.9138908Z [36;1m  elif [[ "$url" == *"gitlab.com"* ]]; then[0m
2026-08-19T11:42:08.9139310Z [36;1m      download_url="${url%.git}/-/archive/${branch}/${repo_name}-${branch}.tar.gz"[0m
2026-08-19T11:42:08.9139680Z [36;1m  else[0m
2026-08-19T11:42:08.9139908Z [36;1m      echo "::error::Unsupported host: $url"[0m
2026-08-19T11:42:08.9140187Z [36;1m      return 1[0m
2026-08-19T11:42:08.9140390Z [36;1m  fi[0m
2026-08-19T11:42:08.9140568Z [36;1m  [0m
2026-08-19T11:42:08.9140798Z [36;1m  while [ $attempt -le $max_attempts ]; do[0m
2026-08-19T11:42:08.9141240Z [36;1m      echo " Attempt $attempt/$max_attempts: High-speed fetch for $repo_name ($branch)"[0m
2026-08-19T11:42:08.9141642Z [36;1m      [0m
2026-08-19T11:42:08.9142281Z [36;1m      if aria2c -x16 -s16 -j16 -k1M --retry-wait=2 --max-tries=5 -d "/dev/shm" -o "$archive_name" --allow-overwrite=true "${aria2_headers[@]}" $aria_log_flags "$download_url"; then[0m
2026-08-19T11:42:08.9142963Z [36;1m          mkdir -p "$repo_name"[0m
2026-08-19T11:42:08.9143511Z [36;1m          if tar -I "pigz -p $nproc -b 256" -x --record-size=1M -f "$shm_path" -C "$repo_name" --strip-components=1 --no-same-owner; then[0m
2026-08-19T11:42:08.9144074Z [36;1m              echo "✅ Success: $repo_name synced"[0m
2026-08-19T11:42:08.9144376Z [36;1m              rm -f "$shm_path"[0m
2026-08-19T11:42:08.9145169Z [36;1m              return 0[0m
2026-08-19T11:42:08.9145410Z [36;1m          fi[0m
2026-08-19T11:42:08.9145619Z [36;1m      fi[0m
2026-08-19T11:42:08.9145814Z [36;1m      [0m
2026-08-19T11:42:08.9146134Z [36;1m      echo "⚠️ Attempt $attempt failed, clearing RAM and retrying..."[0m
2026-08-19T11:42:08.9146574Z [36;1m      rm -rf "$repo_name" "$shm_path" 2>/dev/null[0m
2026-08-19T11:42:08.9146875Z [36;1m      sleep 5[0m
2026-08-19T11:42:08.9147119Z [36;1m      attempt=$((attempt + 1))[0m
2026-08-19T11:42:08.9147374Z [36;1m  done[0m
2026-08-19T11:42:08.9147572Z [36;1m  [0m
2026-08-19T11:42:08.9147812Z [36;1m  echo "::error::All attempts failed for $url"[0m
2026-08-19T11:42:08.9148105Z [36;1m  return 1[0m
2026-08-19T11:42:08.9148304Z [36;1m}[0m
2026-08-19T11:42:08.9148493Z [36;1m[0m
2026-08-19T11:42:08.9148683Z [36;1mretry_clone() {[0m
2026-08-19T11:42:08.9148912Z [36;1m  local url="$1"[0m
2026-08-19T11:42:08.9149149Z [36;1m  local branch="${2:-main}"[0m
2026-08-19T11:42:08.9149555Z [36;1m  local depth="${3:-1}"[0m
2026-08-19T11:42:08.9149826Z [36;1m  local dir="$(basename "$url" .git)"[0m
2026-08-19T11:42:08.9150115Z [36;1m  local max_attempts=3[0m
2026-08-19T11:42:08.9150366Z [36;1m  local attempt=1[0m
2026-08-19T11:42:08.9150592Z [36;1m  [0m
2026-08-19T11:42:08.9150794Z [36;1m  # Build git clone args[0m
2026-08-19T11:42:08.9151068Z [36;1m  local clone_args=(--branch "$branch")[0m
2026-08-19T11:42:08.9151392Z [36;1m  if [ "$depth" != "0" ] && [ -n "$depth" ]; then[0m
2026-08-19T11:42:08.9151702Z [36;1m    clone_args+=(--depth "$depth")[0m
2026-08-19T11:42:08.9151971Z [36;1m  fi[0m
2026-08-19T11:42:08.9152159Z [36;1m  [0m
2026-08-19T11:42:08.9152386Z [36;1m  while [ $attempt -le $max_attempts ]; do[0m
2026-08-19T11:42:08.9152855Z [36;1m    echo "🔄 Attempt $attempt/$max_attempts: cloning $url ($branch)${depth:+ [depth=$depth]}"[0m
2026-08-19T11:42:08.9153287Z [36;1m    [0m
2026-08-19T11:42:08.9153505Z [36;1m    # Clone with dynamic args[0m
2026-08-19T11:42:08.9153824Z [36;1m    git clone "${clone_args[@]}" "$url" "$dir" && {[0m
2026-08-19T11:42:08.9154132Z [36;1m      echo "✅ Success"[0m
2026-08-19T11:42:08.9154376Z [36;1m      return 0[0m
2026-08-19T11:42:08.9154795Z [36;1m    }[0m
2026-08-19T11:42:08.9154988Z [36;1m    [0m
2026-08-19T11:42:08.9155210Z [36;1m    echo "❌ Failed, cleaning up..."[0m
2026-08-19T11:42:08.9155497Z [36;1m    rm -rf "$dir" 2>/dev/null[0m
2026-08-19T11:42:08.9155764Z [36;1m    sleep $((attempt++ * 5))[0m
2026-08-19T11:42:08.9156011Z [36;1m  done[0m
2026-08-19T11:42:08.9156343Z [36;1m  [0m
2026-08-19T11:42:08.9156560Z [36;1m  echo "💥 All attempts failed"[0m
2026-08-19T11:42:08.9156829Z [36;1m  return 1[0m
2026-08-19T11:42:08.9157038Z [36;1m}[0m
2026-08-19T11:42:08.9157224Z [36;1m[0m
2026-08-19T11:42:08.9157573Z [36;1mretry_clone "https://github.com/WildKernels/kernel_patches.git" "main" "1"[0m
2026-08-19T11:42:08.9157968Z [36;1m[0m
2026-08-19T11:42:08.9158173Z [36;1mif [ "true" = true ]; then[0m
2026-08-19T11:42:08.9158482Z [36;1m  echo "Using SUSFS branch/commit: $SUSFS_BRANCH"[0m
2026-08-19T11:42:08.9158979Z [36;1m  if ! retry_fetch_archive "https://gitlab.com/simonpunk/susfs4ksu.git" "$SUSFS_BRANCH"; then[0m
2026-08-19T11:42:08.9159538Z [36;1m    echo "::error::Failed to fetch SUSFS archive after multiple attempts"[0m
2026-08-19T11:42:08.9159900Z [36;1m    exit 1[0m
2026-08-19T11:42:08.9160105Z [36;1m  fi[0m
2026-08-19T11:42:08.9160367Z [36;1m  echo "SUSFS_COMMIT_SHA=$SUSFS_BRANCH" >> $GITHUB_ENV[0m
2026-08-19T11:42:08.9160684Z [36;1mfi[0m
2026-08-19T11:42:08.9160896Z [36;1mecho "✅ Dependencies cloned"[0m
2026-08-19T11:42:08.9161180Z [36;1mecho "::endgroup::"[0m
2026-08-19T11:42:08.9205706Z shell: /usr/bin/bash --noprofile --norc -e -o pipefail {0}
2026-08-19T11:42:08.9206072Z env:
2026-08-19T11:42:08.9206438Z   CCACHE_DIR: /home/runner/work/OnePlus_KernelSU_SUSFS/OnePlus_KernelSU_SUSFS/.ccache
2026-08-19T11:42:08.9206873Z   CCACHE_MAXSIZE: 12G
2026-08-19T11:42:08.9207128Z   CCACHE_COMPILERCHECK: content
2026-08-19T11:42:08.9207519Z   CCACHE_BASEDIR: /home/runner/work/OnePlus_KernelSU_SUSFS/OnePlus_KernelSU_SUSFS
2026-08-19T11:42:08.9207931Z   CCACHE_NOHASHDIR: true
2026-08-19T11:42:08.9208178Z   CCACHE_IGNOREOPTIONS: --sysroot*
2026-08-19T11:42:08.9208453Z   CCACHE_COMPRESSION: true
2026-08-19T11:42:08.9208696Z   CCACHE_COMPRESSION_LEVEL: 3
2026-08-19T11:42:08.9208937Z   CCACHE_DIRECT: true
2026-08-19T11:42:08.9209156Z   CCACHE_FILE_CLONE: true
2026-08-19T11:42:08.9209385Z   CCACHE_INODE_CACHE: true
2026-08-19T11:42:08.9209630Z   CCACHE_IS_KERNEL_COMPILING: true
2026-08-19T11:42:08.9209881Z   CCACHE_UMASK: 002
2026-08-19T11:42:08.9210368Z   CCACHE_SLOPPINESS: file_macro,time_macros,include_file_mtime,include_file_ctime,pch_defines,system_headers,locale
2026-08-19T11:42:08.9210907Z   ACTION_REPO: 
2026-08-19T11:42:08.9211109Z   ACTION_REF: 
2026-08-19T11:42:08.9211322Z   OP_MODEL: OP-ACE-3-PRO-6.1.75
2026-08-19T11:42:08.9211570Z   OP_SOC: pineapple
2026-08-19T11:42:08.9211920Z   OP_BRANCH: wild/sm8650
2026-08-19T11:42:08.9212181Z   OP_MANIFEST: oneplus_ace3_pro_6.1.75_v.xml
2026-08-19T11:42:08.9212476Z   OP_ANDROID_VERSION: android14
2026-08-19T11:42:08.9212717Z   OP_KERNEL_VERSION: 6.1
2026-08-19T11:42:08.9212937Z   OP_OS_VERSION: A15
2026-08-19T11:42:08.9213144Z   OP_LTO: thin
2026-08-19T11:42:08.9213342Z   OP_ZYC_COMPILER: 
2026-08-19T11:42:08.9213707Z   OP_C_COMPILER: kernel_platform/prebuilts/clang/host/linux-x86/clang-r487747c/bin
2026-08-19T11:42:08.9214120Z   OP_RUST_COMPILER: 
2026-08-19T11:42:08.9214329Z   OP_BINDGEN: 
2026-08-19T11:42:08.9214750Z   OP_RUST_BUILD: false
2026-08-19T11:42:08.9214982Z   OP_DISK_CLEANUP: false
2026-08-19T11:42:08.9215203Z   OP_HMBIRD: false
2026-08-19T11:42:08.9215405Z   OP_SUSFS: true
2026-08-19T11:42:08.9215603Z   OP_OPT: true
2026-08-19T11:42:08.9215790Z   OP_DS: true
2026-08-19T11:42:08.9215973Z   OP_BBG: true
2026-08-19T11:42:08.9216172Z   OP_BBR: true
2026-08-19T11:42:08.9216373Z   OP_BBR3: true
2026-08-19T11:42:08.9216578Z   OP_TTL: true
2026-08-19T11:42:08.9216770Z   OP_IP_SET: true
2026-08-19T11:42:08.9216978Z   OP_UNICODE: true
2026-08-19T11:42:08.9217182Z   OP_NTSYNC: true
2026-08-19T11:42:08.9219342Z   OP_BLACKLIST_MODULES: kernelsu,oplus_security_guard,oplus_qr_scan,oplus_score,oplus_vip_task,oplus_dns_cache,oplus_network_linkpower_module,oplus_data_module,oplus_secure_harden,oplus_security_keventupload,oplus_secure_guard_new,oplus_secure_guard,coresight_tpda,coresight_tgu,coresight_trace_noc,coresight_cti,coresight_qmi,coresight_dummy,coresight_remote_etm,coresight_tpdm,coresight_uetm,coresight_stm,coresight_tmc_sec,f_fs_ipc_log,qcom_iommu_debug,qti_battery_debug,rdbg,stm_heartbeat,stm_p_ost,stm_core,stm_ftrace,stm_console,spmi_pmic_arb_debug
2026-08-19T11:42:08.9221417Z   OP_UNAME: OP-WILD
2026-08-19T11:42:08.9221653Z   CONFIG: OP-ACE-3-PRO-6.1.75
2026-08-19T11:42:08.9221914Z   REPO: /usr/local/bin/repo
2026-08-19T11:42:08.9222372Z   CONFIG_FOLDER: /home/runner/work/OnePlus_KernelSU_SUSFS/OnePlus_KernelSU_SUSFS/OP-ACE-3-PRO-6.1.75
2026-08-19T11:42:08.9223106Z   ARTIFACTS_FOLDER: /home/runner/work/OnePlus_KernelSU_SUSFS/OnePlus_KernelSU_SUSFS/OP-ACE-3-PRO-6.1.75/artifacts
2026-08-19T11:42:08.9223912Z   KERNEL_PLATFORM_FOLDER: /home/runner/work/OnePlus_KernelSU_SUSFS/OnePlus_KernelSU_SUSFS/OP-ACE-3-PRO-6.1.75/kernel_platform
2026-08-19T11:42:08.9224995Z   COMMON_KERNEL_FOLDER: /home/runner/work/OnePlus_KernelSU_SUSFS/OnePlus_KernelSU_SUSFS/OP-ACE-3-PRO-6.1.75/kernel_platform/common
2026-08-19T11:42:08.9225912Z   MSM_KERNEL_FOLDER: /home/runner/work/OnePlus_KernelSU_SUSFS/OnePlus_KernelSU_SUSFS/OP-ACE-3-PRO-6.1.75/kernel_platform/msm-kernel
2026-08-19T11:42:08.9226718Z   AK3_FOLDER: /home/runner/work/OnePlus_KernelSU_SUSFS/OnePlus_KernelSU_SUSFS/OP-ACE-3-PRO-6.1.75/AnyKernel3
2026-08-19T11:42:08.9227444Z   DEBUG_ARTIFACTS_FOLDER: /home/runner/work/OnePlus_KernelSU_SUSFS/OnePlus_KernelSU_SUSFS/debug_artifacts
2026-08-19T11:42:08.9228143Z   KERNEL_PATCHES_FOLDER: /home/runner/work/OnePlus_KernelSU_SUSFS/OnePlus_KernelSU_SUSFS/kernel_patches
2026-08-19T11:42:08.9228788Z   SUSFS_FOLDER: /home/runner/work/OnePlus_KernelSU_SUSFS/OnePlus_KernelSU_SUSFS/susfs4ksu
2026-08-19T11:42:08.9229516Z   KSU_FOLDER: /home/runner/work/OnePlus_KernelSU_SUSFS/OnePlus_KernelSU_SUSFS/OP-ACE-3-PRO-6.1.75/kernel_platform/KernelSU
2026-08-19T11:42:08.9230394Z   KSUN_FOLDER: /home/runner/work/OnePlus_KernelSU_SUSFS/OnePlus_KernelSU_SUSFS/OP-ACE-3-PRO-6.1.75/kernel_platform/KernelSU-Next
2026-08-19T11:42:08.9231015Z   DEBUG_ZIP_NAME: debug_OP-ACE-3-PRO-6.1.75_A15.zip
2026-08-19T11:42:08.9231333Z   ANDROID_VER: android14
2026-08-19T11:42:08.9231563Z   KERNEL_VER: 6.1
2026-08-19T11:42:08.9231772Z   TKERNEL_VER: 6.1.75
2026-08-19T11:42:08.9232003Z   KERNEL_FULL_VER: android14-6.1.75
2026-08-19T11:42:08.9232294Z   SUSFS_KERNEL_BRANCH: gki-android14-6.1
2026-08-19T11:42:08.9232574Z   BUILD_USER: OnePlus
2026-08-19T11:42:08.9232795Z   BUILD_HOST: ubuntu-build
2026-08-19T11:42:08.9233486Z   CLANG_BIN_PATH: /home/runner/work/OnePlus_KernelSU_SUSFS/OnePlus_KernelSU_SUSFS/OP-ACE-3-PRO-6.1.75/kernel_platform/prebuilts/clang/host/linux-x86/clang-r487747c/bin
2026-08-19T11:42:08.9235128Z   CLANG_VERSION: Android (10087095, +pgo, +bolt, +lto, -mlgo, based on r487747c) clang version 17.0.2 (https://android.googlesource.com/toolchain/llvm-project d9f89f4d16663d5012e5c09495f3b30ece3d2362)
2026-08-19T11:42:08.9235927Z   CLANG_VERSION_SHORT: 4e90edd6
2026-08-19T11:42:08.9236649Z   LIBCLANG_PATH: /home/runner/work/OnePlus_KernelSU_SUSFS/OnePlus_KernelSU_SUSFS/OP-ACE-3-PRO-6.1.75/kernel_platform/prebuilts/clang/host/linux-x86/clang-r487747c/bin/../lib
2026-08-19T11:42:08.9237370Z ##[endgroup]
2026-08-19T11:42:08.9306960Z ##[group]Fetch dependencies
2026-08-19T11:42:08.9307387Z Fetching SusFS and other dependencies...
2026-08-19T11:42:08.9308504Z ℹ️  Using default SUSFS branch for android14-6.1: gki-android14-6.1
2026-08-19T11:42:08.9325475Z 🔄 Attempt 1/3: cloning https://github.com/WildKernels/kernel_patches.git (main) [depth=1]
2026-08-19T11:42:08.9338948Z Cloning into 'kernel_patches'...
2026-08-19T11:42:09.4526801Z ✅ Success
2026-08-19T11:42:09.4527334Z Using SUSFS branch/commit: gki-android14-6.1
2026-08-19T11:42:09.4580087Z  Attempt 1/3: High-speed fetch for susfs4ksu (gki-android14-6.1)
2026-08-19T11:42:09.4637472Z 
2026-08-19T11:42:09.4637944Z 08/19 11:42:09 [[1;32mNOTICE[0m] Downloading 1 item(s)
2026-08-19T11:42:09.7237928Z 
2026-08-19T11:42:09.7239182Z 08/19 11:42:09 [[1;32mNOTICE[0m] Download complete: /dev/shm/susfs4ksu_gki-android14-6.1.tar.gz
2026-08-19T11:42:09.7239803Z 
2026-08-19T11:42:09.7239939Z Download Results:
2026-08-19T11:42:09.7240743Z gid   |stat|avg speed  |path/URI
2026-08-19T11:42:09.7241199Z ======+====+===========+=======================================================
2026-08-19T11:42:09.7241800Z 2dc853|OK  |   342KiB/s|/dev/shm/susfs4ksu_gki-android14-6.1.tar.gz
2026-08-19T11:42:09.7242201Z 
2026-08-19T11:42:09.7242331Z Status Legend:
2026-08-19T11:42:09.7242642Z (OK):download completed.
2026-08-19T11:42:09.7344157Z ✅ Success: susfs4ksu synced
2026-08-19T11:42:09.7356830Z ✅ Dependencies cloned
2026-08-19T11:42:09.7357634Z ##[endgroup]
2026-08-19T11:42:09.7366263Z ##[end-action id=build.__run_15;outcome=success;conclusion=success;duration_ms=829]
2026-08-19T11:42:09.7368994Z ##[start-action display=Clean Up ABI Protected Exports;id=build.__run_16]
2026-08-19T11:42:09.7387610Z ##[group]Run echo "::group::Clean Up ABI Protected Exports"
2026-08-19T11:42:09.7388035Z [36;1mecho "::group::Clean Up ABI Protected Exports"[0m
2026-08-19T11:42:09.7388377Z [36;1mset -euo pipefail[0m
2026-08-19T11:42:09.7388648Z [36;1mcd "$KERNEL_PLATFORM_FOLDER"[0m
2026-08-19T11:42:09.7389007Z [36;1mrm -f common/android/abi_gki_protected_exports_* || true[0m
2026-08-19T11:42:09.7389530Z [36;1msed -i 's/protected_modules = \[.*\]/protected_modules = []/' common/modules.bzl || true[0m
2026-08-19T11:42:09.7389982Z [36;1mecho "::endgroup::"[0m
2026-08-19T11:42:09.7433957Z shell: /usr/bin/bash --noprofile --norc -e -o pipefail {0}
2026-08-19T11:42:09.7434324Z env:
2026-08-19T11:42:09.7434872Z   CCACHE_DIR: /home/runner/work/OnePlus_KernelSU_SUSFS/OnePlus_KernelSU_SUSFS/.ccache
2026-08-19T11:42:09.7435301Z   CCACHE_MAXSIZE: 12G
2026-08-19T11:42:09.7435535Z   CCACHE_COMPILERCHECK: content
2026-08-19T11:42:09.7435931Z   CCACHE_BASEDIR: /home/runner/work/OnePlus_KernelSU_SUSFS/OnePlus_KernelSU_SUSFS
2026-08-19T11:42:09.7436343Z   CCACHE_NOHASHDIR: true
2026-08-19T11:42:09.7436591Z   CCACHE_IGNOREOPTIONS: --sysroot*
2026-08-19T11:42:09.7436861Z   CCACHE_COMPRESSION: true
2026-08-19T11:42:09.7437099Z   CCACHE_COMPRESSION_LEVEL: 3
2026-08-19T11:42:09.7437349Z   CCACHE_DIRECT: true
2026-08-19T11:42:09.7437567Z   CCACHE_FILE_CLONE: true
2026-08-19T11:42:09.7437799Z   CCACHE_INODE_CACHE: true
2026-08-19T11:42:09.7438035Z   CCACHE_IS_KERNEL_COMPILING: true
2026-08-19T11:42:09.7438280Z   CCACHE_UMASK: 002
2026-08-19T11:42:09.7438761Z   CCACHE_SLOPPINESS: file_macro,time_macros,include_file_mtime,include_file_ctime,pch_defines,system_headers,locale
2026-08-19T11:42:09.7439477Z   ACTION_REPO: 
2026-08-19T11:42:09.7439677Z   ACTION_REF: 
2026-08-19T11:42:09.7439891Z   OP_MODEL: OP-ACE-3-PRO-6.1.75
2026-08-19T11:42:09.7440143Z   OP_SOC: pineapple
2026-08-19T11:42:09.7440366Z   OP_BRANCH: wild/sm8650
2026-08-19T11:42:09.7440623Z   OP_MANIFEST: oneplus_ace3_pro_6.1.75_v.xml
2026-08-19T11:42:09.7440912Z   OP_ANDROID_VERSION: android14
2026-08-19T11:42:09.7441160Z   OP_KERNEL_VERSION: 6.1
2026-08-19T11:42:09.7441380Z   OP_OS_VERSION: A15
2026-08-19T11:42:09.7441587Z   OP_LTO: thin
2026-08-19T11:42:09.7441784Z   OP_ZYC_COMPILER: 
2026-08-19T11:42:09.7442147Z   OP_C_COMPILER: kernel_platform/prebuilts/clang/host/linux-x86/clang-r487747c/bin
2026-08-19T11:42:09.7442560Z   OP_RUST_COMPILER: 
2026-08-19T11:42:09.7442767Z   OP_BINDGEN: 
2026-08-19T11:42:09.7442965Z   OP_RUST_BUILD: false
2026-08-19T11:42:09.7443185Z   OP_DISK_CLEANUP: false
2026-08-19T11:42:09.7443405Z   OP_HMBIRD: false
2026-08-19T11:42:09.7443605Z   OP_SUSFS: true
2026-08-19T11:42:09.7443798Z   OP_OPT: true
2026-08-19T11:42:09.7443992Z   OP_DS: true
2026-08-19T11:42:09.7444181Z   OP_BBG: true
2026-08-19T11:42:09.7444371Z   OP_BBR: true
2026-08-19T11:42:09.7444777Z   OP_BBR3: true
2026-08-19T11:42:09.7444973Z   OP_TTL: true
2026-08-19T11:42:09.7445164Z   OP_IP_SET: true
2026-08-19T11:42:09.7445373Z   OP_UNICODE: true
2026-08-19T11:42:09.7445572Z   OP_NTSYNC: true
2026-08-19T11:42:09.7447721Z   OP_BLACKLIST_MODULES: kernelsu,oplus_security_guard,oplus_qr_scan,oplus_score,oplus_vip_task,oplus_dns_cache,oplus_network_linkpower_module,oplus_data_module,oplus_secure_harden,oplus_security_keventupload,oplus_secure_guard_new,oplus_secure_guard,coresight_tpda,coresight_tgu,coresight_trace_noc,coresight_cti,coresight_qmi,coresight_dummy,coresight_remote_etm,coresight_tpdm,coresight_uetm,coresight_stm,coresight_tmc_sec,f_fs_ipc_log,qcom_iommu_debug,qti_battery_debug,rdbg,stm_heartbeat,stm_p_ost,stm_core,stm_ftrace,stm_console,spmi_pmic_arb_debug
2026-08-19T11:42:09.7449773Z   OP_UNAME: OP-WILD
2026-08-19T11:42:09.7450008Z   CONFIG: OP-ACE-3-PRO-6.1.75
2026-08-19T11:42:09.7450270Z   REPO: /usr/local/bin/repo
2026-08-19T11:42:09.7450725Z   CONFIG_FOLDER: /home/runner/work/OnePlus_KernelSU_SUSFS/OnePlus_KernelSU_SUSFS/OP-ACE-3-PRO-6.1.75
2026-08-19T11:42:09.7451446Z   ARTIFACTS_FOLDER: /home/runner/work/OnePlus_KernelSU_SUSFS/OnePlus_KernelSU_SUSFS/OP-ACE-3-PRO-6.1.75/artifacts
2026-08-19T11:42:09.7452244Z   KERNEL_PLATFORM_FOLDER: /home/runner/work/OnePlus_KernelSU_SUSFS/OnePlus_KernelSU_SUSFS/OP-ACE-3-PRO-6.1.75/kernel_platform
2026-08-19T11:42:09.7453151Z   COMMON_KERNEL_FOLDER: /home/runner/work/OnePlus_KernelSU_SUSFS/OnePlus_KernelSU_SUSFS/OP-ACE-3-PRO-6.1.75/kernel_platform/common
2026-08-19T11:42:09.7454089Z   MSM_KERNEL_FOLDER: /home/runner/work/OnePlus_KernelSU_SUSFS/OnePlus_KernelSU_SUSFS/OP-ACE-3-PRO-6.1.75/kernel_platform/msm-kernel
2026-08-19T11:42:09.7455140Z   AK3_FOLDER: /home/runner/work/OnePlus_KernelSU_SUSFS/OnePlus_KernelSU_SUSFS/OP-ACE-3-PRO-6.1.75/AnyKernel3
2026-08-19T11:42:09.7455868Z   DEBUG_ARTIFACTS_FOLDER: /home/runner/work/OnePlus_KernelSU_SUSFS/OnePlus_KernelSU_SUSFS/debug_artifacts
2026-08-19T11:42:09.7456587Z   KERNEL_PATCHES_FOLDER: /home/runner/work/OnePlus_KernelSU_SUSFS/OnePlus_KernelSU_SUSFS/kernel_patches
2026-08-19T11:42:09.7457239Z   SUSFS_FOLDER: /home/runner/work/OnePlus_KernelSU_SUSFS/OnePlus_KernelSU_SUSFS/susfs4ksu
2026-08-19T11:42:09.7457992Z   KSU_FOLDER: /home/runner/work/OnePlus_KernelSU_SUSFS/OnePlus_KernelSU_SUSFS/OP-ACE-3-PRO-6.1.75/kernel_platform/KernelSU
2026-08-19T11:42:09.7458854Z   KSUN_FOLDER: /home/runner/work/OnePlus_KernelSU_SUSFS/OnePlus_KernelSU_SUSFS/OP-ACE-3-PRO-6.1.75/kernel_platform/KernelSU-Next
2026-08-19T11:42:09.7459474Z   DEBUG_ZIP_NAME: debug_OP-ACE-3-PRO-6.1.75_A15.zip
2026-08-19T11:42:09.7459791Z   ANDROID_VER: android14
2026-08-19T11:42:09.7460013Z   KERNEL_VER: 6.1
2026-08-19T11:42:09.7460221Z   TKERNEL_VER: 6.1.75
2026-08-19T11:42:09.7460452Z   KERNEL_FULL_VER: android14-6.1.75
2026-08-19T11:42:09.7460748Z   SUSFS_KERNEL_BRANCH: gki-android14-6.1
2026-08-19T11:42:09.7461172Z   BUILD_USER: OnePlus
2026-08-19T11:42:09.7461392Z   BUILD_HOST: ubuntu-build
2026-08-19T11:42:09.7462075Z   CLANG_BIN_PATH: /home/runner/work/OnePlus_KernelSU_SUSFS/OnePlus_KernelSU_SUSFS/OP-ACE-3-PRO-6.1.75/kernel_platform/prebuilts/clang/host/linux-x86/clang-r487747c/bin
2026-08-19T11:42:09.7463349Z   CLANG_VERSION: Android (10087095, +pgo, +bolt, +lto, -mlgo, based on r487747c) clang version 17.0.2 (https://android.googlesource.com/toolchain/llvm-project d9f89f4d16663d5012e5c09495f3b30ece3d2362)
2026-08-19T11:42:09.7464144Z   CLANG_VERSION_SHORT: 4e90edd6
2026-08-19T11:42:09.7465048Z   LIBCLANG_PATH: /home/runner/work/OnePlus_KernelSU_SUSFS/OnePlus_KernelSU_SUSFS/OP-ACE-3-PRO-6.1.75/kernel_platform/prebuilts/clang/host/linux-x86/clang-r487747c/bin/../lib
2026-08-19T11:42:09.7465804Z   SUSFS_COMMIT_SHA: gki-android14-6.1
2026-08-19T11:42:09.7466075Z ##[endgroup]
2026-08-19T11:42:09.7535975Z ##[group]Clean Up ABI Protected Exports
2026-08-19T11:42:09.7568651Z ##[endgroup]
2026-08-19T11:42:09.7575750Z ##[end-action id=build.__run_16;outcome=success;conclusion=success;duration_ms=20]
2026-08-19T11:42:09.7578051Z ##[start-action display=Add KernelSU Next;id=build.__run_17]
2026-08-19T11:42:09.7597757Z ##[group]Run set -euo pipefail
2026-08-19T11:42:09.7598102Z [36;1mset -euo pipefail[0m
2026-08-19T11:42:09.7598414Z [36;1mecho "::group::Add KernelSU Next"[0m
2026-08-19T11:42:09.7598743Z [36;1mcd "$KERNEL_PLATFORM_FOLDER"[0m
2026-08-19T11:42:09.7599035Z [36;1mecho "Adding KernelSU Next..."[0m
2026-08-19T11:42:09.7599318Z [36;1mKSU_INPUT="dev"[0m
2026-08-19T11:42:09.7599750Z [36;1mif [ -z "$KSU_INPUT" ]; then[0m
2026-08-19T11:42:09.7600475Z [36;1m  curl --fail --location --proto '=https' -LSs "https://raw.githubusercontent.com/KernelSU-Next/KernelSU-Next/next/kernel/setup.sh" | bash -[0m
2026-08-19T11:42:09.7601126Z [36;1melse[0m
2026-08-19T11:42:09.7601744Z [36;1m  curl --fail --location --proto '=https' -LSs "https://raw.githubusercontent.com/KernelSU-Next/KernelSU-Next/next/kernel/setup.sh" | bash -s "$KSU_INPUT"[0m
2026-08-19T11:42:09.7602462Z [36;1mfi[0m
2026-08-19T11:42:09.7602709Z [36;1mgit submodule update --init --recursive[0m
2026-08-19T11:42:09.7603030Z [36;1mcd KernelSU-Next/kernel[0m
2026-08-19T11:42:09.7603285Z [36;1m[0m
2026-08-19T11:42:09.7603548Z [36;1mCOMMITS_COUNT=$(/usr/bin/git rev-list --count HEAD)[0m
2026-08-19T11:42:09.7603880Z [36;1m[0m
2026-08-19T11:42:09.7604091Z [36;1mif [ $COMMITS_COUNT -lt 2684 ]; then[0m
2026-08-19T11:42:09.7604384Z [36;1m  BASE_VERSION=10200[0m
2026-08-19T11:42:09.7604808Z [36;1melse[0m
2026-08-19T11:42:09.7605021Z [36;1m  BASE_VERSION=30000[0m
2026-08-19T11:42:09.7605259Z [36;1mfi[0m
2026-08-19T11:42:09.7605445Z [36;1m[0m
2026-08-19T11:42:09.7605705Z [36;1mKSU_VERSION=$(expr $COMMITS_COUNT "+" $BASE_VERSION)[0m
2026-08-19T11:42:09.7606163Z [36;1msed -i "s/DKSU_VERSION=11998/DKSU_VERSION=${KSU_VERSION}/" Makefile[0m
2026-08-19T11:42:09.7606541Z [36;1m[0m
2026-08-19T11:42:09.7606735Z [36;1mif [ -f ksu.c ]; then[0m
2026-08-19T11:42:09.7607311Z [36;1m  sed -i 's/#if defined(CONFIG_STACKPROTECTOR) && (defined(CONFIG_ARM64) && !defined(CONFIG_STACKPROTECTOR_PER_TASK))/#if 0/' ksu.c[0m
2026-08-19T11:42:09.7607867Z [36;1mfi[0m
2026-08-19T11:42:09.7608050Z [36;1m[0m
2026-08-19T11:42:09.7608321Z [36;1mif [[ "$KSU_VERSION" -gt 33095 ]] && [[ "6.1" == "6.12" ]]; then[0m
2026-08-19T11:42:09.7609106Z [36;1m  sed -i 's|ccflags-y += -I$(KSU_KERNEL_DIR) -I$(KSU_KERNEL_DIR)/include|ccflags-y += -I$(KSU_KERNEL_DIR) -I$(KSU_KERNEL_DIR)/include -I$(KSU_KERNEL_DIR)/include/uapi|' Kbuild[0m
2026-08-19T11:42:09.7609842Z [36;1m  sed -i 's|$(src)|$(abspath $(src))|' Kbuild[0m
2026-08-19T11:42:09.7610239Z [36;1m  sed -i 's|$(srctree)/$(src)|$(abspath $(srctree)/$(src))|' Kbuild[0m
2026-08-19T11:42:09.7610592Z [36;1mfi[0m
2026-08-19T11:42:09.7610784Z [36;1m[0m
2026-08-19T11:42:09.7611000Z [36;1mif [ "$KSU_VERSION" -lt 12884 ]; then[0m
2026-08-19T11:42:09.7611329Z [36;1m  echo "NEED_HOOKS=true" >> $GITHUB_ENV[0m
2026-08-19T11:42:09.7611780Z [36;1melse[0m
2026-08-19T11:42:09.7612015Z [36;1m  echo "NEED_HOOKS=false" >> $GITHUB_ENV[0m
2026-08-19T11:42:09.7612307Z [36;1mfi[0m
2026-08-19T11:42:09.7612497Z [36;1m[0m
2026-08-19T11:42:09.7612683Z [36;1mcd ..[0m
2026-08-19T11:42:09.7612913Z [36;1mKSU_COMMIT_SHA=$(git rev-parse HEAD)[0m
2026-08-19T11:42:09.7613275Z [36;1mecho "KSU_COMMIT_SHA=$KSU_COMMIT_SHA" >> $GITHUB_ENV[0m
2026-08-19T11:42:09.7613603Z [36;1m[0m
2026-08-19T11:42:09.7613788Z [36;1m[0m
2026-08-19T11:42:09.7614013Z [36;1mecho "Add KSUN Configuration Settings"[0m
2026-08-19T11:42:09.7614638Z [36;1mcat >> "$COMMON_KERNEL_FOLDER/arch/arm64/configs/gki_defconfig" <<EOF[0m
2026-08-19T11:42:09.7615039Z [36;1mCONFIG_KSU=y[0m
2026-08-19T11:42:09.7615275Z [36;1mCONFIG_KSU_KPROBES_HOOK=n[0m
2026-08-19T11:42:09.7615530Z [36;1mEOF[0m
2026-08-19T11:42:09.7615723Z [36;1m[0m
2026-08-19T11:42:09.7616014Z [36;1mecho "KSUN" >> "${ARTIFACTS_FOLDER}/${OP_MODEL}_${OP_OS_VERSION}.txt"[0m
2026-08-19T11:42:09.7616514Z [36;1mecho "$KSU_VERSION" >> "${ARTIFACTS_FOLDER}/${OP_MODEL}_${OP_OS_VERSION}.txt"[0m
2026-08-19T11:42:09.7616960Z [36;1mecho "KSUVER=$KSU_VERSION" >> $GITHUB_ENV[0m
2026-08-19T11:42:09.7617300Z [36;1mecho "KernelSU Next Version: $KSU_VERSION"[0m
2026-08-19T11:42:09.7617718Z [36;1mecho "✅ KernelSU Next added (commit: ${KSU_COMMIT_SHA:0:8})"[0m
2026-08-19T11:42:09.7618114Z [36;1mecho "::endgroup::"[0m
2026-08-19T11:42:09.7660976Z shell: /usr/bin/bash --noprofile --norc -e -o pipefail {0}
2026-08-19T11:42:09.7661335Z env:
2026-08-19T11:42:09.7661863Z   CCACHE_DIR: /home/runner/work/OnePlus_KernelSU_SUSFS/OnePlus_KernelSU_SUSFS/.ccache
2026-08-19T11:42:09.7662305Z   CCACHE_MAXSIZE: 12G
2026-08-19T11:42:09.7662544Z   CCACHE_COMPILERCHECK: content
2026-08-19T11:42:09.7662942Z   CCACHE_BASEDIR: /home/runner/work/OnePlus_KernelSU_SUSFS/OnePlus_KernelSU_SUSFS
2026-08-19T11:42:09.7663364Z   CCACHE_NOHASHDIR: true
2026-08-19T11:42:09.7663613Z   CCACHE_IGNOREOPTIONS: --sysroot*
2026-08-19T11:42:09.7663893Z   CCACHE_COMPRESSION: true
2026-08-19T11:42:09.7664136Z   CCACHE_COMPRESSION_LEVEL: 3
2026-08-19T11:42:09.7664382Z   CCACHE_DIRECT: true
2026-08-19T11:42:09.7664799Z   CCACHE_FILE_CLONE: true
2026-08-19T11:42:09.7665030Z   CCACHE_INODE_CACHE: true
2026-08-19T11:42:09.7665272Z   CCACHE_IS_KERNEL_COMPILING: true
2026-08-19T11:42:09.7665526Z   CCACHE_UMASK: 002
2026-08-19T11:42:09.7666011Z   CCACHE_SLOPPINESS: file_macro,time_macros,include_file_mtime,include_file_ctime,pch_defines,system_headers,locale
2026-08-19T11:42:09.7666537Z   ACTION_REPO: 
2026-08-19T11:42:09.7666743Z   ACTION_REF: 
2026-08-19T11:42:09.7666970Z   OP_MODEL: OP-ACE-3-PRO-6.1.75
2026-08-19T11:42:09.7667219Z   OP_SOC: pineapple
2026-08-19T11:42:09.7667435Z   OP_BRANCH: wild/sm8650
2026-08-19T11:42:09.7667692Z   OP_MANIFEST: oneplus_ace3_pro_6.1.75_v.xml
2026-08-19T11:42:09.7667990Z   OP_ANDROID_VERSION: android14
2026-08-19T11:42:09.7668246Z   OP_KERNEL_VERSION: 6.1
2026-08-19T11:42:09.7668469Z   OP_OS_VERSION: A15
2026-08-19T11:42:09.7668688Z   OP_LTO: thin
2026-08-19T11:42:09.7668886Z   OP_ZYC_COMPILER: 
2026-08-19T11:42:09.7669250Z   OP_C_COMPILER: kernel_platform/prebuilts/clang/host/linux-x86/clang-r487747c/bin
2026-08-19T11:42:09.7669663Z   OP_RUST_COMPILER: 
2026-08-19T11:42:09.7669872Z   OP_BINDGEN: 
2026-08-19T11:42:09.7670072Z   OP_RUST_BUILD: false
2026-08-19T11:42:09.7670293Z   OP_DISK_CLEANUP: false
2026-08-19T11:42:09.7670539Z   OP_HMBIRD: false
2026-08-19T11:42:09.7670741Z   OP_SUSFS: true
2026-08-19T11:42:09.7670940Z   OP_OPT: true
2026-08-19T11:42:09.7671131Z   OP_DS: true
2026-08-19T11:42:09.7671327Z   OP_BBG: true
2026-08-19T11:42:09.7671519Z   OP_BBR: true
2026-08-19T11:42:09.7671707Z   OP_BBR3: true
2026-08-19T11:42:09.7671903Z   OP_TTL: true
2026-08-19T11:42:09.7672098Z   OP_IP_SET: true
2026-08-19T11:42:09.7672303Z   OP_UNICODE: true
2026-08-19T11:42:09.7672509Z   OP_NTSYNC: true
2026-08-19T11:42:09.7674755Z   OP_BLACKLIST_MODULES: kernelsu,oplus_security_guard,oplus_qr_scan,oplus_score,oplus_vip_task,oplus_dns_cache,oplus_network_linkpower_module,oplus_data_module,oplus_secure_harden,oplus_security_keventupload,oplus_secure_guard_new,oplus_secure_guard,coresight_tpda,coresight_tgu,coresight_trace_noc,coresight_cti,coresight_qmi,coresight_dummy,coresight_remote_etm,coresight_tpdm,coresight_uetm,coresight_stm,coresight_tmc_sec,f_fs_ipc_log,qcom_iommu_debug,qti_battery_debug,rdbg,stm_heartbeat,stm_p_ost,stm_core,stm_ftrace,stm_console,spmi_pmic_arb_debug
2026-08-19T11:42:09.7676991Z   OP_UNAME: OP-WILD
2026-08-19T11:42:09.7677217Z   CONFIG: OP-ACE-3-PRO-6.1.75
2026-08-19T11:42:09.7677476Z   REPO: /usr/local/bin/repo
2026-08-19T11:42:09.7677928Z   CONFIG_FOLDER: /home/runner/work/OnePlus_KernelSU_SUSFS/OnePlus_KernelSU_SUSFS/OP-ACE-3-PRO-6.1.75
2026-08-19T11:42:09.7678660Z   ARTIFACTS_FOLDER: /home/runner/work/OnePlus_KernelSU_SUSFS/OnePlus_KernelSU_SUSFS/OP-ACE-3-PRO-6.1.75/artifacts
2026-08-19T11:42:09.7679452Z   KERNEL_PLATFORM_FOLDER: /home/runner/work/OnePlus_KernelSU_SUSFS/OnePlus_KernelSU_SUSFS/OP-ACE-3-PRO-6.1.75/kernel_platform
2026-08-19T11:42:09.7680326Z   COMMON_KERNEL_FOLDER: /home/runner/work/OnePlus_KernelSU_SUSFS/OnePlus_KernelSU_SUSFS/OP-ACE-3-PRO-6.1.75/kernel_platform/common
2026-08-19T11:42:09.7681196Z   MSM_KERNEL_FOLDER: /home/runner/work/OnePlus_KernelSU_SUSFS/OnePlus_KernelSU_SUSFS/OP-ACE-3-PRO-6.1.75/kernel_platform/msm-kernel
2026-08-19T11:42:09.7681989Z   AK3_FOLDER: /home/runner/work/OnePlus_KernelSU_SUSFS/OnePlus_KernelSU_SUSFS/OP-ACE-3-PRO-6.1.75/AnyKernel3
2026-08-19T11:42:09.7682825Z   DEBUG_ARTIFACTS_FOLDER: /home/runner/work/OnePlus_KernelSU_SUSFS/OnePlus_KernelSU_SUSFS/debug_artifacts
2026-08-19T11:42:09.7683536Z   KERNEL_PATCHES_FOLDER: /home/runner/work/OnePlus_KernelSU_SUSFS/OnePlus_KernelSU_SUSFS/kernel_patches
2026-08-19T11:42:09.7684173Z   SUSFS_FOLDER: /home/runner/work/OnePlus_KernelSU_SUSFS/OnePlus_KernelSU_SUSFS/susfs4ksu
2026-08-19T11:42:09.7685661Z   KSU_FOLDER: /home/runner/work/OnePlus_KernelSU_SUSFS/OnePlus_KernelSU_SUSFS/OP-ACE-3-PRO-6.1.75/kernel_platform/KernelSU
2026-08-19T11:42:09.7686507Z   KSUN_FOLDER: /home/runner/work/OnePlus_KernelSU_SUSFS/OnePlus_KernelSU_SUSFS/OP-ACE-3-PRO-6.1.75/kernel_platform/KernelSU-Next
2026-08-19T11:42:09.7687120Z   DEBUG_ZIP_NAME: debug_OP-ACE-3-PRO-6.1.75_A15.zip
2026-08-19T11:42:09.7687430Z   ANDROID_VER: android14
2026-08-19T11:42:09.7687658Z   KERNEL_VER: 6.1
2026-08-19T11:42:09.7687864Z   TKERNEL_VER: 6.1.75
2026-08-19T11:42:09.7688097Z   KERNEL_FULL_VER: android14-6.1.75
2026-08-19T11:42:09.7688381Z   SUSFS_KERNEL_BRANCH: gki-android14-6.1
2026-08-19T11:42:09.7688660Z   BUILD_USER: OnePlus
2026-08-19T11:42:09.7688884Z   BUILD_HOST: ubuntu-build
2026-08-19T11:42:09.7689558Z   CLANG_BIN_PATH: /home/runner/work/OnePlus_KernelSU_SUSFS/OnePlus_KernelSU_SUSFS/OP-ACE-3-PRO-6.1.75/kernel_platform/prebuilts/clang/host/linux-x86/clang-r487747c/bin
2026-08-19T11:42:09.7690795Z   CLANG_VERSION: Android (10087095, +pgo, +bolt, +lto, -mlgo, based on r487747c) clang version 17.0.2 (https://android.googlesource.com/toolchain/llvm-project d9f89f4d16663d5012e5c09495f3b30ece3d2362)
2026-08-19T11:42:09.7691589Z   CLANG_VERSION_SHORT: 4e90edd6
2026-08-19T11:42:09.7692296Z   LIBCLANG_PATH: /home/runner/work/OnePlus_KernelSU_SUSFS/OnePlus_KernelSU_SUSFS/OP-ACE-3-PRO-6.1.75/kernel_platform/prebuilts/clang/host/linux-x86/clang-r487747c/bin/../lib
2026-08-19T11:42:09.7693031Z   SUSFS_COMMIT_SHA: gki-android14-6.1
2026-08-19T11:42:09.7693304Z ##[endgroup]
2026-08-19T11:42:09.7763883Z ##[group]Add KernelSU Next
2026-08-19T11:42:09.7764597Z Adding KernelSU Next...
2026-08-19T11:42:09.8795372Z [+] Setting up KernelSU-Next...
2026-08-19T11:42:09.8812584Z Cloning into 'KernelSU-Next'...
2026-08-19T11:42:10.9739314Z [+] Repository cloned.
2026-08-19T11:42:11.0145397Z No local changes to save
2026-08-19T11:42:11.0148406Z [-] Stashed current changes.
2026-08-19T11:42:11.1638235Z Already up to date.
2026-08-19T11:42:11.1644877Z [+] Repository updated.
2026-08-19T11:42:11.1678761Z Already on 'dev'
2026-08-19T11:42:11.1682368Z Your branch is up to date with 'origin/dev'.
2026-08-19T11:42:11.1685469Z [-] Checked out dev.
2026-08-19T11:42:11.1719238Z [+] Symlink created.
2026-08-19T11:42:11.1734238Z [+] Modified Makefile.
2026-08-19T11:42:11.1765705Z [+] Modified Kconfig.
2026-08-19T11:42:11.1766061Z [+] Done.
2026-08-19T11:42:11.7812466Z Add KSUN Configuration Settings
2026-08-19T11:42:11.7826336Z KernelSU Next Version: 33241
2026-08-19T11:42:11.7827060Z ✅ KernelSU Next added (commit: 8f77a401)
2026-08-19T11:42:11.7827928Z ##[endgroup]
2026-08-19T11:42:11.7837639Z ##[end-action id=build.__run_17;outcome=success;conclusion=success;duration_ms=2025]
2026-08-19T11:42:11.7840893Z ##[start-action display=Add KernelSU;id=build.__run_18]
2026-08-19T11:42:11.7846904Z ##[end-action id=build.__run_18;outcome=skipped;conclusion=skipped;duration_ms=0]
2026-08-19T11:42:11.7849752Z ##[start-action display=Apply SUSFS Patches;id=build.__run_19]
2026-08-19T11:42:11.7893537Z ##[group]Run set -euo pipefail
2026-08-19T11:42:11.7894263Z [36;1mset -euo pipefail[0m
2026-08-19T11:42:11.7894982Z [36;1mecho "::group::Apply SUSFS patches"[0m
2026-08-19T11:42:11.7895487Z [36;1mcd "$KERNEL_PLATFORM_FOLDER"[0m
2026-08-19T11:42:11.7895942Z [36;1mecho "Applying SUSFS patches..."[0m
2026-08-19T11:42:11.7896573Z [36;1mcp "$SUSFS_FOLDER/kernel_patches/fs/"* "$COMMON_KERNEL_FOLDER/fs/"[0m
2026-08-19T11:42:11.7897515Z [36;1mcp "$SUSFS_FOLDER/kernel_patches/include/linux/"* "$COMMON_KERNEL_FOLDER/include/linux/"[0m
2026-08-19T11:42:11.7898255Z [36;1m[0m
2026-08-19T11:42:11.7899287Z [36;1msusfs_version=$(grep '#define SUSFS_VERSION' "$COMMON_KERNEL_FOLDER/include/linux/susfs.h" | awk -F'"' '{print $2}')[0m
2026-08-19T11:42:11.7900334Z [36;1mecho "SUSVER=$susfs_version" >> $GITHUB_ENV[0m
2026-08-19T11:42:11.7901056Z [36;1mecho "$susfs_version" >> "${ARTIFACTS_FOLDER}/${OP_MODEL}_${OP_OS_VERSION}.txt"[0m
2026-08-19T11:42:11.7901764Z [36;1mecho "SusFS Version: $susfs_version"[0m
2026-08-19T11:42:11.7902214Z [36;1m[0m
2026-08-19T11:42:11.7902522Z [36;1m# Function to compare semantic versions[0m
2026-08-19T11:42:11.7903014Z [36;1mversion_lte() {[0m
2026-08-19T11:42:11.7903493Z [36;1m  [ "$(printf '%s\n' "$2" "$1" | sort -V | head -n1)" = "$1" ][0m
2026-08-19T11:42:11.7904035Z [36;1m}[0m
2026-08-19T11:42:11.7904307Z [36;1m[0m
2026-08-19T11:42:11.7904854Z [36;1mif version_lte "${susfs_version:1}" "1.5.12"; then[0m
2026-08-19T11:42:11.7905411Z [36;1m  echo "NEED_HOOKS=true" >> $GITHUB_ENV[0m
2026-08-19T11:42:11.7905868Z [36;1melse[0m
2026-08-19T11:42:11.7906246Z [36;1m  echo "NEED_HOOKS=false" >> $GITHUB_ENV[0m
2026-08-19T11:42:11.7906702Z [36;1mfi[0m
2026-08-19T11:42:11.7907001Z [36;1m[0m
2026-08-19T11:42:11.7907307Z [36;1mcase "$susfs_version" in[0m
2026-08-19T11:42:11.7907706Z [36;1m  "v1.5.8")[0m
2026-08-19T11:42:11.7908062Z [36;1m    if [ "KSUN" = "KSUN" ]; then[0m
2026-08-19T11:42:11.7908909Z [36;1m      patch -p1 --forward --fuzz=3 < "$SUSFS_FOLDER/kernel_patches/KernelSU/10_enable_susfs_for_ksu.patch" || true[0m
2026-08-19T11:42:11.7910237Z [36;1m      patch -p1 --forward --fuzz=3 < "$KERNEL_PATCHES_FOLDER/next/susfs_fix_patches/$susfs_version/fix_apk_sign.c.patch"[0m
2026-08-19T11:42:11.7911601Z [36;1m      patch -p1 --forward --fuzz=3 < "$KERNEL_PATCHES_FOLDER/next/susfs_fix_patches/$susfs_version/fix_core_hook.c.patch"[0m
2026-08-19T11:42:11.7912973Z [36;1m      patch -p1 --forward --fuzz=3 < "$KERNEL_PATCHES_FOLDER/next/susfs_fix_patches/$susfs_version/fix_selinux.c.patch"[0m
2026-08-19T11:42:11.7914273Z [36;1m      patch -p1 --forward --fuzz=3 < "$KERNEL_PATCHES_FOLDER/next/susfs_fix_patches/$susfs_version/fix_ksud.c.patch"[0m
2026-08-19T11:42:11.7915340Z [36;1m    else[0m
2026-08-19T11:42:11.7915673Z [36;1m      cd "$KSU_FOLDER"[0m
2026-08-19T11:42:11.7916419Z [36;1m      patch -p1 --forward --fuzz=3 < "$SUSFS_FOLDER/kernel_patches/KernelSU/10_enable_susfs_for_ksu.patch"[0m
2026-08-19T11:42:11.7917188Z [36;1m    fi[0m
2026-08-19T11:42:11.7917478Z [36;1m    ;;[0m
2026-08-19T11:42:11.7917822Z [36;1m  "v1.5.9"|"v1.5.10"|"v1.5.11"|"v1.5.12")[0m
2026-08-19T11:42:11.7918599Z [36;1m    if [ "KSUN" = "KSUN" ]; then[0m
2026-08-19T11:42:11.7919037Z [36;1m      cd "$KSUN_FOLDER"[0m
2026-08-19T11:42:11.7919772Z [36;1m      patch -p1 --forward < "$SUSFS_FOLDER/kernel_patches/KernelSU/10_enable_susfs_for_ksu.patch" || true[0m
2026-08-19T11:42:11.7920856Z [36;1m      for file in $(find ./kernel -maxdepth 2 -name "*.rej" -printf "%f\n" | cut -d'.' -f1); do[0m
2026-08-19T11:42:11.7921699Z [36;1m        echo "Patching file: $file.c with fix_$file.c.patch"[0m
2026-08-19T11:42:11.7922658Z [36;1m        patch -p1 --forward < "$KERNEL_PATCHES_FOLDER/next/susfs_fix_patches/$susfs_version/fix_$file.c.patch"[0m
2026-08-19T11:42:11.7923491Z [36;1m      done[0m
2026-08-19T11:42:11.7924270Z [36;1m      patch -p1 --forward < "$KERNEL_PATCHES_FOLDER/next/susfs_fix_patches/$susfs_version/fix_kernel_compat.c.patch"[0m
2026-08-19T11:42:11.7925337Z [36;1m    else[0m
2026-08-19T11:42:11.7925664Z [36;1m      cd "$KSU_FOLDER"[0m
2026-08-19T11:42:11.7926384Z [36;1m      patch -p1 --forward < "$SUSFS_FOLDER/kernel_patches/KernelSU/10_enable_susfs_for_ksu.patch"[0m
2026-08-19T11:42:11.7927133Z [36;1m    fi[0m
2026-08-19T11:42:11.7927435Z [36;1m    ;;[0m
2026-08-19T11:42:11.7927741Z [36;1m  "v2.0.0")[0m
2026-08-19T11:42:11.7928097Z [36;1m    if [ "KSUN" = "KSUN" ]; then[0m
2026-08-19T11:42:11.7928532Z [36;1m      cd "$KSUN_FOLDER"[0m
2026-08-19T11:42:11.7929296Z [36;1m      patch -p1 --forward < "$SUSFS_FOLDER/kernel_patches/KernelSU/10_enable_susfs_for_ksu.patch" || true[0m
2026-08-19T11:42:11.7930646Z [36;1m      for file in $(find ./kernel -maxdepth 2 -name "*.rej" -exec basename {} .rej \;); do[0m
2026-08-19T11:42:11.7931492Z [36;1m        echo "Patching file: $file with fix_$file.patch"[0m
2026-08-19T11:42:11.7932413Z [36;1m        patch -p1 --forward < "$KERNEL_PATCHES_FOLDER/next/susfs_fix_patches/$susfs_version/fix_$file.patch"[0m
2026-08-19T11:42:11.7933239Z [36;1m      done[0m
2026-08-19T11:42:11.7933602Z [36;1m      echo "Patching Hook Mode!"[0m
2026-08-19T11:42:11.7934711Z [36;1m      patch -p1 --forward < "$KERNEL_PATCHES_FOLDER/next/susfs_fix_patches/$susfs_version/overwrite_hook_mode.patch"[0m
2026-08-19T11:42:11.7935680Z [36;1m      echo "Patching KSU_TOOLKIT Support for SusFS kernel!"[0m
2026-08-19T11:42:11.7936615Z [36;1m      patch -p1 --forward < "$KERNEL_PATCHES_FOLDER/next/susfs_fix_patches/$susfs_version/ksu_toolkit.patch"[0m
2026-08-19T11:42:11.7937471Z [36;1m      if [ "$KSUVER" -le 33095 ]; then[0m
2026-08-19T11:42:11.7938075Z [36;1m        echo "Patching Multi-manager Support for SusFS kernel!"[0m
2026-08-19T11:42:11.7939074Z [36;1m        patch -p1 --forward < "$KERNEL_PATCHES_FOLDER/next/susfs_fix_patches/$susfs_version/multi_manager.patch"[0m
2026-08-19T11:42:11.7939878Z [36;1m      fi[0m
2026-08-19T11:42:11.7940308Z [36;1m      if [ "$KSUVER" -ge 33068 ] && [ "$KSUVER" -lt 33070 ]; then[0m
2026-08-19T11:42:11.7941047Z [36;1m        echo "Patching Multi-manager sepolicy Support for SusFS kernel!"[0m
2026-08-19T11:42:11.7942130Z [36;1m        patch -p1 --forward < "$KERNEL_PATCHES_FOLDER/next/susfs_fix_patches/$susfs_version/multi_sepolicy_fix.patch"[0m
2026-08-19T11:42:11.7943029Z [36;1m      fi[0m
2026-08-19T11:42:11.7943318Z [36;1m    else[0m
2026-08-19T11:42:11.7943630Z [36;1m      cd "$KSU_FOLDER"[0m
2026-08-19T11:42:11.7944391Z [36;1m      patch -p1 --forward < "$SUSFS_FOLDER/kernel_patches/KernelSU/10_enable_susfs_for_ksu.patch" || true[0m
2026-08-19T11:42:11.7945348Z [36;1m    fi[0m
2026-08-19T11:42:11.7945646Z [36;1m    ;;[0m
2026-08-19T11:42:11.7945956Z [36;1m  "v2.1.0")[0m
2026-08-19T11:42:11.7946352Z [36;1m    if [ "KSUN" = "KSUN" ]; then[0m
2026-08-19T11:42:11.7946764Z [36;1m      cd "$KSUN_FOLDER"[0m
2026-08-19T11:42:11.7947506Z [36;1m      patch -p1 --forward < "$SUSFS_FOLDER/kernel_patches/KernelSU/10_enable_susfs_for_ksu.patch" || true[0m
2026-08-19T11:42:11.7948584Z [36;1m      for file in $(find ./kernel -maxdepth 2 -name "*.rej" -exec basename {} .rej \;); do[0m
2026-08-19T11:42:11.7949640Z [36;1m        echo "Patching file: $file with fix_$file.patch"[0m
2026-08-19T11:42:11.7950546Z [36;1m        patch -p1 --forward < "$KERNEL_PATCHES_FOLDER/next/susfs_fix_patches/$susfs_version/fix_$file.patch"[0m
2026-08-19T11:42:11.7951313Z [36;1m      done[0m
2026-08-19T11:42:11.7951672Z [36;1m      echo "Patching Hook Mode!"[0m
2026-08-19T11:42:11.7952544Z [36;1m      patch -p1 --forward < "$KERNEL_PATCHES_FOLDER/next/susfs_fix_patches/$susfs_version/overwrite_hook_mode.patch"[0m
2026-08-19T11:42:11.7953579Z [36;1m      echo "Patching KSU_TOOLKIT Support for SusFS kernel!"[0m
2026-08-19T11:42:11.7954724Z [36;1m      patch -p1 --forward < "$KERNEL_PATCHES_FOLDER/next/susfs_fix_patches/$susfs_version/ksu_toolkit.patch"[0m
2026-08-19T11:42:11.7955552Z [36;1m      if [ "$KSUVER" -le 33095 ]; then[0m
2026-08-19T11:42:11.7956134Z [36;1m        echo "Patching Multi-manager Support for SusFS kernel!"[0m
2026-08-19T11:42:11.7957095Z [36;1m        patch -p1 --forward < "$KERNEL_PATCHES_FOLDER/next/susfs_fix_patches/$susfs_version/multi_manager.patch"[0m
2026-08-19T11:42:11.7957929Z [36;1m      fi[0m
2026-08-19T11:42:11.7958368Z [36;1m      if [ "$KSUVER" -ge 33068 ] && [ "$KSUVER" -lt 33070 ]; then[0m
2026-08-19T11:42:11.7959108Z [36;1m        echo "Patching Multi-manager sepolicy Support for SusFS kernel!"[0m
2026-08-19T11:42:11.7960185Z [36;1m        patch -p1 --forward < "$KERNEL_PATCHES_FOLDER/next/susfs_fix_patches/$susfs_version/multi_sepolicy_fix.patch"[0m
2026-08-19T11:42:11.7961029Z [36;1m      fi[0m
2026-08-19T11:42:11.7961329Z [36;1m    else[0m
2026-08-19T11:42:11.7961861Z [36;1m      cd "$KSU_FOLDER"[0m
2026-08-19T11:42:11.7962631Z [36;1m      patch -p1 --forward < "$SUSFS_FOLDER/kernel_patches/KernelSU/10_enable_susfs_for_ksu.patch" || true[0m
2026-08-19T11:42:11.7963431Z [36;1m    fi[0m
2026-08-19T11:42:11.7963734Z [36;1m    ;;[0m
2026-08-19T11:42:11.7964028Z [36;1m  "v2.2.0")[0m
2026-08-19T11:42:11.7964374Z [36;1m    if [ "KSUN" = "KSUN" ]; then[0m
2026-08-19T11:42:11.7964987Z [36;1m      cd "$KSUN_FOLDER"[0m
2026-08-19T11:42:11.7965745Z [36;1m      patch -p1 --forward < "$SUSFS_FOLDER/kernel_patches/KernelSU/10_enable_susfs_for_ksu.patch" || true[0m
2026-08-19T11:42:11.7966811Z [36;1m      for file in $(find ./kernel -maxdepth 2 -name "*.rej" -exec basename {} .rej \;); do[0m
2026-08-19T11:42:11.7967622Z [36;1m        echo "Patching file: $file with fix_$file.patch"[0m
2026-08-19T11:42:11.7968524Z [36;1m        patch -p1 --forward < "$KERNEL_PATCHES_FOLDER/next/susfs_fix_patches/$susfs_version/fix_$file.patch"[0m
2026-08-19T11:42:11.7969338Z [36;1m      done[0m
2026-08-19T11:42:11.7969687Z [36;1m      echo "Patching Hook Mode!"[0m
2026-08-19T11:42:11.7970542Z [36;1m      patch -p1 --forward < "$KERNEL_PATCHES_FOLDER/next/susfs_fix_patches/$susfs_version/overwrite_hook_mode.patch"[0m
2026-08-19T11:42:11.7971509Z [36;1m      echo "Patching KSU_TOOLKIT Support for SusFS kernel!"[0m
2026-08-19T11:42:11.7972416Z [36;1m      patch -p1 --forward < "$KERNEL_PATCHES_FOLDER/next/susfs_fix_patches/$susfs_version/ksu_toolkit.patch"[0m
2026-08-19T11:42:11.7973220Z [36;1m    else[0m
2026-08-19T11:42:11.7973554Z [36;1m      cd "$KSU_FOLDER"[0m
2026-08-19T11:42:11.7974309Z [36;1m      patch -p1 --forward < "$SUSFS_FOLDER/kernel_patches/KernelSU/10_enable_susfs_for_ksu.patch" || true[0m
2026-08-19T11:42:11.7975329Z [36;1m    fi[0m
2026-08-19T11:42:11.7975633Z [36;1m    ;;[0m
2026-08-19T11:42:11.7975921Z [36;1m  *)[0m
2026-08-19T11:42:11.7976366Z [36;1m    echo "::error::Unsupported SUSFS version: $susfs_version"[0m
2026-08-19T11:42:11.7976925Z [36;1m    exit 1[0m
2026-08-19T11:42:11.7977242Z [36;1m    ;;[0m
2026-08-19T11:42:11.7977528Z [36;1mesac[0m
2026-08-19T11:42:11.7977812Z [36;1m[0m
2026-08-19T11:42:11.7978112Z [36;1mcd "$COMMON_KERNEL_FOLDER"[0m
2026-08-19T11:42:11.7978622Z [36;1mif [ "android14" = "android15" ] && [ "6.1" = "6.6" ]; then[0m
2026-08-19T11:42:11.7979328Z [36;1m  if ! grep -qxF '#include <trace/hooks/fs.h>' ./fs/namespace.c; then[0m
2026-08-19T11:42:11.7980414Z [36;1m    sed -i '/#include <trace\/hooks\/blk.h>/a #include <trace\/hooks\/fs.h>' ./fs/namespace.c[0m
2026-08-19T11:42:11.7981130Z [36;1m  fi[0m
2026-08-19T11:42:11.7982048Z [36;1m  if ! grep -qxF 'extern void __fold_filemap_fixup_entry(struct vma_iterator *iter, unsigned long *end);' ./include/linux/page_size_compat.h; then[0m
2026-08-19T11:42:11.7983337Z [36;1m    patch -p1 < "$KERNEL_PATCHES_FOLDER/common/backports/fold_fixup_entries.patch"[0m
2026-08-19T11:42:11.7984014Z [36;1m  fi[0m
2026-08-19T11:42:11.7984308Z [36;1mfi[0m
2026-08-19T11:42:11.7984789Z [36;1m[0m
2026-08-19T11:42:11.7985114Z [36;1m# Fake kernel patch to fix failures[0m
2026-08-19T11:42:11.7985572Z [36;1mfake_patched=0[0m
2026-08-19T11:42:11.7985937Z [36;1mfake_patched_expand=0[0m
2026-08-19T11:42:11.7986446Z [36;1mif [ "android14" = "android15" ] && [ "6.1" = "6.6" ]; then[0m
2026-08-19T11:42:11.7987307Z [36;1m  if ! grep -qxF $'\tunsigned int nr_subpages = __PAGE_SIZE / PAGE_SIZE;' ./fs/proc/task_mmu.c; then[0m
2026-08-19T11:42:11.7988184Z [36;1m    echo "nr_subpages Line not found. Fake Patching!"[0m
2026-08-19T11:42:11.7989435Z [36;1m    sed -i -e '/int ret = 0, copied = 0;/a \\tunsigned int nr_subpages \= __PAGE_SIZE \/ PAGE_SIZE;' -e '/int ret = 0, copied = 0;/a \\tpagemap_entry_t \*res = NULL;' ./fs/proc/task_mmu.c[0m
2026-08-19T11:42:11.7990584Z [36;1m    fake_patched=1[0m
2026-08-19T11:42:11.7990960Z [36;1m  fi[0m
2026-08-19T11:42:11.7991257Z [36;1m  [0m
2026-08-19T11:42:11.7991973Z [36;1m  if ! grep -qxF '#include <linux/dma-buf.h>' ./fs/proc/base.c; then[0m
2026-08-19T11:42:11.7992794Z [36;1m    echo "#include <linux/dma-buf.h> Line not found. Adding missing header"[0m
2026-08-19T11:42:11.7993752Z [36;1m    sed -i '/#include <linux\/cpufreq_times.h>/a #include <linux\/dma-buf.h>' ./fs/proc/base.c[0m
2026-08-19T11:42:11.7994671Z [36;1m  fi[0m
2026-08-19T11:42:11.7994967Z [36;1m  [0m
2026-08-19T11:42:11.7995410Z [36;1m  if ! grep -qxF '#include <linux/zswap.h>' ./mm/memory.c; then[0m
2026-08-19T11:42:11.7996188Z [36;1m    echo "#include <linux/zswap.h> Line not found. Adding missing header"[0m
2026-08-19T11:42:11.7997099Z [36;1m    sed -i '/#include <linux\/sched\/sysctl.h>/a #include <linux\/zswap.h>' ./mm/memory.c[0m
2026-08-19T11:42:11.7997781Z [36;1m  fi[0m
2026-08-19T11:42:11.7998079Z [36;1m  [0m
2026-08-19T11:42:11.7998893Z [36;1m  if grep -qF 'if (vma->vm_end > last_vma_end)' ./fs/proc/task_mmu.c && ! grep -qxF 'SUSFS_IS_INODE_SUS_MAP' ./fs/proc/task_mmu.c; then[0m
2026-08-19T11:42:11.8000128Z [36;1m    echo "Temporarily expand the last_vma_end if block to fix a matching issue."[0m
2026-08-19T11:42:11.8001937Z [36;1m    perl -i -0pe 's/\t\t\tif \(vma->vm_end > last_vma_end\)\n\t\t\t\tsmap_gather_stats\(vma, &mss, last_vma_end\);/\t\t\tif (vma->vm_end > last_vma_end) {\n\t\t\t\tsmap_gather_stats(vma, \&mss, last_vma_end);\n\t\t\t\tlast_vma_end = vma->vm_end;\n\t\t\t}/' ./fs/proc/task_mmu.c[0m
2026-08-19T11:42:11.8003496Z [36;1m    fake_patched_expand=1[0m
2026-08-19T11:42:11.8003899Z [36;1m  fi[0m
2026-08-19T11:42:11.8004183Z [36;1mfi[0m
2026-08-19T11:42:11.8004789Z [36;1mif [ "android14" = "android12" ] && [ "6.1" = "5.10" ]; then[0m
2026-08-19T11:42:11.8005494Z [36;1m  if ! grep -qxF $'\tif (!vma_pages(vma))' ./fs/proc/task_mmu.c; then[0m
2026-08-19T11:42:11.8006169Z [36;1m    echo "vma_pages Line not found. Fake Patching!"[0m
2026-08-19T11:42:11.8006671Z [36;1m    fake_patched=1[0m
2026-08-19T11:42:11.8007027Z [36;1m  fi[0m
2026-08-19T11:42:11.8007319Z [36;1mfi[0m
2026-08-19T11:42:11.8007758Z [36;1mif [ "android14" = "android13" ] && [ "6.1" = "5.15" ]; then[0m
2026-08-19T11:42:11.8008439Z [36;1m  if ! grep -qxF $'\tif (!vma_pages(vma))' ./fs/proc/task_mmu.c; then[0m
2026-08-19T11:42:11.8009106Z [36;1m    echo "vma_pages Line not found. Fake Patching!"[0m
2026-08-19T11:42:11.8009614Z [36;1m    fake_patched=1[0m
2026-08-19T11:42:11.8009975Z [36;1m  fi[0m
2026-08-19T11:42:11.8010273Z [36;1m  [0m
2026-08-19T11:42:11.8011010Z [36;1m  if grep -qxF '#include <linux/swap_slots.h>' ./mm/memory.c; then[0m
2026-08-19T11:42:11.8011732Z [36;1m    echo "#include swap_slots.h> Line found. Deleting header."[0m
2026-08-19T11:42:11.8012485Z [36;1m    sed -i '/#include <linux\/swap_slots.h>/d' ./mm/memory.c[0m
2026-08-19T11:42:11.8013014Z [36;1m    fake_patched=1[0m
2026-08-19T11:42:11.8013372Z [36;1m  fi[0m
2026-08-19T11:42:11.8013662Z [36;1mfi[0m
2026-08-19T11:42:11.8013947Z [36;1m[0m
2026-08-19T11:42:11.8014353Z [36;1mif [ "android14" = "android14" ] && [ "6.1" = "6.1" ]; then[0m
2026-08-19T11:42:11.8015247Z [36;1m  if ! grep -qxF $'\tif (!vma_pages(vma))' ./fs/proc/task_mmu.c; then[0m
2026-08-19T11:42:11.8015920Z [36;1m    echo "vma_pages Line not found. Fake Patching!"[0m
2026-08-19T11:42:11.8016434Z [36;1m    fake_patched=1[0m
2026-08-19T11:42:11.8016793Z [36;1m  fi[0m
2026-08-19T11:42:11.8017125Z [36;1m  [0m
2026-08-19T11:42:11.8017592Z [36;1m  if ! grep -qxF '#include <linux/dma-buf.h>' ./fs/proc/base.c; then[0m
2026-08-19T11:42:11.8018378Z [36;1m    echo "#include <linux/dma-buf.h> Line not found. Adding missing header"[0m
2026-08-19T11:42:11.8019327Z [36;1m    sed -i '/#include <linux\/cpufreq_times.h>/a #include <linux\/dma-buf.h>' ./fs/proc/base.c[0m
2026-08-19T11:42:11.8020057Z [36;1m  fi[0m
2026-08-19T11:42:11.8020347Z [36;1mfi[0m
2026-08-19T11:42:11.8020635Z [36;1m[0m
2026-08-19T11:42:11.8021260Z [36;1mpatch -p1 --forward < "$SUSFS_FOLDER/kernel_patches/50_add_susfs_in_gki-android14-6.1.patch"[0m
2026-08-19T11:42:11.8022009Z [36;1m[0m
2026-08-19T11:42:11.8022776Z [36;1m# SUSFS's OPEN_REDIRECT code unconditionally calls VMA_PAD_START(), which[0m
2026-08-19T11:42:11.8023632Z [36;1m# only exists on GKI branches that carry Google's page-size-migration[0m
2026-08-19T11:42:11.8024668Z [36;1m# feature (added to each android version's kernel/common branch at a[0m
2026-08-19T11:42:11.8025481Z [36;1m# different, sometime later, os_patch_level). Older os_patch_levels in[0m
2026-08-19T11:42:11.8026312Z [36;1m# our build matrix predate it, so fall back to a no-padding definition[0m
2026-08-19T11:42:11.8027126Z [36;1m# when the real header/macro isn't present. This is version-agnostic and[0m
2026-08-19T11:42:11.8027888Z [36;1m# a no-op wherever the real header already provides it.[0m
2026-08-19T11:42:11.8029080Z [36;1mif grep -q 'VMA_PAD_START(' ./fs/proc/task_mmu.c && ! grep -qE '#include <linux/pgsize_migration(_inline)?\.h>|define VMA_PAD_START' ./fs/proc/task_mmu.c; then[0m
2026-08-19T11:42:11.8030753Z [36;1m  sed -i '\|#include "internal.h"|a\\n#undef VMA_PAD_START\n#ifndef VMA_PAD_START\n#define VMA_PAD_START(vma) ((vma)->vm_end)\n#endif' fs/proc/task_mmu.c[0m
2026-08-19T11:42:11.8031974Z [36;1m  echo "Added VMA_PAD_START fallback definition to fs/proc/task_mmu.c"[0m
2026-08-19T11:42:11.8032595Z [36;1mfi[0m
2026-08-19T11:42:11.8032895Z [36;1m[0m
2026-08-19T11:42:11.8033213Z [36;1m# Revert Fake kernel patch[0m
2026-08-19T11:42:11.8033681Z [36;1mif [ "$fake_patched_expand" = 1 ]; then[0m
2026-08-19T11:42:11.8034294Z [36;1m  if [ "android14" = "android15" ] && [ "6.1" = "6.6" ]; then[0m
2026-08-19T11:42:11.8035604Z [36;1m    if grep -qF 'if (vma->vm_end > last_vma_end) {' ./fs/proc/task_mmu.c && ! grep -qxF 'SUSFS_IS_INODE_SUS_MAP' ./fs/proc/task_mmu.c; then[0m
2026-08-19T11:42:11.8037614Z [36;1m      perl -i -0pe 's/\t\t\tif \(vma->vm_end > last_vma_end\) \{\n\t\t\t\tsmap_gather_stats\(vma, &mss, last_vma_end\);\n\t\t\t\tlast_vma_end = vma->vm_end;\n\t\t\t\}/\t\t\tif (vma->vm_end > last_vma_end)\n\t\t\t\tsmap_gather_stats(vma, \&mss, last_vma_end);/' ./fs/proc/task_mmu.c[0m
2026-08-19T11:42:11.8039150Z [36;1m    fi[0m
2026-08-19T11:42:11.8039465Z [36;1m  fi[0m
2026-08-19T11:42:11.8039760Z [36;1mfi[0m
2026-08-19T11:42:11.8040053Z [36;1m[0m
2026-08-19T11:42:11.8040349Z [36;1mif [ "$fake_patched" = 1 ]; then[0m
2026-08-19T11:42:11.8040890Z [36;1m  if [ "android14" = "android15" ] && [ "6.1" = "6.6" ]; then[0m
2026-08-19T11:42:11.8042073Z [36;1m    if grep -qxF $'\tunsigned int nr_subpages = __PAGE_SIZE / PAGE_SIZE;' ./fs/proc/task_mmu.c; then[0m
2026-08-19T11:42:11.8042982Z [36;1m      echo "nr_subpages Line found. Revert Fake Patching!"[0m
2026-08-19T11:42:11.8043995Z [36;1m      sed -i -e '/unsigned int nr_subpages \= __PAGE_SIZE \/ PAGE_SIZE;/d' -e '/pagemap_entry_t \*res = NULL;/d' ./fs/proc/task_mmu.c[0m
2026-08-19T11:42:11.8045108Z [36;1m    fi[0m
2026-08-19T11:42:11.8045419Z [36;1m  fi[0m
2026-08-19T11:42:11.8045855Z [36;1m  if [ "android14" = "android12" ] && [ "6.1" = "5.10" ]; then[0m
2026-08-19T11:42:11.8046574Z [36;1m    if grep -qxF $'\t\t\tgoto show_pad;' ./fs/proc/task_mmu.c; then[0m
2026-08-19T11:42:11.8047218Z [36;1m      echo "vma_pages Line found. Revert Fake Patching!"[0m
2026-08-19T11:42:11.8047951Z [36;1m      sed -i -e 's/goto show_pad;/return 0;/' ./fs/proc/task_mmu.c[0m
2026-08-19T11:42:11.8048524Z [36;1m    fi[0m
2026-08-19T11:42:11.8048824Z [36;1m  fi[0m
2026-08-19T11:42:11.8049252Z [36;1m  if [ "android14" = "android13" ] && [ "6.1" = "5.15" ]; then[0m
2026-08-19T11:42:11.8049970Z [36;1m    if grep -qxF $'\t\t\tgoto show_pad;' ./fs/proc/task_mmu.c; then[0m
2026-08-19T11:42:11.8050663Z [36;1m      echo "vma_pages Line found. Revert Fake Patching!"[0m
2026-08-19T11:42:11.8051346Z [36;1m      sed -i -e 's/goto show_pad;/return 0;/' ./fs/proc/task_mmu.c[0m
2026-08-19T11:42:11.8051904Z [36;1m    fi[0m
2026-08-19T11:42:11.8052215Z [36;1m    [0m
2026-08-19T11:42:11.8052708Z [36;1m    if ! grep -qxF '#include <linux/swap_slots.h>' ./mm/memory.c; then[0m
2026-08-19T11:42:11.8053804Z [36;1m      echo "#include <linux/swap_slots.h> Line not found. Adding missing header"[0m
2026-08-19T11:42:11.8054973Z [36;1m      sed -i '/#include <linux\/vmalloc.h>/a #include <linux\/swap_slots.h>' ./mm/memory.c[0m
2026-08-19T11:42:11.8055665Z [36;1m    fi[0m
2026-08-19T11:42:11.8055966Z [36;1m  fi[0m
2026-08-19T11:42:11.8056387Z [36;1m  if [ "android14" = "android14" ] && [ "6.1" = "6.1" ]; then[0m
2026-08-19T11:42:11.8057097Z [36;1m    if grep -qxF $'\t\t\tgoto show_pad;' ./fs/proc/task_mmu.c; then[0m
2026-08-19T11:42:11.8057789Z [36;1m      echo "vma_pages Line found. Revert Fake Patching!"[0m
2026-08-19T11:42:11.8058460Z [36;1m      sed -i -e 's/goto show_pad;/return 0;/' ./fs/proc/task_mmu.c[0m
2026-08-19T11:42:11.8059016Z [36;1m    fi[0m
2026-08-19T11:42:11.8059318Z [36;1m  fi[0m
2026-08-19T11:42:11.8059608Z [36;1mfi[0m
2026-08-19T11:42:11.8059982Z [36;1mecho "✅ SUSFS patches applied"[0m
2026-08-19T11:42:11.8060408Z [36;1m[0m
2026-08-19T11:42:11.8060783Z [36;1mecho "Add SUSFS Configuration Settings"[0m
2026-08-19T11:42:11.8061468Z [36;1mcat >> "$COMMON_KERNEL_FOLDER/arch/arm64/configs/gki_defconfig" <<EOF[0m
2026-08-19T11:42:11.8062097Z [36;1mCONFIG_KSU_SUSFS=y[0m
2026-08-19T11:42:11.8062513Z [36;1mCONFIG_KSU_SUSFS_HAS_MAGIC_MOUNT=y[0m
2026-08-19T11:42:11.8062986Z [36;1mCONFIG_KSU_SUSFS_SUS_PATH=y[0m
2026-08-19T11:42:11.8063425Z [36;1mCONFIG_KSU_SUSFS_SUS_MOUNT=y[0m
2026-08-19T11:42:11.8063966Z [36;1mCONFIG_KSU_SUSFS_AUTO_ADD_SUS_KSU_DEFAULT_MOUNT=y[0m
2026-08-19T11:42:11.8064779Z [36;1mCONFIG_KSU_SUSFS_AUTO_ADD_SUS_BIND_MOUNT=y[0m
2026-08-19T11:42:11.8065280Z [36;1mCONFIG_KSU_SUSFS_SUS_KSTAT=y[0m
2026-08-19T11:42:11.8065731Z [36;1mCONFIG_KSU_SUSFS_SUS_OVERLAYFS=n[0m
2026-08-19T11:42:11.8066190Z [36;1mCONFIG_KSU_SUSFS_TRY_UMOUNT=y[0m
2026-08-19T11:42:11.8066728Z [36;1mCONFIG_KSU_SUSFS_AUTO_ADD_TRY_UMOUNT_FOR_BIND_MOUNT=y[0m
2026-08-19T11:42:11.8067302Z [36;1mCONFIG_KSU_SUSFS_SPOOF_UNAME=y[0m
2026-08-19T11:42:11.8067765Z [36;1mCONFIG_KSU_SUSFS_ENABLE_LOG=y[0m
2026-08-19T11:42:11.8068252Z [36;1mCONFIG_KSU_SUSFS_HIDE_KSU_SUSFS_SYMBOLS=y[0m
2026-08-19T11:42:11.8068814Z [36;1mCONFIG_KSU_SUSFS_SPOOF_CMDLINE_OR_BOOTCONFIG=y[0m
2026-08-19T11:42:11.8069358Z [36;1mCONFIG_KSU_SUSFS_OPEN_REDIRECT=y[0m
2026-08-19T11:42:11.8069811Z [36;1mCONFIG_KSU_SUSFS_SUS_MAP=y[0m
2026-08-19T11:42:11.8070241Z [36;1mCONFIG_KSU_SUSFS_SUS_SU=n[0m
2026-08-19T11:42:11.8070635Z [36;1mEOF[0m
2026-08-19T11:42:11.8071214Z [36;1m[0m
2026-08-19T11:42:11.8071519Z [36;1mecho "::endgroup::"[0m
2026-08-19T11:42:11.8118711Z shell: /usr/bin/bash --noprofile --norc -e -o pipefail {0}
2026-08-19T11:42:11.8119065Z env:
2026-08-19T11:42:11.8119416Z   CCACHE_DIR: /home/runner/work/OnePlus_KernelSU_SUSFS/OnePlus_KernelSU_SUSFS/.ccache
2026-08-19T11:42:11.8119833Z   CCACHE_MAXSIZE: 12G
2026-08-19T11:42:11.8120064Z   CCACHE_COMPILERCHECK: content
2026-08-19T11:42:11.8120473Z   CCACHE_BASEDIR: /home/runner/work/OnePlus_KernelSU_SUSFS/OnePlus_KernelSU_SUSFS
2026-08-19T11:42:11.8120882Z   CCACHE_NOHASHDIR: true
2026-08-19T11:42:11.8121126Z   CCACHE_IGNOREOPTIONS: --sysroot*
2026-08-19T11:42:11.8121382Z   CCACHE_COMPRESSION: true
2026-08-19T11:42:11.8121614Z   CCACHE_COMPRESSION_LEVEL: 3
2026-08-19T11:42:11.8121857Z   CCACHE_DIRECT: true
2026-08-19T11:42:11.8122064Z   CCACHE_FILE_CLONE: true
2026-08-19T11:42:11.8122292Z   CCACHE_INODE_CACHE: true
2026-08-19T11:42:11.8122529Z   CCACHE_IS_KERNEL_COMPILING: true
2026-08-19T11:42:11.8122779Z   CCACHE_UMASK: 002
2026-08-19T11:42:11.8123239Z   CCACHE_SLOPPINESS: file_macro,time_macros,include_file_mtime,include_file_ctime,pch_defines,system_headers,locale
2026-08-19T11:42:11.8123740Z   ACTION_REPO: 
2026-08-19T11:42:11.8123944Z   ACTION_REF: 
2026-08-19T11:42:11.8124153Z   OP_MODEL: OP-ACE-3-PRO-6.1.75
2026-08-19T11:42:11.8124574Z   OP_SOC: pineapple
2026-08-19T11:42:11.8124800Z   OP_BRANCH: wild/sm8650
2026-08-19T11:42:11.8125050Z   OP_MANIFEST: oneplus_ace3_pro_6.1.75_v.xml
2026-08-19T11:42:11.8125331Z   OP_ANDROID_VERSION: android14
2026-08-19T11:42:11.8125787Z   OP_KERNEL_VERSION: 6.1
2026-08-19T11:42:11.8126008Z   OP_OS_VERSION: A15
2026-08-19T11:42:11.8126219Z   OP_LTO: thin
2026-08-19T11:42:11.8126420Z   OP_ZYC_COMPILER: 
2026-08-19T11:42:11.8126766Z   OP_C_COMPILER: kernel_platform/prebuilts/clang/host/linux-x86/clang-r487747c/bin
2026-08-19T11:42:11.8127165Z   OP_RUST_COMPILER: 
2026-08-19T11:42:11.8127374Z   OP_BINDGEN: 
2026-08-19T11:42:11.8127567Z   OP_RUST_BUILD: false
2026-08-19T11:42:11.8127812Z   OP_DISK_CLEANUP: false
2026-08-19T11:42:11.8128035Z   OP_HMBIRD: false
2026-08-19T11:42:11.8128236Z   OP_SUSFS: true
2026-08-19T11:42:11.8128432Z   OP_OPT: true
2026-08-19T11:42:11.8128622Z   OP_DS: true
2026-08-19T11:42:11.8128813Z   OP_BBG: true
2026-08-19T11:42:11.8128997Z   OP_BBR: true
2026-08-19T11:42:11.8129178Z   OP_BBR3: true
2026-08-19T11:42:11.8129367Z   OP_TTL: true
2026-08-19T11:42:11.8129556Z   OP_IP_SET: true
2026-08-19T11:42:11.8129758Z   OP_UNICODE: true
2026-08-19T11:42:11.8129956Z   OP_NTSYNC: true
2026-08-19T11:42:11.8131965Z   OP_BLACKLIST_MODULES: kernelsu,oplus_security_guard,oplus_qr_scan,oplus_score,oplus_vip_task,oplus_dns_cache,oplus_network_linkpower_module,oplus_data_module,oplus_secure_harden,oplus_security_keventupload,oplus_secure_guard_new,oplus_secure_guard,coresight_tpda,coresight_tgu,coresight_trace_noc,coresight_cti,coresight_qmi,coresight_dummy,coresight_remote_etm,coresight_tpdm,coresight_uetm,coresight_stm,coresight_tmc_sec,f_fs_ipc_log,qcom_iommu_debug,qti_battery_debug,rdbg,stm_heartbeat,stm_p_ost,stm_core,stm_ftrace,stm_console,spmi_pmic_arb_debug
2026-08-19T11:42:11.8134388Z   OP_UNAME: OP-WILD
2026-08-19T11:42:11.8134815Z   CONFIG: OP-ACE-3-PRO-6.1.75
2026-08-19T11:42:11.8135066Z   REPO: /usr/local/bin/repo
2026-08-19T11:42:11.8135498Z   CONFIG_FOLDER: /home/runner/work/OnePlus_KernelSU_SUSFS/OnePlus_KernelSU_SUSFS/OP-ACE-3-PRO-6.1.75
2026-08-19T11:42:11.8136186Z   ARTIFACTS_FOLDER: /home/runner/work/OnePlus_KernelSU_SUSFS/OnePlus_KernelSU_SUSFS/OP-ACE-3-PRO-6.1.75/artifacts
2026-08-19T11:42:11.8138034Z   KERNEL_PLATFORM_FOLDER: /home/runner/work/OnePlus_KernelSU_SUSFS/OnePlus_KernelSU_SUSFS/OP-ACE-3-PRO-6.1.75/kernel_platform
2026-08-19T11:42:11.8138941Z   COMMON_KERNEL_FOLDER: /home/runner/work/OnePlus_KernelSU_SUSFS/OnePlus_KernelSU_SUSFS/OP-ACE-3-PRO-6.1.75/kernel_platform/common
2026-08-19T11:42:11.8139872Z   MSM_KERNEL_FOLDER: /home/runner/work/OnePlus_KernelSU_SUSFS/OnePlus_KernelSU_SUSFS/OP-ACE-3-PRO-6.1.75/kernel_platform/msm-kernel
2026-08-19T11:42:11.8140908Z   AK3_FOLDER: /home/runner/work/OnePlus_KernelSU_SUSFS/OnePlus_KernelSU_SUSFS/OP-ACE-3-PRO-6.1.75/AnyKernel3
2026-08-19T11:42:11.8141585Z   DEBUG_ARTIFACTS_FOLDER: /home/runner/work/OnePlus_KernelSU_SUSFS/OnePlus_KernelSU_SUSFS/debug_artifacts
2026-08-19T11:42:11.8142240Z   KERNEL_PATCHES_FOLDER: /home/runner/work/OnePlus_KernelSU_SUSFS/OnePlus_KernelSU_SUSFS/kernel_patches
2026-08-19T11:42:11.8142842Z   SUSFS_FOLDER: /home/runner/work/OnePlus_KernelSU_SUSFS/OnePlus_KernelSU_SUSFS/susfs4ksu
2026-08-19T11:42:11.8143512Z   KSU_FOLDER: /home/runner/work/OnePlus_KernelSU_SUSFS/OnePlus_KernelSU_SUSFS/OP-ACE-3-PRO-6.1.75/kernel_platform/KernelSU
2026-08-19T11:42:11.8144306Z   KSUN_FOLDER: /home/runner/work/OnePlus_KernelSU_SUSFS/OnePlus_KernelSU_SUSFS/OP-ACE-3-PRO-6.1.75/kernel_platform/KernelSU-Next
2026-08-19T11:42:11.8145047Z   DEBUG_ZIP_NAME: debug_OP-ACE-3-PRO-6.1.75_A15.zip
2026-08-19T11:42:11.8145348Z   ANDROID_VER: android14
2026-08-19T11:42:11.8145576Z   KERNEL_VER: 6.1
2026-08-19T11:42:11.8145776Z   TKERNEL_VER: 6.1.75
2026-08-19T11:42:11.8146001Z   KERNEL_FULL_VER: android14-6.1.75
2026-08-19T11:42:11.8146279Z   SUSFS_KERNEL_BRANCH: gki-android14-6.1
2026-08-19T11:42:11.8146538Z   BUILD_USER: OnePlus
2026-08-19T11:42:11.8146751Z   BUILD_HOST: ubuntu-build
2026-08-19T11:42:11.8147397Z   CLANG_BIN_PATH: /home/runner/work/OnePlus_KernelSU_SUSFS/OnePlus_KernelSU_SUSFS/OP-ACE-3-PRO-6.1.75/kernel_platform/prebuilts/clang/host/linux-x86/clang-r487747c/bin
2026-08-19T11:42:11.8148714Z   CLANG_VERSION: Android (10087095, +pgo, +bolt, +lto, -mlgo, based on r487747c) clang version 17.0.2 (https://android.googlesource.com/toolchain/llvm-project d9f89f4d16663d5012e5c09495f3b30ece3d2362)
2026-08-19T11:42:11.8149494Z   CLANG_VERSION_SHORT: 4e90edd6
2026-08-19T11:42:11.8150197Z   LIBCLANG_PATH: /home/runner/work/OnePlus_KernelSU_SUSFS/OnePlus_KernelSU_SUSFS/OP-ACE-3-PRO-6.1.75/kernel_platform/prebuilts/clang/host/linux-x86/clang-r487747c/bin/../lib
2026-08-19T11:42:11.8150915Z   SUSFS_COMMIT_SHA: gki-android14-6.1
2026-08-19T11:42:11.8151173Z   NEED_HOOKS: false
2026-08-19T11:42:11.8151434Z   KSU_COMMIT_SHA: 8f77a4019ab716369911aedb5817a454ba96e20f
2026-08-19T11:42:11.8151736Z   KSUVER: 33241
2026-08-19T11:42:11.8151938Z ##[endgroup]
2026-08-19T11:42:11.8220103Z ##[group]Apply SUSFS patches
2026-08-19T11:42:11.8220547Z Applying SUSFS patches...
2026-08-19T11:42:11.8295548Z SusFS Version: v2.2.0
2026-08-19T11:42:11.8710737Z patching file kernel/Kbuild
2026-08-19T11:42:11.8711193Z Hunk #1 FAILED at 4.
2026-08-19T11:42:11.8711745Z Hunk #2 succeeded at 62 (offset 1 line).
2026-08-19T11:42:11.8712424Z 1 out of 2 hunks FAILED -- saving rejects to file kernel/Kbuild.rej
2026-08-19T11:42:11.8713093Z patching file kernel/Kconfig
2026-08-19T11:42:11.8714006Z patching file kernel/Makefile
2026-08-19T11:42:11.8715163Z patching file kernel/core/init.c
2026-08-19T11:42:11.8715706Z Hunk #1 FAILED at 6.
2026-08-19T11:42:11.8716161Z Hunk #2 succeeded at 12 with fuzz 1 (offset -1 lines).
2026-08-19T11:42:11.8716639Z Hunk #3 FAILED at 20.
2026-08-19T11:42:11.8716969Z Hunk #4 succeeded at 70 (offset 1 line).
2026-08-19T11:42:11.8717347Z Hunk #5 FAILED at 82.
2026-08-19T11:42:11.8717696Z Hunk #6 FAILED at 113.
2026-08-19T11:42:11.8725401Z Hunk #7 FAILED at 123.
2026-08-19T11:42:11.8725775Z Hunk #8 FAILED at 204.
2026-08-19T11:42:11.8726301Z 6 out of 8 hunks FAILED -- saving rejects to file kernel/core/init.c.rej
2026-08-19T11:42:11.8726962Z patching file kernel/feature/adb_root.c
2026-08-19T11:42:11.8727450Z patching file kernel/feature/adb_root.h
2026-08-19T11:42:11.8727945Z patching file kernel/feature/kernel_umount.c
2026-08-19T11:42:11.8728412Z Hunk #1 FAILED at 83.
2026-08-19T11:42:11.8728990Z 1 out of 1 hunk FAILED -- saving rejects to file kernel/feature/kernel_umount.c.rej
2026-08-19T11:42:11.8729705Z patching file kernel/feature/selinux_hide.c
2026-08-19T11:42:11.8730215Z patching file kernel/feature/sucompat.c
2026-08-19T11:42:11.8730652Z Hunk #3 FAILED at 24.
2026-08-19T11:42:11.8731251Z Hunk #4 succeeded at 65 with fuzz 1.
2026-08-19T11:42:11.8731674Z Hunk #5 FAILED at 79.
2026-08-19T11:42:11.8732221Z 2 out of 5 hunks FAILED -- saving rejects to file kernel/feature/sucompat.c.rej
2026-08-19T11:42:11.8732903Z patching file kernel/feature/sucompat.h
2026-08-19T11:42:11.8733376Z patching file kernel/hook/setuid_hook.c
2026-08-19T11:42:11.8733799Z Hunk #2 FAILED at 20.
2026-08-19T11:42:11.8734328Z 1 out of 2 hunks FAILED -- saving rejects to file kernel/hook/setuid_hook.c.rej
2026-08-19T11:42:11.8735151Z patching file kernel/hook/setuid_hook.h
2026-08-19T11:42:11.8736818Z patching file kernel/include/ksu.h
2026-08-19T11:42:11.8737408Z Hunk #1 succeeded at 9 with fuzz 1 (offset 1 line).
2026-08-19T11:42:11.8738417Z patching file kernel/policy/allowlist.c
2026-08-19T11:42:11.8738913Z Hunk #1 succeeded at 297 (offset 3 lines).
2026-08-19T11:42:11.8740186Z patching file kernel/policy/app_profile.c
2026-08-19T11:42:11.8740654Z Hunk #3 succeeded at 106 (offset 1 line).
2026-08-19T11:42:11.8741092Z Hunk #4 succeeded at 115 (offset 1 line).
2026-08-19T11:42:11.8741580Z Hunk #5 succeeded at 173 (offset 1 line).
2026-08-19T11:42:11.8742022Z Hunk #6 succeeded at 191 (offset 1 line).
2026-08-19T11:42:11.8742515Z patching file kernel/policy/app_profile.h
2026-08-19T11:42:11.8742979Z patching file kernel/policy/feature.h
2026-08-19T11:42:11.8743715Z patching file kernel/runtime/boot_event.c
2026-08-19T11:42:11.8744065Z Hunk #1 succeeded at 13 with fuzz 2.
2026-08-19T11:42:11.8744741Z Hunk #2 succeeded at 32 (offset 2 lines).
2026-08-19T11:42:11.8745182Z patching file kernel/runtime/ksud.h
2026-08-19T11:42:11.8746433Z patching file kernel/runtime/ksud_integration.c
2026-08-19T11:42:11.8749046Z patching file kernel/selinux/rules.c
2026-08-19T11:42:11.8749553Z Hunk #1 succeeded at 161 (offset 1 line).
2026-08-19T11:42:11.8750803Z patching file kernel/selinux/selinux.c
2026-08-19T11:42:11.8751560Z Hunk #1 succeeded at 226 (offset 6 lines).
2026-08-19T11:42:11.8752392Z patching file kernel/selinux/selinux.h
2026-08-19T11:42:11.8753447Z patching file kernel/sulog/event.c
2026-08-19T11:42:11.8753926Z Hunk #1 succeeded at 25 with fuzz 1.
2026-08-19T11:42:11.8754363Z Hunk #2 succeeded at 131 (offset 76 lines).
2026-08-19T11:42:11.8755006Z Hunk #3 succeeded at 180 (offset 76 lines).
2026-08-19T11:42:11.8755489Z Hunk #4 succeeded at 224 (offset 76 lines).
2026-08-19T11:42:11.8755974Z Hunk #5 succeeded at 244 (offset 76 lines).
2026-08-19T11:42:11.8756497Z Hunk #6 succeeded at 280 (offset 76 lines).
2026-08-19T11:42:11.8756938Z Hunk #7 succeeded at 292 (offset 76 lines).
2026-08-19T11:42:11.8757451Z Hunk #8 succeeded at 309 (offset 76 lines).
2026-08-19T11:42:11.8757981Z Hunk #9 succeeded at 374 (offset 76 lines).
2026-08-19T11:42:11.8758456Z patching file kernel/sulog/event.h
2026-08-19T11:42:11.8758872Z Hunk #2 succeeded at 13 with fuzz 2.
2026-08-19T11:42:11.8759323Z patching file kernel/supercall/dispatch.c
2026-08-19T11:42:11.8759881Z Hunk #1 succeeded at 5 (offset 1 line).
2026-08-19T11:42:11.8760351Z Hunk #2 succeeded at 19 (offset 1 line).
2026-08-19T11:42:11.8760804Z Hunk #3 succeeded at 54 (offset 5 lines).
2026-08-19T11:42:11.8761288Z Hunk #4 succeeded at 79 (offset 5 lines).
2026-08-19T11:42:11.8761759Z Hunk #5 succeeded at 105 (offset 5 lines).
2026-08-19T11:42:11.8762243Z Hunk #6 succeeded at 114 (offset 5 lines).
2026-08-19T11:42:11.8762766Z Hunk #7 succeeded at 361 (offset 5 lines).
2026-08-19T11:42:11.8763209Z Hunk #8 succeeded at 437 (offset 5 lines).
2026-08-19T11:42:11.8763682Z Hunk #9 succeeded at 472 (offset 5 lines).
2026-08-19T11:42:11.8764141Z patching file kernel/supercall/supercall.c
2026-08-19T11:42:11.8764899Z Hunk #1 FAILED at 77.
2026-08-19T11:42:11.8765559Z 1 out of 1 hunk FAILED -- saving rejects to file kernel/supercall/supercall.c.rej
2026-08-19T11:42:11.8766241Z patching file kernel/supercall/supercall.h
2026-08-19T11:42:11.8872642Z Patching file: setuid_hook.c with fix_setuid_hook.c.patch
2026-08-19T11:42:11.8882539Z patching file kernel/hook/setuid_hook.c
2026-08-19T11:42:11.8885900Z Patching file: Kbuild with fix_Kbuild.patch
2026-08-19T11:42:11.8896637Z patching file kernel/Kbuild
2026-08-19T11:42:11.8897860Z patching file kernel/Makefile
2026-08-19T11:42:11.8899459Z patching file kernel/feature/selinux_hide.c
2026-08-19T11:42:11.8901755Z patching file kernel/runtime/boot_event.c
2026-08-19T11:42:11.8907198Z Patching file: supercall.c with fix_supercall.c.patch
2026-08-19T11:42:11.8916602Z patching file kernel/supercall/supercall.c
2026-08-19T11:42:11.8920134Z Patching file: init.c with fix_init.c.patch
2026-08-19T11:42:11.8929815Z patching file kernel/core/init.c
2026-08-19T11:42:11.8933374Z Patching file: sucompat.c with fix_sucompat.c.patch
2026-08-19T11:42:11.8942814Z patching file kernel/feature/sucompat.c
2026-08-19T11:42:11.8945447Z Hunk #2 FAILED at 93.
2026-08-19T11:42:11.8949188Z 1 out of 2 hunks FAILED -- saving rejects to file kernel/feature/sucompat.c.rej
2026-08-19T11:42:11.8962858Z ##[error]Process completed with exit code 1.
2026-08-19T11:42:11.8970100Z ##[end-action id=build.__run_19;outcome=failure;conclusion=failure;duration_ms=111]
2026-08-19T11:42:11.8973492Z ##[start-action display=Add BBG;id=build.__run_20]
2026-08-19T11:42:11.8977029Z ##[end-action id=build.__run_20;outcome=skipped;conclusion=skipped;duration_ms=0]
2026-08-19T11:42:11.8978881Z ##[start-action display=Apply KSU Hooks;id=build.__run_21]
2026-08-19T11:42:11.8981069Z ##[end-action id=build.__run_21;outcome=skipped;conclusion=skipped;duration_ms=0]
2026-08-19T11:42:11.8982791Z ##[start-action display=Apply Other Patches;id=build.__run_22]
2026-08-19T11:42:11.8984959Z ##[end-action id=build.__run_22;outcome=skipped;conclusion=skipped;duration_ms=0]
2026-08-19T11:42:11.8986726Z ##[start-action display=Apply Optimisation Patches;id=build.__run_23]
2026-08-19T11:42:11.8988807Z ##[end-action id=build.__run_23;outcome=skipped;conclusion=skipped;duration_ms=0]
2026-08-19T11:42:11.8990441Z ##[start-action display=Apply NTSync Patch;id=build.__run_24]
2026-08-19T11:42:11.8992522Z ##[end-action id=build.__run_24;outcome=skipped;conclusion=skipped;duration_ms=0]
2026-08-19T11:42:11.8994199Z ##[start-action display=Apply Unicode Fix Patch;id=build.__run_25]
2026-08-19T11:42:11.8996473Z ##[end-action id=build.__run_25;outcome=skipped;conclusion=skipped;duration_ms=0]
2026-08-19T11:42:11.8998108Z ##[start-action display=Add Tmpfs Support;id=build.__run_26]
2026-08-19T11:42:11.8999551Z ##[end-action id=build.__run_26;outcome=skipped;conclusion=skipped;duration_ms=0]
2026-08-19T11:42:11.9001074Z ##[start-action display=Add BBR;id=build.__run_27]
2026-08-19T11:42:11.9002908Z ##[end-action id=build.__run_27;outcome=skipped;conclusion=skipped;duration_ms=0]
2026-08-19T11:42:11.9005007Z ##[start-action display=Apply BBRv3;id=build.__run_28]
2026-08-19T11:42:11.9007136Z ##[end-action id=build.__run_28;outcome=skipped;conclusion=skipped;duration_ms=0]
2026-08-19T11:42:11.9008888Z ##[start-action display=Enable Important Net Schedulers (qdisc);id=build.__run_29]
2026-08-19T11:42:11.9010692Z ##[end-action id=build.__run_29;outcome=skipped;conclusion=skipped;duration_ms=0]
2026-08-19T11:42:11.9012335Z ##[start-action display=Add TTL Target Support;id=build.__run_30]
2026-08-19T11:42:11.9014323Z ##[end-action id=build.__run_30;outcome=skipped;conclusion=skipped;duration_ms=0]
2026-08-19T11:42:11.9016349Z ##[start-action display=Add IP SET & IPv6_NAT Support;id=build.__run_31]
2026-08-19T11:42:11.9018508Z ##[end-action id=build.__run_31;outcome=skipped;conclusion=skipped;duration_ms=0]
2026-08-19T11:42:11.9020141Z ##[start-action display=Add Droidspaces support;id=build.__run_32]
2026-08-19T11:42:11.9022051Z ##[end-action id=build.__run_32;outcome=skipped;conclusion=skipped;duration_ms=0]
2026-08-19T11:42:11.9023639Z ##[start-action display=Add Build based configs;id=build.__run_33]
2026-08-19T11:42:11.9025284Z ##[end-action id=build.__run_33;outcome=skipped;conclusion=skipped;duration_ms=0]
2026-08-19T11:42:11.9026912Z ##[start-action display=Add RUST build configs;id=build.__run_34]
2026-08-19T11:42:11.9028946Z ##[end-action id=build.__run_34;outcome=skipped;conclusion=skipped;duration_ms=0]
2026-08-19T11:42:11.9030758Z ##[start-action display=Save Build Metadata;id=build.save_metadata]
2026-08-19T11:42:11.9045384Z ##[end-action id=build.save_metadata;outcome=skipped;conclusion=skipped;duration_ms=0]
2026-08-19T11:42:11.9047306Z ##[start-action display=Customize Kernel Branding;id=build.__run_35]
2026-08-19T11:42:11.9049033Z ##[end-action id=build.__run_35;outcome=skipped;conclusion=skipped;duration_ms=0]
2026-08-19T11:42:11.9050669Z ##[start-action display=Disable GPUEB;id=build.__run_36]
2026-08-19T11:42:11.9054280Z ##[end-action id=build.__run_36;outcome=skipped;conclusion=skipped;duration_ms=0]
2026-08-19T11:42:11.9056247Z ##[start-action display=Apply Fake config.gz patch;id=build.__run_37]
2026-08-19T11:42:11.9057913Z ##[end-action id=build.__run_37;outcome=skipped;conclusion=skipped;duration_ms=0]
2026-08-19T11:42:11.9059580Z ##[start-action display=Disable Vendor / Kernel Modules;id=build.__run_38]
2026-08-19T11:42:11.9061068Z ##[end-action id=build.__run_38;outcome=skipped;conclusion=skipped;duration_ms=0]
2026-08-19T11:42:11.9062968Z ##[start-action display=Build Kernel;id=build.build_kernel_step]
2026-08-19T11:42:11.9064681Z ##[end-action id=build.build_kernel_step;outcome=skipped;conclusion=skipped;duration_ms=0]
2026-08-19T11:42:11.9066505Z ##[start-action display=📊 ccache Post-Build Statistics;id=build.ccache_stats]
2026-08-19T11:42:11.9068877Z ##[end-action id=build.ccache_stats;outcome=skipped;conclusion=skipped;duration_ms=0]
2026-08-19T11:42:11.9070865Z ##[start-action display=Collect Build Stats / Validate Image;id=build.collect_stats]
2026-08-19T11:42:11.9072533Z ##[end-action id=build.collect_stats;outcome=skipped;conclusion=skipped;duration_ms=0]
2026-08-19T11:42:11.9074185Z ##[start-action display=Create Kernel ZIP;id=build.create_zip]
2026-08-19T11:42:11.9076105Z ##[end-action id=build.create_zip;outcome=skipped;conclusion=skipped;duration_ms=0]
2026-08-19T11:42:11.9077728Z ##[start-action display=Final Build Summary;id=build.__run_39]
2026-08-19T11:42:11.9079189Z ##[end-action id=build.__run_39;outcome=skipped;conclusion=skipped;duration_ms=0]
2026-08-19T11:42:11.9080834Z ##[start-action display=Upload Debug Artifacts;id=build.__actions_upload-artifact]
2026-08-19T11:42:11.9134915Z ##[group]Run actions/upload-artifact@v7
2026-08-19T11:42:11.9135200Z with:
2026-08-19T11:42:11.9135417Z   name: debug_OP-ACE-3-PRO-6.1.75_A15.zip
2026-08-19T11:42:11.9135866Z   path: /home/runner/work/OnePlus_KernelSU_SUSFS/OnePlus_KernelSU_SUSFS/debug_artifacts
2026-08-19T11:42:11.9136300Z   compression-level: 9
2026-08-19T11:42:11.9136537Z   retention-days: 90
2026-08-19T11:42:11.9136759Z   if-no-files-found: warn
2026-08-19T11:42:11.9136989Z   overwrite: false
2026-08-19T11:42:11.9137210Z   include-hidden-files: false
2026-08-19T11:42:11.9137451Z   archive: true
2026-08-19T11:42:11.9137649Z env:
2026-08-19T11:42:11.9137986Z   CCACHE_DIR: /home/runner/work/OnePlus_KernelSU_SUSFS/OnePlus_KernelSU_SUSFS/.ccache
2026-08-19T11:42:11.9138404Z   CCACHE_MAXSIZE: 12G
2026-08-19T11:42:11.9138643Z   CCACHE_COMPILERCHECK: content
2026-08-19T11:42:11.9139039Z   CCACHE_BASEDIR: /home/runner/work/OnePlus_KernelSU_SUSFS/OnePlus_KernelSU_SUSFS
2026-08-19T11:42:11.9139441Z   CCACHE_NOHASHDIR: true
2026-08-19T11:42:11.9139695Z   CCACHE_IGNOREOPTIONS: --sysroot*
2026-08-19T11:42:11.9139961Z   CCACHE_COMPRESSION: true
2026-08-19T11:42:11.9140201Z   CCACHE_COMPRESSION_LEVEL: 3
2026-08-19T11:42:11.9140441Z   CCACHE_DIRECT: true
2026-08-19T11:42:11.9140652Z   CCACHE_FILE_CLONE: true
2026-08-19T11:42:11.9140874Z   CCACHE_INODE_CACHE: true
2026-08-19T11:42:11.9141111Z   CCACHE_IS_KERNEL_COMPILING: true
2026-08-19T11:42:11.9141357Z   CCACHE_UMASK: 002
2026-08-19T11:42:11.9141832Z   CCACHE_SLOPPINESS: file_macro,time_macros,include_file_mtime,include_file_ctime,pch_defines,system_headers,locale
2026-08-19T11:42:11.9142352Z   ACTION_REPO: 
2026-08-19T11:42:11.9142544Z   ACTION_REF: 
2026-08-19T11:42:11.9142752Z   OP_MODEL: OP-ACE-3-PRO-6.1.75
2026-08-19T11:42:11.9142996Z   OP_SOC: pineapple
2026-08-19T11:42:11.9143358Z   OP_BRANCH: wild/sm8650
2026-08-19T11:42:11.9143602Z   OP_MANIFEST: oneplus_ace3_pro_6.1.75_v.xml
2026-08-19T11:42:11.9143885Z   OP_ANDROID_VERSION: android14
2026-08-19T11:42:11.9144123Z   OP_KERNEL_VERSION: 6.1
2026-08-19T11:42:11.9144336Z   OP_OS_VERSION: A15
2026-08-19T11:42:11.9144644Z   OP_LTO: thin
2026-08-19T11:42:11.9144840Z   OP_ZYC_COMPILER: 
2026-08-19T11:42:11.9145192Z   OP_C_COMPILER: kernel_platform/prebuilts/clang/host/linux-x86/clang-r487747c/bin
2026-08-19T11:42:11.9145591Z   OP_RUST_COMPILER: 
2026-08-19T11:42:11.9145790Z   OP_BINDGEN: 
2026-08-19T11:42:11.9145986Z   OP_RUST_BUILD: false
2026-08-19T11:42:11.9146207Z   OP_DISK_CLEANUP: false
2026-08-19T11:42:11.9146425Z   OP_HMBIRD: false
2026-08-19T11:42:11.9146624Z   OP_SUSFS: true
2026-08-19T11:42:11.9146817Z   OP_OPT: true
2026-08-19T11:42:11.9147001Z   OP_DS: true
2026-08-19T11:42:11.9147189Z   OP_BBG: true
2026-08-19T11:42:11.9147374Z   OP_BBR: true
2026-08-19T11:42:11.9147558Z   OP_BBR3: true
2026-08-19T11:42:11.9147766Z   OP_TTL: true
2026-08-19T11:42:11.9147950Z   OP_IP_SET: true
2026-08-19T11:42:11.9148154Z   OP_UNICODE: true
2026-08-19T11:42:11.9148355Z   OP_NTSYNC: true
2026-08-19T11:42:11.9150503Z   OP_BLACKLIST_MODULES: kernelsu,oplus_security_guard,oplus_qr_scan,oplus_score,oplus_vip_task,oplus_dns_cache,oplus_network_linkpower_module,oplus_data_module,oplus_secure_harden,oplus_security_keventupload,oplus_secure_guard_new,oplus_secure_guard,coresight_tpda,coresight_tgu,coresight_trace_noc,coresight_cti,coresight_qmi,coresight_dummy,coresight_remote_etm,coresight_tpdm,coresight_uetm,coresight_stm,coresight_tmc_sec,f_fs_ipc_log,qcom_iommu_debug,qti_battery_debug,rdbg,stm_heartbeat,stm_p_ost,stm_core,stm_ftrace,stm_console,spmi_pmic_arb_debug
2026-08-19T11:42:11.9152628Z   OP_UNAME: OP-WILD
2026-08-19T11:42:11.9152856Z   CONFIG: OP-ACE-3-PRO-6.1.75
2026-08-19T11:42:11.9153109Z   REPO: /usr/local/bin/repo
2026-08-19T11:42:11.9153563Z   CONFIG_FOLDER: /home/runner/work/OnePlus_KernelSU_SUSFS/OnePlus_KernelSU_SUSFS/OP-ACE-3-PRO-6.1.75
2026-08-19T11:42:11.9154299Z   ARTIFACTS_FOLDER: /home/runner/work/OnePlus_KernelSU_SUSFS/OnePlus_KernelSU_SUSFS/OP-ACE-3-PRO-6.1.75/artifacts
2026-08-19T11:42:11.9155309Z   KERNEL_PLATFORM_FOLDER: /home/runner/work/OnePlus_KernelSU_SUSFS/OnePlus_KernelSU_SUSFS/OP-ACE-3-PRO-6.1.75/kernel_platform
2026-08-19T11:42:11.9156180Z   COMMON_KERNEL_FOLDER: /home/runner/work/OnePlus_KernelSU_SUSFS/OnePlus_KernelSU_SUSFS/OP-ACE-3-PRO-6.1.75/kernel_platform/common
2026-08-19T11:42:11.9157059Z   MSM_KERNEL_FOLDER: /home/runner/work/OnePlus_KernelSU_SUSFS/OnePlus_KernelSU_SUSFS/OP-ACE-3-PRO-6.1.75/kernel_platform/msm-kernel
2026-08-19T11:42:11.9157861Z   AK3_FOLDER: /home/runner/work/OnePlus_KernelSU_SUSFS/OnePlus_KernelSU_SUSFS/OP-ACE-3-PRO-6.1.75/AnyKernel3
2026-08-19T11:42:11.9158576Z   DEBUG_ARTIFACTS_FOLDER: /home/runner/work/OnePlus_KernelSU_SUSFS/OnePlus_KernelSU_SUSFS/debug_artifacts
2026-08-19T11:42:11.9159269Z   KERNEL_PATCHES_FOLDER: /home/runner/work/OnePlus_KernelSU_SUSFS/OnePlus_KernelSU_SUSFS/kernel_patches
2026-08-19T11:42:11.9159908Z   SUSFS_FOLDER: /home/runner/work/OnePlus_KernelSU_SUSFS/OnePlus_KernelSU_SUSFS/susfs4ksu
2026-08-19T11:42:11.9160611Z   KSU_FOLDER: /home/runner/work/OnePlus_KernelSU_SUSFS/OnePlus_KernelSU_SUSFS/OP-ACE-3-PRO-6.1.75/kernel_platform/KernelSU
2026-08-19T11:42:11.9161446Z   KSUN_FOLDER: /home/runner/work/OnePlus_KernelSU_SUSFS/OnePlus_KernelSU_SUSFS/OP-ACE-3-PRO-6.1.75/kernel_platform/KernelSU-Next
2026-08-19T11:42:11.9162044Z   DEBUG_ZIP_NAME: debug_OP-ACE-3-PRO-6.1.75_A15.zip
2026-08-19T11:42:11.9162354Z   ANDROID_VER: android14
2026-08-19T11:42:11.9162584Z   KERNEL_VER: 6.1
2026-08-19T11:42:11.9162795Z   TKERNEL_VER: 6.1.75
2026-08-19T11:42:11.9163023Z   KERNEL_FULL_VER: android14-6.1.75
2026-08-19T11:42:11.9163306Z   SUSFS_KERNEL_BRANCH: gki-android14-6.1
2026-08-19T11:42:11.9163577Z   BUILD_USER: OnePlus
2026-08-19T11:42:11.9163792Z   BUILD_HOST: ubuntu-build
2026-08-19T11:42:11.9164579Z   CLANG_BIN_PATH: /home/runner/work/OnePlus_KernelSU_SUSFS/OnePlus_KernelSU_SUSFS/OP-ACE-3-PRO-6.1.75/kernel_platform/prebuilts/clang/host/linux-x86/clang-r487747c/bin
2026-08-19T11:42:11.9165970Z   CLANG_VERSION: Android (10087095, +pgo, +bolt, +lto, -mlgo, based on r487747c) clang version 17.0.2 (https://android.googlesource.com/toolchain/llvm-project d9f89f4d16663d5012e5c09495f3b30ece3d2362)
2026-08-19T11:42:11.9166748Z   CLANG_VERSION_SHORT: 4e90edd6
2026-08-19T11:42:11.9167456Z   LIBCLANG_PATH: /home/runner/work/OnePlus_KernelSU_SUSFS/OnePlus_KernelSU_SUSFS/OP-ACE-3-PRO-6.1.75/kernel_platform/prebuilts/clang/host/linux-x86/clang-r487747c/bin/../lib
2026-08-19T11:42:11.9168196Z   SUSFS_COMMIT_SHA: gki-android14-6.1
2026-08-19T11:42:11.9168468Z   NEED_HOOKS: false
2026-08-19T11:42:11.9168737Z   KSU_COMMIT_SHA: 8f77a4019ab716369911aedb5817a454ba96e20f
2026-08-19T11:42:11.9169046Z   KSUVER: 33241
2026-08-19T11:42:11.9169244Z   SUSVER: v2.2.0
2026-08-19T11:42:11.9169444Z ##[endgroup]
2026-08-19T11:42:12.0595690Z ##[warning]No files were found with the provided path: /home/runner/work/OnePlus_KernelSU_SUSFS/OnePlus_KernelSU_SUSFS/debug_artifacts. No artifacts will be uploaded.
2026-08-19T11:42:12.0691140Z ##[end-action id=build.__actions_upload-artifact;outcome=success;conclusion=success;duration_ms=160]
2026-08-19T11:42:12.0693626Z ##[start-action display=Upload Artifacts;id=build.__actions_upload-artifact_2]
2026-08-19T11:42:12.0697003Z ##[end-action id=build.__actions_upload-artifact_2;outcome=skipped;conclusion=skipped;duration_ms=0]
2026-08-19T11:42:12.0698935Z ##[start-action display=Upload ccache log;id=build.__actions_upload-artifact_3]
2026-08-19T11:42:12.0701680Z ##[end-action id=build.__actions_upload-artifact_3;outcome=skipped;conclusion=skipped;duration_ms=0]
2026-08-19T11:42:12.0703546Z ##[start-action display=📥 Checkout Code;id=build.__actions_checkout_2]
2026-08-19T11:42:12.0707462Z ##[end-action id=build.__actions_checkout_2;outcome=skipped;conclusion=skipped;duration_ms=0]
2026-08-19T11:42:12.0709251Z ##[start-action display=Save ccache cache;id=build.__self]
2026-08-19T11:42:12.0712946Z ##[end-action id=build.__self;outcome=skipped;conclusion=skipped;duration_ms=0]
2026-08-19T11:42:12.1944715Z Post job cleanup.
2026-08-19T11:42:12.1949350Z ##[start-action display=📥 Checkout Code;id=__231f429a-a66f-42b8-96a2-d623f630e65a.__actions_checkout]
2026-08-19T11:42:12.2039853Z Post job cleanup.
2026-08-19T11:42:12.2936908Z [command]/usr/bin/git version
2026-08-19T11:42:12.2981464Z git version 2.55.0
2026-08-19T11:42:12.3018719Z Copying '/home/runner/.gitconfig' to '/home/runner/work/_temp/ec4a668c-9364-40ac-b4ec-0b53f58348aa/.gitconfig'
2026-08-19T11:42:12.3031141Z Temporarily overriding HOME='/home/runner/work/_temp/ec4a668c-9364-40ac-b4ec-0b53f58348aa' before making global git config changes
2026-08-19T11:42:12.3032474Z Adding repository directory to the temporary git global config as a safe directory
2026-08-19T11:42:12.3038624Z [command]/usr/bin/git config --global --add safe.directory /home/runner/work/OnePlus_KernelSU_SUSFS/OnePlus_KernelSU_SUSFS/action-source
2026-08-19T11:42:12.3071256Z Removing SSH command configuration
2026-08-19T11:42:12.3078655Z [command]/usr/bin/git config --local --name-only --get-regexp core\.sshCommand
2026-08-19T11:42:12.3127030Z [command]/usr/bin/git submodule foreach --recursive sh -c "git config --local --name-only --get-regexp 'core\.sshCommand' && git config --local --unset-all 'core.sshCommand' || :"
2026-08-19T11:42:12.3508913Z Removing HTTP extra header
2026-08-19T11:42:12.3509713Z [command]/usr/bin/git config --local --name-only --get-regexp http\.https\:\/\/github\.com\/\.extraheader
2026-08-19T11:42:12.3545428Z [command]/usr/bin/git submodule foreach --recursive sh -c "git config --local --name-only --get-regexp 'http\.https\:\/\/github\.com\/\.extraheader' && git config --local --unset-all 'http.https://github.com/.extraheader' || :"
2026-08-19T11:42:12.3814134Z Removing includeIf entries pointing to credentials config files
2026-08-19T11:42:12.3826952Z [command]/usr/bin/git config --local --name-only --get-regexp ^includeIf\.gitdir:
2026-08-19T11:42:12.3863704Z includeif.gitdir:/home/runner/work/OnePlus_KernelSU_SUSFS/OnePlus_KernelSU_SUSFS/action-source/.git.path
2026-08-19T11:42:12.3865192Z includeif.gitdir:/home/runner/work/OnePlus_KernelSU_SUSFS/OnePlus_KernelSU_SUSFS/action-source/.git/worktrees/*.path
2026-08-19T11:42:12.3866485Z includeif.gitdir:/github/workspace/action-source/.git.path
2026-08-19T11:42:12.3867361Z includeif.gitdir:/github/workspace/action-source/.git/worktrees/*.path
2026-08-19T11:42:12.3878382Z [command]/usr/bin/git config --local --get-all includeif.gitdir:/home/runner/work/OnePlus_KernelSU_SUSFS/OnePlus_KernelSU_SUSFS/action-source/.git.path
2026-08-19T11:42:12.3913365Z /home/runner/work/_temp/git-credentials-d6d2cfa7-9253-48f9-b332-6f0899b3e46d.config
2026-08-19T11:42:12.3928896Z [command]/usr/bin/git config --local --unset includeif.gitdir:/home/runner/work/OnePlus_KernelSU_SUSFS/OnePlus_KernelSU_SUSFS/action-source/.git.path /home/runner/work/_temp/git-credentials-d6d2cfa7-9253-48f9-b332-6f0899b3e46d.config
2026-08-19T11:42:12.3987218Z [command]/usr/bin/git config --local --get-all includeif.gitdir:/home/runner/work/OnePlus_KernelSU_SUSFS/OnePlus_KernelSU_SUSFS/action-source/.git/worktrees/*.path
2026-08-19T11:42:12.4016771Z /home/runner/work/_temp/git-credentials-d6d2cfa7-9253-48f9-b332-6f0899b3e46d.config
2026-08-19T11:42:12.4030168Z [command]/usr/bin/git config --local --unset includeif.gitdir:/home/runner/work/OnePlus_KernelSU_SUSFS/OnePlus_KernelSU_SUSFS/action-source/.git/worktrees/*.path /home/runner/work/_temp/git-credentials-d6d2cfa7-9253-48f9-b332-6f0899b3e46d.config
2026-08-19T11:42:12.4073896Z [command]/usr/bin/git config --local --get-all includeif.gitdir:/github/workspace/action-source/.git.path
2026-08-19T11:42:12.4102840Z /github/runner_temp/git-credentials-d6d2cfa7-9253-48f9-b332-6f0899b3e46d.config
2026-08-19T11:42:12.4123099Z [command]/usr/bin/git config --local --unset includeif.gitdir:/github/workspace/action-source/.git.path /github/runner_temp/git-credentials-d6d2cfa7-9253-48f9-b332-6f0899b3e46d.config
2026-08-19T11:42:12.4165990Z [command]/usr/bin/git config --local --get-all includeif.gitdir:/github/workspace/action-source/.git/worktrees/*.path
2026-08-19T11:42:12.4195404Z /github/runner_temp/git-credentials-d6d2cfa7-9253-48f9-b332-6f0899b3e46d.config
2026-08-19T11:42:12.4206289Z [command]/usr/bin/git config --local --unset includeif.gitdir:/github/workspace/action-source/.git/worktrees/*.path /github/runner_temp/git-credentials-d6d2cfa7-9253-48f9-b332-6f0899b3e46d.config
2026-08-19T11:42:12.4251390Z [command]/usr/bin/git submodule foreach --recursive git config --local --show-origin --name-only --get-regexp remote.origin.url
2026-08-19T11:42:12.4517014Z Removing credentials config '/home/runner/work/_temp/git-credentials-d6d2cfa7-9253-48f9-b332-6f0899b3e46d.config'
2026-08-19T11:42:12.4641973Z ##[end-action id=__231f429a-a66f-42b8-96a2-d623f630e65a.__actions_checkout;outcome=success;conclusion=success;duration_ms=269]
2026-08-19T11:42:12.4712590Z Post job cleanup.
2026-08-19T11:42:12.5624323Z [command]/usr/bin/git version
2026-08-19T11:42:12.5685118Z git version 2.55.0
2026-08-19T11:42:12.5734937Z Copying '/home/runner/.gitconfig' to '/home/runner/work/_temp/83f173a2-fa81-44ad-9b3f-e8aaced4e61d/.gitconfig'
2026-08-19T11:42:12.5765867Z Temporarily overriding HOME='/home/runner/work/_temp/83f173a2-fa81-44ad-9b3f-e8aaced4e61d' before making global git config changes
2026-08-19T11:42:12.5775323Z Adding repository directory to the temporary git global config as a safe directory
2026-08-19T11:42:12.5795804Z [command]/usr/bin/git config --global --add safe.directory /home/runner/work/OnePlus_KernelSU_SUSFS/OnePlus_KernelSU_SUSFS
2026-08-19T11:42:12.5844850Z Removing SSH command configuration
2026-08-19T11:42:12.5845750Z [command]/usr/bin/git config --local --name-only --get-regexp core\.sshCommand
2026-08-19T11:42:12.5848374Z [command]/usr/bin/git submodule foreach --recursive sh -c "git config --local --name-only --get-regexp 'core\.sshCommand' && git config --local --unset-all 'core.sshCommand' || :"
2026-08-19T11:42:12.6212724Z Removing HTTP extra header
2026-08-19T11:42:12.6221079Z [command]/usr/bin/git config --local --name-only --get-regexp http\.https\:\/\/github\.com\/\.extraheader
2026-08-19T11:42:12.6265957Z [command]/usr/bin/git submodule foreach --recursive sh -c "git config --local --name-only --get-regexp 'http\.https\:\/\/github\.com\/\.extraheader' && git config --local --unset-all 'http.https://github.com/.extraheader' || :"
2026-08-19T11:42:12.6567961Z Removing includeIf entries pointing to credentials config files
2026-08-19T11:42:12.6581094Z [command]/usr/bin/git config --local --name-only --get-regexp ^includeIf\.gitdir:
2026-08-19T11:42:12.6648574Z includeif.gitdir:/home/runner/work/OnePlus_KernelSU_SUSFS/OnePlus_KernelSU_SUSFS/.git.path
2026-08-19T11:42:12.6649981Z includeif.gitdir:/home/runner/work/OnePlus_KernelSU_SUSFS/OnePlus_KernelSU_SUSFS/.git/worktrees/*.path
2026-08-19T11:42:12.6651130Z includeif.gitdir:/github/workspace/.git.path
2026-08-19T11:42:12.6651902Z includeif.gitdir:/github/workspace/.git/worktrees/*.path
2026-08-19T11:42:12.6659082Z [command]/usr/bin/git config --local --get-all includeif.gitdir:/home/runner/work/OnePlus_KernelSU_SUSFS/OnePlus_KernelSU_SUSFS/.git.path
2026-08-19T11:42:12.6688665Z /home/runner/work/_temp/git-credentials-4c2e9a99-834d-4a06-bd46-fe5f02b1c9c5.config
2026-08-19T11:42:12.6703542Z [command]/usr/bin/git config --local --unset includeif.gitdir:/home/runner/work/OnePlus_KernelSU_SUSFS/OnePlus_KernelSU_SUSFS/.git.path /home/runner/work/_temp/git-credentials-4c2e9a99-834d-4a06-bd46-fe5f02b1c9c5.config
2026-08-19T11:42:12.6750436Z [command]/usr/bin/git config --local --get-all includeif.gitdir:/home/runner/work/OnePlus_KernelSU_SUSFS/OnePlus_KernelSU_SUSFS/.git/worktrees/*.path
2026-08-19T11:42:12.6781032Z /home/runner/work/_temp/git-credentials-4c2e9a99-834d-4a06-bd46-fe5f02b1c9c5.config
2026-08-19T11:42:12.6793615Z [command]/usr/bin/git config --local --unset includeif.gitdir:/home/runner/work/OnePlus_KernelSU_SUSFS/OnePlus_KernelSU_SUSFS/.git/worktrees/*.path /home/runner/work/_temp/git-credentials-4c2e9a99-834d-4a06-bd46-fe5f02b1c9c5.config
2026-08-19T11:42:12.6835585Z [command]/usr/bin/git config --local --get-all includeif.gitdir:/github/workspace/.git.path
2026-08-19T11:42:12.6865650Z /github/runner_temp/git-credentials-4c2e9a99-834d-4a06-bd46-fe5f02b1c9c5.config
2026-08-19T11:42:12.6884990Z [command]/usr/bin/git config --local --unset includeif.gitdir:/github/workspace/.git.path /github/runner_temp/git-credentials-4c2e9a99-834d-4a06-bd46-fe5f02b1c9c5.config
2026-08-19T11:42:12.6932282Z [command]/usr/bin/git config --local --get-all includeif.gitdir:/github/workspace/.git/worktrees/*.path
2026-08-19T11:42:12.6966574Z /github/runner_temp/git-credentials-4c2e9a99-834d-4a06-bd46-fe5f02b1c9c5.config
2026-08-19T11:42:12.6982020Z [command]/usr/bin/git config --local --unset includeif.gitdir:/github/workspace/.git/worktrees/*.path /github/runner_temp/git-credentials-4c2e9a99-834d-4a06-bd46-fe5f02b1c9c5.config
2026-08-19T11:42:12.7022468Z [command]/usr/bin/git submodule foreach --recursive git config --local --show-origin --name-only --get-regexp remote.origin.url
2026-08-19T11:42:12.7269400Z Removing credentials config '/home/runner/work/_temp/git-credentials-4c2e9a99-834d-4a06-bd46-fe5f02b1c9c5.config'
2026-08-19T11:42:12.7414661Z Cleaning up orphan processes
2026-08-19T11:42:12.7758816Z Terminate orphan process: pid (3159) (git)
2026-08-19T11:42:12.7817816Z Terminate orphan process: pid (3221) (git)
2026-08-19T11:42:12.7926263Z Terminate orphan process: pid (3315) (git)
