build job id: 96054085336
﻿2026-08-19T11:37:23.2286248Z Current runner version: '2.336.0'
2026-08-19T11:37:23.2311008Z ##[group]Runner Image Provisioner
2026-08-19T11:37:23.2311918Z Hosted Compute Agent
2026-08-19T11:37:23.2312584Z Version: 20260729.566
2026-08-19T11:37:23.2313220Z Commit: cf7153fe6e25b664e8693c24944bf2b00355d109
2026-08-19T11:37:23.2313949Z Build Date: 2026-07-29T19:17:02Z
2026-08-19T11:37:23.2314963Z Worker ID: {9d42dcf4-35e0-457d-954d-427ffbb39d44}
2026-08-19T11:37:23.2315712Z Azure Region: westus2
2026-08-19T11:37:23.2316339Z ##[endgroup]
2026-08-19T11:37:23.2317832Z ##[group]Operating System
2026-08-19T11:37:23.2318497Z Ubuntu
2026-08-19T11:37:23.2319448Z 24.04.4
2026-08-19T11:37:23.2319975Z LTS
2026-08-19T11:37:23.2320465Z ##[endgroup]
2026-08-19T11:37:23.2321070Z ##[group]Runner Image
2026-08-19T11:37:23.2321693Z Image: ubuntu-24.04
2026-08-19T11:37:23.2322273Z Version: 20260810.271.1
2026-08-19T11:37:23.2323519Z Included Software: https://github.com/actions/runner-images/blob/ubuntu24/20260810.271/images/ubuntu/Ubuntu2404-Readme.md
2026-08-19T11:37:23.2325258Z Image Release: https://github.com/actions/runner-images/releases/tag/ubuntu24%2F20260810.271
2026-08-19T11:37:23.2326249Z ##[endgroup]
2026-08-19T11:37:23.2327461Z ##[group]GITHUB_TOKEN Permissions
2026-08-19T11:37:23.2329589Z Actions: read
2026-08-19T11:37:23.2330185Z Contents: write
2026-08-19T11:37:23.2330888Z Metadata: read
2026-08-19T11:37:23.2331433Z ##[endgroup]
2026-08-19T11:37:23.2333541Z Secret source: Actions
2026-08-19T11:37:23.2334642Z Prepare workflow directory
2026-08-19T11:37:23.2673957Z Prepare all required actions
2026-08-19T11:37:23.2723343Z Getting action download info
2026-08-19T11:37:23.6265877Z Download action repository 'actions/checkout@v6' (SHA:d23441a48e516b6c34aea4fa41551a30e30af803)
2026-08-19T11:37:23.8564047Z Complete job name: OP-ACE-3-PRO-6.1.75 KSUN-33223 no-wakelock-timeout
2026-08-19T11:37:23.9362470Z ##[group]Run actions/checkout@v6
2026-08-19T11:37:23.9363334Z with:
2026-08-19T11:37:23.9363751Z   fetch-depth: 1
2026-08-19T11:37:23.9364235Z   repository: net00188/OnePlus_KernelSU_SUSFS
2026-08-19T11:37:23.9368528Z   token: ***
2026-08-19T11:37:23.9368949Z   ssh-strict: true
2026-08-19T11:37:23.9369371Z   ssh-user: git
2026-08-19T11:37:23.9369845Z   persist-credentials: true
2026-08-19T11:37:23.9370344Z   clean: true
2026-08-19T11:37:23.9370773Z   sparse-checkout-cone-mode: true
2026-08-19T11:37:23.9371280Z   fetch-tags: false
2026-08-19T11:37:23.9371724Z   show-progress: true
2026-08-19T11:37:23.9372159Z   lfs: false
2026-08-19T11:37:23.9372560Z   submodules: false
2026-08-19T11:37:23.9372998Z   set-safe-directory: true
2026-08-19T11:37:23.9373487Z   allow-unsafe-pr-checkout: false
2026-08-19T11:37:23.9374277Z ##[endgroup]
2026-08-19T11:37:24.0381894Z Syncing repository: net00188/OnePlus_KernelSU_SUSFS
2026-08-19T11:37:24.0384483Z ##[group]Getting Git version info
2026-08-19T11:37:24.0386225Z Working directory is '/home/runner/work/OnePlus_KernelSU_SUSFS/OnePlus_KernelSU_SUSFS'
2026-08-19T11:37:24.0388107Z [command]/usr/bin/git version
2026-08-19T11:37:24.0515212Z git version 2.54.0
2026-08-19T11:37:24.0539189Z ##[endgroup]
2026-08-19T11:37:24.0570144Z Temporarily overriding HOME='/home/runner/work/_temp/185b3c30-85f8-4d22-b9c8-ff81e67173c3' before making global git config changes
2026-08-19T11:37:24.0586368Z Adding repository directory to the temporary git global config as a safe directory
2026-08-19T11:37:24.0588701Z [command]/usr/bin/git config --global --add safe.directory /home/runner/work/OnePlus_KernelSU_SUSFS/OnePlus_KernelSU_SUSFS
2026-08-19T11:37:24.0625512Z Deleting the contents of '/home/runner/work/OnePlus_KernelSU_SUSFS/OnePlus_KernelSU_SUSFS'
2026-08-19T11:37:24.0631252Z ##[group]Determining repository object format
2026-08-19T11:37:24.0633924Z ##[endgroup]
2026-08-19T11:37:24.0635544Z ##[group]Initializing the repository
2026-08-19T11:37:24.0641426Z [command]/usr/bin/git init /home/runner/work/OnePlus_KernelSU_SUSFS/OnePlus_KernelSU_SUSFS
2026-08-19T11:37:24.0774140Z hint: Using 'master' as the name for the initial branch. This default branch name
2026-08-19T11:37:24.0776566Z hint: will change to "main" in Git 3.0. To configure the initial branch name
2026-08-19T11:37:24.0778205Z hint: to use in all of your new repositories, which will suppress this warning,
2026-08-19T11:37:24.0779190Z hint: call:
2026-08-19T11:37:24.0779949Z hint:
2026-08-19T11:37:24.0780789Z hint: 	git config --global init.defaultBranch <name>
2026-08-19T11:37:24.0781851Z hint:
2026-08-19T11:37:24.0782928Z hint: Names commonly chosen instead of 'master' are 'main', 'trunk' and
2026-08-19T11:37:24.0784688Z hint: 'development'. The just-created branch can be renamed via this command:
2026-08-19T11:37:24.0786364Z hint:
2026-08-19T11:37:24.0787141Z hint: 	git branch -m <name>
2026-08-19T11:37:24.0788044Z hint:
2026-08-19T11:37:24.0789203Z hint: Disable this message with "git config set advice.defaultBranchName false"
2026-08-19T11:37:24.0791348Z Initialized empty Git repository in /home/runner/work/OnePlus_KernelSU_SUSFS/OnePlus_KernelSU_SUSFS/.git/
2026-08-19T11:37:24.0799196Z [command]/usr/bin/git remote add origin https://github.com/net00188/OnePlus_KernelSU_SUSFS
2026-08-19T11:37:24.0850147Z ##[endgroup]
2026-08-19T11:37:24.0851455Z ##[group]Disabling automatic garbage collection
2026-08-19T11:37:24.0855549Z [command]/usr/bin/git config --local gc.auto 0
2026-08-19T11:37:24.0887799Z ##[endgroup]
2026-08-19T11:37:24.0889150Z ##[group]Setting up auth
2026-08-19T11:37:24.0890158Z Removing SSH command configuration
2026-08-19T11:37:24.0896790Z [command]/usr/bin/git config --local --name-only --get-regexp core\.sshCommand
2026-08-19T11:37:24.0938295Z [command]/usr/bin/git submodule foreach --recursive sh -c "git config --local --name-only --get-regexp 'core\.sshCommand' && git config --local --unset-all 'core.sshCommand' || :"
2026-08-19T11:37:24.1363685Z Removing HTTP extra header
2026-08-19T11:37:24.1369879Z [command]/usr/bin/git config --local --name-only --get-regexp http\.https\:\/\/github\.com\/\.extraheader
2026-08-19T11:37:24.1408092Z [command]/usr/bin/git submodule foreach --recursive sh -c "git config --local --name-only --get-regexp 'http\.https\:\/\/github\.com\/\.extraheader' && git config --local --unset-all 'http.https://github.com/.extraheader' || :"
2026-08-19T11:37:24.1626686Z Removing includeIf entries pointing to credentials config files
2026-08-19T11:37:24.1633404Z [command]/usr/bin/git config --local --name-only --get-regexp ^includeIf\.gitdir:
2026-08-19T11:37:24.1671194Z [command]/usr/bin/git submodule foreach --recursive git config --local --show-origin --name-only --get-regexp remote.origin.url
2026-08-19T11:37:24.1899765Z [command]/usr/bin/git config --file /home/runner/work/_temp/git-credentials-02de0e35-ccf1-49c3-b4ff-6a1c073178e5.config http.https://github.com/.extraheader AUTHORIZATION: basic ***
2026-08-19T11:37:24.1949632Z [command]/usr/bin/git config --local includeIf.gitdir:/home/runner/work/OnePlus_KernelSU_SUSFS/OnePlus_KernelSU_SUSFS/.git.path /home/runner/work/_temp/git-credentials-02de0e35-ccf1-49c3-b4ff-6a1c073178e5.config
2026-08-19T11:37:24.1986361Z [command]/usr/bin/git config --local includeIf.gitdir:/home/runner/work/OnePlus_KernelSU_SUSFS/OnePlus_KernelSU_SUSFS/.git/worktrees/*.path /home/runner/work/_temp/git-credentials-02de0e35-ccf1-49c3-b4ff-6a1c073178e5.config
2026-08-19T11:37:24.2025955Z [command]/usr/bin/git config --local includeIf.gitdir:/github/workspace/.git.path /github/runner_temp/git-credentials-02de0e35-ccf1-49c3-b4ff-6a1c073178e5.config
2026-08-19T11:37:24.2061733Z [command]/usr/bin/git config --local includeIf.gitdir:/github/workspace/.git/worktrees/*.path /github/runner_temp/git-credentials-02de0e35-ccf1-49c3-b4ff-6a1c073178e5.config
2026-08-19T11:37:24.2094412Z ##[endgroup]
2026-08-19T11:37:24.2095488Z ##[group]Fetching the repository
2026-08-19T11:37:24.2102800Z [command]/usr/bin/git -c protocol.version=2 fetch --no-tags --prune --no-recurse-submodules --depth=1 origin +c78b7e7e61bf8b6528ddcbb90dcd3f54142bfb25:refs/remotes/origin/main
2026-08-19T11:37:24.5788274Z From https://github.com/net00188/OnePlus_KernelSU_SUSFS
2026-08-19T11:37:24.5790091Z  * [new ref]         c78b7e7e61bf8b6528ddcbb90dcd3f54142bfb25 -> origin/main
2026-08-19T11:37:24.5837626Z [command]/usr/bin/git branch --list --remote origin/main
2026-08-19T11:37:24.5867664Z   origin/main
2026-08-19T11:37:24.5877817Z [command]/usr/bin/git rev-parse refs/remotes/origin/main
2026-08-19T11:37:24.5903634Z c78b7e7e61bf8b6528ddcbb90dcd3f54142bfb25
2026-08-19T11:37:24.5908207Z ##[endgroup]
2026-08-19T11:37:24.5909181Z ##[group]Determining the checkout info
2026-08-19T11:37:24.5910027Z ##[endgroup]
2026-08-19T11:37:24.5915834Z [command]/usr/bin/git sparse-checkout disable
2026-08-19T11:37:24.5967360Z [command]/usr/bin/git config --local --unset-all extensions.worktreeConfig
2026-08-19T11:37:24.5997267Z ##[group]Checking out the ref
2026-08-19T11:37:24.6002544Z [command]/usr/bin/git checkout --progress --force -B main refs/remotes/origin/main
2026-08-19T11:37:24.6178851Z Switched to a new branch 'main'
2026-08-19T11:37:24.6181828Z branch 'main' set up to track 'origin/main'.
2026-08-19T11:37:24.6189082Z ##[endgroup]
2026-08-19T11:37:24.6245818Z [command]/usr/bin/git log -1 --format=%H
2026-08-19T11:37:24.6276435Z c78b7e7e61bf8b6528ddcbb90dcd3f54142bfb25
2026-08-19T11:37:24.6504358Z ##[group]Run set -euo pipefail
2026-08-19T11:37:24.6505370Z [36;1mset -euo pipefail[0m
2026-08-19T11:37:24.6505888Z [36;1mpython3 - <<'PYEOF'[0m
2026-08-19T11:37:24.6506469Z [36;1mp = '.github/actions/build-kernel/action.yml'[0m
2026-08-19T11:37:24.6507092Z [36;1ms = open(p).read()[0m
2026-08-19T11:37:24.6507960Z [36;1manchor = 'patch -p1 --forward < "$KERNEL_PATCHES_FOLDER/common/add_timeout_wakelocks_globally.patch"'[0m
2026-08-19T11:37:24.6508901Z [36;1minject = anchor + '\n' + '\n'.join([[0m
2026-08-19T11:37:24.6509736Z [36;1m    '        # CUSTOM REVERT: restore persistent sysfs wakelocks (screen-off VPN access)',[0m
2026-08-19T11:37:24.6510850Z [36;1m    "        sed -i 's/__pm_wakeup_event(wl->ws, 500)/__pm_stay_awake(wl->ws)/' kernel/power/wakelock.c",[0m
2026-08-19T11:37:24.6512087Z [36;1m    "        grep -q '__pm_stay_awake(wl->ws)' kernel/power/wakelock.c || { echo '::error::wakelock revert failed'; exit 1; }",[0m
2026-08-19T11:37:24.6513177Z [36;1m    '        echo "CUSTOM: persistent wakelocks restored"'])[0m
2026-08-19T11:37:24.6514009Z [36;1massert s.count(anchor) == 1, 'anchor not found in build-kernel action'[0m
2026-08-19T11:37:24.6515124Z [36;1mopen(p, 'w').write(s.replace(anchor, inject))[0m
2026-08-19T11:37:24.6515748Z [36;1m[0m
2026-08-19T11:37:24.6516253Z [36;1mp2 = '.github/actions/kernel-source-sync/action.yml'[0m
2026-08-19T11:37:24.6516885Z [36;1ms2 = open(p2).read()[0m
2026-08-19T11:37:24.6517736Z [36;1mfatal = 'print(f"::error::[FATAL ERROR] Toolchain {base_filename} NOT FOUND in GitHub Release cache!")'[0m
2026-08-19T11:37:24.6519016Z [36;1massert s2.count(fatal) == 1, 'fatal block not found'[0m
2026-08-19T11:37:24.6519692Z [36;1mlines = s2.split('\n')[0m
2026-08-19T11:37:24.6520228Z [36;1mout = [][0m
2026-08-19T11:37:24.6520637Z [36;1mskip = 0[0m
2026-08-19T11:37:24.6521065Z [36;1mfor l in lines:[0m
2026-08-19T11:37:24.6521516Z [36;1m    if skip > 0:[0m
2026-08-19T11:37:24.6521985Z [36;1m        skip -= 1[0m
2026-08-19T11:37:24.6522451Z [36;1m        continue[0m
2026-08-19T11:37:24.6522909Z [36;1m    if fatal in l:[0m
2026-08-19T11:37:24.6523540Z [36;1m        out.append(l.replace('::error::[FATAL ERROR]', '::warning::')[0m
2026-08-19T11:37:24.6524555Z [36;1m                   .replace(' NOT FOUND in GitHub Release cache!', ' not in release cache - direct download'))[0m
2026-08-19T11:37:24.6525884Z [36;1m        skip = 2  # drop the second error print + return False[0m
2026-08-19T11:37:24.6526528Z [36;1m        continue[0m
2026-08-19T11:37:24.6526987Z [36;1m    out.append(l)[0m
2026-08-19T11:37:24.6527453Z [36;1ms2 = '\n'.join(out)[0m
2026-08-19T11:37:24.6528075Z [36;1massert 'FATAL ERROR' not in s2, 'fatal prints still present'[0m
2026-08-19T11:37:24.6528755Z [36;1mopen(p2, 'w').write(s2)[0m
2026-08-19T11:37:24.6529441Z [36;1m[0m
2026-08-19T11:37:24.6530019Z [36;1m# 3) use UPSTREAM toolchain cache release (fork has none of its own)[0m
2026-08-19T11:37:24.6530838Z [36;1mp3 = '.github/actions/kernel-source-sync/action.yml'[0m
2026-08-19T11:37:24.6531467Z [36;1ms3 = open(p3).read()[0m
2026-08-19T11:37:24.6532072Z [36;1moldrepo = 'TARGET_REPO = "${' + '{ github.repository }}"'[0m
2026-08-19T11:37:24.6532877Z [36;1mnewrepo = 'TARGET_REPO = "WildKernels/OnePlus_KernelSU_SUSFS"'[0m
2026-08-19T11:37:24.6533663Z [36;1massert oldrepo in s3, 'TARGET_REPO line not found'[0m
2026-08-19T11:37:24.6534374Z [36;1mopen(p3, 'w').write(s3.replace(oldrepo, newrepo))[0m
2026-08-19T11:37:24.6535199Z [36;1m[0m
2026-08-19T11:37:24.6535789Z [36;1m# 4) the composite re-checks-out PRISTINE upstream into action-source/[0m
2026-08-19T11:37:24.6536673Z [36;1m#    and calls sub-actions from there, bypassing our patches above.[0m
2026-08-19T11:37:24.6537581Z [36;1m#    Point all internal action refs at our patched workspace copies.[0m
2026-08-19T11:37:24.6538364Z [36;1mp4 = '.github/actions/build-kernel/action.yml'[0m
2026-08-19T11:37:24.6538958Z [36;1ms4 = open(p4).read()[0m
2026-08-19T11:37:24.6539696Z [36;1mold4 = 'uses: ./action-source/.github/actions/'[0m
2026-08-19T11:37:24.6540341Z [36;1mn4 = s4.count(old4)[0m
2026-08-19T11:37:24.6540915Z [36;1massert n4 >= 1, 'action-source refs not found'[0m
2026-08-19T11:37:24.6541675Z [36;1mopen(p4, 'w').write(s4.replace(old4, 'uses: ./.github/actions/'))[0m
2026-08-19T11:37:24.6542588Z [36;1mprint('custom injections applied (incl. %d internal action refs)' % n4)[0m
2026-08-19T11:37:24.6543326Z [36;1mPYEOF[0m
2026-08-19T11:37:24.6543902Z [36;1mgrep -n "__pm_stay_awake" .github/actions/build-kernel/action.yml[0m
2026-08-19T11:37:24.6545157Z [36;1mgrep -n "WildKernels/OnePlus_KernelSU_SUSFS" .github/actions/kernel-source-sync/action.yml[0m
2026-08-19T11:37:24.6546266Z [36;1mgrep -c "action-source/.github" .github/actions/build-kernel/action.yml || true[0m
2026-08-19T11:37:24.6587161Z shell: /usr/bin/bash -e {0}
2026-08-19T11:37:24.6587693Z ##[endgroup]
2026-08-19T11:37:24.6842122Z custom injections applied (incl. 3 internal action refs)
2026-08-19T11:37:24.6886407Z 1459:        sed -i 's/__pm_wakeup_event(wl->ws, 500)/__pm_stay_awake(wl->ws)/' kernel/power/wakelock.c
2026-08-19T11:37:24.6891896Z 1460:        grep -q '__pm_stay_awake(wl->ws)' kernel/power/wakelock.c || { echo '::error::wakelock revert failed'; exit 1; }
2026-08-19T11:37:24.6899670Z 52:        TARGET_REPO = "WildKernels/OnePlus_KernelSU_SUSFS"
2026-08-19T11:37:24.6912906Z 0
2026-08-19T11:37:24.6959567Z ##[group]Run set -euo pipefail
2026-08-19T11:37:24.6960157Z [36;1mset -euo pipefail[0m
2026-08-19T11:37:24.6960687Z [36;1mecho "::group::Install dependencies"[0m
2026-08-19T11:37:24.6962263Z [36;1msudo timeout 300 apt-get -o Acquire::ForceIPv4=true -o Acquire::Retries=3 -o Acquire::http::Timeout=20 -o Acquire::https::Timeout=20 update -qq || echo "::warning::apt update failed/timed out - continuing with cached indexes"[0m
2026-08-19T11:37:24.6964254Z [36;1msudo DEBIAN_FRONTEND=noninteractive timeout 900 apt-get -o Acquire::ForceIPv4=true install -y --no-install-recommends \[0m
2026-08-19T11:37:24.6965633Z [36;1m  git curl ca-certificates build-essential clang lld flex bison \[0m
2026-08-19T11:37:24.6966499Z [36;1m  libelf-dev libssl-dev libncurses-dev zlib1g-dev liblz4-tool \[0m
2026-08-19T11:37:24.6967561Z [36;1m  libxml2-utils rsync unzip dwarves file python3 ccache jq bc dos2unix kmod libdw-dev elfutils pigz[0m
2026-08-19T11:37:24.6968486Z [36;1msudo apt-get clean[0m
2026-08-19T11:37:24.6969509Z [36;1mcommand -v aria2c >/dev/null 2>&1 || sudo DEBIAN_FRONTEND=noninteractive timeout 300 apt-get install -y --no-install-recommends aria2[0m
2026-08-19T11:37:24.6971094Z [36;1mcommand -v zip >/dev/null 2>&1 || sudo DEBIAN_FRONTEND=noninteractive timeout 300 apt-get install -y --no-install-recommends zip[0m
2026-08-19T11:37:24.6972269Z [36;1mecho "aria2c: $(command -v aria2c)  zip: $(command -v zip)"[0m
2026-08-19T11:37:24.6973153Z [36;1mecho "✅ Dependencies installed"[0m
2026-08-19T11:37:24.6973699Z [36;1mecho "::endgroup::"[0m
2026-08-19T11:37:24.7009520Z shell: /usr/bin/bash -e {0}
2026-08-19T11:37:24.7010049Z ##[endgroup]
2026-08-19T11:37:24.7065711Z ##[group]Install dependencies
2026-08-19T11:37:39.5728762Z Reading package lists...
2026-08-19T11:37:39.7188514Z Building dependency tree...
2026-08-19T11:37:39.7195552Z Reading state information...
2026-08-19T11:37:39.8501204Z git is already the newest version (1:2.54.0-0ppa1~ubuntu24.04.1).
2026-08-19T11:37:39.8502245Z git set to manually installed.
2026-08-19T11:37:39.8502896Z curl is already the newest version (8.5.0-2ubuntu10.11).
2026-08-19T11:37:39.8503689Z ca-certificates is already the newest version (20260601~24.04.1).
2026-08-19T11:37:39.8504462Z flex is already the newest version (2.6.4-8.2build1).
2026-08-19T11:37:39.8505490Z bison is already the newest version (2:3.8.2+dfsg-1build2).
2026-08-19T11:37:39.8506291Z libssl-dev is already the newest version (3.0.13-0ubuntu3.12).
2026-08-19T11:37:39.8507192Z libncurses-dev is already the newest version (6.4+20240113-1ubuntu2.1).
2026-08-19T11:37:39.8508099Z libncurses-dev set to manually installed.
2026-08-19T11:37:39.8508899Z zlib1g-dev is already the newest version (1:1.3.dfsg-3.1ubuntu2.1).
2026-08-19T11:37:39.8509765Z rsync is already the newest version (3.2.7-1ubuntu1.5).
2026-08-19T11:37:39.8510506Z unzip is already the newest version (6.0-28ubuntu4.1).
2026-08-19T11:37:39.8511206Z file is already the newest version (1:5.45-3build1).
2026-08-19T11:37:39.8511931Z python3 is already the newest version (3.12.3-0ubuntu2.1).
2026-08-19T11:37:39.8512637Z jq is already the newest version (1.7.1-3ubuntu0.24.04.2).
2026-08-19T11:37:39.8513140Z bc is already the newest version (1.07.1-3ubuntu4).
2026-08-19T11:37:39.8513583Z bc set to manually installed.
2026-08-19T11:37:39.8513944Z kmod is already the newest version (31+20240202-2ubuntu7.2).
2026-08-19T11:37:39.8514319Z kmod set to manually installed.
2026-08-19T11:37:39.8514647Z pigz is already the newest version (2.8-1).
2026-08-19T11:37:39.8515398Z The following additional packages will be installed:
2026-08-19T11:37:39.8515864Z   libasm1t64 libhiredis1.1.0 liblzma-dev pahole
2026-08-19T11:37:39.8516413Z Suggested packages:
2026-08-19T11:37:39.8516683Z   distcc | icecc liblzma-doc
2026-08-19T11:37:39.8749753Z The following NEW packages will be installed:
2026-08-19T11:37:39.8750828Z   build-essential ccache clang dos2unix dwarves elfutils libasm1t64 libdw-dev
2026-08-19T11:37:39.8757354Z   libelf-dev libhiredis1.1.0 liblz4-tool liblzma-dev libxml2-utils lld pahole
2026-08-19T11:37:39.8925669Z 0 upgraded, 15 newly installed, 0 to remove and 12 not upgraded.
2026-08-19T11:37:39.8926494Z Need to get 2598 kB of archives.
2026-08-19T11:37:39.8927216Z After this operation, 11.6 MB of additional disk space will be used.
2026-08-19T11:37:39.8928060Z Get:1 file:/etc/apt/apt-mirrors.txt Mirrorlist [144 B]
2026-08-19T11:37:43.4774582Z Get:2 http://azure.archive.ubuntu.com/ubuntu noble/main amd64 build-essential amd64 12.10ubuntu1 [4928 B]
2026-08-19T11:37:43.9100127Z Get:3 http://azure.archive.ubuntu.com/ubuntu noble/universe amd64 libhiredis1.1.0 amd64 1.2.0-6ubuntu3 [41.4 kB]
2026-08-19T11:37:45.9890349Z Get:4 http://azure.archive.ubuntu.com/ubuntu noble/universe amd64 ccache amd64 4.9.1-1 [592 kB]
2026-08-19T11:37:58.9249474Z Get:5 http://azure.archive.ubuntu.com/ubuntu noble/universe amd64 clang amd64 1:18.0-59~exp2 [5846 B]
2026-08-19T11:37:59.2248120Z Get:6 http://azure.archive.ubuntu.com/ubuntu noble-updates/main amd64 libasm1t64 amd64 0.190-1.1ubuntu0.1 [17.5 kB]
2026-08-19T11:37:59.7691941Z Get:7 http://azure.archive.ubuntu.com/ubuntu noble-updates/main amd64 elfutils amd64 0.190-1.1ubuntu0.1 [525 kB]
2026-08-19T11:38:07.5970715Z Get:8 http://azure.archive.ubuntu.com/ubuntu noble-updates/main amd64 libelf-dev amd64 0.190-1.1ubuntu0.1 [68.5 kB]
2026-08-19T11:38:09.5320483Z Get:9 http://azure.archive.ubuntu.com/ubuntu noble-updates/main amd64 liblzma-dev amd64 5.6.1+really5.4.5-1ubuntu0.3 [176 kB]
2026-08-19T11:38:10.9196627Z Get:10 http://azure.archive.ubuntu.com/ubuntu noble-updates/main amd64 libdw-dev amd64 0.190-1.1ubuntu0.1 [340 kB]
2026-08-19T11:38:15.3859785Z Get:11 http://azure.archive.ubuntu.com/ubuntu noble-updates/main amd64 libxml2-utils amd64 2.9.14+dfsg-1.3ubuntu3.8 [39.4 kB]
2026-08-19T11:38:16.4960708Z Get:12 http://azure.archive.ubuntu.com/ubuntu noble/universe amd64 lld amd64 1:18.0-59~exp2 [5494 B]
2026-08-19T11:38:17.0546583Z Get:13 http://azure.archive.ubuntu.com/ubuntu noble/universe amd64 pahole amd64 1.25-0ubuntu3 [277 kB]
2026-08-19T11:38:22.0186476Z Get:14 http://azure.archive.ubuntu.com/ubuntu noble/universe amd64 dos2unix amd64 7.5.1-1 [501 kB]
2026-08-19T11:38:29.8096545Z Get:15 http://azure.archive.ubuntu.com/ubuntu noble/universe amd64 dwarves all 1.25-0ubuntu3 [2186 B]
2026-08-19T11:38:30.0441384Z Get:16 http://azure.archive.ubuntu.com/ubuntu noble-updates/universe amd64 liblz4-tool all 1.9.4-1build1.1 [2484 B]
2026-08-19T11:38:30.3209182Z Fetched 2598 kB in 50s (51.8 kB/s)
2026-08-19T11:38:30.3425094Z Selecting previously unselected package build-essential.
2026-08-19T11:38:30.3762272Z (Reading database ... 
2026-08-19T11:38:30.3762683Z (Reading database ... 5%
2026-08-19T11:38:30.3765694Z (Reading database ... 10%
2026-08-19T11:38:30.3766240Z (Reading database ... 15%
2026-08-19T11:38:30.3766675Z (Reading database ... 20%
2026-08-19T11:38:30.3767092Z (Reading database ... 25%
2026-08-19T11:38:30.3767495Z (Reading database ... 30%
2026-08-19T11:38:30.3767773Z (Reading database ... 35%
2026-08-19T11:38:30.3769724Z (Reading database ... 40%
2026-08-19T11:38:30.3770520Z (Reading database ... 45%
2026-08-19T11:38:30.3770948Z (Reading database ... 50%
2026-08-19T11:38:30.3809692Z (Reading database ... 55%
2026-08-19T11:38:30.4774439Z (Reading database ... 60%
2026-08-19T11:38:30.6629821Z (Reading database ... 65%
2026-08-19T11:38:30.8629801Z (Reading database ... 70%
2026-08-19T11:38:31.0727312Z (Reading database ... 75%
2026-08-19T11:38:31.2088556Z (Reading database ... 80%
2026-08-19T11:38:31.3762464Z (Reading database ... 85%
2026-08-19T11:38:31.6176225Z (Reading database ... 90%
2026-08-19T11:38:31.7234111Z (Reading database ... 95%
2026-08-19T11:38:31.7234615Z (Reading database ... 100%
2026-08-19T11:38:31.7276003Z (Reading database ... 203139 files and directories currently installed.)
2026-08-19T11:38:31.7276525Z Preparing to unpack .../00-build-essential_12.10ubuntu1_amd64.deb ...
2026-08-19T11:38:31.7302995Z Unpacking build-essential (12.10ubuntu1) ...
2026-08-19T11:38:31.7545022Z Selecting previously unselected package libhiredis1.1.0:amd64.
2026-08-19T11:38:31.7664592Z Preparing to unpack .../01-libhiredis1.1.0_1.2.0-6ubuntu3_amd64.deb ...
2026-08-19T11:38:31.7687501Z Unpacking libhiredis1.1.0:amd64 (1.2.0-6ubuntu3) ...
2026-08-19T11:38:31.7909746Z Selecting previously unselected package ccache.
2026-08-19T11:38:31.8030313Z Preparing to unpack .../02-ccache_4.9.1-1_amd64.deb ...
2026-08-19T11:38:31.8042705Z Unpacking ccache (4.9.1-1) ...
2026-08-19T11:38:31.8393431Z Selecting previously unselected package clang.
2026-08-19T11:38:31.8516577Z Preparing to unpack .../03-clang_1%3a18.0-59~exp2_amd64.deb ...
2026-08-19T11:38:31.8539923Z Unpacking clang (1:18.0-59~exp2) ...
2026-08-19T11:38:31.8767473Z Selecting previously unselected package libasm1t64:amd64.
2026-08-19T11:38:31.8890022Z Preparing to unpack .../04-libasm1t64_0.190-1.1ubuntu0.1_amd64.deb ...
2026-08-19T11:38:31.8901292Z Unpacking libasm1t64:amd64 (0.190-1.1ubuntu0.1) ...
2026-08-19T11:38:31.9110773Z Selecting previously unselected package elfutils.
2026-08-19T11:38:31.9234922Z Preparing to unpack .../05-elfutils_0.190-1.1ubuntu0.1_amd64.deb ...
2026-08-19T11:38:31.9247009Z Unpacking elfutils (0.190-1.1ubuntu0.1) ...
2026-08-19T11:38:31.9616956Z Selecting previously unselected package libelf-dev:amd64.
2026-08-19T11:38:31.9742985Z Preparing to unpack .../06-libelf-dev_0.190-1.1ubuntu0.1_amd64.deb ...
2026-08-19T11:38:31.9756543Z Unpacking libelf-dev:amd64 (0.190-1.1ubuntu0.1) ...
2026-08-19T11:38:32.0037603Z Selecting previously unselected package liblzma-dev:amd64.
2026-08-19T11:38:32.0175800Z Preparing to unpack .../07-liblzma-dev_5.6.1+really5.4.5-1ubuntu0.3_amd64.deb ...
2026-08-19T11:38:32.0187335Z Unpacking liblzma-dev:amd64 (5.6.1+really5.4.5-1ubuntu0.3) ...
2026-08-19T11:38:32.0463302Z Selecting previously unselected package libdw-dev:amd64.
2026-08-19T11:38:32.0586394Z Preparing to unpack .../08-libdw-dev_0.190-1.1ubuntu0.1_amd64.deb ...
2026-08-19T11:38:32.0599631Z Unpacking libdw-dev:amd64 (0.190-1.1ubuntu0.1) ...
2026-08-19T11:38:32.0866036Z Selecting previously unselected package libxml2-utils.
2026-08-19T11:38:32.0991863Z Preparing to unpack .../09-libxml2-utils_2.9.14+dfsg-1.3ubuntu3.8_amd64.deb ...
2026-08-19T11:38:32.1003458Z Unpacking libxml2-utils (2.9.14+dfsg-1.3ubuntu3.8) ...
2026-08-19T11:38:32.1226675Z Selecting previously unselected package lld:amd64.
2026-08-19T11:38:32.1351163Z Preparing to unpack .../10-lld_1%3a18.0-59~exp2_amd64.deb ...
2026-08-19T11:38:32.1366331Z Unpacking lld:amd64 (1:18.0-59~exp2) ...
2026-08-19T11:38:32.1572280Z Selecting previously unselected package pahole.
2026-08-19T11:38:32.1694920Z Preparing to unpack .../11-pahole_1.25-0ubuntu3_amd64.deb ...
2026-08-19T11:38:32.1705228Z Unpacking pahole (1.25-0ubuntu3) ...
2026-08-19T11:38:32.1984507Z Selecting previously unselected package dos2unix.
2026-08-19T11:38:32.2107703Z Preparing to unpack .../12-dos2unix_7.5.1-1_amd64.deb ...
2026-08-19T11:38:32.2120899Z Unpacking dos2unix (7.5.1-1) ...
2026-08-19T11:38:32.3589084Z Selecting previously unselected package dwarves.
2026-08-19T11:38:32.3712815Z Preparing to unpack .../13-dwarves_1.25-0ubuntu3_all.deb ...
2026-08-19T11:38:32.3724004Z Unpacking dwarves (1.25-0ubuntu3) ...
2026-08-19T11:38:32.3917860Z Selecting previously unselected package liblz4-tool.
2026-08-19T11:38:32.4039704Z Preparing to unpack .../14-liblz4-tool_1.9.4-1build1.1_all.deb ...
2026-08-19T11:38:32.4050351Z Unpacking liblz4-tool (1.9.4-1build1.1) ...
2026-08-19T11:38:32.4419743Z Setting up lld:amd64 (1:18.0-59~exp2) ...
2026-08-19T11:38:32.4456191Z Setting up clang (1:18.0-59~exp2) ...
2026-08-19T11:38:32.4678155Z Setting up libasm1t64:amd64 (0.190-1.1ubuntu0.1) ...
2026-08-19T11:38:32.4710155Z Setting up libelf-dev:amd64 (0.190-1.1ubuntu0.1) ...
2026-08-19T11:38:32.4739118Z Setting up pahole (1.25-0ubuntu3) ...
2026-08-19T11:38:32.4766780Z Setting up liblzma-dev:amd64 (5.6.1+really5.4.5-1ubuntu0.3) ...
2026-08-19T11:38:32.4794446Z Setting up liblz4-tool (1.9.4-1build1.1) ...
2026-08-19T11:38:32.4823149Z Setting up build-essential (12.10ubuntu1) ...
2026-08-19T11:38:32.4855055Z Setting up dos2unix (7.5.1-1) ...
2026-08-19T11:38:32.4883275Z Setting up libxml2-utils (2.9.14+dfsg-1.3ubuntu3.8) ...
2026-08-19T11:38:32.4910072Z Setting up libhiredis1.1.0:amd64 (1.2.0-6ubuntu3) ...
2026-08-19T11:38:32.4938206Z Setting up elfutils (0.190-1.1ubuntu0.1) ...
2026-08-19T11:38:32.4965437Z Setting up ccache (4.9.1-1) ...
2026-08-19T11:38:32.4992392Z Updating symlinks in /usr/lib/ccache ...
2026-08-19T11:38:32.5106370Z Setting up libdw-dev:amd64 (0.190-1.1ubuntu0.1) ...
2026-08-19T11:38:32.5135865Z Setting up dwarves (1.25-0ubuntu3) ...
2026-08-19T11:38:32.5173910Z Processing triggers for man-db (2.12.0-4build2) ...
2026-08-19T11:38:32.5201026Z Not building database; man-db/auto-update is not 'true'.
2026-08-19T11:38:32.5215467Z Processing triggers for libc-bin (2.39-0ubuntu8.8) ...
2026-08-19T11:38:33.1962562Z 
2026-08-19T11:38:33.1963198Z Running kernel seems to be up-to-date.
2026-08-19T11:38:33.1963533Z 
2026-08-19T11:38:33.1963704Z No services need to be restarted.
2026-08-19T11:38:33.1963948Z 
2026-08-19T11:38:33.1964096Z No containers need to be restarted.
2026-08-19T11:38:33.1964343Z 
2026-08-19T11:38:33.1964511Z No user sessions are running outdated binaries.
2026-08-19T11:38:33.1965062Z 
2026-08-19T11:38:33.1965346Z No VM guests are running outdated hypervisor (qemu) binaries on this host.
2026-08-19T11:38:33.9639816Z aria2c: /usr/bin/aria2c  zip: /usr/bin/zip
2026-08-19T11:38:33.9640797Z ✅ Dependencies installed
2026-08-19T11:38:33.9644165Z ##[endgroup]
2026-08-19T11:38:33.9699061Z ##[group]Run set -euo pipefail
2026-08-19T11:38:33.9699373Z [36;1mset -euo pipefail[0m
2026-08-19T11:38:33.9699786Z [36;1mmkdir -p "/home/runner/work/OnePlus_KernelSU_SUSFS/OnePlus_KernelSU_SUSFS/.ccache"[0m
2026-08-19T11:38:33.9700221Z [36;1mfor setting in \[0m
2026-08-19T11:38:33.9700636Z [36;1m  "CCACHE_DIR=/home/runner/work/OnePlus_KernelSU_SUSFS/OnePlus_KernelSU_SUSFS/.ccache" \[0m
2026-08-19T11:38:33.9701096Z [36;1m  "CCACHE_MAXSIZE=12G" \[0m
2026-08-19T11:38:33.9701369Z [36;1m  "CCACHE_COMPILERCHECK=content" \[0m
2026-08-19T11:38:33.9701677Z [36;1m  "CCACHE_BASEDIR=${GITHUB_WORKSPACE}" \[0m
2026-08-19T11:38:33.9701972Z [36;1m  "CCACHE_NOHASHDIR=true" \[0m
2026-08-19T11:38:33.9702253Z [36;1m  "CCACHE_IGNOREOPTIONS=--sysroot*" \[0m
2026-08-19T11:38:33.9702540Z [36;1m  "CCACHE_COMPRESSION=true" \[0m
2026-08-19T11:38:33.9702809Z [36;1m  "CCACHE_COMPRESSION_LEVEL=3" \[0m
2026-08-19T11:38:33.9703093Z [36;1m  "CCACHE_DIRECT=true" \[0m
2026-08-19T11:38:33.9703372Z [36;1m  "CCACHE_FILE_CLONE=true" \[0m
2026-08-19T11:38:33.9703635Z [36;1m  "CCACHE_INODE_CACHE=true" \[0m
2026-08-19T11:38:33.9703915Z [36;1m  "CCACHE_IS_KERNEL_COMPILING=true" \[0m
2026-08-19T11:38:33.9704192Z [36;1m  "CCACHE_UMASK=002" \[0m
2026-08-19T11:38:33.9705040Z [36;1m  "CCACHE_SLOPPINESS=file_macro,time_macros,include_file_mtime,include_file_ctime,pch_defines,system_headers,locale"; do[0m
2026-08-19T11:38:33.9705622Z [36;1m  export "$setting"[0m
2026-08-19T11:38:33.9705872Z [36;1m  echo "$setting" >> "$GITHUB_ENV"[0m
2026-08-19T11:38:33.9706134Z [36;1mdone[0m
2026-08-19T11:38:33.9706335Z [36;1mccache -p | head -n 5 || true[0m
2026-08-19T11:38:33.9744185Z shell: /usr/bin/bash -e {0}
2026-08-19T11:38:33.9744432Z ##[endgroup]
2026-08-19T11:38:33.9837775Z (default) absolute_paths_in_stderr = false
2026-08-19T11:38:33.9838593Z (environment) base_dir = /home/runner/work/OnePlus_KernelSU_SUSFS/OnePlus_KernelSU_SUSFS
2026-08-19T11:38:33.9839600Z (environment) cache_dir = /home/runner/work/OnePlus_KernelSU_SUSFS/OnePlus_KernelSU_SUSFS/.ccache
2026-08-19T11:38:33.9840137Z (default) compiler = 
2026-08-19T11:38:33.9840387Z (environment) compiler_check = content
2026-08-19T11:38:33.9877560Z ##[group]Run set -euo pipefail
2026-08-19T11:38:33.9877856Z [36;1mset -euo pipefail[0m
2026-08-19T11:38:33.9878128Z [36;1mjq . configs/a15/OP-ACE-3-PRO-6.1.75.json[0m
2026-08-19T11:38:33.9878600Z [36;1mecho "config_json=$(jq -c . configs/a15/OP-ACE-3-PRO-6.1.75.json)" >> "$GITHUB_OUTPUT"[0m
2026-08-19T11:38:33.9915233Z shell: /usr/bin/bash --noprofile --norc -e -o pipefail {0}
2026-08-19T11:38:33.9915571Z env:
2026-08-19T11:38:33.9915905Z   CCACHE_DIR: /home/runner/work/OnePlus_KernelSU_SUSFS/OnePlus_KernelSU_SUSFS/.ccache
2026-08-19T11:38:33.9916321Z   CCACHE_MAXSIZE: 12G
2026-08-19T11:38:33.9916544Z   CCACHE_COMPILERCHECK: content
2026-08-19T11:38:33.9916912Z   CCACHE_BASEDIR: /home/runner/work/OnePlus_KernelSU_SUSFS/OnePlus_KernelSU_SUSFS
2026-08-19T11:38:33.9917313Z   CCACHE_NOHASHDIR: true
2026-08-19T11:38:33.9917562Z   CCACHE_IGNOREOPTIONS: --sysroot*
2026-08-19T11:38:33.9917817Z   CCACHE_COMPRESSION: true
2026-08-19T11:38:33.9918037Z   CCACHE_COMPRESSION_LEVEL: 3
2026-08-19T11:38:33.9918295Z   CCACHE_DIRECT: true
2026-08-19T11:38:33.9918498Z   CCACHE_FILE_CLONE: true
2026-08-19T11:38:33.9918719Z   CCACHE_INODE_CACHE: true
2026-08-19T11:38:33.9918941Z   CCACHE_IS_KERNEL_COMPILING: true
2026-08-19T11:38:33.9919186Z   CCACHE_UMASK: 002
2026-08-19T11:38:33.9919635Z   CCACHE_SLOPPINESS: file_macro,time_macros,include_file_mtime,include_file_ctime,pch_defines,system_headers,locale
2026-08-19T11:38:33.9920145Z ##[endgroup]
2026-08-19T11:38:33.9997445Z {
2026-08-19T11:38:33.9997830Z   "model": "OP-ACE-3-PRO-6.1.75",
2026-08-19T11:38:33.9998282Z   "soc": "pineapple",
2026-08-19T11:38:33.9998768Z   "branch": "wild/sm8650",
2026-08-19T11:38:33.9999206Z   "manifest": "oneplus_ace3_pro_6.1.75_v.xml",
2026-08-19T11:38:33.9999559Z   "android_version": "android14",
2026-08-19T11:38:34.0000012Z   "kernel_version": "6.1",
2026-08-19T11:38:34.0000232Z   "os_version": "A15",
2026-08-19T11:38:34.0000432Z   "lto": "thin",
2026-08-19T11:38:34.0000625Z   "zyc_compiler": "",
2026-08-19T11:38:34.0000990Z   "c_compiler": "kernel_platform/prebuilts/clang/host/linux-x86/clang-r487747c/bin",
2026-08-19T11:38:34.0001406Z   "rust_compiler": "",
2026-08-19T11:38:34.0001617Z   "bindgen": "",
2026-08-19T11:38:34.0001810Z   "rust_build": false,
2026-08-19T11:38:34.0002012Z   "disk_cleanup": false,
2026-08-19T11:38:34.0002221Z   "hmbird": false,
2026-08-19T11:38:34.0002408Z   "susfs": true,
2026-08-19T11:38:34.0002592Z   "opt": true,
2026-08-19T11:38:34.0002769Z   "ds": true,
2026-08-19T11:38:34.0002940Z   "bbg": true,
2026-08-19T11:38:34.0003112Z   "bbr": true,
2026-08-19T11:38:34.0003285Z   "bbr3": true,
2026-08-19T11:38:34.0003464Z   "ttl": true,
2026-08-19T11:38:34.0003637Z   "ip_set": true,
2026-08-19T11:38:34.0003828Z   "unicode": true,
2026-08-19T11:38:34.0004026Z   "ntsync": true,
2026-08-19T11:38:34.0006400Z   "blacklist_modules": "kernelsu,oplus_security_guard,oplus_qr_scan,oplus_score,oplus_vip_task,oplus_dns_cache,oplus_network_linkpower_module,oplus_data_module,oplus_secure_harden,oplus_security_keventupload,oplus_secure_guard_new,oplus_secure_guard,coresight_tpda,coresight_tgu,coresight_trace_noc,coresight_cti,coresight_qmi,coresight_dummy,coresight_remote_etm,coresight_tpdm,coresight_uetm,coresight_stm,coresight_tmc_sec,f_fs_ipc_log,qcom_iommu_debug,qti_battery_debug,rdbg,stm_heartbeat,stm_p_ost,stm_core,stm_ftrace,stm_console,spmi_pmic_arb_debug",
2026-08-19T11:38:34.0008451Z   "uname": "OP-WILD"
2026-08-19T11:38:34.0008646Z }
2026-08-19T11:38:34.0075105Z ##[group]Run set -euo pipefail
2026-08-19T11:38:34.0075429Z [36;1mset -euo pipefail[0m
2026-08-19T11:38:34.0075900Z [36;1m{ df -h; echo ---; df -h /dev/shm; echo ---; free -m; echo ---; nproc; echo ---; ulimit -a; } | tee runner_diag.txt[0m
2026-08-19T11:38:34.0109856Z shell: /usr/bin/bash -e {0}
2026-08-19T11:38:34.0110108Z env:
2026-08-19T11:38:34.0110445Z   CCACHE_DIR: /home/runner/work/OnePlus_KernelSU_SUSFS/OnePlus_KernelSU_SUSFS/.ccache
2026-08-19T11:38:34.0110856Z   CCACHE_MAXSIZE: 12G
2026-08-19T11:38:34.0111081Z   CCACHE_COMPILERCHECK: content
2026-08-19T11:38:34.0111449Z   CCACHE_BASEDIR: /home/runner/work/OnePlus_KernelSU_SUSFS/OnePlus_KernelSU_SUSFS
2026-08-19T11:38:34.0111844Z   CCACHE_NOHASHDIR: true
2026-08-19T11:38:34.0112074Z   CCACHE_IGNOREOPTIONS: --sysroot*
2026-08-19T11:38:34.0112332Z   CCACHE_COMPRESSION: true
2026-08-19T11:38:34.0112557Z   CCACHE_COMPRESSION_LEVEL: 3
2026-08-19T11:38:34.0112782Z   CCACHE_DIRECT: true
2026-08-19T11:38:34.0113015Z   CCACHE_FILE_CLONE: true
2026-08-19T11:38:34.0113233Z   CCACHE_INODE_CACHE: true
2026-08-19T11:38:34.0113455Z   CCACHE_IS_KERNEL_COMPILING: true
2026-08-19T11:38:34.0113687Z   CCACHE_UMASK: 002
2026-08-19T11:38:34.0114141Z   CCACHE_SLOPPINESS: file_macro,time_macros,include_file_mtime,include_file_ctime,pch_defines,system_headers,locale
2026-08-19T11:38:34.0114937Z ##[endgroup]
2026-08-19T11:38:34.0327255Z Filesystem      Size  Used Avail Use% Mounted on
2026-08-19T11:38:34.0327733Z /dev/root       145G   58G   87G  40% /
2026-08-19T11:38:34.0328062Z tmpfs           7.9G     0  7.9G   0% /dev/shm
2026-08-19T11:38:34.0328348Z tmpfs           3.2G 1016K  3.2G   1% /run
2026-08-19T11:38:34.0328825Z tmpfs           5.0M     0  5.0M   0% /run/lock
2026-08-19T11:38:34.0329493Z efivarfs        128M   32K  128M   1% /sys/firmware/efi/efivars
2026-08-19T11:38:34.0330270Z /dev/sda16      881M   64M  756M   8% /boot
2026-08-19T11:38:34.0330601Z /dev/sda15      105M  6.2M   99M   6% /boot/efi
2026-08-19T11:38:34.0330924Z tmpfs           1.6G   12K  1.6G   1% /run/user/1001
2026-08-19T11:38:34.0331206Z ---
2026-08-19T11:38:34.0340097Z Filesystem      Size  Used Avail Use% Mounted on
2026-08-19T11:38:34.0340430Z tmpfs           7.9G     0  7.9G   0% /dev/shm
2026-08-19T11:38:34.0343515Z ---
2026-08-19T11:38:34.0357802Z                total        used        free      shared  buff/cache   available
2026-08-19T11:38:34.0358657Z Mem:           15989        1011       12634          42        2708       14978
2026-08-19T11:38:34.0359137Z Swap:           3071           0        3071
2026-08-19T11:38:34.0359942Z ---
2026-08-19T11:38:34.0480706Z 4
2026-08-19T11:38:34.0482651Z ---
2026-08-19T11:38:34.0483190Z real-time non-blocking time  (microseconds, -R) unlimited
2026-08-19T11:38:34.0483794Z core file size              (blocks, -c) 0
2026-08-19T11:38:34.0484388Z data seg size               (kbytes, -d) unlimited
2026-08-19T11:38:34.0485231Z scheduling priority                 (-e) 0
2026-08-19T11:38:34.0485885Z file size                   (blocks, -f) unlimited
2026-08-19T11:38:34.0486293Z pending signals                     (-i) 63838
2026-08-19T11:38:34.0486659Z max locked memory           (kbytes, -l) 8192
2026-08-19T11:38:34.0487027Z max memory size             (kbytes, -m) unlimited
2026-08-19T11:38:34.0487436Z open files                          (-n) 65536
2026-08-19T11:38:34.0487987Z pipe size                (512 bytes, -p) 8
2026-08-19T11:38:34.0488652Z POSIX message queues         (bytes, -q) 819200
2026-08-19T11:38:34.0489202Z real-time priority                  (-r) 0
2026-08-19T11:38:34.0489700Z stack size                  (kbytes, -s) 16384
2026-08-19T11:38:34.0490068Z cpu time                   (seconds, -t) unlimited
2026-08-19T11:38:34.0490434Z max user processes                  (-u) 63838
2026-08-19T11:38:34.0490797Z virtual memory              (kbytes, -v) unlimited
2026-08-19T11:38:34.0491162Z file locks                          (-x) unlimited
2026-08-19T11:38:34.1732269Z Prepare all required actions
2026-08-19T11:38:34.1732996Z Getting action download info
2026-08-19T11:38:34.3230469Z Download action repository 'actions/upload-artifact@v7' (SHA:043fb46d1a93c77aae656e7c1c64a875d1fc6a0a)
2026-08-19T11:38:34.5392241Z ##[group]Run ./.github/actions/build-kernel
2026-08-19T11:38:34.5392524Z with:
2026-08-19T11:38:34.5396427Z   op_config_json: {"model":"OP-ACE-3-PRO-6.1.75","soc":"pineapple","branch":"wild/sm8650","manifest":"oneplus_ace3_pro_6.1.75_v.xml","android_version":"android14","kernel_version":"6.1","os_version":"A15","lto":"thin","zyc_compiler":"","c_compiler":"kernel_platform/prebuilts/clang/host/linux-x86/clang-r487747c/bin","rust_compiler":"","bindgen":"","rust_build":false,"disk_cleanup":false,"hmbird":false,"susfs":true,"opt":true,"ds":true,"bbg":true,"bbr":true,"bbr3":true,"ttl":true,"ip_set":true,"unicode":true,"ntsync":true,"blacklist_modules":"kernelsu,oplus_security_guard,oplus_qr_scan,oplus_score,oplus_vip_task,oplus_dns_cache,oplus_network_linkpower_module,oplus_data_module,oplus_secure_harden,oplus_security_keventupload,oplus_secure_guard_new,oplus_secure_guard,coresight_tpda,coresight_tgu,coresight_trace_noc,coresight_cti,coresight_qmi,coresight_dummy,coresight_remote_etm,coresight_tpdm,coresight_uetm,coresight_stm,coresight_tmc_sec,f_fs_ipc_log,qcom_iommu_debug,qti_battery_debug,rdbg,stm_heartbeat,stm_p_ost,stm_core,stm_ftrace,stm_console,spmi_pmic_arb_debug","uname":"OP-WILD"}
2026-08-19T11:38:34.5400316Z   ksu_type: KSUN
2026-08-19T11:38:34.5400584Z   ksu_branch_or_hash: d6a42fd9285c11b8e8e67bfe72a5050528006c00
2026-08-19T11:38:34.5400909Z   optimize_level: O2
2026-08-19T11:38:34.5401111Z   clean: true
2026-08-19T11:38:34.5401282Z   debug: true
2026-08-19T11:38:34.5404310Z   github_token: ***
2026-08-19T11:38:34.5404512Z env:
2026-08-19T11:38:34.5404975Z   CCACHE_DIR: /home/runner/work/OnePlus_KernelSU_SUSFS/OnePlus_KernelSU_SUSFS/.ccache
2026-08-19T11:38:34.5405381Z   CCACHE_MAXSIZE: 12G
2026-08-19T11:38:34.5405597Z   CCACHE_COMPILERCHECK: content
2026-08-19T11:38:34.5405962Z   CCACHE_BASEDIR: /home/runner/work/OnePlus_KernelSU_SUSFS/OnePlus_KernelSU_SUSFS
2026-08-19T11:38:34.5406353Z   CCACHE_NOHASHDIR: true
2026-08-19T11:38:34.5406586Z   CCACHE_IGNOREOPTIONS: --sysroot*
2026-08-19T11:38:34.5406836Z   CCACHE_COMPRESSION: true
2026-08-19T11:38:34.5407060Z   CCACHE_COMPRESSION_LEVEL: 3
2026-08-19T11:38:34.5407283Z   CCACHE_DIRECT: true
2026-08-19T11:38:34.5407677Z   CCACHE_FILE_CLONE: true
2026-08-19T11:38:34.5407890Z   CCACHE_INODE_CACHE: true
2026-08-19T11:38:34.5408113Z   CCACHE_IS_KERNEL_COMPILING: true
2026-08-19T11:38:34.5408347Z   CCACHE_UMASK: 002
2026-08-19T11:38:34.5408811Z   CCACHE_SLOPPINESS: file_macro,time_macros,include_file_mtime,include_file_ctime,pch_defines,system_headers,locale
2026-08-19T11:38:34.5409326Z ##[endgroup]
2026-08-19T11:38:34.5492056Z ##[start-action display=Get Action info;id=build.__run]
2026-08-19T11:38:34.5515569Z ##[group]Run set -euo pipefail
2026-08-19T11:38:34.5515864Z [36;1mset -euo pipefail[0m
2026-08-19T11:38:34.5516157Z [36;1mecho "ACTION_REPO=$ACTION_REPO_VAL" >> $GITHUB_ENV[0m
2026-08-19T11:38:34.5516528Z [36;1mecho "ACTION_REF=$ACTION_REF_VAL" >> $GITHUB_ENV[0m
2026-08-19T11:38:34.5553588Z shell: /usr/bin/bash --noprofile --norc -e -o pipefail {0}
2026-08-19T11:38:34.5553916Z env:
2026-08-19T11:38:34.5554242Z   CCACHE_DIR: /home/runner/work/OnePlus_KernelSU_SUSFS/OnePlus_KernelSU_SUSFS/.ccache
2026-08-19T11:38:34.5554792Z   CCACHE_MAXSIZE: 12G
2026-08-19T11:38:34.5555020Z   CCACHE_COMPILERCHECK: content
2026-08-19T11:38:34.5555386Z   CCACHE_BASEDIR: /home/runner/work/OnePlus_KernelSU_SUSFS/OnePlus_KernelSU_SUSFS
2026-08-19T11:38:34.5555773Z   CCACHE_NOHASHDIR: true
2026-08-19T11:38:34.5555998Z   CCACHE_IGNOREOPTIONS: --sysroot*
2026-08-19T11:38:34.5556246Z   CCACHE_COMPRESSION: true
2026-08-19T11:38:34.5556470Z   CCACHE_COMPRESSION_LEVEL: 3
2026-08-19T11:38:34.5556691Z   CCACHE_DIRECT: true
2026-08-19T11:38:34.5556891Z   CCACHE_FILE_CLONE: true
2026-08-19T11:38:34.5557301Z   CCACHE_INODE_CACHE: true
2026-08-19T11:38:34.5557533Z   CCACHE_IS_KERNEL_COMPILING: true
2026-08-19T11:38:34.5557763Z   CCACHE_UMASK: 002
2026-08-19T11:38:34.5558206Z   CCACHE_SLOPPINESS: file_macro,time_macros,include_file_mtime,include_file_ctime,pch_defines,system_headers,locale
2026-08-19T11:38:34.5558715Z   ACTION_REPO_VAL: 
2026-08-19T11:38:34.5558900Z   ACTION_REF_VAL: 
2026-08-19T11:38:34.5559087Z ##[endgroup]
2026-08-19T11:38:34.5628424Z ##[end-action id=build.__run;outcome=success;conclusion=success;duration_ms=13]
2026-08-19T11:38:34.5630758Z ##[start-action display=📥 Checkout Code;id=build.__actions_checkout]
2026-08-19T11:38:34.5710152Z ##[group]Run actions/checkout@v6
2026-08-19T11:38:34.5710389Z with:
2026-08-19T11:38:34.5710572Z   path: action-source
2026-08-19T11:38:34.5710777Z   fetch-depth: 1
2026-08-19T11:38:34.5713634Z   token: ***
2026-08-19T11:38:34.5713828Z   ssh-strict: true
2026-08-19T11:38:34.5714023Z   ssh-user: git
2026-08-19T11:38:34.5714225Z   persist-credentials: true
2026-08-19T11:38:34.5714458Z   clean: true
2026-08-19T11:38:34.5714892Z   sparse-checkout-cone-mode: true
2026-08-19T11:38:34.5715202Z   fetch-tags: false
2026-08-19T11:38:34.5715400Z   show-progress: true
2026-08-19T11:38:34.5715605Z   lfs: false
2026-08-19T11:38:34.5715789Z   submodules: false
2026-08-19T11:38:34.5715995Z   set-safe-directory: true
2026-08-19T11:38:34.5716238Z   allow-unsafe-pr-checkout: false
2026-08-19T11:38:34.5716491Z env:
2026-08-19T11:38:34.5716818Z   CCACHE_DIR: /home/runner/work/OnePlus_KernelSU_SUSFS/OnePlus_KernelSU_SUSFS/.ccache
2026-08-19T11:38:34.5717231Z   CCACHE_MAXSIZE: 12G
2026-08-19T11:38:34.5717447Z   CCACHE_COMPILERCHECK: content
2026-08-19T11:38:34.5717812Z   CCACHE_BASEDIR: /home/runner/work/OnePlus_KernelSU_SUSFS/OnePlus_KernelSU_SUSFS
2026-08-19T11:38:34.5718204Z   CCACHE_NOHASHDIR: true
2026-08-19T11:38:34.5718435Z   CCACHE_IGNOREOPTIONS: --sysroot*
2026-08-19T11:38:34.5718680Z   CCACHE_COMPRESSION: true
2026-08-19T11:38:34.5718899Z   CCACHE_COMPRESSION_LEVEL: 3
2026-08-19T11:38:34.5719125Z   CCACHE_DIRECT: true
2026-08-19T11:38:34.5719324Z   CCACHE_FILE_CLONE: true
2026-08-19T11:38:34.5719534Z   CCACHE_INODE_CACHE: true
2026-08-19T11:38:34.5719755Z   CCACHE_IS_KERNEL_COMPILING: true
2026-08-19T11:38:34.5719984Z   CCACHE_UMASK: 002
2026-08-19T11:38:34.5720436Z   CCACHE_SLOPPINESS: file_macro,time_macros,include_file_mtime,include_file_ctime,pch_defines,system_headers,locale
2026-08-19T11:38:34.5721127Z   ACTION_REPO: 
2026-08-19T11:38:34.5721309Z   ACTION_REF: 
2026-08-19T11:38:34.5721487Z ##[endgroup]
2026-08-19T11:38:34.6548443Z Syncing repository: net00188/OnePlus_KernelSU_SUSFS
2026-08-19T11:38:34.6549787Z ##[group]Getting Git version info
2026-08-19T11:38:34.6550872Z Working directory is '/home/runner/work/OnePlus_KernelSU_SUSFS/OnePlus_KernelSU_SUSFS/action-source'
2026-08-19T11:38:34.6600821Z [command]/usr/bin/git version
2026-08-19T11:38:34.6646176Z git version 2.54.0
2026-08-19T11:38:34.6672911Z ##[endgroup]
2026-08-19T11:38:34.6689032Z Temporarily overriding HOME='/home/runner/work/_temp/a1727d55-42ba-4192-b267-464d9a9fbb5b' before making global git config changes
2026-08-19T11:38:34.6690601Z Adding repository directory to the temporary git global config as a safe directory
2026-08-19T11:38:34.6698819Z [command]/usr/bin/git config --global --add safe.directory /home/runner/work/OnePlus_KernelSU_SUSFS/OnePlus_KernelSU_SUSFS/action-source
2026-08-19T11:38:34.6736091Z ##[group]Determining repository object format
2026-08-19T11:38:34.6739670Z ##[endgroup]
2026-08-19T11:38:34.6740604Z ##[group]Initializing the repository
2026-08-19T11:38:34.6747514Z [command]/usr/bin/git init /home/runner/work/OnePlus_KernelSU_SUSFS/OnePlus_KernelSU_SUSFS/action-source
2026-08-19T11:38:34.6793012Z hint: Using 'master' as the name for the initial branch. This default branch name
2026-08-19T11:38:34.6794230Z hint: will change to "main" in Git 3.0. To configure the initial branch name
2026-08-19T11:38:34.6795593Z hint: to use in all of your new repositories, which will suppress this warning,
2026-08-19T11:38:34.6796670Z hint: call:
2026-08-19T11:38:34.6797125Z hint:
2026-08-19T11:38:34.6797665Z hint: 	git config --global init.defaultBranch <name>
2026-08-19T11:38:34.6798300Z hint:
2026-08-19T11:38:34.6798910Z hint: Names commonly chosen instead of 'master' are 'main', 'trunk' and
2026-08-19T11:38:34.6799884Z hint: 'development'. The just-created branch can be renamed via this command:
2026-08-19T11:38:34.6801328Z hint:
2026-08-19T11:38:34.6801795Z hint: 	git branch -m <name>
2026-08-19T11:38:34.6802301Z hint:
2026-08-19T11:38:34.6802966Z hint: Disable this message with "git config set advice.defaultBranchName false"
2026-08-19T11:38:34.6804311Z Initialized empty Git repository in /home/runner/work/OnePlus_KernelSU_SUSFS/OnePlus_KernelSU_SUSFS/action-source/.git/
2026-08-19T11:38:34.6807902Z [command]/usr/bin/git remote add origin https://github.com/net00188/OnePlus_KernelSU_SUSFS
2026-08-19T11:38:34.6841148Z ##[endgroup]
2026-08-19T11:38:34.6841831Z ##[group]Disabling automatic garbage collection
2026-08-19T11:38:34.6855664Z [command]/usr/bin/git config --local gc.auto 0
2026-08-19T11:38:34.6878110Z ##[endgroup]
2026-08-19T11:38:34.6878963Z ##[group]Setting up auth
2026-08-19T11:38:34.6879691Z Removing SSH command configuration
2026-08-19T11:38:34.6884112Z [command]/usr/bin/git config --local --name-only --get-regexp core\.sshCommand
2026-08-19T11:38:34.6918895Z [command]/usr/bin/git submodule foreach --recursive sh -c "git config --local --name-only --get-regexp 'core\.sshCommand' && git config --local --unset-all 'core.sshCommand' || :"
2026-08-19T11:38:34.7162892Z Removing HTTP extra header
2026-08-19T11:38:34.7174337Z [command]/usr/bin/git config --local --name-only --get-regexp http\.https\:\/\/github\.com\/\.extraheader
2026-08-19T11:38:34.7230167Z [command]/usr/bin/git submodule foreach --recursive sh -c "git config --local --name-only --get-regexp 'http\.https\:\/\/github\.com\/\.extraheader' && git config --local --unset-all 'http.https://github.com/.extraheader' || :"
2026-08-19T11:38:34.7465235Z Removing includeIf entries pointing to credentials config files
2026-08-19T11:38:34.7473843Z [command]/usr/bin/git config --local --name-only --get-regexp ^includeIf\.gitdir:
2026-08-19T11:38:34.7519578Z [command]/usr/bin/git submodule foreach --recursive git config --local --show-origin --name-only --get-regexp remote.origin.url
2026-08-19T11:38:34.7790180Z [command]/usr/bin/git config --file /home/runner/work/_temp/git-credentials-b1f1b52d-c108-42d7-896c-632f16b96c3b.config http.https://github.com/.extraheader AUTHORIZATION: basic ***
2026-08-19T11:38:34.7842089Z [command]/usr/bin/git config --local includeIf.gitdir:/home/runner/work/OnePlus_KernelSU_SUSFS/OnePlus_KernelSU_SUSFS/action-source/.git.path /home/runner/work/_temp/git-credentials-b1f1b52d-c108-42d7-896c-632f16b96c3b.config
2026-08-19T11:38:34.7885732Z [command]/usr/bin/git config --local includeIf.gitdir:/home/runner/work/OnePlus_KernelSU_SUSFS/OnePlus_KernelSU_SUSFS/action-source/.git/worktrees/*.path /home/runner/work/_temp/git-credentials-b1f1b52d-c108-42d7-896c-632f16b96c3b.config
2026-08-19T11:38:34.7960817Z [command]/usr/bin/git config --local includeIf.gitdir:/github/workspace/action-source/.git.path /github/runner_temp/git-credentials-b1f1b52d-c108-42d7-896c-632f16b96c3b.config
2026-08-19T11:38:34.8004635Z [command]/usr/bin/git config --local includeIf.gitdir:/github/workspace/action-source/.git/worktrees/*.path /github/runner_temp/git-credentials-b1f1b52d-c108-42d7-896c-632f16b96c3b.config
2026-08-19T11:38:34.8036207Z ##[endgroup]
2026-08-19T11:38:34.8036877Z ##[group]Fetching the repository
2026-08-19T11:38:34.8045635Z [command]/usr/bin/git -c protocol.version=2 fetch --no-tags --prune --no-recurse-submodules --depth=1 origin +c78b7e7e61bf8b6528ddcbb90dcd3f54142bfb25:refs/remotes/origin/main
2026-08-19T11:38:35.2204681Z From https://github.com/net00188/OnePlus_KernelSU_SUSFS
2026-08-19T11:38:35.2205972Z  * [new ref]         c78b7e7e61bf8b6528ddcbb90dcd3f54142bfb25 -> origin/main
2026-08-19T11:38:35.2255814Z [command]/usr/bin/git branch --list --remote origin/main
2026-08-19T11:38:35.2276430Z   origin/main
2026-08-19T11:38:35.2288360Z [command]/usr/bin/git rev-parse refs/remotes/origin/main
2026-08-19T11:38:35.2317245Z c78b7e7e61bf8b6528ddcbb90dcd3f54142bfb25
2026-08-19T11:38:35.2322173Z ##[endgroup]
2026-08-19T11:38:35.2322755Z ##[group]Determining the checkout info
2026-08-19T11:38:35.2323733Z ##[endgroup]
2026-08-19T11:38:35.2331121Z [command]/usr/bin/git sparse-checkout disable
2026-08-19T11:38:35.2379660Z [command]/usr/bin/git config --local --unset-all extensions.worktreeConfig
2026-08-19T11:38:35.2413789Z ##[group]Checking out the ref
2026-08-19T11:38:35.2420317Z [command]/usr/bin/git checkout --progress --force -B main refs/remotes/origin/main
2026-08-19T11:38:35.2594620Z Switched to a new branch 'main'
2026-08-19T11:38:35.2598063Z branch 'main' set up to track 'origin/main'.
2026-08-19T11:38:35.2604944Z ##[endgroup]
2026-08-19T11:38:35.2657378Z [command]/usr/bin/git log -1 --format=%H
2026-08-19T11:38:35.2688091Z c78b7e7e61bf8b6528ddcbb90dcd3f54142bfb25
2026-08-19T11:38:35.2824530Z ##[end-action id=build.__actions_checkout;outcome=success;conclusion=success;duration_ms=719]
2026-08-19T11:38:35.2828191Z ##[start-action display=Parse op_config_json;id=build.__run_2]
2026-08-19T11:38:35.2849262Z ##[group]Run set -euo pipefail
2026-08-19T11:38:35.2849551Z [36;1mset -euo pipefail[0m
2026-08-19T11:38:35.2853258Z [36;1mecho '{"model":"OP-ACE-3-PRO-6.1.75","soc":"pineapple","branch":"wild/sm8650","manifest":"oneplus_ace3_pro_6.1.75_v.xml","android_version":"android14","kernel_version":"6.1","os_version":"A15","lto":"thin","zyc_compiler":"","c_compiler":"kernel_platform/prebuilts/clang/host/linux-x86/clang-r487747c/bin","rust_compiler":"","bindgen":"","rust_build":false,"disk_cleanup":false,"hmbird":false,"susfs":true,"opt":true,"ds":true,"bbg":true,"bbr":true,"bbr3":true,"ttl":true,"ip_set":true,"unicode":true,"ntsync":true,"blacklist_modules":"kernelsu,oplus_security_guard,oplus_qr_scan,oplus_score,oplus_vip_task,oplus_dns_cache,oplus_network_linkpower_module,oplus_data_module,oplus_secure_harden,oplus_security_keventupload,oplus_secure_guard_new,oplus_secure_guard,coresight_tpda,coresight_tgu,coresight_trace_noc,coresight_cti,coresight_qmi,coresight_dummy,coresight_remote_etm,coresight_tpdm,coresight_uetm,coresight_stm,coresight_tmc_sec,f_fs_ipc_log,qcom_iommu_debug,qti_battery_debug,rdbg,stm_heartbeat,stm_p_ost,stm_core,stm_ftrace,stm_console,spmi_pmic_arb_debug","uname":"OP-WILD"}' > /tmp/config.json[0m
2026-08-19T11:38:35.2857820Z [36;1mjq -r 'to_entries[] | "OP_\(.key | ascii_upcase)=\(.value)"' /tmp/config.json >> "$GITHUB_ENV"[0m
2026-08-19T11:38:35.2858279Z [36;1mecho "Parsed config:"[0m
2026-08-19T11:38:35.2858536Z [36;1mjq '.' /tmp/config.json[0m
2026-08-19T11:38:35.2896683Z shell: /usr/bin/bash --noprofile --norc -e -o pipefail {0}
2026-08-19T11:38:35.2897017Z env:
2026-08-19T11:38:35.2897359Z   CCACHE_DIR: /home/runner/work/OnePlus_KernelSU_SUSFS/OnePlus_KernelSU_SUSFS/.ccache
2026-08-19T11:38:35.2897784Z   CCACHE_MAXSIZE: 12G
2026-08-19T11:38:35.2898017Z   CCACHE_COMPILERCHECK: content
2026-08-19T11:38:35.2898387Z   CCACHE_BASEDIR: /home/runner/work/OnePlus_KernelSU_SUSFS/OnePlus_KernelSU_SUSFS
2026-08-19T11:38:35.2898781Z   CCACHE_NOHASHDIR: true
2026-08-19T11:38:35.2899026Z   CCACHE_IGNOREOPTIONS: --sysroot*
2026-08-19T11:38:35.2899275Z   CCACHE_COMPRESSION: true
2026-08-19T11:38:35.2899497Z   CCACHE_COMPRESSION_LEVEL: 3
2026-08-19T11:38:35.2899725Z   CCACHE_DIRECT: true
2026-08-19T11:38:35.2899932Z   CCACHE_FILE_CLONE: true
2026-08-19T11:38:35.2900154Z   CCACHE_INODE_CACHE: true
2026-08-19T11:38:35.2900382Z   CCACHE_IS_KERNEL_COMPILING: true
2026-08-19T11:38:35.2900616Z   CCACHE_UMASK: 002
2026-08-19T11:38:35.2901071Z   CCACHE_SLOPPINESS: file_macro,time_macros,include_file_mtime,include_file_ctime,pch_defines,system_headers,locale
2026-08-19T11:38:35.2901582Z   ACTION_REPO: 
2026-08-19T11:38:35.2901770Z   ACTION_REF: 
2026-08-19T11:38:35.2901950Z ##[endgroup]
2026-08-19T11:38:35.2987850Z Parsed config:
2026-08-19T11:38:35.3010849Z {
2026-08-19T11:38:35.3011634Z   "model": "OP-ACE-3-PRO-6.1.75",
2026-08-19T11:38:35.3012008Z   "soc": "pineapple",
2026-08-19T11:38:35.3012276Z   "branch": "wild/sm8650",
2026-08-19T11:38:35.3012577Z   "manifest": "oneplus_ace3_pro_6.1.75_v.xml",
2026-08-19T11:38:35.3013127Z   "android_version": "android14",
2026-08-19T11:38:35.3013647Z   "kernel_version": "6.1",
2026-08-19T11:38:35.3014120Z   "os_version": "A15",
2026-08-19T11:38:35.3014553Z   "lto": "thin",
2026-08-19T11:38:35.3015187Z   "zyc_compiler": "",
2026-08-19T11:38:35.3033918Z   "c_compiler": "kernel_platform/prebuilts/clang/host/linux-x86/clang-r487747c/bin",
2026-08-19T11:38:35.3034719Z   "rust_compiler": "",
2026-08-19T11:38:35.3035246Z   "bindgen": "",
2026-08-19T11:38:35.3035598Z   "rust_build": false,
2026-08-19T11:38:35.3035975Z   "disk_cleanup": false,
2026-08-19T11:38:35.3036329Z   "hmbird": false,
2026-08-19T11:38:35.3036560Z   "susfs": true,
2026-08-19T11:38:35.3036786Z   "opt": true,
2026-08-19T11:38:35.3037007Z   "ds": true,
2026-08-19T11:38:35.3037226Z   "bbg": true,
2026-08-19T11:38:35.3037439Z   "bbr": true,
2026-08-19T11:38:35.3037641Z   "bbr3": true,
2026-08-19T11:38:35.3037853Z   "ttl": true,
2026-08-19T11:38:35.3038060Z   "ip_set": true,
2026-08-19T11:38:35.3038282Z   "unicode": true,
2026-08-19T11:38:35.3038508Z   "ntsync": true,
2026-08-19T11:38:35.3040976Z   "blacklist_modules": "kernelsu,oplus_security_guard,oplus_qr_scan,oplus_score,oplus_vip_task,oplus_dns_cache,oplus_network_linkpower_module,oplus_data_module,oplus_secure_harden,oplus_security_keventupload,oplus_secure_guard_new,oplus_secure_guard,coresight_tpda,coresight_tgu,coresight_trace_noc,coresight_cti,coresight_qmi,coresight_dummy,coresight_remote_etm,coresight_tpdm,coresight_uetm,coresight_stm,coresight_tmc_sec,f_fs_ipc_log,qcom_iommu_debug,qti_battery_debug,rdbg,stm_heartbeat,stm_p_ost,stm_core,stm_ftrace,stm_console,spmi_pmic_arb_debug",
2026-08-19T11:38:35.3043520Z   "uname": "OP-WILD"
2026-08-19T11:38:35.3043760Z }
2026-08-19T11:38:35.3048992Z ##[end-action id=build.__run_2;outcome=success;conclusion=success;duration_ms=21]
2026-08-19T11:38:35.3051215Z ##[start-action display=Validate Inputs;id=build.__run_3]
2026-08-19T11:38:35.3070899Z ##[group]Run set -euo pipefail
2026-08-19T11:38:35.3071307Z [36;1mset -euo pipefail[0m
2026-08-19T11:38:35.3071556Z [36;1mecho "::group::Validate inputs"[0m
2026-08-19T11:38:35.3071821Z [36;1mmodel="$OP_MODEL"[0m
2026-08-19T11:38:35.3072207Z [36;1msoc="$OP_SOC"[0m
2026-08-19T11:38:35.3072415Z [36;1mbranch="$OP_BRANCH"[0m
2026-08-19T11:38:35.3072642Z [36;1mmanifest="$OP_MANIFEST"[0m
2026-08-19T11:38:35.3072913Z [36;1mandroid_version="$OP_ANDROID_VERSION"[0m
2026-08-19T11:38:35.3073212Z [36;1mkernel_version="$OP_KERNEL_VERSION"[0m
2026-08-19T11:38:35.3073492Z [36;1mos_version="$OP_OS_VERSION"[0m
2026-08-19T11:38:35.3073736Z [36;1mhmbird="$OP_HMBIRD"[0m
2026-08-19T11:38:35.3073955Z [36;1msusfs="$OP_SUSFS"[0m
2026-08-19T11:38:35.3074167Z [36;1mopt="$OP_OPT"[0m
2026-08-19T11:38:35.3074367Z [36;1mbbg="$OP_BBG"[0m
2026-08-19T11:38:35.3074570Z [36;1mbbr="$OP_BBR"[0m
2026-08-19T11:38:35.3075050Z [36;1mbbr3="$OP_BBR3"[0m
2026-08-19T11:38:35.3075264Z [36;1mttl="$OP_TTL"[0m
2026-08-19T11:38:35.3075465Z [36;1mip_set="$OP_IP_SET"[0m
2026-08-19T11:38:35.3075689Z [36;1mrust_build="$OP_RUST_BUILD"[0m
2026-08-19T11:38:35.3075930Z [36;1mlto="$OP_LTO"[0m
2026-08-19T11:38:35.3076130Z [36;1muname="$OP_UNAME"[0m
2026-08-19T11:38:35.3076356Z [36;1municode="$OP_UNICODE"[0m
2026-08-19T11:38:35.3076594Z [36;1mc_compiler="$OP_C_COMPILER"[0m
2026-08-19T11:38:35.3076854Z [36;1mrust_compiler="$OP_RUST_COMPILER"[0m
2026-08-19T11:38:35.3077134Z [36;1mzyc_compiler="$OP_ZYC_COMPILER"[0m
2026-08-19T11:38:35.3077392Z [36;1mbindgen="$OP_BINDGEN"[0m
2026-08-19T11:38:35.3077618Z [36;1mds="$OP_DS"[0m
2026-08-19T11:38:35.3077818Z [36;1mntsync="$OP_NTSYNC"[0m
2026-08-19T11:38:35.3078073Z [36;1mblacklist_modules="$OP_BLACKLIST_MODULES"[0m
2026-08-19T11:38:35.3078360Z [36;1moptimize='O2'[0m
2026-08-19T11:38:35.3078688Z [36;1m[0m
2026-08-19T11:38:35.3078867Z [36;1merrors=()[0m
2026-08-19T11:38:35.3079058Z [36;1m[0m
2026-08-19T11:38:35.3079235Z [36;1mif [[ -z "$model" ]]; then[0m
2026-08-19T11:38:35.3079522Z [36;1m  errors+=("Input 'model' cannot be empty")[0m
2026-08-19T11:38:35.3079822Z [36;1melif [[ ! "$model" =~ ^OP ]]; then[0m
2026-08-19T11:38:35.3080189Z [36;1m  errors+=("Input 'model' does not start with 'OP'. Got: '$model'")[0m
2026-08-19T11:38:35.3080548Z [36;1mfi[0m
2026-08-19T11:38:35.3080717Z [36;1m[0m
2026-08-19T11:38:35.3080901Z [36;1mif [[ -z "$soc" ]]; then[0m
2026-08-19T11:38:35.3081172Z [36;1m  errors+=("Input 'soc' cannot be empty")[0m
2026-08-19T11:38:35.3081488Z [36;1melif [[ ! "$soc" =~ ^[A-Za-z0-9_-]+$ ]]; then[0m
2026-08-19T11:38:35.3082023Z [36;1m  errors+=("Input 'soc' contains invalid characters. Allowed: letters, digits, underscore, dash. Got: '$soc'")[0m
2026-08-19T11:38:35.3082518Z [36;1mfi[0m
2026-08-19T11:38:35.3082688Z [36;1m[0m
2026-08-19T11:38:35.3082873Z [36;1mif [[ -z "$branch" ]]; then[0m
2026-08-19T11:38:35.3083159Z [36;1m  errors+=("Input 'branch' cannot be empty")[0m
2026-08-19T11:38:35.3083496Z [36;1melif [[ ! "$branch" =~ ^[A-Za-z0-9._/-]+$ ]]; then[0m
2026-08-19T11:38:35.3084042Z [36;1m  errors+=("Input 'branch' contains invalid characters. Allowed: letters, digits, ., _, -, /. Got: '$branch'")[0m
2026-08-19T11:38:35.3084538Z [36;1mfi[0m
2026-08-19T11:38:35.3084944Z [36;1m[0m
2026-08-19T11:38:35.3085139Z [36;1mif [[ -z "$manifest" ]]; then[0m
2026-08-19T11:38:35.3085433Z [36;1m  errors+=("Input 'manifest' cannot be empty")[0m
2026-08-19T11:38:35.3085753Z [36;1melif [[ "$manifest" == http*://* ]]; then[0m
2026-08-19T11:38:35.3086060Z [36;1m  if [[ ! "$manifest" =~ ^https:// ]]; then[0m
2026-08-19T11:38:35.3086424Z [36;1m    errors+=("Manifest URL must be HTTPS. Got: '$manifest'")[0m
2026-08-19T11:38:35.3086749Z [36;1m  fi[0m
2026-08-19T11:38:35.3086962Z [36;1m  if [[ ! "$manifest" =~ \.xml($|\?) ]]; then[0m
2026-08-19T11:38:35.3087374Z [36;1m    errors+=("Manifest URL should point to an XML file (.xml). Got: '$manifest'")[0m
2026-08-19T11:38:35.3087769Z [36;1m  fi[0m
2026-08-19T11:38:35.3087941Z [36;1melse[0m
2026-08-19T11:38:35.3088143Z [36;1m  if [[ ! "$manifest" =~ \.xml$ ]]; then[0m
2026-08-19T11:38:35.3088520Z [36;1m    errors+=("Manifest filename must end with .xml. Got: '$manifest'")[0m
2026-08-19T11:38:35.3088882Z [36;1m  fi[0m
2026-08-19T11:38:35.3089223Z [36;1m  if [[ "$manifest" =~ [[:space:]] ]]; then[0m
2026-08-19T11:38:35.3089610Z [36;1m    errors+=("Manifest filename cannot contain spaces. Got: '$manifest'")[0m
2026-08-19T11:38:35.3089980Z [36;1m  fi[0m
2026-08-19T11:38:35.3090155Z [36;1mfi[0m
2026-08-19T11:38:35.3090324Z [36;1m[0m
2026-08-19T11:38:35.3090518Z [36;1mif [[ -z "$android_version" ]]; then[0m
2026-08-19T11:38:35.3090857Z [36;1m  errors+=("Input 'android_version' cannot be empty")[0m
2026-08-19T11:38:35.3091236Z [36;1melif [[ ! "$android_version" =~ ^android[0-9]+$ ]]; then[0m
2026-08-19T11:38:35.3091880Z [36;1m  errors+=("Input 'android_version' contains invalid characters. Allowed: android followed by a number. Got: '$android_version'")[0m
2026-08-19T11:38:35.3092466Z [36;1mfi[0m
2026-08-19T11:38:35.3092637Z [36;1m[0m
2026-08-19T11:38:35.3092837Z [36;1mif [[ -z "$kernel_version" ]]; then[0m
2026-08-19T11:38:35.3093171Z [36;1m  errors+=("Input 'kernel_version' cannot be empty")[0m
2026-08-19T11:38:35.3093551Z [36;1melif [[ ! "$kernel_version" =~ ^[0-9]+\.[0-9]+$ ]]; then[0m
2026-08-19T11:38:35.3094144Z [36;1m  errors+=("Input 'kernel_version' contains invalid characters. Allowed: number in X.Y format. Got: '$kernel_version'")[0m
2026-08-19T11:38:35.3094912Z [36;1mfi[0m
2026-08-19T11:38:35.3095098Z [36;1m[0m
2026-08-19T11:38:35.3095285Z [36;1mif [[ -z "$os_version" ]]; then[0m
2026-08-19T11:38:35.3095588Z [36;1m  errors+=("Input 'os_version' cannot be empty")[0m
2026-08-19T11:38:35.3095909Z [36;1melif [[ ! "$os_version" =~ ^A ]]; then[0m
2026-08-19T11:38:35.3096420Z [36;1m  errors+=("Input 'os_version' does not start with 'A'. Got: '$os_version'")[0m
2026-08-19T11:38:35.3096801Z [36;1mfi[0m
2026-08-19T11:38:35.3096972Z [36;1m[0m
2026-08-19T11:38:35.3097148Z [36;1mif [[ -z "$hmbird" ]]; then[0m
2026-08-19T11:38:35.3097433Z [36;1m  errors+=("Input 'hmbird' cannot be empty")[0m
2026-08-19T11:38:35.3097788Z [36;1melif [[ "$hmbird" != "true" && "$hmbird" != "false" ]]; then[0m
2026-08-19T11:38:35.3098331Z [36;1m  errors+=("Input 'hmbird' contains invalid characters. Allowed: 'true' or 'false'. Got: '$hmbird'")[0m
2026-08-19T11:38:35.3098790Z [36;1mfi[0m
2026-08-19T11:38:35.3098959Z [36;1m[0m
2026-08-19T11:38:35.3099138Z [36;1mif [[ -z "$susfs" ]]; then[0m
2026-08-19T11:38:35.3099417Z [36;1m  errors+=("Input 'susfs' cannot be empty")[0m
2026-08-19T11:38:35.3099762Z [36;1melif [[ "$susfs" != "true" && "$susfs" != "false" ]]; then[0m
2026-08-19T11:38:35.3100291Z [36;1m  errors+=("Input 'susfs' contains invalid characters. Allowed: 'true' or 'false'. Got: '$susfs'")[0m
2026-08-19T11:38:35.3100748Z [36;1mfi[0m
2026-08-19T11:38:35.3100916Z [36;1m[0m
2026-08-19T11:38:35.3101094Z [36;1mif [[ -z "$opt" ]]; then[0m
2026-08-19T11:38:35.3101368Z [36;1m  errors+=("Input 'opt' cannot be empty")[0m
2026-08-19T11:38:35.3101704Z [36;1melif [[ "$opt" != "true" && "$opt" != "false" ]]; then[0m
2026-08-19T11:38:35.3102229Z [36;1m  errors+=("Input 'opt' contains invalid characters. Allowed: 'true' or 'false'. Got: '$opt'")[0m
2026-08-19T11:38:35.3102685Z [36;1mfi[0m
2026-08-19T11:38:35.3102854Z [36;1m[0m
2026-08-19T11:38:35.3103030Z [36;1mif [[ -z "$bbg" ]]; then[0m
2026-08-19T11:38:35.3103304Z [36;1m  errors+=("Input 'bbg' cannot be empty")[0m
2026-08-19T11:38:35.3103638Z [36;1melif [[ "$bbg" != "true" && "$bbg" != "false" ]]; then[0m
2026-08-19T11:38:35.3104132Z [36;1m  errors+=("Input 'bbg' contains invalid characters. Allowed: 'true' or 'false'. Got: '$bbg'")[0m
2026-08-19T11:38:35.3104569Z [36;1mfi[0m
2026-08-19T11:38:35.3104959Z [36;1m[0m
2026-08-19T11:38:35.3105159Z [36;1mif [[ -z "$bbr" ]]; then[0m
2026-08-19T11:38:35.3105438Z [36;1m  errors+=("Input 'bbr' cannot be empty")[0m
2026-08-19T11:38:35.3105786Z [36;1melif [[ "$bbr" != "true" && "$bbr" != "false" ]]; then[0m
2026-08-19T11:38:35.3106293Z [36;1m  errors+=("Input 'bbr' contains invalid characters. Allowed: 'true' or 'false'. Got: '$bbr'")[0m
2026-08-19T11:38:35.3106739Z [36;1mfi[0m
2026-08-19T11:38:35.3107033Z [36;1m[0m
2026-08-19T11:38:35.3107210Z [36;1mif [[ -z "$bbr3" ]]; then[0m
2026-08-19T11:38:35.3107487Z [36;1m  errors+=("Input 'bbr3' cannot be empty")[0m
2026-08-19T11:38:35.3107828Z [36;1melif [[ "$bbr3" != "true" && "$bbr3" != "false" ]]; then[0m
2026-08-19T11:38:35.3108331Z [36;1m  errors+=("Input 'bbr3' contains invalid characters. Allowed: 'true' or 'false'. Got: '$bbr3'")[0m
2026-08-19T11:38:35.3108775Z [36;1mfi[0m
2026-08-19T11:38:35.3108947Z [36;1m[0m
2026-08-19T11:38:35.3109123Z [36;1mif [[ -z "$ttl" ]]; then[0m
2026-08-19T11:38:35.3109391Z [36;1m  errors+=("Input 'ttl' cannot be empty")[0m
2026-08-19T11:38:35.3109719Z [36;1melif [[ "$ttl" != "true" && "$ttl" != "false" ]]; then[0m
2026-08-19T11:38:35.3110205Z [36;1m  errors+=("Input 'ttl' contains invalid characters. Allowed: 'true' or 'false'. Got: '$ttl'")[0m
2026-08-19T11:38:35.3110635Z [36;1mfi[0m
2026-08-19T11:38:35.3110801Z [36;1m[0m
2026-08-19T11:38:35.3110978Z [36;1mif [[ -z "$ip_set" ]]; then[0m
2026-08-19T11:38:35.3111262Z [36;1m  errors+=("Input 'ip_set' cannot be empty")[0m
2026-08-19T11:38:35.3111616Z [36;1melif [[ "$ip_set" != "true" && "$ip_set" != "false" ]]; then[0m
2026-08-19T11:38:35.3112142Z [36;1m  errors+=("Input 'ip_set' contains invalid characters. Allowed: 'true' or 'false'. Got: '$ip_set'")[0m
2026-08-19T11:38:35.3112595Z [36;1mfi[0m
2026-08-19T11:38:35.3112764Z [36;1m[0m
2026-08-19T11:38:35.3112947Z [36;1mif [[ -z "$rust_build" ]]; then[0m
2026-08-19T11:38:35.3113248Z [36;1m  errors+=("Input 'rust_build' cannot be empty")[0m
2026-08-19T11:38:35.3113742Z [36;1melif [[ "$rust_build" != "true" && "$rust_build" != "false" ]]; then[0m
2026-08-19T11:38:35.3114323Z [36;1m  errors+=("Input 'rust_build' contains invalid characters. Allowed: 'true' or 'false'. Got: '$rust_build'")[0m
2026-08-19T11:38:35.3115013Z [36;1mfi[0m
2026-08-19T11:38:35.3115188Z [36;1m[0m
2026-08-19T11:38:35.3115365Z [36;1mif [[ -z "$lto" ]]; then[0m
2026-08-19T11:38:35.3115635Z [36;1m  errors+=("Input 'lto' cannot be empty")[0m
2026-08-19T11:38:35.3116000Z [36;1melif [[ "$lto" != "none" && "$lto" != "thin" && "$lto" != "full" ]]; then[0m
2026-08-19T11:38:35.3116557Z [36;1m  errors+=("Input 'lto' contains invalid characters. Allowed: 'thin', 'full' or 'none'. Got: '$lto'")[0m
2026-08-19T11:38:35.3117012Z [36;1mfi[0m
2026-08-19T11:38:35.3117176Z [36;1m[0m
2026-08-19T11:38:35.3117355Z [36;1mif [[ -z "$uname" ]]; then[0m
2026-08-19T11:38:35.3117638Z [36;1m  errors+=("Input 'uname' cannot be empty")[0m
2026-08-19T11:38:35.3117941Z [36;1melif [[ ${#uname} -gt 44 ]]; then[0m
2026-08-19T11:38:35.3118312Z [36;1m  errors+=("Input 'uname' too long. Maximum length: 44. Got: '$uname'")[0m
2026-08-19T11:38:35.3118665Z [36;1mfi[0m
2026-08-19T11:38:35.3118830Z [36;1m[0m
2026-08-19T11:38:35.3119004Z [36;1mif [[ -z "$unicode" ]]; then[0m
2026-08-19T11:38:35.3119286Z [36;1m  errors+=("Input 'unicode' cannot be empty")[0m
2026-08-19T11:38:35.3119645Z [36;1melif [[ "$unicode" != "true" && "$unicode" != "false" ]]; then[0m
2026-08-19T11:38:35.3120192Z [36;1m  errors+=("Input 'unicode' contains invalid characters. Allowed: 'true' or 'false'. Got: '$unicode'")[0m
2026-08-19T11:38:35.3120651Z [36;1mfi[0m
2026-08-19T11:38:35.3120816Z [36;1m[0m
2026-08-19T11:38:35.3121022Z [36;1m# OP_C_COMPILER currently has no checks![0m
2026-08-19T11:38:35.3121288Z [36;1m[0m
2026-08-19T11:38:35.3121493Z [36;1m# OP_RUST_COMPILER currently has no checks![0m
2026-08-19T11:38:35.3121760Z [36;1m[0m
2026-08-19T11:38:35.3121964Z [36;1m# OP_ZYC_COMPILER currently has no checks![0m
2026-08-19T11:38:35.3122233Z [36;1m[0m
2026-08-19T11:38:35.3122432Z [36;1m# OP_BINDGEN currently has no checks![0m
2026-08-19T11:38:35.3122691Z [36;1m[0m
2026-08-19T11:38:35.3122911Z [36;1m# OP_BLACKLIST_MODULES currently has no checks![0m
2026-08-19T11:38:35.3123194Z [36;1m[0m
2026-08-19T11:38:35.3123369Z [36;1mif [[ -z "$ds" ]]; then[0m
2026-08-19T11:38:35.3123627Z [36;1m  errors+=("Input 'ds' cannot be empty")[0m
2026-08-19T11:38:35.3124078Z [36;1melif [[ "$ds" != "true" && "$ds" != "false" ]]; then[0m
2026-08-19T11:38:35.3124559Z [36;1m  errors+=("Input 'ds' contains invalid characters. Allowed: 'true' or 'false'. Got: '$ds'")[0m
2026-08-19T11:38:35.3125221Z [36;1mfi[0m
2026-08-19T11:38:35.3125401Z [36;1m[0m
2026-08-19T11:38:35.3125588Z [36;1mif [[ -z "$ntsync" ]]; then[0m
2026-08-19T11:38:35.3125876Z [36;1m  errors+=("Input 'ntsync' cannot be empty")[0m
2026-08-19T11:38:35.3126267Z [36;1melif [[ "$ntsync" != "true" && "$ntsync" != "false" ]]; then[0m
2026-08-19T11:38:35.3126810Z [36;1m  errors+=("Input 'ntsync' contains invalid characters. Allowed: 'true' or 'false'. Got: '$ntsync'")[0m
2026-08-19T11:38:35.3127273Z [36;1mfi[0m
2026-08-19T11:38:35.3127472Z [36;1m[0m
2026-08-19T11:38:35.3127660Z [36;1mcase "$optimize" in[0m
2026-08-19T11:38:35.3127886Z [36;1m  O2|O3) ;;[0m
2026-08-19T11:38:35.3128209Z [36;1m  *) errors+=("optimize_level must be O2 or O3. Got: '$optimize'"); ;;[0m
2026-08-19T11:38:35.3128568Z [36;1mesac[0m
2026-08-19T11:38:35.3128741Z [36;1m[0m
2026-08-19T11:38:35.3128924Z [36;1mif [ ${#errors[@]} -ne 0 ]; then[0m
2026-08-19T11:38:35.3129244Z [36;1m  echo "Found ${#errors[@]} validation error(s):" >&2[0m
2026-08-19T11:38:35.3129569Z [36;1m  for error in "${errors[@]}"; do[0m
2026-08-19T11:38:35.3129831Z [36;1m    echo "  - $error" >&2[0m
2026-08-19T11:38:35.3130062Z [36;1m  done[0m
2026-08-19T11:38:35.3130340Z [36;1m  echo "::error::Input validation failed. See logs for details."[0m
2026-08-19T11:38:35.3130682Z [36;1m  exit 1[0m
2026-08-19T11:38:35.3130986Z [36;1melse[0m
2026-08-19T11:38:35.3131208Z [36;1m  echo "✅ Input validation passed"[0m
2026-08-19T11:38:35.3131477Z [36;1mfi[0m
2026-08-19T11:38:35.3131664Z [36;1mecho "::endgroup::"[0m
2026-08-19T11:38:35.3166705Z shell: /usr/bin/bash --noprofile --norc -e -o pipefail {0}
2026-08-19T11:38:35.3167049Z env:
2026-08-19T11:38:35.3167385Z   CCACHE_DIR: /home/runner/work/OnePlus_KernelSU_SUSFS/OnePlus_KernelSU_SUSFS/.ccache
2026-08-19T11:38:35.3167808Z   CCACHE_MAXSIZE: 12G
2026-08-19T11:38:35.3168030Z   CCACHE_COMPILERCHECK: content
2026-08-19T11:38:35.3168395Z   CCACHE_BASEDIR: /home/runner/work/OnePlus_KernelSU_SUSFS/OnePlus_KernelSU_SUSFS
2026-08-19T11:38:35.3168784Z   CCACHE_NOHASHDIR: true
2026-08-19T11:38:35.3169011Z   CCACHE_IGNOREOPTIONS: --sysroot*
2026-08-19T11:38:35.3169256Z   CCACHE_COMPRESSION: true
2026-08-19T11:38:35.3169475Z   CCACHE_COMPRESSION_LEVEL: 3
2026-08-19T11:38:35.3169694Z   CCACHE_DIRECT: true
2026-08-19T11:38:35.3169893Z   CCACHE_FILE_CLONE: true
2026-08-19T11:38:35.3170111Z   CCACHE_INODE_CACHE: true
2026-08-19T11:38:35.3170327Z   CCACHE_IS_KERNEL_COMPILING: true
2026-08-19T11:38:35.3170556Z   CCACHE_UMASK: 002
2026-08-19T11:38:35.3171005Z   CCACHE_SLOPPINESS: file_macro,time_macros,include_file_mtime,include_file_ctime,pch_defines,system_headers,locale
2026-08-19T11:38:35.3171515Z   ACTION_REPO: 
2026-08-19T11:38:35.3171693Z   ACTION_REF: 
2026-08-19T11:38:35.3171891Z   OP_MODEL: OP-ACE-3-PRO-6.1.75
2026-08-19T11:38:35.3172120Z   OP_SOC: pineapple
2026-08-19T11:38:35.3172312Z   OP_BRANCH: wild/sm8650
2026-08-19T11:38:35.3172543Z   OP_MANIFEST: oneplus_ace3_pro_6.1.75_v.xml
2026-08-19T11:38:35.3172817Z   OP_ANDROID_VERSION: android14
2026-08-19T11:38:35.3173043Z   OP_KERNEL_VERSION: 6.1
2026-08-19T11:38:35.3173246Z   OP_OS_VERSION: A15
2026-08-19T11:38:35.3173433Z   OP_LTO: thin
2026-08-19T11:38:35.3173614Z   OP_ZYC_COMPILER: 
2026-08-19T11:38:35.3173959Z   OP_C_COMPILER: kernel_platform/prebuilts/clang/host/linux-x86/clang-r487747c/bin
2026-08-19T11:38:35.3174372Z   OP_RUST_COMPILER: 
2026-08-19T11:38:35.3174568Z   OP_BINDGEN: 
2026-08-19T11:38:35.3174978Z   OP_RUST_BUILD: false
2026-08-19T11:38:35.3175184Z   OP_DISK_CLEANUP: false
2026-08-19T11:38:35.3175386Z   OP_HMBIRD: false
2026-08-19T11:38:35.3175566Z   OP_SUSFS: true
2026-08-19T11:38:35.3175754Z   OP_OPT: true
2026-08-19T11:38:35.3175924Z   OP_DS: true
2026-08-19T11:38:35.3176096Z   OP_BBG: true
2026-08-19T11:38:35.3176422Z   OP_BBR: true
2026-08-19T11:38:35.3176595Z   OP_BBR3: true
2026-08-19T11:38:35.3176770Z   OP_TTL: true
2026-08-19T11:38:35.3176943Z   OP_IP_SET: true
2026-08-19T11:38:35.3177124Z   OP_UNICODE: true
2026-08-19T11:38:35.3177305Z   OP_NTSYNC: true
2026-08-19T11:38:35.3179254Z   OP_BLACKLIST_MODULES: kernelsu,oplus_security_guard,oplus_qr_scan,oplus_score,oplus_vip_task,oplus_dns_cache,oplus_network_linkpower_module,oplus_data_module,oplus_secure_harden,oplus_security_keventupload,oplus_secure_guard_new,oplus_secure_guard,coresight_tpda,coresight_tgu,coresight_trace_noc,coresight_cti,coresight_qmi,coresight_dummy,coresight_remote_etm,coresight_tpdm,coresight_uetm,coresight_stm,coresight_tmc_sec,f_fs_ipc_log,qcom_iommu_debug,qti_battery_debug,rdbg,stm_heartbeat,stm_p_ost,stm_core,stm_ftrace,stm_console,spmi_pmic_arb_debug
2026-08-19T11:38:35.3181252Z   OP_UNAME: OP-WILD
2026-08-19T11:38:35.3181444Z ##[endgroup]
2026-08-19T11:38:35.3236354Z ##[group]Validate inputs
2026-08-19T11:38:35.3242041Z ✅ Input validation passed
2026-08-19T11:38:35.3242694Z ##[endgroup]
2026-08-19T11:38:35.3248250Z ##[end-action id=build.__run_3;outcome=success;conclusion=success;duration_ms=19]
2026-08-19T11:38:35.3250461Z ##[start-action display=Setup Base Environment;id=build.__run_4]
2026-08-19T11:38:35.3266725Z ##[group]Run set -euo pipefail
2026-08-19T11:38:35.3267015Z [36;1mset -euo pipefail[0m
2026-08-19T11:38:35.3267250Z [36;1mCONFIG="$OP_MODEL"[0m
2026-08-19T11:38:35.3267537Z [36;1mecho "Creating folder for configuration: $CONFIG"[0m
2026-08-19T11:38:35.3267866Z [36;1mmkdir -p "$CONFIG"[0m
2026-08-19T11:38:35.3268249Z [36;1mecho "CONFIG=$CONFIG" >> "$GITHUB_ENV"[0m
2026-08-19T11:38:35.3268552Z [36;1mREPO="/usr/local/bin/repo"[0m
2026-08-19T11:38:35.3268807Z [36;1mif [ ! -x "$REPO" ]; then[0m
2026-08-19T11:38:35.3269209Z [36;1m  curl -s https://storage.googleapis.com/git-repo-downloads/repo -o "$REPO"[0m
2026-08-19T11:38:35.3269623Z [36;1m  chmod +x "$REPO"[0m
2026-08-19T11:38:35.3269838Z [36;1mfi[0m
2026-08-19T11:38:35.3270051Z [36;1mecho "REPO=$REPO" >> "$GITHUB_ENV"[0m
2026-08-19T11:38:35.3304123Z shell: /usr/bin/bash --noprofile --norc -e -o pipefail {0}
2026-08-19T11:38:35.3304466Z env:
2026-08-19T11:38:35.3305069Z   CCACHE_DIR: /home/runner/work/OnePlus_KernelSU_SUSFS/OnePlus_KernelSU_SUSFS/.ccache
2026-08-19T11:38:35.3305492Z   CCACHE_MAXSIZE: 12G
2026-08-19T11:38:35.3305707Z   CCACHE_COMPILERCHECK: content
2026-08-19T11:38:35.3306088Z   CCACHE_BASEDIR: /home/runner/work/OnePlus_KernelSU_SUSFS/OnePlus_KernelSU_SUSFS
2026-08-19T11:38:35.3306486Z   CCACHE_NOHASHDIR: true
2026-08-19T11:38:35.3306730Z   CCACHE_IGNOREOPTIONS: --sysroot*
2026-08-19T11:38:35.3306995Z   CCACHE_COMPRESSION: true
2026-08-19T11:38:35.3307220Z   CCACHE_COMPRESSION_LEVEL: 3
2026-08-19T11:38:35.3307451Z   CCACHE_DIRECT: true
2026-08-19T11:38:35.3307655Z   CCACHE_FILE_CLONE: true
2026-08-19T11:38:35.3307874Z   CCACHE_INODE_CACHE: true
2026-08-19T11:38:35.3308098Z   CCACHE_IS_KERNEL_COMPILING: true
2026-08-19T11:38:35.3308331Z   CCACHE_UMASK: 002
2026-08-19T11:38:35.3308794Z   CCACHE_SLOPPINESS: file_macro,time_macros,include_file_mtime,include_file_ctime,pch_defines,system_headers,locale
2026-08-19T11:38:35.3309306Z   ACTION_REPO: 
2026-08-19T11:38:35.3309491Z   ACTION_REF: 
2026-08-19T11:38:35.3309693Z   OP_MODEL: OP-ACE-3-PRO-6.1.75
2026-08-19T11:38:35.3309929Z   OP_SOC: pineapple
2026-08-19T11:38:35.3310127Z   OP_BRANCH: wild/sm8650
2026-08-19T11:38:35.3310367Z   OP_MANIFEST: oneplus_ace3_pro_6.1.75_v.xml
2026-08-19T11:38:35.3310638Z   OP_ANDROID_VERSION: android14
2026-08-19T11:38:35.3310864Z   OP_KERNEL_VERSION: 6.1
2026-08-19T11:38:35.3311071Z   OP_OS_VERSION: A15
2026-08-19T11:38:35.3311263Z   OP_LTO: thin
2026-08-19T11:38:35.3311442Z   OP_ZYC_COMPILER: 
2026-08-19T11:38:35.3311771Z   OP_C_COMPILER: kernel_platform/prebuilts/clang/host/linux-x86/clang-r487747c/bin
2026-08-19T11:38:35.3312162Z   OP_RUST_COMPILER: 
2026-08-19T11:38:35.3312354Z   OP_BINDGEN: 
2026-08-19T11:38:35.3312535Z   OP_RUST_BUILD: false
2026-08-19T11:38:35.3312900Z   OP_DISK_CLEANUP: false
2026-08-19T11:38:35.3313112Z   OP_HMBIRD: false
2026-08-19T11:38:35.3313296Z   OP_SUSFS: true
2026-08-19T11:38:35.3313474Z   OP_OPT: true
2026-08-19T11:38:35.3313644Z   OP_DS: true
2026-08-19T11:38:35.3313814Z   OP_BBG: true
2026-08-19T11:38:35.3313983Z   OP_BBR: true
2026-08-19T11:38:35.3314152Z   OP_BBR3: true
2026-08-19T11:38:35.3314326Z   OP_TTL: true
2026-08-19T11:38:35.3314498Z   OP_IP_SET: true
2026-08-19T11:38:35.3314966Z   OP_UNICODE: true
2026-08-19T11:38:35.3315172Z   OP_NTSYNC: true
2026-08-19T11:38:35.3317113Z   OP_BLACKLIST_MODULES: kernelsu,oplus_security_guard,oplus_qr_scan,oplus_score,oplus_vip_task,oplus_dns_cache,oplus_network_linkpower_module,oplus_data_module,oplus_secure_harden,oplus_security_keventupload,oplus_secure_guard_new,oplus_secure_guard,coresight_tpda,coresight_tgu,coresight_trace_noc,coresight_cti,coresight_qmi,coresight_dummy,coresight_remote_etm,coresight_tpdm,coresight_uetm,coresight_stm,coresight_tmc_sec,f_fs_ipc_log,qcom_iommu_debug,qti_battery_debug,rdbg,stm_heartbeat,stm_p_ost,stm_core,stm_ftrace,stm_console,spmi_pmic_arb_debug
2026-08-19T11:38:35.3319114Z   OP_UNAME: OP-WILD
2026-08-19T11:38:35.3319307Z ##[endgroup]
2026-08-19T11:38:35.3373716Z Creating folder for configuration: OP-ACE-3-PRO-6.1.75
2026-08-19T11:38:35.3915870Z ##[end-action id=build.__run_4;outcome=success;conclusion=success;duration_ms=66]
2026-08-19T11:38:35.3918234Z ##[start-action display=Optimize Global Git for Repo Tool;id=build.__run_5]
2026-08-19T11:38:35.3935968Z ##[group]Run set -euo pipefail
2026-08-19T11:38:35.3936255Z [36;1mset -euo pipefail[0m
2026-08-19T11:38:35.3936691Z [36;1mgit config --global feature.manyFiles true[0m
2026-08-19T11:38:35.3937043Z [36;1mgit config --global core.fsmonitor true[0m
2026-08-19T11:38:35.3937363Z [36;1mgit config --global pack.sparse true[0m
2026-08-19T11:38:35.3937680Z [36;1mgit config --global http.sslVerify false[0m
2026-08-19T11:38:35.3975115Z shell: /usr/bin/bash --noprofile --norc -e -o pipefail {0}
2026-08-19T11:38:35.3975467Z env:
2026-08-19T11:38:35.3975802Z   CCACHE_DIR: /home/runner/work/OnePlus_KernelSU_SUSFS/OnePlus_KernelSU_SUSFS/.ccache
2026-08-19T11:38:35.3976227Z   CCACHE_MAXSIZE: 12G
2026-08-19T11:38:35.3976443Z   CCACHE_COMPILERCHECK: content
2026-08-19T11:38:35.3976813Z   CCACHE_BASEDIR: /home/runner/work/OnePlus_KernelSU_SUSFS/OnePlus_KernelSU_SUSFS
2026-08-19T11:38:35.3977200Z   CCACHE_NOHASHDIR: true
2026-08-19T11:38:35.3977427Z   CCACHE_IGNOREOPTIONS: --sysroot*
2026-08-19T11:38:35.3977679Z   CCACHE_COMPRESSION: true
2026-08-19T11:38:35.3977912Z   CCACHE_COMPRESSION_LEVEL: 3
2026-08-19T11:38:35.3978145Z   CCACHE_DIRECT: true
2026-08-19T11:38:35.3978346Z   CCACHE_FILE_CLONE: true
2026-08-19T11:38:35.3978558Z   CCACHE_INODE_CACHE: true
2026-08-19T11:38:35.3978778Z   CCACHE_IS_KERNEL_COMPILING: true
2026-08-19T11:38:35.3979023Z   CCACHE_UMASK: 002
2026-08-19T11:38:35.3979485Z   CCACHE_SLOPPINESS: file_macro,time_macros,include_file_mtime,include_file_ctime,pch_defines,system_headers,locale
2026-08-19T11:38:35.3980009Z   ACTION_REPO: 
2026-08-19T11:38:35.3980197Z   ACTION_REF: 
2026-08-19T11:38:35.3980396Z   OP_MODEL: OP-ACE-3-PRO-6.1.75
2026-08-19T11:38:35.3980634Z   OP_SOC: pineapple
2026-08-19T11:38:35.3980829Z   OP_BRANCH: wild/sm8650
2026-08-19T11:38:35.3981070Z   OP_MANIFEST: oneplus_ace3_pro_6.1.75_v.xml
2026-08-19T11:38:35.3981349Z   OP_ANDROID_VERSION: android14
2026-08-19T11:38:35.3981577Z   OP_KERNEL_VERSION: 6.1
2026-08-19T11:38:35.3981785Z   OP_OS_VERSION: A15
2026-08-19T11:38:35.3981977Z   OP_LTO: thin
2026-08-19T11:38:35.3982159Z   OP_ZYC_COMPILER: 
2026-08-19T11:38:35.3982498Z   OP_C_COMPILER: kernel_platform/prebuilts/clang/host/linux-x86/clang-r487747c/bin
2026-08-19T11:38:35.3982892Z   OP_RUST_COMPILER: 
2026-08-19T11:38:35.3983086Z   OP_BINDGEN: 
2026-08-19T11:38:35.3983268Z   OP_RUST_BUILD: false
2026-08-19T11:38:35.3983473Z   OP_DISK_CLEANUP: false
2026-08-19T11:38:35.3983679Z   OP_HMBIRD: false
2026-08-19T11:38:35.3983868Z   OP_SUSFS: true
2026-08-19T11:38:35.3984051Z   OP_OPT: true
2026-08-19T11:38:35.3984384Z   OP_DS: true
2026-08-19T11:38:35.3984557Z   OP_BBG: true
2026-08-19T11:38:35.3984979Z   OP_BBR: true
2026-08-19T11:38:35.3985164Z   OP_BBR3: true
2026-08-19T11:38:35.3985342Z   OP_TTL: true
2026-08-19T11:38:35.3985512Z   OP_IP_SET: true
2026-08-19T11:38:35.3985695Z   OP_UNICODE: true
2026-08-19T11:38:35.3985880Z   OP_NTSYNC: true
2026-08-19T11:38:35.3987823Z   OP_BLACKLIST_MODULES: kernelsu,oplus_security_guard,oplus_qr_scan,oplus_score,oplus_vip_task,oplus_dns_cache,oplus_network_linkpower_module,oplus_data_module,oplus_secure_harden,oplus_security_keventupload,oplus_secure_guard_new,oplus_secure_guard,coresight_tpda,coresight_tgu,coresight_trace_noc,coresight_cti,coresight_qmi,coresight_dummy,coresight_remote_etm,coresight_tpdm,coresight_uetm,coresight_stm,coresight_tmc_sec,f_fs_ipc_log,qcom_iommu_debug,qti_battery_debug,rdbg,stm_heartbeat,stm_p_ost,stm_core,stm_ftrace,stm_console,spmi_pmic_arb_debug
2026-08-19T11:38:35.3989829Z   OP_UNAME: OP-WILD
2026-08-19T11:38:35.3990040Z   CONFIG: OP-ACE-3-PRO-6.1.75
2026-08-19T11:38:35.3990273Z   REPO: /usr/local/bin/repo
2026-08-19T11:38:35.3990489Z ##[endgroup]
2026-08-19T11:38:35.4113866Z ##[end-action id=build.__run_5;outcome=success;conclusion=success;duration_ms=19]
2026-08-19T11:38:35.4116734Z ##[start-action display=Sync Kernel Source;id=build.sync-kernel-source]
2026-08-19T11:38:35.4244341Z Prepare all required actions
2026-08-19T11:38:35.4449996Z ##[group]Run ./.github/actions/kernel-source-sync
2026-08-19T11:38:35.4450304Z with:
2026-08-19T11:38:35.4450519Z   source_location: OP-ACE-3-PRO-6.1.75
2026-08-19T11:38:35.4453711Z   github_token: ***
2026-08-19T11:38:35.4453940Z   debug: true
2026-08-19T11:38:35.4454127Z env:
2026-08-19T11:38:35.4454462Z   CCACHE_DIR: /home/runner/work/OnePlus_KernelSU_SUSFS/OnePlus_KernelSU_SUSFS/.ccache
2026-08-19T11:38:35.4455196Z   CCACHE_MAXSIZE: 12G
2026-08-19T11:38:35.4455414Z   CCACHE_COMPILERCHECK: content
2026-08-19T11:38:35.4455785Z   CCACHE_BASEDIR: /home/runner/work/OnePlus_KernelSU_SUSFS/OnePlus_KernelSU_SUSFS
2026-08-19T11:38:35.4456185Z   CCACHE_NOHASHDIR: true
2026-08-19T11:38:35.4456414Z   CCACHE_IGNOREOPTIONS: --sysroot*
2026-08-19T11:38:35.4456661Z   CCACHE_COMPRESSION: true
2026-08-19T11:38:35.4456881Z   CCACHE_COMPRESSION_LEVEL: 3
2026-08-19T11:38:35.4457100Z   CCACHE_DIRECT: true
2026-08-19T11:38:35.4457301Z   CCACHE_FILE_CLONE: true
2026-08-19T11:38:35.4457512Z   CCACHE_INODE_CACHE: true
2026-08-19T11:38:35.4457727Z   CCACHE_IS_KERNEL_COMPILING: true
2026-08-19T11:38:35.4457957Z   CCACHE_UMASK: 002
2026-08-19T11:38:35.4458415Z   CCACHE_SLOPPINESS: file_macro,time_macros,include_file_mtime,include_file_ctime,pch_defines,system_headers,locale
2026-08-19T11:38:35.4458925Z   ACTION_REPO: 
2026-08-19T11:38:35.4459102Z   ACTION_REF: 
2026-08-19T11:38:35.4459304Z   OP_MODEL: OP-ACE-3-PRO-6.1.75
2026-08-19T11:38:35.4459537Z   OP_SOC: pineapple
2026-08-19T11:38:35.4459734Z   OP_BRANCH: wild/sm8650
2026-08-19T11:38:35.4459969Z   OP_MANIFEST: oneplus_ace3_pro_6.1.75_v.xml
2026-08-19T11:38:35.4460250Z   OP_ANDROID_VERSION: android14
2026-08-19T11:38:35.4460477Z   OP_KERNEL_VERSION: 6.1
2026-08-19T11:38:35.4460683Z   OP_OS_VERSION: A15
2026-08-19T11:38:35.4460872Z   OP_LTO: thin
2026-08-19T11:38:35.4461047Z   OP_ZYC_COMPILER: 
2026-08-19T11:38:35.4461393Z   OP_C_COMPILER: kernel_platform/prebuilts/clang/host/linux-x86/clang-r487747c/bin
2026-08-19T11:38:35.4461785Z   OP_RUST_COMPILER: 
2026-08-19T11:38:35.4461976Z   OP_BINDGEN: 
2026-08-19T11:38:35.4462156Z   OP_RUST_BUILD: false
2026-08-19T11:38:35.4462358Z   OP_DISK_CLEANUP: false
2026-08-19T11:38:35.4462559Z   OP_HMBIRD: false
2026-08-19T11:38:35.4462745Z   OP_SUSFS: true
2026-08-19T11:38:35.4462925Z   OP_OPT: true
2026-08-19T11:38:35.4463090Z   OP_DS: true
2026-08-19T11:38:35.4463260Z   OP_BBG: true
2026-08-19T11:38:35.4463435Z   OP_BBR: true
2026-08-19T11:38:35.4463611Z   OP_BBR3: true
2026-08-19T11:38:35.4463789Z   OP_TTL: true
2026-08-19T11:38:35.4463963Z   OP_IP_SET: true
2026-08-19T11:38:35.4464148Z   OP_UNICODE: true
2026-08-19T11:38:35.4464494Z   OP_NTSYNC: true
2026-08-19T11:38:35.4466699Z   OP_BLACKLIST_MODULES: kernelsu,oplus_security_guard,oplus_qr_scan,oplus_score,oplus_vip_task,oplus_dns_cache,oplus_network_linkpower_module,oplus_data_module,oplus_secure_harden,oplus_security_keventupload,oplus_secure_guard_new,oplus_secure_guard,coresight_tpda,coresight_tgu,coresight_trace_noc,coresight_cti,coresight_qmi,coresight_dummy,coresight_remote_etm,coresight_tpdm,coresight_uetm,coresight_stm,coresight_tmc_sec,f_fs_ipc_log,qcom_iommu_debug,qti_battery_debug,rdbg,stm_heartbeat,stm_p_ost,stm_core,stm_ftrace,stm_console,spmi_pmic_arb_debug
2026-08-19T11:38:35.4468719Z   OP_UNAME: OP-WILD
2026-08-19T11:38:35.4468928Z   CONFIG: OP-ACE-3-PRO-6.1.75
2026-08-19T11:38:35.4469163Z   REPO: /usr/local/bin/repo
2026-08-19T11:38:35.4469379Z ##[endgroup]
2026-08-19T11:38:35.4473541Z ##[start-action display=Download and Prepare Manifest;id=build.sync-kernel-source.__run]
2026-08-19T11:38:35.4490962Z ##[group]Run # Download and Prepare Manifest
2026-08-19T11:38:35.4491308Z [36;1m# Download and Prepare Manifest[0m
2026-08-19T11:38:35.4491625Z [36;1mif [[ "$OP_MANIFEST" == https://* ]]; then[0m
2026-08-19T11:38:35.4492101Z [36;1m  curl --fail --show-error --location --proto '=https' "$OP_MANIFEST" -o manifest.xml[0m
2026-08-19T11:38:35.4492552Z [36;1melif [[ "$OP_BRANCH" == wild/* ]]; then[0m
2026-08-19T11:38:35.4493005Z [36;1m  cp "../manifests/$(echo "$OP_OS_VERSION" | tr '[:upper:]' '[:lower:]')/$OP_MANIFEST" manifest.xml[0m
2026-08-19T11:38:35.4493430Z [36;1melse[0m
2026-08-19T11:38:35.4494246Z [36;1m  curl --fail --show-error --location --proto '=https' "https://raw.githubusercontent.com/OnePlusOSS/kernel_manifest/refs/heads/$OP_BRANCH/$OP_MANIFEST" -o manifest.xml[0m
2026-08-19T11:38:35.4495312Z [36;1mfi[0m
2026-08-19T11:38:35.4533397Z shell: /usr/bin/bash --noprofile --norc -e -o pipefail {0}
2026-08-19T11:38:35.4533733Z env:
2026-08-19T11:38:35.4534065Z   CCACHE_DIR: /home/runner/work/OnePlus_KernelSU_SUSFS/OnePlus_KernelSU_SUSFS/.ccache
2026-08-19T11:38:35.4534488Z   CCACHE_MAXSIZE: 12G
2026-08-19T11:38:35.4534992Z   CCACHE_COMPILERCHECK: content
2026-08-19T11:38:35.4535386Z   CCACHE_BASEDIR: /home/runner/work/OnePlus_KernelSU_SUSFS/OnePlus_KernelSU_SUSFS
2026-08-19T11:38:35.4535778Z   CCACHE_NOHASHDIR: true
2026-08-19T11:38:35.4536008Z   CCACHE_IGNOREOPTIONS: --sysroot*
2026-08-19T11:38:35.4536262Z   CCACHE_COMPRESSION: true
2026-08-19T11:38:35.4536486Z   CCACHE_COMPRESSION_LEVEL: 3
2026-08-19T11:38:35.4536708Z   CCACHE_DIRECT: true
2026-08-19T11:38:35.4536910Z   CCACHE_FILE_CLONE: true
2026-08-19T11:38:35.4537120Z   CCACHE_INODE_CACHE: true
2026-08-19T11:38:35.4537344Z   CCACHE_IS_KERNEL_COMPILING: true
2026-08-19T11:38:35.4537573Z   CCACHE_UMASK: 002
2026-08-19T11:38:35.4538029Z   CCACHE_SLOPPINESS: file_macro,time_macros,include_file_mtime,include_file_ctime,pch_defines,system_headers,locale
2026-08-19T11:38:35.4538545Z   ACTION_REPO: 
2026-08-19T11:38:35.4538733Z   ACTION_REF: 
2026-08-19T11:38:35.4538930Z   OP_MODEL: OP-ACE-3-PRO-6.1.75
2026-08-19T11:38:35.4539170Z   OP_SOC: pineapple
2026-08-19T11:38:35.4539365Z   OP_BRANCH: wild/sm8650
2026-08-19T11:38:35.4539598Z   OP_MANIFEST: oneplus_ace3_pro_6.1.75_v.xml
2026-08-19T11:38:35.4539868Z   OP_ANDROID_VERSION: android14
2026-08-19T11:38:35.4540097Z   OP_KERNEL_VERSION: 6.1
2026-08-19T11:38:35.4540307Z   OP_OS_VERSION: A15
2026-08-19T11:38:35.4540498Z   OP_LTO: thin
2026-08-19T11:38:35.4540676Z   OP_ZYC_COMPILER: 
2026-08-19T11:38:35.4541011Z   OP_C_COMPILER: kernel_platform/prebuilts/clang/host/linux-x86/clang-r487747c/bin
2026-08-19T11:38:35.4541406Z   OP_RUST_COMPILER: 
2026-08-19T11:38:35.4541604Z   OP_BINDGEN: 
2026-08-19T11:38:35.4541790Z   OP_RUST_BUILD: false
2026-08-19T11:38:35.4541992Z   OP_DISK_CLEANUP: false
2026-08-19T11:38:35.4542195Z   OP_HMBIRD: false
2026-08-19T11:38:35.4542380Z   OP_SUSFS: true
2026-08-19T11:38:35.4542560Z   OP_OPT: true
2026-08-19T11:38:35.4542730Z   OP_DS: true
2026-08-19T11:38:35.4542899Z   OP_BBG: true
2026-08-19T11:38:35.4543071Z   OP_BBR: true
2026-08-19T11:38:35.4543400Z   OP_BBR3: true
2026-08-19T11:38:35.4543576Z   OP_TTL: true
2026-08-19T11:38:35.4543747Z   OP_IP_SET: true
2026-08-19T11:38:35.4543931Z   OP_UNICODE: true
2026-08-19T11:38:35.4544109Z   OP_NTSYNC: true
2026-08-19T11:38:35.4546336Z   OP_BLACKLIST_MODULES: kernelsu,oplus_security_guard,oplus_qr_scan,oplus_score,oplus_vip_task,oplus_dns_cache,oplus_network_linkpower_module,oplus_data_module,oplus_secure_harden,oplus_security_keventupload,oplus_secure_guard_new,oplus_secure_guard,coresight_tpda,coresight_tgu,coresight_trace_noc,coresight_cti,coresight_qmi,coresight_dummy,coresight_remote_etm,coresight_tpdm,coresight_uetm,coresight_stm,coresight_tmc_sec,f_fs_ipc_log,qcom_iommu_debug,qti_battery_debug,rdbg,stm_heartbeat,stm_p_ost,stm_core,stm_ftrace,stm_console,spmi_pmic_arb_debug
2026-08-19T11:38:35.4548362Z   OP_UNAME: OP-WILD
2026-08-19T11:38:35.4548569Z   CONFIG: OP-ACE-3-PRO-6.1.75
2026-08-19T11:38:35.4548801Z   REPO: /usr/local/bin/repo
2026-08-19T11:38:35.4549015Z ##[endgroup]
2026-08-19T11:38:35.4644409Z ##[end-action id=build.sync-kernel-source.__run;outcome=success;conclusion=success;duration_ms=17]
2026-08-19T11:38:35.4648207Z ##[start-action display=Download Manifest Archives;id=build.sync-kernel-source.__run_2]
2026-08-19T11:38:35.4665411Z ##[group]Run # Download Manifest Archives
2026-08-19T11:38:35.4665928Z [36;1m# Download Manifest Archives[0m
2026-08-19T11:38:35.4666216Z [36;1mimport xml.etree.ElementTree as ET[0m
2026-08-19T11:38:35.4666500Z [36;1mimport subprocess[0m
2026-08-19T11:38:35.4666726Z [36;1mimport os, shutil[0m
2026-08-19T11:38:35.4667076Z [36;1mimport time[0m
2026-08-19T11:38:35.4667283Z [36;1mimport glob[0m
2026-08-19T11:38:35.4667554Z [36;1mfrom concurrent.futures import ThreadPoolExecutor[0m
2026-08-19T11:38:35.4667879Z [36;1mimport requests[0m
2026-08-19T11:38:35.4668089Z [36;1m[0m
2026-08-19T11:38:35.4668291Z [36;1mMAX_WORKERS = (os.cpu_count() or 2) * 4[0m
2026-08-19T11:38:35.4668681Z [36;1mNPROC = int(subprocess.check_output("nproc", shell=True).strip())[0m
2026-08-19T11:38:35.4669117Z [36;1mTARGET_REPO = "WildKernels/OnePlus_KernelSU_SUSFS"[0m
2026-08-19T11:38:35.4669428Z [36;1mTOOLCHAIN_MAP = {[0m
2026-08-19T11:38:35.4669666Z [36;1m    "clang/host/linux-x86": "clang",[0m
2026-08-19T11:38:35.4669947Z [36;1m    "prebuilts/rust": "rust",[0m
2026-08-19T11:38:35.4670232Z [36;1m    "prebuilts/clang-tools": "clang-tools",[0m
2026-08-19T11:38:35.4670566Z [36;1m    "kernel/prebuilts/build-tools": "build-tools",[0m
2026-08-19T11:38:35.4670880Z [36;1m    "AnyKernel3": "AnyKernel3"[0m
2026-08-19T11:38:35.4671122Z [36;1m}[0m
2026-08-19T11:38:35.4671384Z [36;1mDEBUG = os.environ.get("DEBUG", "false").lower() == "true"[0m
2026-08-19T11:38:35.4671840Z [36;1maria_quiet_flags = "--quiet --summary-interval=0" if not DEBUG else ""[0m
2026-08-19T11:38:35.4672204Z [36;1m[0m
2026-08-19T11:38:35.4672379Z [36;1mcurl_headers = ([0m
2026-08-19T11:38:35.4672896Z [36;1m    "-H 'User-Agent: Mozilla/5.0 (Windows NT 10.0; Win64; x64) AppleWebKit/537.36 (KHTML, like Gecko) Chrome/120.0.0.0 Safari/537.36' "[0m
2026-08-19T11:38:35.4673451Z [36;1m    "-H 'Accept: */*' "[0m
2026-08-19T11:38:35.4673705Z [36;1m    "-H 'Connection: keep-alive' "[0m
2026-08-19T11:38:35.4673974Z [36;1m    "--tcp-fastopen"[0m
2026-08-19T11:38:35.4674188Z [36;1m)[0m
2026-08-19T11:38:35.4674352Z [36;1m[0m
2026-08-19T11:38:35.4674525Z [36;1maria2_headers = ([0m
2026-08-19T11:38:35.4675284Z [36;1m    "--header='User-Agent: Mozilla/5.0 (Windows NT 10.0; Win64; x64) AppleWebKit/537.36 (KHTML, like Gecko) Chrome/120.0.0.0 Safari/537.36' "[0m
2026-08-19T11:38:35.4675860Z [36;1m    "--header='Accept: */*' "[0m
2026-08-19T11:38:35.4676136Z [36;1m    "--header='Connection: keep-alive' "[0m
2026-08-19T11:38:35.4676409Z [36;1m)[0m
2026-08-19T11:38:35.4676571Z [36;1m[0m
2026-08-19T11:38:35.4676785Z [36;1mprint("::group::Download Manifest Archives")[0m
2026-08-19T11:38:35.4677072Z [36;1m[0m
2026-08-19T11:38:35.4677253Z [36;1mdef sync_project(task):[0m
2026-08-19T11:38:35.4677649Z [36;1m    name, path, url, strip, rev = task[0m
2026-08-19T11:38:35.4677936Z [36;1m    if path not in ["./", "."]:[0m
2026-08-19T11:38:35.4678207Z [36;1m        os.makedirs(path, exist_ok=True)[0m
2026-08-19T11:38:35.4678470Z [36;1m    [0m
2026-08-19T11:38:35.4678662Z [36;1m    start_time = time.time()[0m
2026-08-19T11:38:35.4678910Z [36;1m    MAX_ATTEMPTS = 3[0m
2026-08-19T11:38:35.4679178Z [36;1m    for attempt in range(1, MAX_ATTEMPTS + 1):[0m
2026-08-19T11:38:35.4679543Z [36;1m        shm_workspace = f"/dev/shm/sync_{hash(name) % 1000000}"[0m
2026-08-19T11:38:35.4679917Z [36;1m        if os.path.exists(shm_workspace):[0m
2026-08-19T11:38:35.4680260Z [36;1m            shutil.rmtree(shm_workspace, ignore_errors=True)[0m
2026-08-19T11:38:35.4680629Z [36;1m        os.makedirs(shm_workspace, exist_ok=True)[0m
2026-08-19T11:38:35.4680913Z [36;1m        [0m
2026-08-19T11:38:35.4681136Z [36;1m        print(f"Syncing: {name} -> {path}")[0m
2026-08-19T11:38:35.4681430Z [36;1m        print(f"  [PENDING] {name}")[0m
2026-08-19T11:38:35.4681696Z [36;1m        try:[0m
2026-08-19T11:38:35.4681903Z [36;1m            label = None[0m
2026-08-19T11:38:35.4682203Z [36;1m            for repo_key, type_label in TOOLCHAIN_MAP.items():[0m
2026-08-19T11:38:35.4682538Z [36;1m                if repo_key in name:[0m
2026-08-19T11:38:35.4682816Z [36;1m                    label = type_label[0m
2026-08-19T11:38:35.4683082Z [36;1m                    break[0m
2026-08-19T11:38:35.4683309Z [36;1m            [0m
2026-08-19T11:38:35.4683522Z [36;1m            found_in_cache = False[0m
2026-08-19T11:38:35.4683891Z [36;1m            if label:[0m
2026-08-19T11:38:35.4684173Z [36;1m                base_filename = f"{label}-{rev}.tar.gz"[0m
2026-08-19T11:38:35.4684654Z [36;1m                BASE_URL = f"https://github.com/{TARGET_REPO}/releases/download/toolchain-cache"[0m
2026-08-19T11:38:35.4685507Z [36;1m                [0m
2026-08-19T11:38:35.4686078Z [36;1m                check_single = f"curl -IsL {curl_headers} --retry 10 --connect-timeout 30 -o /dev/null -w '%{{http_code}}' {BASE_URL}/{base_filename}"[0m
2026-08-19T11:38:35.4686860Z [36;1m                if subprocess.check_output(check_single, shell=True).decode().strip() == "200":[0m
2026-08-19T11:38:35.4687430Z [36;1m                    if DEBUG: print(f"  [CACHE] Downloading single file: {base_filename}")[0m
2026-08-19T11:38:35.4688378Z [36;1m                    aria_cmd = f"aria2c -x16 -s16 -k1M -j16 --retry-wait=5 --max-tries=10 -d {shm_workspace} --file-allocation=none {aria_quiet_flags} {aria2_headers} -o {base_filename} {BASE_URL}/{base_filename}"[0m
2026-08-19T11:38:35.4689342Z [36;1m                    subprocess.run(aria_cmd, shell=True, check=True, capture_output=not DEBUG)[0m
2026-08-19T11:38:35.4689776Z [36;1m                    found_in_cache = True[0m
2026-08-19T11:38:35.4690043Z [36;1m                else:[0m
2026-08-19T11:38:35.4690460Z [36;1m                    if DEBUG: print(f"  [CACHE] Single file not found, checking parts for {base_filename}...")[0m
2026-08-19T11:38:35.4690939Z [36;1m                    parts_to_download = [][0m
2026-08-19T11:38:35.4691328Z [36;1m                    for suffix in [f"a{c}" for c in "abcdefghijklmnopqrstuvwxyz"]:[0m
2026-08-19T11:38:35.4691774Z [36;1m                        part_name = f"{base_filename}.part{suffix}"[0m
2026-08-19T11:38:35.4692450Z [36;1m                        check_part = f"curl -IsL {curl_headers} --retry 10 --connect-timeout 30 -o /dev/null -w '%{{http_code}}' {BASE_URL}/{part_name}"[0m
2026-08-19T11:38:35.4693209Z [36;1m                        if subprocess.check_output(check_part, shell=True).decode().strip() == "200":[0m
2026-08-19T11:38:35.4693732Z [36;1m                            parts_to_download.append(f"{BASE_URL}/{part_name}")[0m
2026-08-19T11:38:35.4694086Z [36;1m                        else:[0m
2026-08-19T11:38:35.4694338Z [36;1m                            break[0m
2026-08-19T11:38:35.4694589Z [36;1m                    [0m
2026-08-19T11:38:35.4695209Z [36;1m                    if parts_to_download:[0m
2026-08-19T11:38:35.4695669Z [36;1m                        if DEBUG: print(f"  [CACHE] Found {len(parts_to_download)} parts. Downloading...")[0m
2026-08-19T11:38:35.4696097Z [36;1m                        [0m
2026-08-19T11:38:35.4696397Z [36;1m                        input_file_path = f"{base_filename}.urls"[0m
2026-08-19T11:38:35.4696761Z [36;1m                        with open(input_file_path, "w") as f:[0m
2026-08-19T11:38:35.4697110Z [36;1m                            for part_url in parts_to_download:[0m
2026-08-19T11:38:35.4697487Z [36;1m                                p_suffix = part_url.split('.part')[-1][0m
2026-08-19T11:38:35.4697871Z [36;1m                                p_name = f"{base_filename}.part{p_suffix}"[0m
2026-08-19T11:38:35.4698256Z [36;1m                                f.write(f"{part_url}\n  out={p_name}\n")[0m
2026-08-19T11:38:35.4698571Z [36;1m                        [0m
2026-08-19T11:38:35.4698836Z [36;1m                        aria_bulk_cmd = ([0m
2026-08-19T11:38:35.4699375Z [36;1m                            f"aria2c -x16 -s16 -k1M -j16 --retry-wait=5 --max-tries=10 -d {shm_workspace} --file-allocation=none "[0m
2026-08-19T11:38:35.4699943Z [36;1m                            f"{aria_quiet_flags} {aria2_headers} "[0m
2026-08-19T11:38:35.4700305Z [36;1m                            f"--input-file={input_file_path}"[0m
2026-08-19T11:38:35.4700609Z [36;1m                        )[0m
2026-08-19T11:38:35.4700838Z [36;1m                        [0m
2026-08-19T11:38:35.4701362Z [36;1m                        subprocess.run(aria_bulk_cmd, shell=True, check=True, capture_output=not DEBUG)[0m
2026-08-19T11:38:35.4701842Z [36;1m                        os.remove(input_file_path)[0m
2026-08-19T11:38:35.4702155Z [36;1m                        found_in_cache = True[0m
2026-08-19T11:38:35.4702421Z [36;1m                    [0m
2026-08-19T11:38:35.4702655Z [36;1m                if not found_in_cache:[0m
2026-08-19T11:38:35.4703122Z [36;1m                    print(f"::warning:: Toolchain {base_filename} not in release cache - direct download")[0m
2026-08-19T11:38:35.4703570Z [36;1m            [0m
2026-08-19T11:38:35.4703777Z [36;1m            if found_in_cache:[0m
2026-08-19T11:38:35.4704151Z [36;1m                parts = sorted(glob.glob(os.path.join(shm_workspace, f"*.part*")))[0m
2026-08-19T11:38:35.4705014Z [36;1m                source = f"cat {' '.join(parts)} | " if parts else f"cat {os.path.join(shm_workspace, base_filename)} | "[0m
2026-08-19T11:38:35.4705770Z [36;1m                extract_cmd = f"{source} tar -I 'pigz -p {NPROC} -b 256' -x --record-size=1M --no-same-owner -C {path} {strip}"[0m
2026-08-19T11:38:35.4706380Z [36;1m                subprocess.run(extract_cmd, shell=True, check=True)[0m
2026-08-19T11:38:35.4706725Z [36;1m            else:[0m
2026-08-19T11:38:35.4706987Z [36;1m                direct_file = f"dynamic_file.tar.gz"[0m
2026-08-19T11:38:35.4707382Z [36;1m                archive_path = os.path.join(shm_workspace, direct_file)[0m
2026-08-19T11:38:35.4708193Z [36;1m                aria_cmd = f"aria2c -x16 -s16 -k1M -j16 --allow-overwrite=true --retry-wait=5 --max-tries=10 -d {shm_workspace} -o {direct_file} {aria_quiet_flags} {aria2_headers} '{url}'"[0m
2026-08-19T11:38:35.4708958Z [36;1m                if DEBUG: print(f"  [DIRECT] Fetching: {url}")[0m
2026-08-19T11:38:35.4709431Z [36;1m                subprocess.run(aria_cmd, shell=True, check=True, capture_output=not DEBUG)[0m
2026-08-19T11:38:35.4710086Z [36;1m                extract_cmd = f"tar -I 'pigz -p {NPROC} -b 256' -x --record-size=1M -f {archive_path} -C {path} {strip}"[0m
2026-08-19T11:38:35.4710653Z [36;1m                subprocess.run(extract_cmd, shell=True, check=True)[0m
2026-08-19T11:38:35.4710992Z [36;1m            [0m
2026-08-19T11:38:35.4711243Z [36;1m            duration = time.time() - start_time[0m
2026-08-19T11:38:35.4711619Z [36;1m            print(f"Synced {name} successfully! ({duration:.2f}s)")[0m
2026-08-19T11:38:35.4712098Z [36;1m            return True[0m
2026-08-19T11:38:35.4712396Z [36;1m        except subprocess.CalledProcessError as e:[0m
2026-08-19T11:38:35.4712947Z [36;1m            print(f"  [RETRY {attempt}/{MAX_ATTEMPTS}] {name} failed with exit code {e.returncode}. Command: {e.cmd}")[0m
2026-08-19T11:38:35.4713519Z [36;1m            print(f"  [ERROR] Command failed for {name}: {e.cmd}")[0m
2026-08-19T11:38:35.4714001Z [36;1m            print(f"   Stderr: {e.stderr.decode() if e.stderr else 'No stderr'}")[0m
2026-08-19T11:38:35.4714412Z [36;1m            if attempt < MAX_ATTEMPTS:[0m
2026-08-19T11:38:35.4714916Z [36;1m                time.sleep(5)[0m
2026-08-19T11:38:35.4715279Z [36;1m        except Exception as e:[0m
2026-08-19T11:38:35.4715767Z [36;1m            print(f"  [RETRY {attempt}/{MAX_ATTEMPTS}] {name} failed with exit code {e.returncode}. Command: {e.cmd}")[0m
2026-08-19T11:38:35.4716305Z [36;1m            print(f"  [ERROR] Failed to sync {name}")[0m
2026-08-19T11:38:35.4716630Z [36;1m            if attempt < MAX_ATTEMPTS:[0m
2026-08-19T11:38:35.4716902Z [36;1m                time.sleep(5)[0m
2026-08-19T11:38:35.4717145Z [36;1m        finally:[0m
2026-08-19T11:38:35.4717393Z [36;1m            if os.path.exists(shm_workspace):[0m
2026-08-19T11:38:35.4717748Z [36;1m                shutil.rmtree(shm_workspace, ignore_errors=True)[0m
2026-08-19T11:38:35.4718078Z [36;1m    return False[0m
2026-08-19T11:38:35.4718292Z [36;1m[0m
2026-08-19T11:38:35.4718482Z [36;1mglobal_start = time.time()[0m
2026-08-19T11:38:35.4718837Z [36;1m[0m
2026-08-19T11:38:35.4719044Z [36;1mwith open('manifest.xml', 'r') as f:[0m
2026-08-19T11:38:35.4719327Z [36;1m    manifest_content = f.read()[0m
2026-08-19T11:38:35.4719567Z [36;1m[0m
2026-08-19T11:38:35.4719768Z [36;1mroot = ET.fromstring(manifest_content)[0m
2026-08-19T11:38:35.4720051Z [36;1mtop_dir = os.getcwd()[0m
2026-08-19T11:38:35.4720266Z [36;1m[0m
2026-08-19T11:38:35.4720596Z [36;1mremotes = {r.get('name'): r.get('fetch').rstrip('/') for r in root.findall('remote')}[0m
2026-08-19T11:38:35.4721019Z [36;1mdefault = root.find('default')[0m
2026-08-19T11:38:35.4721383Z [36;1mdef_remote = default.get('remote') if default is not None else None[0m
2026-08-19T11:38:35.4721851Z [36;1mdef_rev = default.get('revision') if default is not None else None[0m
2026-08-19T11:38:35.4722207Z [36;1m[0m
2026-08-19T11:38:35.4722381Z [36;1msync_tasks = [][0m
2026-08-19T11:38:35.4722602Z [36;1mpost_process_data = [][0m
2026-08-19T11:38:35.4722823Z [36;1m[0m
2026-08-19T11:38:35.4723035Z [36;1mfor project in root.findall('project'):[0m
2026-08-19T11:38:35.4723329Z [36;1m    name = project.get('name')[0m
2026-08-19T11:38:35.4723602Z [36;1m    path = project.get('path', name)[0m
2026-08-19T11:38:35.4723924Z [36;1m    remote_name = project.get('remote', def_remote)[0m
2026-08-19T11:38:35.4724261Z [36;1m    rev = project.get('revision', def_rev)[0m
2026-08-19T11:38:35.4724568Z [36;1m    base_url = remotes.get(remote_name)[0m
2026-08-19T11:38:35.4725093Z [36;1m    [0m
2026-08-19T11:38:35.4725290Z [36;1m    if not base_url: continue[0m
2026-08-19T11:38:35.4725527Z [36;1m    [0m
2026-08-19T11:38:35.4725720Z [36;1m    if "github.com" in base_url:[0m
2026-08-19T11:38:35.4726031Z [36;1m        url = f"{base_url}/{name}/archive/{rev}.tar.gz"[0m
2026-08-19T11:38:35.4726360Z [36;1m        strip = "--strip-components=1"[0m
2026-08-19T11:38:35.4726662Z [36;1m    elif "googlesource.com" in base_url:[0m
2026-08-19T11:38:35.4726999Z [36;1m        url = f"{base_url}/{name}/+archive/{rev}.tar.gz"[0m
2026-08-19T11:38:35.4727302Z [36;1m        strip = ""[0m
2026-08-19T11:38:35.4727560Z [36;1m    elif "git.codelinaro.org" in base_url:[0m
2026-08-19T11:38:35.4727900Z [36;1m        url = f"{base_url}/{name}/-/archive/{rev}.tar.gz"[0m
2026-08-19T11:38:35.4728234Z [36;1m        strip = "--strip-components=1"[0m
2026-08-19T11:38:35.4728501Z [36;1m    else:[0m
2026-08-19T11:38:35.4728825Z [36;1m        continue[0m
2026-08-19T11:38:35.4729029Z [36;1m    [0m
2026-08-19T11:38:35.4729271Z [36;1m    sync_tasks.append((name, path, url, strip, rev))[0m
2026-08-19T11:38:35.4729571Z [36;1m    [0m
2026-08-19T11:38:35.4729760Z [36;1m    for child in project:[0m
2026-08-19T11:38:35.4730042Z [36;1m        if child.tag in ['linkfile', 'copyfile']:[0m
2026-08-19T11:38:35.4730380Z [36;1m            post_process_data.append((path, child))[0m
2026-08-19T11:38:35.4730663Z [36;1m[0m
2026-08-19T11:38:35.4730833Z [36;1mif DEBUG:[0m
2026-08-19T11:38:35.4731143Z [36;1m    print(f"Starting parallel sync of {len(sync_tasks)} projects...")[0m
2026-08-19T11:38:35.4731613Z [36;1mwith ThreadPoolExecutor(max_workers=MAX_WORKERS) as executor:[0m
2026-08-19T11:38:35.4732061Z [36;1m    success_list = list(executor.map(sync_project, sync_tasks))[0m
2026-08-19T11:38:35.4732395Z [36;1m    [0m
2026-08-19T11:38:35.4732584Z [36;1m    if not all(success_list):[0m
2026-08-19T11:38:35.4732905Z [36;1m        print("::error::One or more projects failed to sync!")[0m
2026-08-19T11:38:35.4733238Z [36;1m        print("::endgroup::")[0m
2026-08-19T11:38:35.4733480Z [36;1m        exit(1)[0m
2026-08-19T11:38:35.4733679Z [36;1m[0m
2026-08-19T11:38:35.4733905Z [36;1mprint("Processing linkfiles and copyfiles...")[0m
2026-08-19T11:38:35.4734232Z [36;1mfor path, child in post_process_data:[0m
2026-08-19T11:38:35.4734517Z [36;1m    src_rel = child.get('src')[0m
2026-08-19T11:38:35.4735001Z [36;1m    dest_rel = child.get('dest')[0m
2026-08-19T11:38:35.4735418Z [36;1m    if not src_rel or not dest_rel: continue[0m
2026-08-19T11:38:35.4735699Z [36;1m    [0m
2026-08-19T11:38:35.4735939Z [36;1m    src_path = os.path.join(top_dir, path, src_rel)[0m
2026-08-19T11:38:35.4736284Z [36;1m    dest_path = os.path.join(top_dir, dest_rel)[0m
2026-08-19T11:38:35.4736662Z [36;1m    os.makedirs(os.path.dirname(dest_path), exist_ok=True)[0m
2026-08-19T11:38:35.4736985Z [36;1m    [0m
2026-08-19T11:38:35.4737182Z [36;1m    if child.tag == 'linkfile':[0m
2026-08-19T11:38:35.4737503Z [36;1m        if os.path.lexists(dest_path): os.remove(dest_path)[0m
2026-08-19T11:38:35.4737935Z [36;1m        rel_target = os.path.relpath(src_path, os.path.dirname(dest_path))[0m
2026-08-19T11:38:35.4738348Z [36;1m        os.symlink(rel_target, dest_path)[0m
2026-08-19T11:38:35.4738671Z [36;1m        print(f"  [Link] {dest_rel} -> {src_rel}")[0m
2026-08-19T11:38:35.4738978Z [36;1m    elif child.tag == 'copyfile':[0m
2026-08-19T11:38:35.4739264Z [36;1m        shutil.copy2(src_path, dest_path)[0m
2026-08-19T11:38:35.4739581Z [36;1m        print(f"  [Copy] {dest_rel} from {src_rel}")[0m
2026-08-19T11:38:35.4739870Z [36;1m[0m
2026-08-19T11:38:35.4740034Z [36;1m[0m
2026-08-19T11:38:35.4740244Z [36;1mtotal_duration = time.time() - global_start[0m
2026-08-19T11:38:35.4740555Z [36;1mminutes = int(total_duration // 60)[0m
2026-08-19T11:38:35.4740838Z [36;1mseconds = total_duration % 60[0m
2026-08-19T11:38:35.4741180Z [36;1mprint(f"Kernel Sync completed in {minutes}m {seconds:.2f}s")[0m
2026-08-19T11:38:35.4741531Z [36;1mprint("::endgroup::")[0m
2026-08-19T11:38:35.4765966Z shell: /usr/bin/python {0}
2026-08-19T11:38:35.4766212Z env:
2026-08-19T11:38:35.4766556Z   CCACHE_DIR: /home/runner/work/OnePlus_KernelSU_SUSFS/OnePlus_KernelSU_SUSFS/.ccache
2026-08-19T11:38:35.4766972Z   CCACHE_MAXSIZE: 12G
2026-08-19T11:38:35.4767187Z   CCACHE_COMPILERCHECK: content
2026-08-19T11:38:35.4767555Z   CCACHE_BASEDIR: /home/runner/work/OnePlus_KernelSU_SUSFS/OnePlus_KernelSU_SUSFS
2026-08-19T11:38:35.4767964Z   CCACHE_NOHASHDIR: true
2026-08-19T11:38:35.4768194Z   CCACHE_IGNOREOPTIONS: --sysroot*
2026-08-19T11:38:35.4768447Z   CCACHE_COMPRESSION: true
2026-08-19T11:38:35.4768674Z   CCACHE_COMPRESSION_LEVEL: 3
2026-08-19T11:38:35.4768897Z   CCACHE_DIRECT: true
2026-08-19T11:38:35.4769095Z   CCACHE_FILE_CLONE: true
2026-08-19T11:38:35.4769305Z   CCACHE_INODE_CACHE: true
2026-08-19T11:38:35.4769527Z   CCACHE_IS_KERNEL_COMPILING: true
2026-08-19T11:38:35.4769902Z   CCACHE_UMASK: 002
2026-08-19T11:38:35.4770356Z   CCACHE_SLOPPINESS: file_macro,time_macros,include_file_mtime,include_file_ctime,pch_defines,system_headers,locale
2026-08-19T11:38:35.4770883Z   ACTION_REPO: 
2026-08-19T11:38:35.4771067Z   ACTION_REF: 
2026-08-19T11:38:35.4771265Z   OP_MODEL: OP-ACE-3-PRO-6.1.75
2026-08-19T11:38:35.4771504Z   OP_SOC: pineapple
2026-08-19T11:38:35.4771703Z   OP_BRANCH: wild/sm8650
2026-08-19T11:38:35.4771939Z   OP_MANIFEST: oneplus_ace3_pro_6.1.75_v.xml
2026-08-19T11:38:35.4772213Z   OP_ANDROID_VERSION: android14
2026-08-19T11:38:35.4772444Z   OP_KERNEL_VERSION: 6.1
2026-08-19T11:38:35.4772651Z   OP_OS_VERSION: A15
2026-08-19T11:38:35.4772841Z   OP_LTO: thin
2026-08-19T11:38:35.4773022Z   OP_ZYC_COMPILER: 
2026-08-19T11:38:35.4773360Z   OP_C_COMPILER: kernel_platform/prebuilts/clang/host/linux-x86/clang-r487747c/bin
2026-08-19T11:38:35.4773755Z   OP_RUST_COMPILER: 
2026-08-19T11:38:35.4773948Z   OP_BINDGEN: 
2026-08-19T11:38:35.4774137Z   OP_RUST_BUILD: false
2026-08-19T11:38:35.4774342Z   OP_DISK_CLEANUP: false
2026-08-19T11:38:35.4774545Z   OP_HMBIRD: false
2026-08-19T11:38:35.4774968Z   OP_SUSFS: true
2026-08-19T11:38:35.4775166Z   OP_OPT: true
2026-08-19T11:38:35.4775347Z   OP_DS: true
2026-08-19T11:38:35.4775546Z   OP_BBG: true
2026-08-19T11:38:35.4775724Z   OP_BBR: true
2026-08-19T11:38:35.4775899Z   OP_BBR3: true
2026-08-19T11:38:35.4776077Z   OP_TTL: true
2026-08-19T11:38:35.4776252Z   OP_IP_SET: true
2026-08-19T11:38:35.4776441Z   OP_UNICODE: true
2026-08-19T11:38:35.4776627Z   OP_NTSYNC: true
2026-08-19T11:38:35.4778702Z   OP_BLACKLIST_MODULES: kernelsu,oplus_security_guard,oplus_qr_scan,oplus_score,oplus_vip_task,oplus_dns_cache,oplus_network_linkpower_module,oplus_data_module,oplus_secure_harden,oplus_security_keventupload,oplus_secure_guard_new,oplus_secure_guard,coresight_tpda,coresight_tgu,coresight_trace_noc,coresight_cti,coresight_qmi,coresight_dummy,coresight_remote_etm,coresight_tpdm,coresight_uetm,coresight_stm,coresight_tmc_sec,f_fs_ipc_log,qcom_iommu_debug,qti_battery_debug,rdbg,stm_heartbeat,stm_p_ost,stm_core,stm_ftrace,stm_console,spmi_pmic_arb_debug
2026-08-19T11:38:35.4780709Z   OP_UNAME: OP-WILD
2026-08-19T11:38:35.4780917Z   CONFIG: OP-ACE-3-PRO-6.1.75
2026-08-19T11:38:35.4781154Z   REPO: /usr/local/bin/repo
2026-08-19T11:38:35.4781379Z   PYTHONUNBUFFERED: 1
2026-08-19T11:38:35.4784317Z   GITHUB_TOKEN: ***
2026-08-19T11:38:35.4784523Z   DEBUG: true
2026-08-19T11:38:35.4784914Z ##[endgroup]
2026-08-19T11:38:35.5881485Z ##[group]Download Manifest Archives
2026-08-19T11:38:35.5885688Z Starting parallel sync of 5 projects...
2026-08-19T11:38:35.5889218Z Syncing: AnyKernel3 -> AnyKernel3
2026-08-19T11:38:35.5892343Z Syncing: android_kernel_modules_and_devicetree_oneplus_sm8650 -> ./
2026-08-19T11:38:35.5893304Z   [PENDING] AnyKernel3
2026-08-19T11:38:35.5895703Z   [PENDING] android_kernel_modules_and_devicetree_oneplus_sm8650
2026-08-19T11:38:35.5899875Z   [DIRECT] Fetching: https://github.com/OnePlusOSS/android_kernel_modules_and_devicetree_oneplus_sm8650/archive/8f66296b04ef8875011f457eae57733c86646e6a.tar.gz
2026-08-19T11:38:35.5903017Z Syncing: android_kernel_common_oneplus_sm8650 -> kernel_platform/common
2026-08-19T11:38:35.5907289Z   [PENDING] android_kernel_common_oneplus_sm8650
2026-08-19T11:38:35.5926197Z   [DIRECT] Fetching: https://github.com/OnePlusOSS/android_kernel_common_oneplus_sm8650/archive/1cee682fb60cc9ffd86a2342fa8051bcde77116f.tar.gz
2026-08-19T11:38:35.5946106Z Syncing: kernelplatform/prebuilts-master/clang/host/linux-x86 -> kernel_platform/prebuilts/clang/host/linux-x86
2026-08-19T11:38:35.5947373Z   [PENDING] kernelplatform/prebuilts-master/clang/host/linux-x86
2026-08-19T11:38:35.5948527Z Syncing: kernel/prebuilts/build-tools -> kernel_platform/prebuilts/kernel-build-tools
2026-08-19T11:38:35.5949521Z   [PENDING] kernel/prebuilts/build-tools
2026-08-19T11:38:35.7969662Z 
2026-08-19T11:38:35.7970802Z 08/19 11:38:35 [[1;32mNOTICE[0m] Downloading 1 item(s)
2026-08-19T11:38:35.7971322Z 
2026-08-19T11:38:35.7972335Z 08/19 11:38:35 [[1;32mNOTICE[0m] Downloading 1 item(s)
2026-08-19T11:38:35.9187252Z   [CACHE] Downloading single file: clang-28b975ada54f8610ed531a6b57253aed10e7c87d.tar.gz
2026-08-19T11:38:35.9244059Z 
2026-08-19T11:38:35.9245097Z 08/19 11:38:35 [[1;32mNOTICE[0m] Downloading 1 item(s)
2026-08-19T11:38:35.9341909Z   [CACHE] Downloading single file: AnyKernel3-0b46673ae91aee8d60bd6ee257b4d56d3f6a0114.tar.gz
2026-08-19T11:38:35.9395410Z 
2026-08-19T11:38:35.9396060Z 08/19 11:38:35 [[1;32mNOTICE[0m] Downloading 1 item(s)
2026-08-19T11:38:35.9517113Z 
2026-08-19T11:38:35.9528716Z 08/19 11:38:35 [[1;32mNOTICE[0m] CUID#7 - Redirecting to https://release-assets.githubusercontent.com/github-production-release-asset/900124341/7f31483b-ea99-4028-8fec-94f12384301a?sp=r&sv=2018-11-09&sr=b&spr=https&se=2026-08-19T12%3A12%3A35Z&rscd=attachment%3B+filename%3Dclang-28b975ada54f8610ed531a6b57253aed10e7c87d.tar.gz&rsct=application%2Foctet-stream&skoid=96c2d410-5711-43a1-aedd-ab1947aa7ab0&sktid=398a6654-997b-47e9-b12b-9515b896b4de&skt=2026-08-19T11%3A12%3A15Z&ske=2026-08-19T12%3A12%3A35Z&sks=b&skv=2018-11-09&sig=0xwh6EspQKdopPF3vIH%2Fqwj7ESvbGdtqxZ4wBdwf7Rg%3D&jwt=***
2026-08-19T11:38:35.9533040Z   [CACHE] Downloading single file: build-tools-d153b7ab4a4956198957e258d4f370e875c53059.tar.gz
2026-08-19T11:38:35.9595329Z 
2026-08-19T11:38:35.9605918Z 08/19 11:38:35 [[1;32mNOTICE[0m] Downloading 1 item(s)
2026-08-19T11:38:35.9684608Z 
2026-08-19T11:38:35.9691611Z 08/19 11:38:35 [[1;32mNOTICE[0m] CUID#7 - Redirecting to https://release-assets.githubusercontent.com/github-production-release-asset/900124341/a37f140b-4f7b-466e-8b91-4cbe71814578?sp=r&sv=2018-11-09&sr=b&spr=https&se=2026-08-19T12%3A12%3A53Z&rscd=attachment%3B+filename%3DAnyKernel3-0b46673ae91aee8d60bd6ee257b4d56d3f6a0114.tar.gz&rsct=application%2Foctet-stream&skoid=96c2d410-5711-43a1-aedd-ab1947aa7ab0&sktid=398a6654-997b-47e9-b12b-9515b896b4de&skt=2026-08-19T11%3A12%3A42Z&ske=2026-08-19T12%3A12%3A53Z&sks=b&skv=2018-11-09&sig=mF2zH6ILiB47NKX7kSK0DSHyGCDAv0lWPs61yWoQErs%3D&jwt=***
2026-08-19T11:38:35.9850386Z 
2026-08-19T11:38:35.9858778Z 08/19 11:38:35 [[1;32mNOTICE[0m] CUID#7 - Redirecting to https://release-assets.githubusercontent.com/github-production-release-asset/900124341/6479600a-860d-4ca9-9a43-16b6732bbb20?sp=r&sv=2018-11-09&sr=b&spr=https&se=2026-08-19T12%3A14%3A20Z&rscd=attachment%3B+filename%3Dbuild-tools-d153b7ab4a4956198957e258d4f370e875c53059.tar.gz&rsct=application%2Foctet-stream&skoid=96c2d410-5711-43a1-aedd-ab1947aa7ab0&sktid=398a6654-997b-47e9-b12b-9515b896b4de&skt=2026-08-19T11%3A13%3A45Z&ske=2026-08-19T12%3A14%3A20Z&sks=b&skv=2018-11-09&sig=A4dO6jzy53rcEdwY%2BsvPIo5%2Fra7rOm9bYrREk0KBHUY%3D&jwt=***
2026-08-19T11:38:35.9970169Z 
2026-08-19T11:38:35.9978915Z 08/19 11:38:35 [[1;32mNOTICE[0m] CUID#8 - Redirecting to https://release-assets.githubusercontent.com/github-production-release-asset/900124341/7f31483b-ea99-4028-8fec-94f12384301a?sp=r&sv=2018-11-09&sr=b&spr=https&se=2026-08-19T12%3A12%3A35Z&rscd=attachment%3B+filename%3Dclang-28b975ada54f8610ed531a6b57253aed10e7c87d.tar.gz&rsct=application%2Foctet-stream&skoid=96c2d410-5711-43a1-aedd-ab1947aa7ab0&sktid=398a6654-997b-47e9-b12b-9515b896b4de&skt=2026-08-19T11%3A12%3A15Z&ske=2026-08-19T12%3A12%3A35Z&sks=b&skv=2018-11-09&sig=0xwh6EspQKdopPF3vIH%2Fqwj7ESvbGdtqxZ4wBdwf7Rg%3D&jwt=***
2026-08-19T11:38:36.0013896Z 
2026-08-19T11:38:36.0021547Z 08/19 11:38:36 [[1;32mNOTICE[0m] CUID#8 - Redirecting to https://release-assets.githubusercontent.com/github-production-release-asset/900124341/a37f140b-4f7b-466e-8b91-4cbe71814578?sp=r&sv=2018-11-09&sr=b&spr=https&se=2026-08-19T12%3A12%3A53Z&rscd=attachment%3B+filename%3DAnyKernel3-0b46673ae91aee8d60bd6ee257b4d56d3f6a0114.tar.gz&rsct=application%2Foctet-stream&skoid=96c2d410-5711-43a1-aedd-ab1947aa7ab0&sktid=398a6654-997b-47e9-b12b-9515b896b4de&skt=2026-08-19T11%3A12%3A42Z&ske=2026-08-19T12%3A12%3A53Z&sks=b&skv=2018-11-09&sig=mF2zH6ILiB47NKX7kSK0DSHyGCDAv0lWPs61yWoQErs%3D&jwt=***
2026-08-19T11:38:36.0044080Z 
2026-08-19T11:38:36.0045941Z 08/19 11:38:36 [[1;32mNOTICE[0m] CUID#7 - Redirecting to https://codeload.github.com/OnePlusOSS/android_kernel_modules_and_devicetree_oneplus_sm8650/tar.gz/8f66296b04ef8875011f457eae57733c86646e6a
2026-08-19T11:38:36.0147083Z 
2026-08-19T11:38:36.0153219Z 08/19 11:38:36 [[1;32mNOTICE[0m] CUID#9 - Redirecting to https://release-assets.githubusercontent.com/github-production-release-asset/900124341/a37f140b-4f7b-466e-8b91-4cbe71814578?sp=r&sv=2018-11-09&sr=b&spr=https&se=2026-08-19T12%3A12%3A53Z&rscd=attachment%3B+filename%3DAnyKernel3-0b46673ae91aee8d60bd6ee257b4d56d3f6a0114.tar.gz&rsct=application%2Foctet-stream&skoid=96c2d410-5711-43a1-aedd-ab1947aa7ab0&sktid=398a6654-997b-47e9-b12b-9515b896b4de&skt=2026-08-19T11%3A12%3A42Z&ske=2026-08-19T12%3A12%3A53Z&sks=b&skv=2018-11-09&sig=mF2zH6ILiB47NKX7kSK0DSHyGCDAv0lWPs61yWoQErs%3D&jwt=***
2026-08-19T11:38:36.0174600Z 
2026-08-19T11:38:36.0181254Z 08/19 11:38:36 [[1;32mNOTICE[0m] CUID#10 - Redirecting to https://release-assets.githubusercontent.com/github-production-release-asset/900124341/a37f140b-4f7b-466e-8b91-4cbe71814578?sp=r&sv=2018-11-09&sr=b&spr=https&se=2026-08-19T12%3A12%3A53Z&rscd=attachment%3B+filename%3DAnyKernel3-0b46673ae91aee8d60bd6ee257b4d56d3f6a0114.tar.gz&rsct=application%2Foctet-stream&skoid=96c2d410-5711-43a1-aedd-ab1947aa7ab0&sktid=398a6654-997b-47e9-b12b-9515b896b4de&skt=2026-08-19T11%3A12%3A42Z&ske=2026-08-19T12%3A12%3A53Z&sks=b&skv=2018-11-09&sig=mF2zH6ILiB47NKX7kSK0DSHyGCDAv0lWPs61yWoQErs%3D&jwt=***
2026-08-19T11:38:36.0271409Z 
2026-08-19T11:38:36.0282984Z 08/19 11:38:36 [[1;32mNOTICE[0m] CUID#8 - Redirecting to https://release-assets.githubusercontent.com/github-production-release-asset/900124341/6479600a-860d-4ca9-9a43-16b6732bbb20?sp=r&sv=2018-11-09&sr=b&spr=https&se=2026-08-19T12%3A14%3A20Z&rscd=attachment%3B+filename%3Dbuild-tools-d153b7ab4a4956198957e258d4f370e875c53059.tar.gz&rsct=application%2Foctet-stream&skoid=96c2d410-5711-43a1-aedd-ab1947aa7ab0&sktid=398a6654-997b-47e9-b12b-9515b896b4de&skt=2026-08-19T11%3A13%3A45Z&ske=2026-08-19T12%3A14%3A20Z&sks=b&skv=2018-11-09&sig=A4dO6jzy53rcEdwY%2BsvPIo5%2Fra7rOm9bYrREk0KBHUY%3D&jwt=***
2026-08-19T11:38:36.0508853Z 
2026-08-19T11:38:36.0527168Z 08/19 11:38:36 [[1;32mNOTICE[0m] CUID#9 - Redirecting to https://release-assets.githubusercontent.com/github-production-release-asset/900124341/7f31483b-ea99-4028-8fec-94f12384301a?sp=r&sv=2018-11-09&sr=b&spr=https&se=2026-08-19T12%3A12%3A35Z&rscd=attachment%3B+filename%3Dclang-28b975ada54f8610ed531a6b57253aed10e7c87d.tar.gz&rsct=application%2Foctet-stream&skoid=96c2d410-5711-43a1-aedd-ab1947aa7ab0&sktid=398a6654-997b-47e9-b12b-9515b896b4de&skt=2026-08-19T11%3A12%3A15Z&ske=2026-08-19T12%3A12%3A35Z&sks=b&skv=2018-11-09&sig=0xwh6EspQKdopPF3vIH%2Fqwj7ESvbGdtqxZ4wBdwf7Rg%3D&jwt=***
2026-08-19T11:38:36.0531965Z 
2026-08-19T11:38:36.0546357Z 08/19 11:38:36 [[1;32mNOTICE[0m] CUID#10 - Redirecting to https://release-assets.githubusercontent.com/github-production-release-asset/900124341/7f31483b-ea99-4028-8fec-94f12384301a?sp=r&sv=2018-11-09&sr=b&spr=https&se=2026-08-19T12%3A12%3A35Z&rscd=attachment%3B+filename%3Dclang-28b975ada54f8610ed531a6b57253aed10e7c87d.tar.gz&rsct=application%2Foctet-stream&skoid=96c2d410-5711-43a1-aedd-ab1947aa7ab0&sktid=398a6654-997b-47e9-b12b-9515b896b4de&skt=2026-08-19T11%3A12%3A15Z&ske=2026-08-19T12%3A12%3A35Z&sks=b&skv=2018-11-09&sig=0xwh6EspQKdopPF3vIH%2Fqwj7ESvbGdtqxZ4wBdwf7Rg%3D&jwt=***
2026-08-19T11:38:36.0595296Z 
2026-08-19T11:38:36.0616333Z 08/19 11:38:36 [[1;32mNOTICE[0m] CUID#11 - Redirecting to https://release-assets.githubusercontent.com/github-production-release-asset/900124341/7f31483b-ea99-4028-8fec-94f12384301a?sp=r&sv=2018-11-09&sr=b&spr=https&se=2026-08-19T12%3A12%3A35Z&rscd=attachment%3B+filename%3Dclang-28b975ada54f8610ed531a6b57253aed10e7c87d.tar.gz&rsct=application%2Foctet-stream&skoid=96c2d410-5711-43a1-aedd-ab1947aa7ab0&sktid=398a6654-997b-47e9-b12b-9515b896b4de&skt=2026-08-19T11%3A12%3A15Z&ske=2026-08-19T12%3A12%3A35Z&sks=b&skv=2018-11-09&sig=0xwh6EspQKdopPF3vIH%2Fqwj7ESvbGdtqxZ4wBdwf7Rg%3D&jwt=***
2026-08-19T11:38:36.0620702Z 
2026-08-19T11:38:36.0633260Z 08/19 11:38:36 [[1;32mNOTICE[0m] CUID#12 - Redirecting to https://release-assets.githubusercontent.com/github-production-release-asset/900124341/7f31483b-ea99-4028-8fec-94f12384301a?sp=r&sv=2018-11-09&sr=b&spr=https&se=2026-08-19T12%3A12%3A35Z&rscd=attachment%3B+filename%3Dclang-28b975ada54f8610ed531a6b57253aed10e7c87d.tar.gz&rsct=application%2Foctet-stream&skoid=96c2d410-5711-43a1-aedd-ab1947aa7ab0&sktid=398a6654-997b-47e9-b12b-9515b896b4de&skt=2026-08-19T11%3A12%3A15Z&ske=2026-08-19T12%3A12%3A35Z&sks=b&skv=2018-11-09&sig=0xwh6EspQKdopPF3vIH%2Fqwj7ESvbGdtqxZ4wBdwf7Rg%3D&jwt=***
2026-08-19T11:38:36.0637427Z 
2026-08-19T11:38:36.0678170Z 08/19 11:38:36 [[1;32mNOTICE[0m] CUID#13 - Redirecting to https://release-assets.githubusercontent.com/github-production-release-asset/900124341/7f31483b-ea99-4028-8fec-94f12384301a?sp=r&sv=2018-11-09&sr=b&spr=https&se=2026-08-19T12%3A12%3A35Z&rscd=attachment%3B+filename%3Dclang-28b975ada54f8610ed531a6b57253aed10e7c87d.tar.gz&rsct=application%2Foctet-stream&skoid=96c2d410-5711-43a1-aedd-ab1947aa7ab0&sktid=398a6654-997b-47e9-b12b-9515b896b4de&skt=2026-08-19T11%3A12%3A15Z&ske=2026-08-19T12%3A12%3A35Z&sks=b&skv=2018-11-09&sig=0xwh6EspQKdopPF3vIH%2Fqwj7ESvbGdtqxZ4wBdwf7Rg%3D&jwt=***
2026-08-19T11:38:36.0682935Z 
2026-08-19T11:38:36.0695608Z 08/19 11:38:36 [[1;32mNOTICE[0m] CUID#14 - Redirecting to https://release-assets.githubusercontent.com/github-production-release-asset/900124341/7f31483b-ea99-4028-8fec-94f12384301a?sp=r&sv=2018-11-09&sr=b&spr=https&se=2026-08-19T12%3A12%3A35Z&rscd=attachment%3B+filename%3Dclang-28b975ada54f8610ed531a6b57253aed10e7c87d.tar.gz&rsct=application%2Foctet-stream&skoid=96c2d410-5711-43a1-aedd-ab1947aa7ab0&sktid=398a6654-997b-47e9-b12b-9515b896b4de&skt=2026-08-19T11%3A12%3A15Z&ske=2026-08-19T12%3A12%3A35Z&sks=b&skv=2018-11-09&sig=0xwh6EspQKdopPF3vIH%2Fqwj7ESvbGdtqxZ4wBdwf7Rg%3D&jwt=***
2026-08-19T11:38:36.0701530Z 
2026-08-19T11:38:36.0712698Z 08/19 11:38:36 [[1;32mNOTICE[0m] CUID#15 - Redirecting to https://release-assets.githubusercontent.com/github-production-release-asset/900124341/7f31483b-ea99-4028-8fec-94f12384301a?sp=r&sv=2018-11-09&sr=b&spr=https&se=2026-08-19T12%3A12%3A35Z&rscd=attachment%3B+filename%3Dclang-28b975ada54f8610ed531a6b57253aed10e7c87d.tar.gz&rsct=application%2Foctet-stream&skoid=96c2d410-5711-43a1-aedd-ab1947aa7ab0&sktid=398a6654-997b-47e9-b12b-9515b896b4de&skt=2026-08-19T11%3A12%3A15Z&ske=2026-08-19T12%3A12%3A35Z&sks=b&skv=2018-11-09&sig=0xwh6EspQKdopPF3vIH%2Fqwj7ESvbGdtqxZ4wBdwf7Rg%3D&jwt=***
2026-08-19T11:38:36.0716709Z 
2026-08-19T11:38:36.0728344Z 08/19 11:38:36 [[1;32mNOTICE[0m] CUID#16 - Redirecting to https://release-assets.githubusercontent.com/github-production-release-asset/900124341/7f31483b-ea99-4028-8fec-94f12384301a?sp=r&sv=2018-11-09&sr=b&spr=https&se=2026-08-19T12%3A12%3A35Z&rscd=attachment%3B+filename%3Dclang-28b975ada54f8610ed531a6b57253aed10e7c87d.tar.gz&rsct=application%2Foctet-stream&skoid=96c2d410-5711-43a1-aedd-ab1947aa7ab0&sktid=398a6654-997b-47e9-b12b-9515b896b4de&skt=2026-08-19T11%3A12%3A15Z&ske=2026-08-19T12%3A12%3A35Z&sks=b&skv=2018-11-09&sig=0xwh6EspQKdopPF3vIH%2Fqwj7ESvbGdtqxZ4wBdwf7Rg%3D&jwt=***
2026-08-19T11:38:36.0732147Z 
2026-08-19T11:38:36.0742661Z 08/19 11:38:36 [[1;32mNOTICE[0m] CUID#17 - Redirecting to https://release-assets.githubusercontent.com/github-production-release-asset/900124341/7f31483b-ea99-4028-8fec-94f12384301a?sp=r&sv=2018-11-09&sr=b&spr=https&se=2026-08-19T12%3A12%3A35Z&rscd=attachment%3B+filename%3Dclang-28b975ada54f8610ed531a6b57253aed10e7c87d.tar.gz&rsct=application%2Foctet-stream&skoid=96c2d410-5711-43a1-aedd-ab1947aa7ab0&sktid=398a6654-997b-47e9-b12b-9515b896b4de&skt=2026-08-19T11%3A12%3A15Z&ske=2026-08-19T12%3A12%3A35Z&sks=b&skv=2018-11-09&sig=0xwh6EspQKdopPF3vIH%2Fqwj7ESvbGdtqxZ4wBdwf7Rg%3D&jwt=***
2026-08-19T11:38:36.0746641Z 
2026-08-19T11:38:36.0757371Z 08/19 11:38:36 [[1;32mNOTICE[0m] CUID#18 - Redirecting to https://release-assets.githubusercontent.com/github-production-release-asset/900124341/7f31483b-ea99-4028-8fec-94f12384301a?sp=r&sv=2018-11-09&sr=b&spr=https&se=2026-08-19T12%3A12%3A35Z&rscd=attachment%3B+filename%3Dclang-28b975ada54f8610ed531a6b57253aed10e7c87d.tar.gz&rsct=application%2Foctet-stream&skoid=96c2d410-5711-43a1-aedd-ab1947aa7ab0&sktid=398a6654-997b-47e9-b12b-9515b896b4de&skt=2026-08-19T11%3A12%3A15Z&ske=2026-08-19T12%3A12%3A35Z&sks=b&skv=2018-11-09&sig=0xwh6EspQKdopPF3vIH%2Fqwj7ESvbGdtqxZ4wBdwf7Rg%3D&jwt=***
2026-08-19T11:38:36.0762074Z 
2026-08-19T11:38:36.0773407Z 08/19 11:38:36 [[1;32mNOTICE[0m] CUID#19 - Redirecting to https://release-assets.githubusercontent.com/github-production-release-asset/900124341/7f31483b-ea99-4028-8fec-94f12384301a?sp=r&sv=2018-11-09&sr=b&spr=https&se=2026-08-19T12%3A12%3A35Z&rscd=attachment%3B+filename%3Dclang-28b975ada54f8610ed531a6b57253aed10e7c87d.tar.gz&rsct=application%2Foctet-stream&skoid=96c2d410-5711-43a1-aedd-ab1947aa7ab0&sktid=398a6654-997b-47e9-b12b-9515b896b4de&skt=2026-08-19T11%3A12%3A15Z&ske=2026-08-19T12%3A12%3A35Z&sks=b&skv=2018-11-09&sig=0xwh6EspQKdopPF3vIH%2Fqwj7ESvbGdtqxZ4wBdwf7Rg%3D&jwt=***
2026-08-19T11:38:36.0778539Z 
2026-08-19T11:38:36.0790053Z 08/19 11:38:36 [[1;32mNOTICE[0m] CUID#20 - Redirecting to https://release-assets.githubusercontent.com/github-production-release-asset/900124341/7f31483b-ea99-4028-8fec-94f12384301a?sp=r&sv=2018-11-09&sr=b&spr=https&se=2026-08-19T12%3A12%3A35Z&rscd=attachment%3B+filename%3Dclang-28b975ada54f8610ed531a6b57253aed10e7c87d.tar.gz&rsct=application%2Foctet-stream&skoid=96c2d410-5711-43a1-aedd-ab1947aa7ab0&sktid=398a6654-997b-47e9-b12b-9515b896b4de&skt=2026-08-19T11%3A12%3A15Z&ske=2026-08-19T12%3A12%3A35Z&sks=b&skv=2018-11-09&sig=0xwh6EspQKdopPF3vIH%2Fqwj7ESvbGdtqxZ4wBdwf7Rg%3D&jwt=***
2026-08-19T11:38:36.0793824Z 
2026-08-19T11:38:36.0806570Z 08/19 11:38:36 [[1;32mNOTICE[0m] CUID#21 - Redirecting to https://release-assets.githubusercontent.com/github-production-release-asset/900124341/7f31483b-ea99-4028-8fec-94f12384301a?sp=r&sv=2018-11-09&sr=b&spr=https&se=2026-08-19T12%3A12%3A35Z&rscd=attachment%3B+filename%3Dclang-28b975ada54f8610ed531a6b57253aed10e7c87d.tar.gz&rsct=application%2Foctet-stream&skoid=96c2d410-5711-43a1-aedd-ab1947aa7ab0&sktid=398a6654-997b-47e9-b12b-9515b896b4de&skt=2026-08-19T11%3A12%3A15Z&ske=2026-08-19T12%3A12%3A35Z&sks=b&skv=2018-11-09&sig=0xwh6EspQKdopPF3vIH%2Fqwj7ESvbGdtqxZ4wBdwf7Rg%3D&jwt=***
2026-08-19T11:38:36.0808742Z 
2026-08-19T11:38:36.0809758Z 08/19 11:38:36 [[1;32mNOTICE[0m] CUID#7 - Redirecting to https://codeload.github.com/OnePlusOSS/android_kernel_common_oneplus_sm8650/tar.gz/1cee682fb60cc9ffd86a2342fa8051bcde77116f
2026-08-19T11:38:36.0811210Z 
2026-08-19T11:38:36.0825326Z 08/19 11:38:36 [[1;32mNOTICE[0m] CUID#22 - Redirecting to https://release-assets.githubusercontent.com/github-production-release-asset/900124341/7f31483b-ea99-4028-8fec-94f12384301a?sp=r&sv=2018-11-09&sr=b&spr=https&se=2026-08-19T12%3A12%3A35Z&rscd=attachment%3B+filename%3Dclang-28b975ada54f8610ed531a6b57253aed10e7c87d.tar.gz&rsct=application%2Foctet-stream&skoid=96c2d410-5711-43a1-aedd-ab1947aa7ab0&sktid=398a6654-997b-47e9-b12b-9515b896b4de&skt=2026-08-19T11%3A12%3A15Z&ske=2026-08-19T12%3A12%3A35Z&sks=b&skv=2018-11-09&sig=0xwh6EspQKdopPF3vIH%2Fqwj7ESvbGdtqxZ4wBdwf7Rg%3D&jwt=***
2026-08-19T11:38:36.0827452Z 
2026-08-19T11:38:36.0832753Z 08/19 11:38:36 [[1;32mNOTICE[0m] CUID#10 - Redirecting to https://release-assets.githubusercontent.com/github-production-release-asset/900124341/7f31483b-ea99-4028-8fec-94f12384301a?sp=r&sv=2018-11-09&sr=b&spr=https&se=2026-08-19T12%3A12%3A35Z&rscd=attachment%3B+filename%3Dclang-28b975ada54f8610ed531a6b57253aed10e7c87d.tar.gz&rsct=application%2Foctet-stream&skoid=96c2d410-5711-43a1-aedd-ab1947aa7ab0&sktid=398a6654-997b-47e9-b12b-9515b896b4de&skt=2026-08-19T11%3A12%3A15Z&ske=2026-08-19T12%3A12%3A35Z&sks=b&skv=2018-11-09&sig=0xwh6EspQKdopPF3vIH%2Fqwj7ESvbGdtqxZ4wBdwf7Rg%3D&jwt=***
2026-08-19T11:38:36.0835057Z 
2026-08-19T11:38:36.0841449Z 08/19 11:38:36 [[1;32mNOTICE[0m] CUID#11 - Redirecting to https://release-assets.githubusercontent.com/github-production-release-asset/900124341/7f31483b-ea99-4028-8fec-94f12384301a?sp=r&sv=2018-11-09&sr=b&spr=https&se=2026-08-19T12%3A12%3A35Z&rscd=attachment%3B+filename%3Dclang-28b975ada54f8610ed531a6b57253aed10e7c87d.tar.gz&rsct=application%2Foctet-stream&skoid=96c2d410-5711-43a1-aedd-ab1947aa7ab0&sktid=398a6654-997b-47e9-b12b-9515b896b4de&skt=2026-08-19T11%3A12%3A15Z&ske=2026-08-19T12%3A12%3A35Z&sks=b&skv=2018-11-09&sig=0xwh6EspQKdopPF3vIH%2Fqwj7ESvbGdtqxZ4wBdwf7Rg%3D&jwt=***
2026-08-19T11:38:36.0843693Z 
2026-08-19T11:38:36.0856288Z 08/19 11:38:36 [[1;32mNOTICE[0m] CUID#12 - Redirecting to https://release-assets.githubusercontent.com/github-production-release-asset/900124341/7f31483b-ea99-4028-8fec-94f12384301a?sp=r&sv=2018-11-09&sr=b&spr=https&se=2026-08-19T12%3A12%3A35Z&rscd=attachment%3B+filename%3Dclang-28b975ada54f8610ed531a6b57253aed10e7c87d.tar.gz&rsct=application%2Foctet-stream&skoid=96c2d410-5711-43a1-aedd-ab1947aa7ab0&sktid=398a6654-997b-47e9-b12b-9515b896b4de&skt=2026-08-19T11%3A12%3A15Z&ske=2026-08-19T12%3A12%3A35Z&sks=b&skv=2018-11-09&sig=0xwh6EspQKdopPF3vIH%2Fqwj7ESvbGdtqxZ4wBdwf7Rg%3D&jwt=***
2026-08-19T11:38:36.0869012Z 
2026-08-19T11:38:36.0880526Z 08/19 11:38:36 [[1;32mNOTICE[0m] CUID#13 - Redirecting to https://release-assets.githubusercontent.com/github-production-release-asset/900124341/7f31483b-ea99-4028-8fec-94f12384301a?sp=r&sv=2018-11-09&sr=b&spr=https&se=2026-08-19T12%3A12%3A35Z&rscd=attachment%3B+filename%3Dclang-28b975ada54f8610ed531a6b57253aed10e7c87d.tar.gz&rsct=application%2Foctet-stream&skoid=96c2d410-5711-43a1-aedd-ab1947aa7ab0&sktid=398a6654-997b-47e9-b12b-9515b896b4de&skt=2026-08-19T11%3A12%3A15Z&ske=2026-08-19T12%3A12%3A35Z&sks=b&skv=2018-11-09&sig=0xwh6EspQKdopPF3vIH%2Fqwj7ESvbGdtqxZ4wBdwf7Rg%3D&jwt=***
2026-08-19T11:38:36.0884387Z 
2026-08-19T11:38:36.0896848Z 08/19 11:38:36 [[1;32mNOTICE[0m] CUID#14 - Redirecting to https://release-assets.githubusercontent.com/github-production-release-asset/900124341/7f31483b-ea99-4028-8fec-94f12384301a?sp=r&sv=2018-11-09&sr=b&spr=https&se=2026-08-19T12%3A12%3A35Z&rscd=attachment%3B+filename%3Dclang-28b975ada54f8610ed531a6b57253aed10e7c87d.tar.gz&rsct=application%2Foctet-stream&skoid=96c2d410-5711-43a1-aedd-ab1947aa7ab0&sktid=398a6654-997b-47e9-b12b-9515b896b4de&skt=2026-08-19T11%3A12%3A15Z&ske=2026-08-19T12%3A12%3A35Z&sks=b&skv=2018-11-09&sig=0xwh6EspQKdopPF3vIH%2Fqwj7ESvbGdtqxZ4wBdwf7Rg%3D&jwt=***
2026-08-19T11:38:36.0901569Z 
2026-08-19T11:38:36.0915116Z 08/19 11:38:36 [[1;32mNOTICE[0m] CUID#15 - Redirecting to https://release-assets.githubusercontent.com/github-production-release-asset/900124341/7f31483b-ea99-4028-8fec-94f12384301a?sp=r&sv=2018-11-09&sr=b&spr=https&se=2026-08-19T12%3A12%3A35Z&rscd=attachment%3B+filename%3Dclang-28b975ada54f8610ed531a6b57253aed10e7c87d.tar.gz&rsct=application%2Foctet-stream&skoid=96c2d410-5711-43a1-aedd-ab1947aa7ab0&sktid=398a6654-997b-47e9-b12b-9515b896b4de&skt=2026-08-19T11%3A12%3A15Z&ske=2026-08-19T12%3A12%3A35Z&sks=b&skv=2018-11-09&sig=0xwh6EspQKdopPF3vIH%2Fqwj7ESvbGdtqxZ4wBdwf7Rg%3D&jwt=***
2026-08-19T11:38:36.0918950Z 
2026-08-19T11:38:36.0928875Z 08/19 11:38:36 [[1;32mNOTICE[0m] CUID#16 - Redirecting to https://release-assets.githubusercontent.com/github-production-release-asset/900124341/7f31483b-ea99-4028-8fec-94f12384301a?sp=r&sv=2018-11-09&sr=b&spr=https&se=2026-08-19T12%3A12%3A35Z&rscd=attachment%3B+filename%3Dclang-28b975ada54f8610ed531a6b57253aed10e7c87d.tar.gz&rsct=application%2Foctet-stream&skoid=96c2d410-5711-43a1-aedd-ab1947aa7ab0&sktid=398a6654-997b-47e9-b12b-9515b896b4de&skt=2026-08-19T11%3A12%3A15Z&ske=2026-08-19T12%3A12%3A35Z&sks=b&skv=2018-11-09&sig=0xwh6EspQKdopPF3vIH%2Fqwj7ESvbGdtqxZ4wBdwf7Rg%3D&jwt=***
2026-08-19T11:38:36.0933196Z 
2026-08-19T11:38:36.0943963Z 08/19 11:38:36 [[1;32mNOTICE[0m] CUID#17 - Redirecting to https://release-assets.githubusercontent.com/github-production-release-asset/900124341/7f31483b-ea99-4028-8fec-94f12384301a?sp=r&sv=2018-11-09&sr=b&spr=https&se=2026-08-19T12%3A12%3A35Z&rscd=attachment%3B+filename%3Dclang-28b975ada54f8610ed531a6b57253aed10e7c87d.tar.gz&rsct=application%2Foctet-stream&skoid=96c2d410-5711-43a1-aedd-ab1947aa7ab0&sktid=398a6654-997b-47e9-b12b-9515b896b4de&skt=2026-08-19T11%3A12%3A15Z&ske=2026-08-19T12%3A12%3A35Z&sks=b&skv=2018-11-09&sig=0xwh6EspQKdopPF3vIH%2Fqwj7ESvbGdtqxZ4wBdwf7Rg%3D&jwt=***
2026-08-19T11:38:36.0948962Z 
2026-08-19T11:38:36.0959775Z 08/19 11:38:36 [[1;32mNOTICE[0m] CUID#18 - Redirecting to https://release-assets.githubusercontent.com/github-production-release-asset/900124341/7f31483b-ea99-4028-8fec-94f12384301a?sp=r&sv=2018-11-09&sr=b&spr=https&se=2026-08-19T12%3A12%3A35Z&rscd=attachment%3B+filename%3Dclang-28b975ada54f8610ed531a6b57253aed10e7c87d.tar.gz&rsct=application%2Foctet-stream&skoid=96c2d410-5711-43a1-aedd-ab1947aa7ab0&sktid=398a6654-997b-47e9-b12b-9515b896b4de&skt=2026-08-19T11%3A12%3A15Z&ske=2026-08-19T12%3A12%3A35Z&sks=b&skv=2018-11-09&sig=0xwh6EspQKdopPF3vIH%2Fqwj7ESvbGdtqxZ4wBdwf7Rg%3D&jwt=***
2026-08-19T11:38:36.0963618Z 
2026-08-19T11:38:36.0978849Z 08/19 11:38:36 [[1;32mNOTICE[0m] CUID#19 - Redirecting to https://release-assets.githubusercontent.com/github-production-release-asset/900124341/7f31483b-ea99-4028-8fec-94f12384301a?sp=r&sv=2018-11-09&sr=b&spr=https&se=2026-08-19T12%3A12%3A35Z&rscd=attachment%3B+filename%3Dclang-28b975ada54f8610ed531a6b57253aed10e7c87d.tar.gz&rsct=application%2Foctet-stream&skoid=96c2d410-5711-43a1-aedd-ab1947aa7ab0&sktid=398a6654-997b-47e9-b12b-9515b896b4de&skt=2026-08-19T11%3A12%3A15Z&ske=2026-08-19T12%3A12%3A35Z&sks=b&skv=2018-11-09&sig=0xwh6EspQKdopPF3vIH%2Fqwj7ESvbGdtqxZ4wBdwf7Rg%3D&jwt=***
2026-08-19T11:38:36.0982965Z 
2026-08-19T11:38:36.0997919Z 08/19 11:38:36 [[1;32mNOTICE[0m] CUID#20 - Redirecting to https://release-assets.githubusercontent.com/github-production-release-asset/900124341/7f31483b-ea99-4028-8fec-94f12384301a?sp=r&sv=2018-11-09&sr=b&spr=https&se=2026-08-19T12%3A12%3A35Z&rscd=attachment%3B+filename%3Dclang-28b975ada54f8610ed531a6b57253aed10e7c87d.tar.gz&rsct=application%2Foctet-stream&skoid=96c2d410-5711-43a1-aedd-ab1947aa7ab0&sktid=398a6654-997b-47e9-b12b-9515b896b4de&skt=2026-08-19T11%3A12%3A15Z&ske=2026-08-19T12%3A12%3A35Z&sks=b&skv=2018-11-09&sig=0xwh6EspQKdopPF3vIH%2Fqwj7ESvbGdtqxZ4wBdwf7Rg%3D&jwt=***
2026-08-19T11:38:36.1002270Z 
2026-08-19T11:38:36.1013927Z 08/19 11:38:36 [[1;32mNOTICE[0m] CUID#10 - Redirecting to https://release-assets.githubusercontent.com/github-production-release-asset/900124341/7f31483b-ea99-4028-8fec-94f12384301a?sp=r&sv=2018-11-09&sr=b&spr=https&se=2026-08-19T12%3A12%3A35Z&rscd=attachment%3B+filename%3Dclang-28b975ada54f8610ed531a6b57253aed10e7c87d.tar.gz&rsct=application%2Foctet-stream&skoid=96c2d410-5711-43a1-aedd-ab1947aa7ab0&sktid=398a6654-997b-47e9-b12b-9515b896b4de&skt=2026-08-19T11%3A12%3A15Z&ske=2026-08-19T12%3A12%3A35Z&sks=b&skv=2018-11-09&sig=0xwh6EspQKdopPF3vIH%2Fqwj7ESvbGdtqxZ4wBdwf7Rg%3D&jwt=***
2026-08-19T11:38:36.1020128Z 
2026-08-19T11:38:36.1021101Z 08/19 11:38:36 [[1;32mNOTICE[0m] Download complete: /dev/shm/sync_235541/AnyKernel3-0b46673ae91aee8d60bd6ee257b4d56d3f6a0114.tar.gz
2026-08-19T11:38:36.1022017Z 
2026-08-19T11:38:36.1022173Z Download Results:
2026-08-19T11:38:36.1022546Z gid   |stat|avg speed  |path/URI
2026-08-19T11:38:36.1023205Z ======+====+===========+=======================================================
2026-08-19T11:38:36.1024154Z 7f0afb|OK  |    45MiB/s|/dev/shm/sync_235541/AnyKernel3-0b46673ae91aee8d60bd6ee257b4d56d3f6a0114.tar.gz
2026-08-19T11:38:36.1025281Z 
2026-08-19T11:38:36.1025437Z Status Legend:
2026-08-19T11:38:36.1025796Z (OK):download completed.
2026-08-19T11:38:36.1026044Z 
2026-08-19T11:38:36.1037081Z 08/19 11:38:36 [[1;32mNOTICE[0m] CUID#11 - Redirecting to https://release-assets.githubusercontent.com/github-production-release-asset/900124341/7f31483b-ea99-4028-8fec-94f12384301a?sp=r&sv=2018-11-09&sr=b&spr=https&se=2026-08-19T12%3A12%3A35Z&rscd=attachment%3B+filename%3Dclang-28b975ada54f8610ed531a6b57253aed10e7c87d.tar.gz&rsct=application%2Foctet-stream&skoid=96c2d410-5711-43a1-aedd-ab1947aa7ab0&sktid=398a6654-997b-47e9-b12b-9515b896b4de&skt=2026-08-19T11%3A12%3A15Z&ske=2026-08-19T12%3A12%3A35Z&sks=b&skv=2018-11-09&sig=0xwh6EspQKdopPF3vIH%2Fqwj7ESvbGdtqxZ4wBdwf7Rg%3D&jwt=***
2026-08-19T11:38:36.1042004Z 
2026-08-19T11:38:36.1053157Z 08/19 11:38:36 [[1;32mNOTICE[0m] CUID#12 - Redirecting to https://release-assets.githubusercontent.com/github-production-release-asset/900124341/7f31483b-ea99-4028-8fec-94f12384301a?sp=r&sv=2018-11-09&sr=b&spr=https&se=2026-08-19T12%3A12%3A35Z&rscd=attachment%3B+filename%3Dclang-28b975ada54f8610ed531a6b57253aed10e7c87d.tar.gz&rsct=application%2Foctet-stream&skoid=96c2d410-5711-43a1-aedd-ab1947aa7ab0&sktid=398a6654-997b-47e9-b12b-9515b896b4de&skt=2026-08-19T11%3A12%3A15Z&ske=2026-08-19T12%3A12%3A35Z&sks=b&skv=2018-11-09&sig=0xwh6EspQKdopPF3vIH%2Fqwj7ESvbGdtqxZ4wBdwf7Rg%3D&jwt=***
2026-08-19T11:38:36.1057356Z 
2026-08-19T11:38:36.1068707Z 08/19 11:38:36 [[1;32mNOTICE[0m] CUID#13 - Redirecting to https://release-assets.githubusercontent.com/github-production-release-asset/900124341/7f31483b-ea99-4028-8fec-94f12384301a?sp=r&sv=2018-11-09&sr=b&spr=https&se=2026-08-19T12%3A12%3A35Z&rscd=attachment%3B+filename%3Dclang-28b975ada54f8610ed531a6b57253aed10e7c87d.tar.gz&rsct=application%2Foctet-stream&skoid=96c2d410-5711-43a1-aedd-ab1947aa7ab0&sktid=398a6654-997b-47e9-b12b-9515b896b4de&skt=2026-08-19T11%3A12%3A15Z&ske=2026-08-19T12%3A12%3A35Z&sks=b&skv=2018-11-09&sig=0xwh6EspQKdopPF3vIH%2Fqwj7ESvbGdtqxZ4wBdwf7Rg%3D&jwt=***
2026-08-19T11:38:36.1072562Z 
2026-08-19T11:38:36.1083733Z 08/19 11:38:36 [[1;32mNOTICE[0m] CUID#14 - Redirecting to https://release-assets.githubusercontent.com/github-production-release-asset/900124341/7f31483b-ea99-4028-8fec-94f12384301a?sp=r&sv=2018-11-09&sr=b&spr=https&se=2026-08-19T12%3A12%3A35Z&rscd=attachment%3B+filename%3Dclang-28b975ada54f8610ed531a6b57253aed10e7c87d.tar.gz&rsct=application%2Foctet-stream&skoid=96c2d410-5711-43a1-aedd-ab1947aa7ab0&sktid=398a6654-997b-47e9-b12b-9515b896b4de&skt=2026-08-19T11%3A12%3A15Z&ske=2026-08-19T12%3A12%3A35Z&sks=b&skv=2018-11-09&sig=0xwh6EspQKdopPF3vIH%2Fqwj7ESvbGdtqxZ4wBdwf7Rg%3D&jwt=***
2026-08-19T11:38:36.1088032Z 
2026-08-19T11:38:36.1099809Z 08/19 11:38:36 [[1;32mNOTICE[0m] CUID#15 - Redirecting to https://release-assets.githubusercontent.com/github-production-release-asset/900124341/7f31483b-ea99-4028-8fec-94f12384301a?sp=r&sv=2018-11-09&sr=b&spr=https&se=2026-08-19T12%3A12%3A35Z&rscd=attachment%3B+filename%3Dclang-28b975ada54f8610ed531a6b57253aed10e7c87d.tar.gz&rsct=application%2Foctet-stream&skoid=96c2d410-5711-43a1-aedd-ab1947aa7ab0&sktid=398a6654-997b-47e9-b12b-9515b896b4de&skt=2026-08-19T11%3A12%3A15Z&ske=2026-08-19T12%3A12%3A35Z&sks=b&skv=2018-11-09&sig=0xwh6EspQKdopPF3vIH%2Fqwj7ESvbGdtqxZ4wBdwf7Rg%3D&jwt=***
2026-08-19T11:38:36.1103632Z 
2026-08-19T11:38:36.1115179Z 08/19 11:38:36 [[1;32mNOTICE[0m] CUID#16 - Redirecting to https://release-assets.githubusercontent.com/github-production-release-asset/900124341/7f31483b-ea99-4028-8fec-94f12384301a?sp=r&sv=2018-11-09&sr=b&spr=https&se=2026-08-19T12%3A12%3A35Z&rscd=attachment%3B+filename%3Dclang-28b975ada54f8610ed531a6b57253aed10e7c87d.tar.gz&rsct=application%2Foctet-stream&skoid=96c2d410-5711-43a1-aedd-ab1947aa7ab0&sktid=398a6654-997b-47e9-b12b-9515b896b4de&skt=2026-08-19T11%3A12%3A15Z&ske=2026-08-19T12%3A12%3A35Z&sks=b&skv=2018-11-09&sig=0xwh6EspQKdopPF3vIH%2Fqwj7ESvbGdtqxZ4wBdwf7Rg%3D&jwt=***
2026-08-19T11:38:36.1119201Z 
2026-08-19T11:38:36.1131042Z 08/19 11:38:36 [[1;32mNOTICE[0m] CUID#17 - Redirecting to https://release-assets.githubusercontent.com/github-production-release-asset/900124341/7f31483b-ea99-4028-8fec-94f12384301a?sp=r&sv=2018-11-09&sr=b&spr=https&se=2026-08-19T12%3A12%3A35Z&rscd=attachment%3B+filename%3Dclang-28b975ada54f8610ed531a6b57253aed10e7c87d.tar.gz&rsct=application%2Foctet-stream&skoid=96c2d410-5711-43a1-aedd-ab1947aa7ab0&sktid=398a6654-997b-47e9-b12b-9515b896b4de&skt=2026-08-19T11%3A12%3A15Z&ske=2026-08-19T12%3A12%3A35Z&sks=b&skv=2018-11-09&sig=0xwh6EspQKdopPF3vIH%2Fqwj7ESvbGdtqxZ4wBdwf7Rg%3D&jwt=***
2026-08-19T11:38:36.1135078Z 
2026-08-19T11:38:36.1145810Z 08/19 11:38:36 [[1;32mNOTICE[0m] CUID#18 - Redirecting to https://release-assets.githubusercontent.com/github-production-release-asset/900124341/7f31483b-ea99-4028-8fec-94f12384301a?sp=r&sv=2018-11-09&sr=b&spr=https&se=2026-08-19T12%3A12%3A35Z&rscd=attachment%3B+filename%3Dclang-28b975ada54f8610ed531a6b57253aed10e7c87d.tar.gz&rsct=application%2Foctet-stream&skoid=96c2d410-5711-43a1-aedd-ab1947aa7ab0&sktid=398a6654-997b-47e9-b12b-9515b896b4de&skt=2026-08-19T11%3A12%3A15Z&ske=2026-08-19T12%3A12%3A35Z&sks=b&skv=2018-11-09&sig=0xwh6EspQKdopPF3vIH%2Fqwj7ESvbGdtqxZ4wBdwf7Rg%3D&jwt=***
2026-08-19T11:38:36.1150105Z 
2026-08-19T11:38:36.1159669Z 08/19 11:38:36 [[1;32mNOTICE[0m] CUID#19 - Redirecting to https://release-assets.githubusercontent.com/github-production-release-asset/900124341/7f31483b-ea99-4028-8fec-94f12384301a?sp=r&sv=2018-11-09&sr=b&spr=https&se=2026-08-19T12%3A12%3A35Z&rscd=attachment%3B+filename%3Dclang-28b975ada54f8610ed531a6b57253aed10e7c87d.tar.gz&rsct=application%2Foctet-stream&skoid=96c2d410-5711-43a1-aedd-ab1947aa7ab0&sktid=398a6654-997b-47e9-b12b-9515b896b4de&skt=2026-08-19T11%3A12%3A15Z&ske=2026-08-19T12%3A12%3A35Z&sks=b&skv=2018-11-09&sig=0xwh6EspQKdopPF3vIH%2Fqwj7ESvbGdtqxZ4wBdwf7Rg%3D&jwt=***
2026-08-19T11:38:36.1163451Z 
2026-08-19T11:38:36.1173543Z 08/19 11:38:36 [[1;32mNOTICE[0m] CUID#20 - Redirecting to https://release-assets.githubusercontent.com/github-production-release-asset/900124341/7f31483b-ea99-4028-8fec-94f12384301a?sp=r&sv=2018-11-09&sr=b&spr=https&se=2026-08-19T12%3A12%3A35Z&rscd=attachment%3B+filename%3Dclang-28b975ada54f8610ed531a6b57253aed10e7c87d.tar.gz&rsct=application%2Foctet-stream&skoid=96c2d410-5711-43a1-aedd-ab1947aa7ab0&sktid=398a6654-997b-47e9-b12b-9515b896b4de&skt=2026-08-19T11%3A12%3A15Z&ske=2026-08-19T12%3A12%3A35Z&sks=b&skv=2018-11-09&sig=0xwh6EspQKdopPF3vIH%2Fqwj7ESvbGdtqxZ4wBdwf7Rg%3D&jwt=***
2026-08-19T11:38:36.1176669Z 
2026-08-19T11:38:36.1186833Z 08/19 11:38:36 [[1;32mNOTICE[0m] CUID#9 - Redirecting to https://release-assets.githubusercontent.com/github-production-release-asset/900124341/6479600a-860d-4ca9-9a43-16b6732bbb20?sp=r&sv=2018-11-09&sr=b&spr=https&se=2026-08-19T12%3A14%3A20Z&rscd=attachment%3B+filename%3Dbuild-tools-d153b7ab4a4956198957e258d4f370e875c53059.tar.gz&rsct=application%2Foctet-stream&skoid=96c2d410-5711-43a1-aedd-ab1947aa7ab0&sktid=398a6654-997b-47e9-b12b-9515b896b4de&skt=2026-08-19T11%3A13%3A45Z&ske=2026-08-19T12%3A14%3A20Z&sks=b&skv=2018-11-09&sig=A4dO6jzy53rcEdwY%2BsvPIo5%2Fra7rOm9bYrREk0KBHUY%3D&jwt=***
2026-08-19T11:38:36.1191429Z 
2026-08-19T11:38:36.1211844Z 08/19 11:38:36 [[1;32mNOTICE[0m] CUID#10 - Redirecting to https://release-assets.githubusercontent.com/github-production-release-asset/900124341/6479600a-860d-4ca9-9a43-16b6732bbb20?sp=r&sv=2018-11-09&sr=b&spr=https&se=2026-08-19T12%3A14%3A20Z&rscd=attachment%3B+filename%3Dbuild-tools-d153b7ab4a4956198957e258d4f370e875c53059.tar.gz&rsct=application%2Foctet-stream&skoid=96c2d410-5711-43a1-aedd-ab1947aa7ab0&sktid=398a6654-997b-47e9-b12b-9515b896b4de&skt=2026-08-19T11%3A13%3A45Z&ske=2026-08-19T12%3A14%3A20Z&sks=b&skv=2018-11-09&sig=A4dO6jzy53rcEdwY%2BsvPIo5%2Fra7rOm9bYrREk0KBHUY%3D&jwt=***
2026-08-19T11:38:36.1236048Z 
2026-08-19T11:38:36.1246885Z 08/19 11:38:36 [[1;32mNOTICE[0m] CUID#11 - Redirecting to https://release-assets.githubusercontent.com/github-production-release-asset/900124341/6479600a-860d-4ca9-9a43-16b6732bbb20?sp=r&sv=2018-11-09&sr=b&spr=https&se=2026-08-19T12%3A14%3A20Z&rscd=attachment%3B+filename%3Dbuild-tools-d153b7ab4a4956198957e258d4f370e875c53059.tar.gz&rsct=application%2Foctet-stream&skoid=96c2d410-5711-43a1-aedd-ab1947aa7ab0&sktid=398a6654-997b-47e9-b12b-9515b896b4de&skt=2026-08-19T11%3A13%3A45Z&ske=2026-08-19T12%3A14%3A20Z&sks=b&skv=2018-11-09&sig=A4dO6jzy53rcEdwY%2BsvPIo5%2Fra7rOm9bYrREk0KBHUY%3D&jwt=***
2026-08-19T11:38:36.1252047Z 
2026-08-19T11:38:36.1264301Z 08/19 11:38:36 [[1;32mNOTICE[0m] CUID#12 - Redirecting to https://release-assets.githubusercontent.com/github-production-release-asset/900124341/6479600a-860d-4ca9-9a43-16b6732bbb20?sp=r&sv=2018-11-09&sr=b&spr=https&se=2026-08-19T12%3A14%3A20Z&rscd=attachment%3B+filename%3Dbuild-tools-d153b7ab4a4956198957e258d4f370e875c53059.tar.gz&rsct=application%2Foctet-stream&skoid=96c2d410-5711-43a1-aedd-ab1947aa7ab0&sktid=398a6654-997b-47e9-b12b-9515b896b4de&skt=2026-08-19T11%3A13%3A45Z&ske=2026-08-19T12%3A14%3A20Z&sks=b&skv=2018-11-09&sig=A4dO6jzy53rcEdwY%2BsvPIo5%2Fra7rOm9bYrREk0KBHUY%3D&jwt=***
2026-08-19T11:38:36.1298748Z 
2026-08-19T11:38:36.1308982Z 08/19 11:38:36 [[1;32mNOTICE[0m] CUID#13 - Redirecting to https://release-assets.githubusercontent.com/github-production-release-asset/900124341/6479600a-860d-4ca9-9a43-16b6732bbb20?sp=r&sv=2018-11-09&sr=b&spr=https&se=2026-08-19T12%3A14%3A20Z&rscd=attachment%3B+filename%3Dbuild-tools-d153b7ab4a4956198957e258d4f370e875c53059.tar.gz&rsct=application%2Foctet-stream&skoid=96c2d410-5711-43a1-aedd-ab1947aa7ab0&sktid=398a6654-997b-47e9-b12b-9515b896b4de&skt=2026-08-19T11%3A13%3A45Z&ske=2026-08-19T12%3A14%3A20Z&sks=b&skv=2018-11-09&sig=A4dO6jzy53rcEdwY%2BsvPIo5%2Fra7rOm9bYrREk0KBHUY%3D&jwt=***
2026-08-19T11:38:36.1312826Z 
2026-08-19T11:38:36.1323229Z 08/19 11:38:36 [[1;32mNOTICE[0m] CUID#14 - Redirecting to https://release-assets.githubusercontent.com/github-production-release-asset/900124341/6479600a-860d-4ca9-9a43-16b6732bbb20?sp=r&sv=2018-11-09&sr=b&spr=https&se=2026-08-19T12%3A14%3A20Z&rscd=attachment%3B+filename%3Dbuild-tools-d153b7ab4a4956198957e258d4f370e875c53059.tar.gz&rsct=application%2Foctet-stream&skoid=96c2d410-5711-43a1-aedd-ab1947aa7ab0&sktid=398a6654-997b-47e9-b12b-9515b896b4de&skt=2026-08-19T11%3A13%3A45Z&ske=2026-08-19T12%3A14%3A20Z&sks=b&skv=2018-11-09&sig=A4dO6jzy53rcEdwY%2BsvPIo5%2Fra7rOm9bYrREk0KBHUY%3D&jwt=***
2026-08-19T11:38:36.1357526Z 
2026-08-19T11:38:36.1367763Z 08/19 11:38:36 [[1;32mNOTICE[0m] CUID#15 - Redirecting to https://release-assets.githubusercontent.com/github-production-release-asset/900124341/6479600a-860d-4ca9-9a43-16b6732bbb20?sp=r&sv=2018-11-09&sr=b&spr=https&se=2026-08-19T12%3A14%3A20Z&rscd=attachment%3B+filename%3Dbuild-tools-d153b7ab4a4956198957e258d4f370e875c53059.tar.gz&rsct=application%2Foctet-stream&skoid=96c2d410-5711-43a1-aedd-ab1947aa7ab0&sktid=398a6654-997b-47e9-b12b-9515b896b4de&skt=2026-08-19T11%3A13%3A45Z&ske=2026-08-19T12%3A14%3A20Z&sks=b&skv=2018-11-09&sig=A4dO6jzy53rcEdwY%2BsvPIo5%2Fra7rOm9bYrREk0KBHUY%3D&jwt=***
2026-08-19T11:38:36.1371572Z 
2026-08-19T11:38:36.1381768Z 08/19 11:38:36 [[1;32mNOTICE[0m] CUID#16 - Redirecting to https://release-assets.githubusercontent.com/github-production-release-asset/900124341/6479600a-860d-4ca9-9a43-16b6732bbb20?sp=r&sv=2018-11-09&sr=b&spr=https&se=2026-08-19T12%3A14%3A20Z&rscd=attachment%3B+filename%3Dbuild-tools-d153b7ab4a4956198957e258d4f370e875c53059.tar.gz&rsct=application%2Foctet-stream&skoid=96c2d410-5711-43a1-aedd-ab1947aa7ab0&sktid=398a6654-997b-47e9-b12b-9515b896b4de&skt=2026-08-19T11%3A13%3A45Z&ske=2026-08-19T12%3A14%3A20Z&sks=b&skv=2018-11-09&sig=A4dO6jzy53rcEdwY%2BsvPIo5%2Fra7rOm9bYrREk0KBHUY%3D&jwt=***
2026-08-19T11:38:36.1388391Z 
2026-08-19T11:38:36.1401051Z 08/19 11:38:36 [[1;32mNOTICE[0m] CUID#17 - Redirecting to https://release-assets.githubusercontent.com/github-production-release-asset/900124341/6479600a-860d-4ca9-9a43-16b6732bbb20?sp=r&sv=2018-11-09&sr=b&spr=https&se=2026-08-19T12%3A14%3A20Z&rscd=attachment%3B+filename%3Dbuild-tools-d153b7ab4a4956198957e258d4f370e875c53059.tar.gz&rsct=application%2Foctet-stream&skoid=96c2d410-5711-43a1-aedd-ab1947aa7ab0&sktid=398a6654-997b-47e9-b12b-9515b896b4de&skt=2026-08-19T11%3A13%3A45Z&ske=2026-08-19T12%3A14%3A20Z&sks=b&skv=2018-11-09&sig=A4dO6jzy53rcEdwY%2BsvPIo5%2Fra7rOm9bYrREk0KBHUY%3D&jwt=***
2026-08-19T11:38:36.1406907Z 
2026-08-19T11:38:36.1419000Z 08/19 11:38:36 [[1;32mNOTICE[0m] CUID#18 - Redirecting to https://release-assets.githubusercontent.com/github-production-release-asset/900124341/6479600a-860d-4ca9-9a43-16b6732bbb20?sp=r&sv=2018-11-09&sr=b&spr=https&se=2026-08-19T12%3A14%3A20Z&rscd=attachment%3B+filename%3Dbuild-tools-d153b7ab4a4956198957e258d4f370e875c53059.tar.gz&rsct=application%2Foctet-stream&skoid=96c2d410-5711-43a1-aedd-ab1947aa7ab0&sktid=398a6654-997b-47e9-b12b-9515b896b4de&skt=2026-08-19T11%3A13%3A45Z&ske=2026-08-19T12%3A14%3A20Z&sks=b&skv=2018-11-09&sig=A4dO6jzy53rcEdwY%2BsvPIo5%2Fra7rOm9bYrREk0KBHUY%3D&jwt=***
2026-08-19T11:38:36.1423077Z 
2026-08-19T11:38:36.1433144Z 08/19 11:38:36 [[1;32mNOTICE[0m] CUID#19 - Redirecting to https://release-assets.githubusercontent.com/github-production-release-asset/900124341/6479600a-860d-4ca9-9a43-16b6732bbb20?sp=r&sv=2018-11-09&sr=b&spr=https&se=2026-08-19T12%3A14%3A20Z&rscd=attachment%3B+filename%3Dbuild-tools-d153b7ab4a4956198957e258d4f370e875c53059.tar.gz&rsct=application%2Foctet-stream&skoid=96c2d410-5711-43a1-aedd-ab1947aa7ab0&sktid=398a6654-997b-47e9-b12b-9515b896b4de&skt=2026-08-19T11%3A13%3A45Z&ske=2026-08-19T12%3A14%3A20Z&sks=b&skv=2018-11-09&sig=A4dO6jzy53rcEdwY%2BsvPIo5%2Fra7rOm9bYrREk0KBHUY%3D&jwt=***
2026-08-19T11:38:36.1437112Z 
2026-08-19T11:38:36.1450360Z 08/19 11:38:36 [[1;32mNOTICE[0m] CUID#20 - Redirecting to https://release-assets.githubusercontent.com/github-production-release-asset/900124341/6479600a-860d-4ca9-9a43-16b6732bbb20?sp=r&sv=2018-11-09&sr=b&spr=https&se=2026-08-19T12%3A14%3A20Z&rscd=attachment%3B+filename%3Dbuild-tools-d153b7ab4a4956198957e258d4f370e875c53059.tar.gz&rsct=application%2Foctet-stream&skoid=96c2d410-5711-43a1-aedd-ab1947aa7ab0&sktid=398a6654-997b-47e9-b12b-9515b896b4de&skt=2026-08-19T11%3A13%3A45Z&ske=2026-08-19T12%3A14%3A20Z&sks=b&skv=2018-11-09&sig=A4dO6jzy53rcEdwY%2BsvPIo5%2Fra7rOm9bYrREk0KBHUY%3D&jwt=***
2026-08-19T11:38:36.1454441Z 
2026-08-19T11:38:36.1468097Z 08/19 11:38:36 [[1;32mNOTICE[0m] CUID#21 - Redirecting to https://release-assets.githubusercontent.com/github-production-release-asset/900124341/6479600a-860d-4ca9-9a43-16b6732bbb20?sp=r&sv=2018-11-09&sr=b&spr=https&se=2026-08-19T12%3A14%3A20Z&rscd=attachment%3B+filename%3Dbuild-tools-d153b7ab4a4956198957e258d4f370e875c53059.tar.gz&rsct=application%2Foctet-stream&skoid=96c2d410-5711-43a1-aedd-ab1947aa7ab0&sktid=398a6654-997b-47e9-b12b-9515b896b4de&skt=2026-08-19T11%3A13%3A45Z&ske=2026-08-19T12%3A14%3A20Z&sks=b&skv=2018-11-09&sig=A4dO6jzy53rcEdwY%2BsvPIo5%2Fra7rOm9bYrREk0KBHUY%3D&jwt=***
2026-08-19T11:38:36.1471887Z 
2026-08-19T11:38:36.1482912Z 08/19 11:38:36 [[1;32mNOTICE[0m] CUID#12 - Redirecting to https://release-assets.githubusercontent.com/github-production-release-asset/900124341/7f31483b-ea99-4028-8fec-94f12384301a?sp=r&sv=2018-11-09&sr=b&spr=https&se=2026-08-19T12%3A12%3A35Z&rscd=attachment%3B+filename%3Dclang-28b975ada54f8610ed531a6b57253aed10e7c87d.tar.gz&rsct=application%2Foctet-stream&skoid=96c2d410-5711-43a1-aedd-ab1947aa7ab0&sktid=398a6654-997b-47e9-b12b-9515b896b4de&skt=2026-08-19T11%3A12%3A15Z&ske=2026-08-19T12%3A12%3A35Z&sks=b&skv=2018-11-09&sig=0xwh6EspQKdopPF3vIH%2Fqwj7ESvbGdtqxZ4wBdwf7Rg%3D&jwt=***
2026-08-19T11:38:36.1486915Z 
2026-08-19T11:38:36.1499556Z 08/19 11:38:36 [[1;32mNOTICE[0m] CUID#11 - Redirecting to https://release-assets.githubusercontent.com/github-production-release-asset/900124341/7f31483b-ea99-4028-8fec-94f12384301a?sp=r&sv=2018-11-09&sr=b&spr=https&se=2026-08-19T12%3A12%3A35Z&rscd=attachment%3B+filename%3Dclang-28b975ada54f8610ed531a6b57253aed10e7c87d.tar.gz&rsct=application%2Foctet-stream&skoid=96c2d410-5711-43a1-aedd-ab1947aa7ab0&sktid=398a6654-997b-47e9-b12b-9515b896b4de&skt=2026-08-19T11%3A12%3A15Z&ske=2026-08-19T12%3A12%3A35Z&sks=b&skv=2018-11-09&sig=0xwh6EspQKdopPF3vIH%2Fqwj7ESvbGdtqxZ4wBdwf7Rg%3D&jwt=***
2026-08-19T11:38:36.1505066Z 
2026-08-19T11:38:36.1518660Z 08/19 11:38:36 [[1;32mNOTICE[0m] CUID#14 - Redirecting to https://release-assets.githubusercontent.com/github-production-release-asset/900124341/7f31483b-ea99-4028-8fec-94f12384301a?sp=r&sv=2018-11-09&sr=b&spr=https&se=2026-08-19T12%3A12%3A35Z&rscd=attachment%3B+filename%3Dclang-28b975ada54f8610ed531a6b57253aed10e7c87d.tar.gz&rsct=application%2Foctet-stream&skoid=96c2d410-5711-43a1-aedd-ab1947aa7ab0&sktid=398a6654-997b-47e9-b12b-9515b896b4de&skt=2026-08-19T11%3A12%3A15Z&ske=2026-08-19T12%3A12%3A35Z&sks=b&skv=2018-11-09&sig=0xwh6EspQKdopPF3vIH%2Fqwj7ESvbGdtqxZ4wBdwf7Rg%3D&jwt=***
2026-08-19T11:38:36.1522646Z 
2026-08-19T11:38:36.1534383Z 08/19 11:38:36 [[1;32mNOTICE[0m] CUID#17 - Redirecting to https://release-assets.githubusercontent.com/github-production-release-asset/900124341/7f31483b-ea99-4028-8fec-94f12384301a?sp=r&sv=2018-11-09&sr=b&spr=https&se=2026-08-19T12%3A12%3A35Z&rscd=attachment%3B+filename%3Dclang-28b975ada54f8610ed531a6b57253aed10e7c87d.tar.gz&rsct=application%2Foctet-stream&skoid=96c2d410-5711-43a1-aedd-ab1947aa7ab0&sktid=398a6654-997b-47e9-b12b-9515b896b4de&skt=2026-08-19T11%3A12%3A15Z&ske=2026-08-19T12%3A12%3A35Z&sks=b&skv=2018-11-09&sig=0xwh6EspQKdopPF3vIH%2Fqwj7ESvbGdtqxZ4wBdwf7Rg%3D&jwt=***
2026-08-19T11:38:36.1538376Z 
2026-08-19T11:38:36.1548951Z 08/19 11:38:36 [[1;32mNOTICE[0m] CUID#19 - Redirecting to https://release-assets.githubusercontent.com/github-production-release-asset/900124341/7f31483b-ea99-4028-8fec-94f12384301a?sp=r&sv=2018-11-09&sr=b&spr=https&se=2026-08-19T12%3A12%3A35Z&rscd=attachment%3B+filename%3Dclang-28b975ada54f8610ed531a6b57253aed10e7c87d.tar.gz&rsct=application%2Foctet-stream&skoid=96c2d410-5711-43a1-aedd-ab1947aa7ab0&sktid=398a6654-997b-47e9-b12b-9515b896b4de&skt=2026-08-19T11%3A12%3A15Z&ske=2026-08-19T12%3A12%3A35Z&sks=b&skv=2018-11-09&sig=0xwh6EspQKdopPF3vIH%2Fqwj7ESvbGdtqxZ4wBdwf7Rg%3D&jwt=***
2026-08-19T11:38:36.1554442Z 
2026-08-19T11:38:36.1569659Z 08/19 11:38:36 [[1;32mNOTICE[0m] CUID#13 - Redirecting to https://release-assets.githubusercontent.com/github-production-release-asset/900124341/7f31483b-ea99-4028-8fec-94f12384301a?sp=r&sv=2018-11-09&sr=b&spr=https&se=2026-08-19T12%3A12%3A35Z&rscd=attachment%3B+filename%3Dclang-28b975ada54f8610ed531a6b57253aed10e7c87d.tar.gz&rsct=application%2Foctet-stream&skoid=96c2d410-5711-43a1-aedd-ab1947aa7ab0&sktid=398a6654-997b-47e9-b12b-9515b896b4de&skt=2026-08-19T11%3A12%3A15Z&ske=2026-08-19T12%3A12%3A35Z&sks=b&skv=2018-11-09&sig=0xwh6EspQKdopPF3vIH%2Fqwj7ESvbGdtqxZ4wBdwf7Rg%3D&jwt=***
2026-08-19T11:38:36.1573428Z 
2026-08-19T11:38:36.1586124Z 08/19 11:38:36 [[1;32mNOTICE[0m] CUID#15 - Redirecting to https://release-assets.githubusercontent.com/github-production-release-asset/900124341/7f31483b-ea99-4028-8fec-94f12384301a?sp=r&sv=2018-11-09&sr=b&spr=https&se=2026-08-19T12%3A12%3A35Z&rscd=attachment%3B+filename%3Dclang-28b975ada54f8610ed531a6b57253aed10e7c87d.tar.gz&rsct=application%2Foctet-stream&skoid=96c2d410-5711-43a1-aedd-ab1947aa7ab0&sktid=398a6654-997b-47e9-b12b-9515b896b4de&skt=2026-08-19T11%3A12%3A15Z&ske=2026-08-19T12%3A12%3A35Z&sks=b&skv=2018-11-09&sig=0xwh6EspQKdopPF3vIH%2Fqwj7ESvbGdtqxZ4wBdwf7Rg%3D&jwt=***
2026-08-19T11:38:36.1590763Z 
2026-08-19T11:38:36.1604289Z 08/19 11:38:36 [[1;32mNOTICE[0m] CUID#22 - Redirecting to https://release-assets.githubusercontent.com/github-production-release-asset/900124341/6479600a-860d-4ca9-9a43-16b6732bbb20?sp=r&sv=2018-11-09&sr=b&spr=https&se=2026-08-19T12%3A14%3A20Z&rscd=attachment%3B+filename%3Dbuild-tools-d153b7ab4a4956198957e258d4f370e875c53059.tar.gz&rsct=application%2Foctet-stream&skoid=96c2d410-5711-43a1-aedd-ab1947aa7ab0&sktid=398a6654-997b-47e9-b12b-9515b896b4de&skt=2026-08-19T11%3A13%3A45Z&ske=2026-08-19T12%3A14%3A20Z&sks=b&skv=2018-11-09&sig=A4dO6jzy53rcEdwY%2BsvPIo5%2Fra7rOm9bYrREk0KBHUY%3D&jwt=***
2026-08-19T11:38:36.1609905Z 
2026-08-19T11:38:36.1622570Z 08/19 11:38:36 [[1;32mNOTICE[0m] CUID#16 - Redirecting to https://release-assets.githubusercontent.com/github-production-release-asset/900124341/7f31483b-ea99-4028-8fec-94f12384301a?sp=r&sv=2018-11-09&sr=b&spr=https&se=2026-08-19T12%3A12%3A35Z&rscd=attachment%3B+filename%3Dclang-28b975ada54f8610ed531a6b57253aed10e7c87d.tar.gz&rsct=application%2Foctet-stream&skoid=96c2d410-5711-43a1-aedd-ab1947aa7ab0&sktid=398a6654-997b-47e9-b12b-9515b896b4de&skt=2026-08-19T11%3A12%3A15Z&ske=2026-08-19T12%3A12%3A35Z&sks=b&skv=2018-11-09&sig=0xwh6EspQKdopPF3vIH%2Fqwj7ESvbGdtqxZ4wBdwf7Rg%3D&jwt=***
2026-08-19T11:38:36.1629439Z 
2026-08-19T11:38:36.1641048Z 08/19 11:38:36 [[1;32mNOTICE[0m] CUID#18 - Redirecting to https://release-assets.githubusercontent.com/github-production-release-asset/900124341/7f31483b-ea99-4028-8fec-94f12384301a?sp=r&sv=2018-11-09&sr=b&spr=https&se=2026-08-19T12%3A12%3A35Z&rscd=attachment%3B+filename%3Dclang-28b975ada54f8610ed531a6b57253aed10e7c87d.tar.gz&rsct=application%2Foctet-stream&skoid=96c2d410-5711-43a1-aedd-ab1947aa7ab0&sktid=398a6654-997b-47e9-b12b-9515b896b4de&skt=2026-08-19T11%3A12%3A15Z&ske=2026-08-19T12%3A12%3A35Z&sks=b&skv=2018-11-09&sig=0xwh6EspQKdopPF3vIH%2Fqwj7ESvbGdtqxZ4wBdwf7Rg%3D&jwt=***
2026-08-19T11:38:36.1643633Z 
2026-08-19T11:38:36.1650122Z 08/19 11:38:36 [[1;32mNOTICE[0m] CUID#20 - Redirecting to https://release-assets.githubusercontent.com/github-production-release-asset/900124341/7f31483b-ea99-4028-8fec-94f12384301a?sp=r&sv=2018-11-09&sr=b&spr=https&se=2026-08-19T12%3A12%3A35Z&rscd=attachment%3B+filename%3Dclang-28b975ada54f8610ed531a6b57253aed10e7c87d.tar.gz&rsct=application%2Foctet-stream&skoid=96c2d410-5711-43a1-aedd-ab1947aa7ab0&sktid=398a6654-997b-47e9-b12b-9515b896b4de&skt=2026-08-19T11%3A12%3A15Z&ske=2026-08-19T12%3A12%3A35Z&sks=b&skv=2018-11-09&sig=0xwh6EspQKdopPF3vIH%2Fqwj7ESvbGdtqxZ4wBdwf7Rg%3D&jwt=***
2026-08-19T11:38:36.1652323Z 
2026-08-19T11:38:36.1664198Z 08/19 11:38:36 [[1;32mNOTICE[0m] CUID#10 - Redirecting to https://release-assets.githubusercontent.com/github-production-release-asset/900124341/6479600a-860d-4ca9-9a43-16b6732bbb20?sp=r&sv=2018-11-09&sr=b&spr=https&se=2026-08-19T12%3A14%3A20Z&rscd=attachment%3B+filename%3Dbuild-tools-d153b7ab4a4956198957e258d4f370e875c53059.tar.gz&rsct=application%2Foctet-stream&skoid=96c2d410-5711-43a1-aedd-ab1947aa7ab0&sktid=398a6654-997b-47e9-b12b-9515b896b4de&skt=2026-08-19T11%3A13%3A45Z&ske=2026-08-19T12%3A14%3A20Z&sks=b&skv=2018-11-09&sig=A4dO6jzy53rcEdwY%2BsvPIo5%2Fra7rOm9bYrREk0KBHUY%3D&jwt=***
2026-08-19T11:38:36.1669759Z 
2026-08-19T11:38:36.1681216Z 08/19 11:38:36 [[1;32mNOTICE[0m] CUID#15 - Redirecting to https://release-assets.githubusercontent.com/github-production-release-asset/900124341/6479600a-860d-4ca9-9a43-16b6732bbb20?sp=r&sv=2018-11-09&sr=b&spr=https&se=2026-08-19T12%3A14%3A20Z&rscd=attachment%3B+filename%3Dbuild-tools-d153b7ab4a4956198957e258d4f370e875c53059.tar.gz&rsct=application%2Foctet-stream&skoid=96c2d410-5711-43a1-aedd-ab1947aa7ab0&sktid=398a6654-997b-47e9-b12b-9515b896b4de&skt=2026-08-19T11%3A13%3A45Z&ske=2026-08-19T12%3A14%3A20Z&sks=b&skv=2018-11-09&sig=A4dO6jzy53rcEdwY%2BsvPIo5%2Fra7rOm9bYrREk0KBHUY%3D&jwt=***
2026-08-19T11:38:36.1685174Z 
2026-08-19T11:38:36.1697976Z 08/19 11:38:36 [[1;32mNOTICE[0m] CUID#13 - Redirecting to https://release-assets.githubusercontent.com/github-production-release-asset/900124341/6479600a-860d-4ca9-9a43-16b6732bbb20?sp=r&sv=2018-11-09&sr=b&spr=https&se=2026-08-19T12%3A14%3A20Z&rscd=attachment%3B+filename%3Dbuild-tools-d153b7ab4a4956198957e258d4f370e875c53059.tar.gz&rsct=application%2Foctet-stream&skoid=96c2d410-5711-43a1-aedd-ab1947aa7ab0&sktid=398a6654-997b-47e9-b12b-9515b896b4de&skt=2026-08-19T11%3A13%3A45Z&ske=2026-08-19T12%3A14%3A20Z&sks=b&skv=2018-11-09&sig=A4dO6jzy53rcEdwY%2BsvPIo5%2Fra7rOm9bYrREk0KBHUY%3D&jwt=***
2026-08-19T11:38:36.1701779Z 
2026-08-19T11:38:36.1712083Z 08/19 11:38:36 [[1;32mNOTICE[0m] CUID#17 - Redirecting to https://release-assets.githubusercontent.com/github-production-release-asset/900124341/6479600a-860d-4ca9-9a43-16b6732bbb20?sp=r&sv=2018-11-09&sr=b&spr=https&se=2026-08-19T12%3A14%3A20Z&rscd=attachment%3B+filename%3Dbuild-tools-d153b7ab4a4956198957e258d4f370e875c53059.tar.gz&rsct=application%2Foctet-stream&skoid=96c2d410-5711-43a1-aedd-ab1947aa7ab0&sktid=398a6654-997b-47e9-b12b-9515b896b4de&skt=2026-08-19T11%3A13%3A45Z&ske=2026-08-19T12%3A14%3A20Z&sks=b&skv=2018-11-09&sig=A4dO6jzy53rcEdwY%2BsvPIo5%2Fra7rOm9bYrREk0KBHUY%3D&jwt=***
2026-08-19T11:38:36.1716123Z 
2026-08-19T11:38:36.1748713Z 08/19 11:38:36 [[1;32mNOTICE[0m] CUID#11 - Redirecting to https://release-assets.githubusercontent.com/github-production-release-asset/900124341/6479600a-860d-4ca9-9a43-16b6732bbb20?sp=r&sv=2018-11-09&sr=b&spr=https&se=2026-08-19T12%3A14%3A20Z&rscd=attachment%3B+filename%3Dbuild-tools-d153b7ab4a4956198957e258d4f370e875c53059.tar.gz&rsct=application%2Foctet-stream&skoid=96c2d410-5711-43a1-aedd-ab1947aa7ab0&sktid=398a6654-997b-47e9-b12b-9515b896b4de&skt=2026-08-19T11%3A13%3A45Z&ske=2026-08-19T12%3A14%3A20Z&sks=b&skv=2018-11-09&sig=A4dO6jzy53rcEdwY%2BsvPIo5%2Fra7rOm9bYrREk0KBHUY%3D&jwt=***
2026-08-19T11:38:36.1752750Z 
2026-08-19T11:38:36.1762982Z 08/19 11:38:36 [[1;32mNOTICE[0m] CUID#12 - Redirecting to https://release-assets.githubusercontent.com/github-production-release-asset/900124341/6479600a-860d-4ca9-9a43-16b6732bbb20?sp=r&sv=2018-11-09&sr=b&spr=https&se=2026-08-19T12%3A14%3A20Z&rscd=attachment%3B+filename%3Dbuild-tools-d153b7ab4a4956198957e258d4f370e875c53059.tar.gz&rsct=application%2Foctet-stream&skoid=96c2d410-5711-43a1-aedd-ab1947aa7ab0&sktid=398a6654-997b-47e9-b12b-9515b896b4de&skt=2026-08-19T11%3A13%3A45Z&ske=2026-08-19T12%3A14%3A20Z&sks=b&skv=2018-11-09&sig=A4dO6jzy53rcEdwY%2BsvPIo5%2Fra7rOm9bYrREk0KBHUY%3D&jwt=***
2026-08-19T11:38:36.1767011Z 
2026-08-19T11:38:36.1779805Z 08/19 11:38:36 [[1;32mNOTICE[0m] CUID#18 - Redirecting to https://release-assets.githubusercontent.com/github-production-release-asset/900124341/6479600a-860d-4ca9-9a43-16b6732bbb20?sp=r&sv=2018-11-09&sr=b&spr=https&se=2026-08-19T12%3A14%3A20Z&rscd=attachment%3B+filename%3Dbuild-tools-d153b7ab4a4956198957e258d4f370e875c53059.tar.gz&rsct=application%2Foctet-stream&skoid=96c2d410-5711-43a1-aedd-ab1947aa7ab0&sktid=398a6654-997b-47e9-b12b-9515b896b4de&skt=2026-08-19T11%3A13%3A45Z&ske=2026-08-19T12%3A14%3A20Z&sks=b&skv=2018-11-09&sig=A4dO6jzy53rcEdwY%2BsvPIo5%2Fra7rOm9bYrREk0KBHUY%3D&jwt=***
2026-08-19T11:38:36.1784175Z 
2026-08-19T11:38:36.1797216Z 08/19 11:38:36 [[1;32mNOTICE[0m] CUID#14 - Redirecting to https://release-assets.githubusercontent.com/github-production-release-asset/900124341/6479600a-860d-4ca9-9a43-16b6732bbb20?sp=r&sv=2018-11-09&sr=b&spr=https&se=2026-08-19T12%3A14%3A20Z&rscd=attachment%3B+filename%3Dbuild-tools-d153b7ab4a4956198957e258d4f370e875c53059.tar.gz&rsct=application%2Foctet-stream&skoid=96c2d410-5711-43a1-aedd-ab1947aa7ab0&sktid=398a6654-997b-47e9-b12b-9515b896b4de&skt=2026-08-19T11%3A13%3A45Z&ske=2026-08-19T12%3A14%3A20Z&sks=b&skv=2018-11-09&sig=A4dO6jzy53rcEdwY%2BsvPIo5%2Fra7rOm9bYrREk0KBHUY%3D&jwt=***
2026-08-19T11:38:36.1801926Z 
2026-08-19T11:38:36.1827521Z 08/19 11:38:36 [[1;32mNOTICE[0m] CUID#16 - Redirecting to https://release-assets.githubusercontent.com/github-production-release-asset/900124341/6479600a-860d-4ca9-9a43-16b6732bbb20?sp=r&sv=2018-11-09&sr=b&spr=https&se=2026-08-19T12%3A14%3A20Z&rscd=attachment%3B+filename%3Dbuild-tools-d153b7ab4a4956198957e258d4f370e875c53059.tar.gz&rsct=application%2Foctet-stream&skoid=96c2d410-5711-43a1-aedd-ab1947aa7ab0&sktid=398a6654-997b-47e9-b12b-9515b896b4de&skt=2026-08-19T11%3A13%3A45Z&ske=2026-08-19T12%3A14%3A20Z&sks=b&skv=2018-11-09&sig=A4dO6jzy53rcEdwY%2BsvPIo5%2Fra7rOm9bYrREk0KBHUY%3D&jwt=***
2026-08-19T11:38:36.1833128Z 
2026-08-19T11:38:36.1845972Z 08/19 11:38:36 [[1;32mNOTICE[0m] CUID#19 - Redirecting to https://release-assets.githubusercontent.com/github-production-release-asset/900124341/6479600a-860d-4ca9-9a43-16b6732bbb20?sp=r&sv=2018-11-09&sr=b&spr=https&se=2026-08-19T12%3A14%3A20Z&rscd=attachment%3B+filename%3Dbuild-tools-d153b7ab4a4956198957e258d4f370e875c53059.tar.gz&rsct=application%2Foctet-stream&skoid=96c2d410-5711-43a1-aedd-ab1947aa7ab0&sktid=398a6654-997b-47e9-b12b-9515b896b4de&skt=2026-08-19T11%3A13%3A45Z&ske=2026-08-19T12%3A14%3A20Z&sks=b&skv=2018-11-09&sig=A4dO6jzy53rcEdwY%2BsvPIo5%2Fra7rOm9bYrREk0KBHUY%3D&jwt=***
2026-08-19T11:38:36.1858512Z 
2026-08-19T11:38:36.1870929Z 08/19 11:38:36 [[1;32mNOTICE[0m] CUID#20 - Redirecting to https://release-assets.githubusercontent.com/github-production-release-asset/900124341/6479600a-860d-4ca9-9a43-16b6732bbb20?sp=r&sv=2018-11-09&sr=b&spr=https&se=2026-08-19T12%3A14%3A20Z&rscd=attachment%3B+filename%3Dbuild-tools-d153b7ab4a4956198957e258d4f370e875c53059.tar.gz&rsct=application%2Foctet-stream&skoid=96c2d410-5711-43a1-aedd-ab1947aa7ab0&sktid=398a6654-997b-47e9-b12b-9515b896b4de&skt=2026-08-19T11%3A13%3A45Z&ske=2026-08-19T12%3A14%3A20Z&sks=b&skv=2018-11-09&sig=A4dO6jzy53rcEdwY%2BsvPIo5%2Fra7rOm9bYrREk0KBHUY%3D&jwt=***
2026-08-19T11:38:36.1891609Z 
2026-08-19T11:38:36.1902915Z 08/19 11:38:36 [[1;32mNOTICE[0m] CUID#13 - Redirecting to https://release-assets.githubusercontent.com/github-production-release-asset/900124341/7f31483b-ea99-4028-8fec-94f12384301a?sp=r&sv=2018-11-09&sr=b&spr=https&se=2026-08-19T12%3A12%3A35Z&rscd=attachment%3B+filename%3Dclang-28b975ada54f8610ed531a6b57253aed10e7c87d.tar.gz&rsct=application%2Foctet-stream&skoid=96c2d410-5711-43a1-aedd-ab1947aa7ab0&sktid=398a6654-997b-47e9-b12b-9515b896b4de&skt=2026-08-19T11%3A12%3A15Z&ske=2026-08-19T12%3A12%3A35Z&sks=b&skv=2018-11-09&sig=0xwh6EspQKdopPF3vIH%2Fqwj7ESvbGdtqxZ4wBdwf7Rg%3D&jwt=***
2026-08-19T11:38:36.1906132Z 
2026-08-19T11:38:36.1922017Z 08/19 11:38:36 [[1;32mNOTICE[0m] CUID#19 - Redirecting to https://release-assets.githubusercontent.com/github-production-release-asset/900124341/7f31483b-ea99-4028-8fec-94f12384301a?sp=r&sv=2018-11-09&sr=b&spr=https&se=2026-08-19T12%3A12%3A35Z&rscd=attachment%3B+filename%3Dclang-28b975ada54f8610ed531a6b57253aed10e7c87d.tar.gz&rsct=application%2Foctet-stream&skoid=96c2d410-5711-43a1-aedd-ab1947aa7ab0&sktid=398a6654-997b-47e9-b12b-9515b896b4de&skt=2026-08-19T11%3A12%3A15Z&ske=2026-08-19T12%3A12%3A35Z&sks=b&skv=2018-11-09&sig=0xwh6EspQKdopPF3vIH%2Fqwj7ESvbGdtqxZ4wBdwf7Rg%3D&jwt=***
2026-08-19T11:38:36.1926981Z 
2026-08-19T11:38:36.1940816Z 08/19 11:38:36 [[1;32mNOTICE[0m] CUID#20 - Redirecting to https://release-assets.githubusercontent.com/github-production-release-asset/900124341/7f31483b-ea99-4028-8fec-94f12384301a?sp=r&sv=2018-11-09&sr=b&spr=https&se=2026-08-19T12%3A12%3A35Z&rscd=attachment%3B+filename%3Dclang-28b975ada54f8610ed531a6b57253aed10e7c87d.tar.gz&rsct=application%2Foctet-stream&skoid=96c2d410-5711-43a1-aedd-ab1947aa7ab0&sktid=398a6654-997b-47e9-b12b-9515b896b4de&skt=2026-08-19T11%3A12%3A15Z&ske=2026-08-19T12%3A12%3A35Z&sks=b&skv=2018-11-09&sig=0xwh6EspQKdopPF3vIH%2Fqwj7ESvbGdtqxZ4wBdwf7Rg%3D&jwt=***
2026-08-19T11:38:36.1946286Z 
2026-08-19T11:38:36.1957857Z 08/19 11:38:36 [[1;32mNOTICE[0m] CUID#17 - Redirecting to https://release-assets.githubusercontent.com/github-production-release-asset/900124341/6479600a-860d-4ca9-9a43-16b6732bbb20?sp=r&sv=2018-11-09&sr=b&spr=https&se=2026-08-19T12%3A14%3A20Z&rscd=attachment%3B+filename%3Dbuild-tools-d153b7ab4a4956198957e258d4f370e875c53059.tar.gz&rsct=application%2Foctet-stream&skoid=96c2d410-5711-43a1-aedd-ab1947aa7ab0&sktid=398a6654-997b-47e9-b12b-9515b896b4de&skt=2026-08-19T11%3A13%3A45Z&ske=2026-08-19T12%3A14%3A20Z&sks=b&skv=2018-11-09&sig=A4dO6jzy53rcEdwY%2BsvPIo5%2Fra7rOm9bYrREk0KBHUY%3D&jwt=***
2026-08-19T11:38:36.1962106Z 
2026-08-19T11:38:36.1976893Z 08/19 11:38:36 [[1;32mNOTICE[0m] CUID#12 - Redirecting to https://release-assets.githubusercontent.com/github-production-release-asset/900124341/6479600a-860d-4ca9-9a43-16b6732bbb20?sp=r&sv=2018-11-09&sr=b&spr=https&se=2026-08-19T12%3A14%3A20Z&rscd=attachment%3B+filename%3Dbuild-tools-d153b7ab4a4956198957e258d4f370e875c53059.tar.gz&rsct=application%2Foctet-stream&skoid=96c2d410-5711-43a1-aedd-ab1947aa7ab0&sktid=398a6654-997b-47e9-b12b-9515b896b4de&skt=2026-08-19T11%3A13%3A45Z&ske=2026-08-19T12%3A14%3A20Z&sks=b&skv=2018-11-09&sig=A4dO6jzy53rcEdwY%2BsvPIo5%2Fra7rOm9bYrREk0KBHUY%3D&jwt=***
2026-08-19T11:38:36.1981515Z 
2026-08-19T11:38:36.1995205Z 08/19 11:38:36 [[1;32mNOTICE[0m] CUID#17 - Redirecting to https://release-assets.githubusercontent.com/github-production-release-asset/900124341/7f31483b-ea99-4028-8fec-94f12384301a?sp=r&sv=2018-11-09&sr=b&spr=https&se=2026-08-19T12%3A12%3A35Z&rscd=attachment%3B+filename%3Dclang-28b975ada54f8610ed531a6b57253aed10e7c87d.tar.gz&rsct=application%2Foctet-stream&skoid=96c2d410-5711-43a1-aedd-ab1947aa7ab0&sktid=398a6654-997b-47e9-b12b-9515b896b4de&skt=2026-08-19T11%3A12%3A15Z&ske=2026-08-19T12%3A12%3A35Z&sks=b&skv=2018-11-09&sig=0xwh6EspQKdopPF3vIH%2Fqwj7ESvbGdtqxZ4wBdwf7Rg%3D&jwt=***
2026-08-19T11:38:36.1999416Z 
2026-08-19T11:38:36.2010763Z 08/19 11:38:36 [[1;32mNOTICE[0m] CUID#18 - Redirecting to https://release-assets.githubusercontent.com/github-production-release-asset/900124341/7f31483b-ea99-4028-8fec-94f12384301a?sp=r&sv=2018-11-09&sr=b&spr=https&se=2026-08-19T12%3A12%3A35Z&rscd=attachment%3B+filename%3Dclang-28b975ada54f8610ed531a6b57253aed10e7c87d.tar.gz&rsct=application%2Foctet-stream&skoid=96c2d410-5711-43a1-aedd-ab1947aa7ab0&sktid=398a6654-997b-47e9-b12b-9515b896b4de&skt=2026-08-19T11%3A12%3A15Z&ske=2026-08-19T12%3A12%3A35Z&sks=b&skv=2018-11-09&sig=0xwh6EspQKdopPF3vIH%2Fqwj7ESvbGdtqxZ4wBdwf7Rg%3D&jwt=***
2026-08-19T11:38:36.2015836Z 
2026-08-19T11:38:36.2029306Z 08/19 11:38:36 [[1;32mNOTICE[0m] CUID#16 - Redirecting to https://release-assets.githubusercontent.com/github-production-release-asset/900124341/6479600a-860d-4ca9-9a43-16b6732bbb20?sp=r&sv=2018-11-09&sr=b&spr=https&se=2026-08-19T12%3A14%3A20Z&rscd=attachment%3B+filename%3Dbuild-tools-d153b7ab4a4956198957e258d4f370e875c53059.tar.gz&rsct=application%2Foctet-stream&skoid=96c2d410-5711-43a1-aedd-ab1947aa7ab0&sktid=398a6654-997b-47e9-b12b-9515b896b4de&skt=2026-08-19T11%3A13%3A45Z&ske=2026-08-19T12%3A14%3A20Z&sks=b&skv=2018-11-09&sig=A4dO6jzy53rcEdwY%2BsvPIo5%2Fra7rOm9bYrREk0KBHUY%3D&jwt=***
2026-08-19T11:38:36.2060713Z 
2026-08-19T11:38:36.2072417Z 08/19 11:38:36 [[1;32mNOTICE[0m] CUID#19 - Redirecting to https://release-assets.githubusercontent.com/github-production-release-asset/900124341/6479600a-860d-4ca9-9a43-16b6732bbb20?sp=r&sv=2018-11-09&sr=b&spr=https&se=2026-08-19T12%3A14%3A20Z&rscd=attachment%3B+filename%3Dbuild-tools-d153b7ab4a4956198957e258d4f370e875c53059.tar.gz&rsct=application%2Foctet-stream&skoid=96c2d410-5711-43a1-aedd-ab1947aa7ab0&sktid=398a6654-997b-47e9-b12b-9515b896b4de&skt=2026-08-19T11%3A13%3A45Z&ske=2026-08-19T12%3A14%3A20Z&sks=b&skv=2018-11-09&sig=A4dO6jzy53rcEdwY%2BsvPIo5%2Fra7rOm9bYrREk0KBHUY%3D&jwt=***
2026-08-19T11:38:36.2077342Z 
2026-08-19T11:38:36.2089365Z 08/19 11:38:36 [[1;32mNOTICE[0m] CUID#20 - Redirecting to https://release-assets.githubusercontent.com/github-production-release-asset/900124341/6479600a-860d-4ca9-9a43-16b6732bbb20?sp=r&sv=2018-11-09&sr=b&spr=https&se=2026-08-19T12%3A14%3A20Z&rscd=attachment%3B+filename%3Dbuild-tools-d153b7ab4a4956198957e258d4f370e875c53059.tar.gz&rsct=application%2Foctet-stream&skoid=96c2d410-5711-43a1-aedd-ab1947aa7ab0&sktid=398a6654-997b-47e9-b12b-9515b896b4de&skt=2026-08-19T11%3A13%3A45Z&ske=2026-08-19T12%3A14%3A20Z&sks=b&skv=2018-11-09&sig=A4dO6jzy53rcEdwY%2BsvPIo5%2Fra7rOm9bYrREk0KBHUY%3D&jwt=***
2026-08-19T11:38:36.2095424Z 
2026-08-19T11:38:36.2108396Z 08/19 11:38:36 [[1;32mNOTICE[0m] CUID#17 - Redirecting to https://release-assets.githubusercontent.com/github-production-release-asset/900124341/7f31483b-ea99-4028-8fec-94f12384301a?sp=r&sv=2018-11-09&sr=b&spr=https&se=2026-08-19T12%3A12%3A35Z&rscd=attachment%3B+filename%3Dclang-28b975ada54f8610ed531a6b57253aed10e7c87d.tar.gz&rsct=application%2Foctet-stream&skoid=96c2d410-5711-43a1-aedd-ab1947aa7ab0&sktid=398a6654-997b-47e9-b12b-9515b896b4de&skt=2026-08-19T11%3A12%3A15Z&ske=2026-08-19T12%3A12%3A35Z&sks=b&skv=2018-11-09&sig=0xwh6EspQKdopPF3vIH%2Fqwj7ESvbGdtqxZ4wBdwf7Rg%3D&jwt=***
2026-08-19T11:38:36.2113388Z 
2026-08-19T11:38:36.2126869Z 08/19 11:38:36 [[1;32mNOTICE[0m] CUID#18 - Redirecting to https://release-assets.githubusercontent.com/github-production-release-asset/900124341/7f31483b-ea99-4028-8fec-94f12384301a?sp=r&sv=2018-11-09&sr=b&spr=https&se=2026-08-19T12%3A12%3A35Z&rscd=attachment%3B+filename%3Dclang-28b975ada54f8610ed531a6b57253aed10e7c87d.tar.gz&rsct=application%2Foctet-stream&skoid=96c2d410-5711-43a1-aedd-ab1947aa7ab0&sktid=398a6654-997b-47e9-b12b-9515b896b4de&skt=2026-08-19T11%3A12%3A15Z&ske=2026-08-19T12%3A12%3A35Z&sks=b&skv=2018-11-09&sig=0xwh6EspQKdopPF3vIH%2Fqwj7ESvbGdtqxZ4wBdwf7Rg%3D&jwt=***
2026-08-19T11:38:36.2130796Z 
2026-08-19T11:38:36.2146363Z 08/19 11:38:36 [[1;32mNOTICE[0m] CUID#20 - Redirecting to https://release-assets.githubusercontent.com/github-production-release-asset/900124341/7f31483b-ea99-4028-8fec-94f12384301a?sp=r&sv=2018-11-09&sr=b&spr=https&se=2026-08-19T12%3A12%3A35Z&rscd=attachment%3B+filename%3Dclang-28b975ada54f8610ed531a6b57253aed10e7c87d.tar.gz&rsct=application%2Foctet-stream&skoid=96c2d410-5711-43a1-aedd-ab1947aa7ab0&sktid=398a6654-997b-47e9-b12b-9515b896b4de&skt=2026-08-19T11%3A12%3A15Z&ske=2026-08-19T12%3A12%3A35Z&sks=b&skv=2018-11-09&sig=0xwh6EspQKdopPF3vIH%2Fqwj7ESvbGdtqxZ4wBdwf7Rg%3D&jwt=***
2026-08-19T11:38:36.2151552Z 
2026-08-19T11:38:36.2165181Z 08/19 11:38:36 [[1;32mNOTICE[0m] CUID#20 - Redirecting to https://release-assets.githubusercontent.com/github-production-release-asset/900124341/7f31483b-ea99-4028-8fec-94f12384301a?sp=r&sv=2018-11-09&sr=b&spr=https&se=2026-08-19T12%3A12%3A35Z&rscd=attachment%3B+filename%3Dclang-28b975ada54f8610ed531a6b57253aed10e7c87d.tar.gz&rsct=application%2Foctet-stream&skoid=96c2d410-5711-43a1-aedd-ab1947aa7ab0&sktid=398a6654-997b-47e9-b12b-9515b896b4de&skt=2026-08-19T11%3A12%3A15Z&ske=2026-08-19T12%3A12%3A35Z&sks=b&skv=2018-11-09&sig=0xwh6EspQKdopPF3vIH%2Fqwj7ESvbGdtqxZ4wBdwf7Rg%3D&jwt=***
2026-08-19T11:38:36.2169719Z 
2026-08-19T11:38:36.2182137Z 08/19 11:38:36 [[1;32mNOTICE[0m] CUID#18 - Redirecting to https://release-assets.githubusercontent.com/github-production-release-asset/900124341/7f31483b-ea99-4028-8fec-94f12384301a?sp=r&sv=2018-11-09&sr=b&spr=https&se=2026-08-19T12%3A12%3A35Z&rscd=attachment%3B+filename%3Dclang-28b975ada54f8610ed531a6b57253aed10e7c87d.tar.gz&rsct=application%2Foctet-stream&skoid=96c2d410-5711-43a1-aedd-ab1947aa7ab0&sktid=398a6654-997b-47e9-b12b-9515b896b4de&skt=2026-08-19T11%3A12%3A15Z&ske=2026-08-19T12%3A12%3A35Z&sks=b&skv=2018-11-09&sig=0xwh6EspQKdopPF3vIH%2Fqwj7ESvbGdtqxZ4wBdwf7Rg%3D&jwt=***
2026-08-19T11:38:36.2188845Z 
2026-08-19T11:38:36.2202766Z 08/19 11:38:36 [[1;32mNOTICE[0m] CUID#20 - Redirecting to https://release-assets.githubusercontent.com/github-production-release-asset/900124341/6479600a-860d-4ca9-9a43-16b6732bbb20?sp=r&sv=2018-11-09&sr=b&spr=https&se=2026-08-19T12%3A14%3A20Z&rscd=attachment%3B+filename%3Dbuild-tools-d153b7ab4a4956198957e258d4f370e875c53059.tar.gz&rsct=application%2Foctet-stream&skoid=96c2d410-5711-43a1-aedd-ab1947aa7ab0&sktid=398a6654-997b-47e9-b12b-9515b896b4de&skt=2026-08-19T11%3A13%3A45Z&ske=2026-08-19T12%3A14%3A20Z&sks=b&skv=2018-11-09&sig=A4dO6jzy53rcEdwY%2BsvPIo5%2Fra7rOm9bYrREk0KBHUY%3D&jwt=***
2026-08-19T11:38:36.2207200Z 
2026-08-19T11:38:36.2220650Z 08/19 11:38:36 [[1;32mNOTICE[0m] CUID#19 - Redirecting to https://release-assets.githubusercontent.com/github-production-release-asset/900124341/6479600a-860d-4ca9-9a43-16b6732bbb20?sp=r&sv=2018-11-09&sr=b&spr=https&se=2026-08-19T12%3A14%3A20Z&rscd=attachment%3B+filename%3Dbuild-tools-d153b7ab4a4956198957e258d4f370e875c53059.tar.gz&rsct=application%2Foctet-stream&skoid=96c2d410-5711-43a1-aedd-ab1947aa7ab0&sktid=398a6654-997b-47e9-b12b-9515b896b4de&skt=2026-08-19T11%3A13%3A45Z&ske=2026-08-19T12%3A14%3A20Z&sks=b&skv=2018-11-09&sig=A4dO6jzy53rcEdwY%2BsvPIo5%2Fra7rOm9bYrREk0KBHUY%3D&jwt=***
2026-08-19T11:38:36.2227196Z Synced AnyKernel3 successfully! (0.61s)
2026-08-19T11:38:36.3826582Z 
2026-08-19T11:38:36.3828859Z 08/19 11:38:36 [[1;32mNOTICE[0m] Download complete: /dev/shm/sync_861425/build-tools-d153b7ab4a4956198957e258d4f370e875c53059.tar.gz
2026-08-19T11:38:36.3829957Z 
2026-08-19T11:38:36.3830332Z Download Results:
2026-08-19T11:38:36.3830740Z gid   |stat|avg speed  |path/URI
2026-08-19T11:38:36.3831384Z ======+====+===========+=======================================================
2026-08-19T11:38:36.3832315Z e92b87|OK  |   178MiB/s|/dev/shm/sync_861425/build-tools-d153b7ab4a4956198957e258d4f370e875c53059.tar.gz
2026-08-19T11:38:36.3833568Z 
2026-08-19T11:38:36.3833926Z Status Legend:
2026-08-19T11:38:36.3834307Z (OK):download completed.
2026-08-19T11:38:37.4353683Z Synced kernel/prebuilts/build-tools successfully! (1.84s)
2026-08-19T11:38:38.1615659Z [#7ab8fe 284MiB/793MiB(35%) CN:16 DL:304MiB ETA:1s]
2026-08-19T11:38:38.1616340Z [#7ab8fe 698MiB/793MiB(88%) CN:16 DL:363MiB]
2026-08-19T11:38:38.1616709Z 
2026-08-19T11:38:38.1617856Z 08/19 11:38:38 [[1;32mNOTICE[0m] Download complete: /dev/shm/sync_408698/clang-28b975ada54f8610ed531a6b57253aed10e7c87d.tar.gz
2026-08-19T11:38:38.1619173Z 
2026-08-19T11:38:38.1619327Z Download Results:
2026-08-19T11:38:38.1619711Z gid   |stat|avg speed  |path/URI
2026-08-19T11:38:38.1620222Z ======+====+===========+=======================================================
2026-08-19T11:38:38.1621112Z 7ab8fe|OK  |   365MiB/s|/dev/shm/sync_408698/clang-28b975ada54f8610ed531a6b57253aed10e7c87d.tar.gz
2026-08-19T11:38:38.1621787Z 
2026-08-19T11:38:38.1621932Z Status Legend:
2026-08-19T11:38:38.1622293Z (OK):download completed.
2026-08-19T11:38:47.9339137Z [#4f026a 3.0MiB/0B CN:1 DL:5.6MiB]
2026-08-19T11:38:47.9339671Z [#4f026a 10MiB/0B CN:1 DL:7.2MiB]
2026-08-19T11:38:47.9340019Z [#4f026a 27MiB/0B CN:1 DL:10MiB]
2026-08-19T11:38:47.9340268Z [#4f026a 40MiB/0B CN:1 DL:11MiB]
2026-08-19T11:38:47.9340506Z [#4f026a 45MiB/0B CN:1 DL:9.9MiB]
2026-08-19T11:38:47.9340738Z [#4f026a 51MiB/0B CN:1 DL:9.2MiB]
2026-08-19T11:38:47.9340977Z [#4f026a 57MiB/0B CN:1 DL:8.6MiB]
2026-08-19T11:38:47.9341200Z [#4f026a 63MiB/0B CN:1 DL:8.2MiB]
2026-08-19T11:38:47.9341438Z [#4f026a 68MiB/0B CN:1 DL:7.9MiB]
2026-08-19T11:38:47.9341656Z [#4f026a 74MiB/0B CN:1 DL:7.6MiB]
2026-08-19T11:38:47.9341874Z [#4f026a 80MiB/0B CN:1 DL:7.6MiB]
2026-08-19T11:38:47.9342017Z 
2026-08-19T11:38:47.9342536Z 08/19 11:38:47 [[1;32mNOTICE[0m] Download complete: /dev/shm/sync_322321/dynamic_file.tar.gz
2026-08-19T11:38:47.9342865Z 
2026-08-19T11:38:47.9342952Z Download Results:
2026-08-19T11:38:47.9343163Z gid   |stat|avg speed  |path/URI
2026-08-19T11:38:47.9343664Z ======+====+===========+=======================================================
2026-08-19T11:38:47.9344057Z 4f026a|OK  |   7.1MiB/s|/dev/shm/sync_322321/dynamic_file.tar.gz
2026-08-19T11:38:47.9344302Z 
2026-08-19T11:38:47.9344377Z Status Legend:
2026-08-19T11:38:47.9344576Z (OK):download completed.
2026-08-19T11:38:48.1322731Z Synced kernelplatform/prebuilts-master/clang/host/linux-x86 successfully! (12.54s)
2026-08-19T11:38:49.7920627Z Synced android_kernel_modules_and_devicetree_oneplus_sm8650 successfully! (14.20s)
2026-08-19T11:39:08.7456631Z [#8b7005 0B/0B CN:1 DL:0B]
2026-08-19T11:39:08.7457059Z [#8b7005 7.5MiB/0B CN:1 DL:7.4MiB]
2026-08-19T11:39:08.7457434Z [#8b7005 15MiB/0B CN:1 DL:7.5MiB]
2026-08-19T11:39:08.7457792Z [#8b7005 22MiB/0B CN:1 DL:7.4MiB]
2026-08-19T11:39:08.7458137Z [#8b7005 30MiB/0B CN:1 DL:7.6MiB]
2026-08-19T11:39:08.7458476Z [#8b7005 37MiB/0B CN:1 DL:7.5MiB]
2026-08-19T11:39:08.7458813Z [#8b7005 45MiB/0B CN:1 DL:7.4MiB]
2026-08-19T11:39:08.7459148Z [#8b7005 51MiB/0B CN:1 DL:7.2MiB]
2026-08-19T11:39:08.7459493Z [#8b7005 55MiB/0B CN:1 DL:6.9MiB]
2026-08-19T11:39:08.7459867Z [#8b7005 60MiB/0B CN:1 DL:6.6MiB]
2026-08-19T11:39:08.7460206Z [#8b7005 64MiB/0B CN:1 DL:6.3MiB]
2026-08-19T11:39:08.7460545Z [#8b7005 68MiB/0B CN:1 DL:5.9MiB]
2026-08-19T11:39:08.7460878Z [#8b7005 73MiB/0B CN:1 DL:5.6MiB]
2026-08-19T11:39:08.7461193Z [#8b7005 77MiB/0B CN:1 DL:5.1MiB]
2026-08-19T11:39:08.7461462Z [#8b7005 85MiB/0B CN:1 DL:5.1MiB]
2026-08-19T11:39:08.7461731Z [#8b7005 92MiB/0B CN:1 DL:5.2MiB]
2026-08-19T11:39:08.7462018Z [#8b7005 99MiB/0B CN:1 DL:5.3MiB]
2026-08-19T11:39:08.7462290Z [#8b7005 107MiB/0B CN:1 DL:5.6MiB]
2026-08-19T11:39:08.7462572Z [#8b7005 114MiB/0B CN:1 DL:5.9MiB]
2026-08-19T11:39:08.7462850Z [#8b7005 122MiB/0B CN:1 DL:6.3MiB]
2026-08-19T11:39:08.7463123Z [#8b7005 129MiB/0B CN:1 DL:6.4MiB]
2026-08-19T11:39:08.7463398Z [#8b7005 136MiB/0B CN:1 DL:6.8MiB]
2026-08-19T11:39:08.7463671Z [#8b7005 144MiB/0B CN:1 DL:7.0MiB]
2026-08-19T11:39:08.7463947Z [#8b7005 151MiB/0B CN:1 DL:7.3MiB]
2026-08-19T11:39:08.7464419Z [#8b7005 158MiB/0B CN:1 DL:7.3MiB]
2026-08-19T11:39:08.7465530Z [#8b7005 166MiB/0B CN:1 DL:7.3MiB]
2026-08-19T11:39:08.7465834Z [#8b7005 172MiB/0B CN:1 DL:7.2MiB]
2026-08-19T11:39:08.7466119Z [#8b7005 180MiB/0B CN:1 DL:7.2MiB]
2026-08-19T11:39:08.7466396Z [#8b7005 187MiB/0B CN:1 DL:7.2MiB]
2026-08-19T11:39:08.7466681Z [#8b7005 194MiB/0B CN:1 DL:7.2MiB]
2026-08-19T11:39:08.7466958Z [#8b7005 202MiB/0B CN:1 DL:7.2MiB]
2026-08-19T11:39:08.7467232Z [#8b7005 210MiB/0B CN:1 DL:7.2MiB]
2026-08-19T11:39:08.7467764Z 
2026-08-19T11:39:08.7468326Z 08/19 11:39:08 [[1;32mNOTICE[0m] Download complete: /dev/shm/sync_5980/dynamic_file.tar.gz
2026-08-19T11:39:08.7468730Z 
2026-08-19T11:39:08.7468823Z Download Results:
2026-08-19T11:39:08.7469071Z gid   |stat|avg speed  |path/URI
2026-08-19T11:39:08.7469399Z ======+====+===========+=======================================================
2026-08-19T11:39:08.7469842Z 8b7005|OK  |   6.5MiB/s|/dev/shm/sync_5980/dynamic_file.tar.gz
2026-08-19T11:39:08.7470133Z 
2026-08-19T11:39:08.7470225Z Status Legend:
2026-08-19T11:39:08.7470461Z (OK):download completed.
2026-08-19T11:39:15.0987933Z Synced android_kernel_common_oneplus_sm8650 successfully! (39.51s)
2026-08-19T11:39:15.1286187Z Processing linkfiles and copyfiles...
2026-08-19T11:39:15.1287369Z   [Link] kernel_platform/.source_date_epoch_dir -> .
2026-08-19T11:39:15.1288992Z   [Link] kernel_platform/build/prebuilts/kernel-build-tools -> .
2026-08-19T11:39:15.1289518Z Kernel Sync completed in 0m 39.54s
2026-08-19T11:39:15.1291047Z ##[endgroup]
2026-08-19T11:39:15.1451669Z ##[end-action id=build.sync-kernel-source.__run_2;outcome=success;conclusion=success;duration_ms=39680]
2026-08-19T11:39:15.1464415Z ##[end-action id=build.sync-kernel-source;outcome=success;conclusion=success;duration_ms=39734]
2026-08-19T11:39:15.1468192Z ##[start-action display=Set Dir Paths;id=build.__run_6]
2026-08-19T11:39:15.1483911Z ##[group]Run set -euo pipefail
2026-08-19T11:39:15.1484207Z [36;1mset -euo pipefail[0m
2026-08-19T11:39:15.1484469Z [36;1mCONFIG_DIR="$GITHUB_WORKSPACE/$CONFIG"[0m
2026-08-19T11:39:15.1485308Z [36;1mARTIFACTS_DIR="$CONFIG_DIR/artifacts"[0m
2026-08-19T11:39:15.1485680Z [36;1mKERNEL_PLATFORM_DIR="$CONFIG_DIR/kernel_platform"[0m
2026-08-19T11:39:15.1486046Z [36;1mCOMMON_KERNEL_DIR="$KERNEL_PLATFORM_DIR/common"[0m
2026-08-19T11:39:15.1486402Z [36;1mMSM_KERNEL_DIR="$KERNEL_PLATFORM_DIR/msm-kernel"[0m
2026-08-19T11:39:15.1486721Z [36;1mAK3_DIR="$CONFIG_DIR/AnyKernel3"[0m
2026-08-19T11:39:15.1487070Z [36;1mDEBUG_ARTIFACTS_DIR="$GITHUB_WORKSPACE/debug_artifacts"[0m
2026-08-19T11:39:15.1487476Z [36;1mKERNEL_PATCHES_DIR="$GITHUB_WORKSPACE/kernel_patches"[0m
2026-08-19T11:39:15.1487826Z [36;1mSUSFS_DIR="$GITHUB_WORKSPACE/susfs4ksu"[0m
2026-08-19T11:39:15.1488137Z [36;1mKSU_DIR="$KERNEL_PLATFORM_DIR/KernelSU"[0m
2026-08-19T11:39:15.1488459Z [36;1mKSUN_DIR="$KERNEL_PLATFORM_DIR/KernelSU-Next"[0m
2026-08-19T11:39:15.1488767Z [36;1mmkdir -p "$ARTIFACTS_DIR"[0m
2026-08-19T11:39:15.1489027Z [36;1mmkdir -p "$DEBUG_ARTIFACTS_DIR"[0m
2026-08-19T11:39:15.1489275Z [36;1m[0m
2026-08-19T11:39:15.1489485Z [36;1m# Save to environment for later steps[0m
2026-08-19T11:39:15.1489809Z [36;1mecho "CONFIG_FOLDER=$CONFIG_DIR" >> "$GITHUB_ENV"[0m
2026-08-19T11:39:15.1490180Z [36;1mecho "ARTIFACTS_FOLDER=$ARTIFACTS_DIR" >> "$GITHUB_ENV"[0m
2026-08-19T11:39:15.1490610Z [36;1mecho "KERNEL_PLATFORM_FOLDER=$KERNEL_PLATFORM_DIR" >> "$GITHUB_ENV"[0m
2026-08-19T11:39:15.1491067Z [36;1mecho "COMMON_KERNEL_FOLDER=$COMMON_KERNEL_DIR" >> "$GITHUB_ENV"[0m
2026-08-19T11:39:15.1491490Z [36;1mecho "MSM_KERNEL_FOLDER=$MSM_KERNEL_DIR" >> "$GITHUB_ENV"[0m
2026-08-19T11:39:15.1491847Z [36;1mecho "AK3_FOLDER=$AK3_DIR" >> "$GITHUB_ENV"[0m
2026-08-19T11:39:15.1492236Z [36;1mecho "DEBUG_ARTIFACTS_FOLDER=$DEBUG_ARTIFACTS_DIR" >> "$GITHUB_ENV"[0m
2026-08-19T11:39:15.1492706Z [36;1mecho "KERNEL_PATCHES_FOLDER=$KERNEL_PATCHES_DIR" >> "$GITHUB_ENV"[0m
2026-08-19T11:39:15.1493114Z [36;1mecho "SUSFS_FOLDER=$SUSFS_DIR" >> "$GITHUB_ENV"[0m
2026-08-19T11:39:15.1493443Z [36;1mecho "KSU_FOLDER=$KSU_DIR" >> "$GITHUB_ENV"[0m
2026-08-19T11:39:15.1493763Z [36;1mecho "KSUN_FOLDER=$KSUN_DIR" >> "$GITHUB_ENV"[0m
2026-08-19T11:39:15.1494044Z [36;1m[0m
2026-08-19T11:39:15.1494291Z [36;1mDEBUG_ZIP_NAME="debug_${OP_MODEL}_${OP_OS_VERSION}.zip"[0m
2026-08-19T11:39:15.1494677Z [36;1mecho "DEBUG_ZIP_NAME=$DEBUG_ZIP_NAME" >> "$GITHUB_ENV"[0m
2026-08-19T11:39:15.1530971Z shell: /usr/bin/bash --noprofile --norc -e -o pipefail {0}
2026-08-19T11:39:15.1531467Z env:
2026-08-19T11:39:15.1531794Z   CCACHE_DIR: /home/runner/work/OnePlus_KernelSU_SUSFS/OnePlus_KernelSU_SUSFS/.ccache
2026-08-19T11:39:15.1532203Z   CCACHE_MAXSIZE: 12G
2026-08-19T11:39:15.1532422Z   CCACHE_COMPILERCHECK: content
2026-08-19T11:39:15.1532800Z   CCACHE_BASEDIR: /home/runner/work/OnePlus_KernelSU_SUSFS/OnePlus_KernelSU_SUSFS
2026-08-19T11:39:15.1533206Z   CCACHE_NOHASHDIR: true
2026-08-19T11:39:15.1533438Z   CCACHE_IGNOREOPTIONS: --sysroot*
2026-08-19T11:39:15.1533687Z   CCACHE_COMPRESSION: true
2026-08-19T11:39:15.1533918Z   CCACHE_COMPRESSION_LEVEL: 3
2026-08-19T11:39:15.1534143Z   CCACHE_DIRECT: true
2026-08-19T11:39:15.1534342Z   CCACHE_FILE_CLONE: true
2026-08-19T11:39:15.1534553Z   CCACHE_INODE_CACHE: true
2026-08-19T11:39:15.1534976Z   CCACHE_IS_KERNEL_COMPILING: true
2026-08-19T11:39:15.1535215Z   CCACHE_UMASK: 002
2026-08-19T11:39:15.1535670Z   CCACHE_SLOPPINESS: file_macro,time_macros,include_file_mtime,include_file_ctime,pch_defines,system_headers,locale
2026-08-19T11:39:15.1536190Z   ACTION_REPO: 
2026-08-19T11:39:15.1536379Z   ACTION_REF: 
2026-08-19T11:39:15.1536582Z   OP_MODEL: OP-ACE-3-PRO-6.1.75
2026-08-19T11:39:15.1536816Z   OP_SOC: pineapple
2026-08-19T11:39:15.1537019Z   OP_BRANCH: wild/sm8650
2026-08-19T11:39:15.1537256Z   OP_MANIFEST: oneplus_ace3_pro_6.1.75_v.xml
2026-08-19T11:39:15.1537531Z   OP_ANDROID_VERSION: android14
2026-08-19T11:39:15.1537759Z   OP_KERNEL_VERSION: 6.1
2026-08-19T11:39:15.1537962Z   OP_OS_VERSION: A15
2026-08-19T11:39:15.1538155Z   OP_LTO: thin
2026-08-19T11:39:15.1538336Z   OP_ZYC_COMPILER: 
2026-08-19T11:39:15.1538818Z   OP_C_COMPILER: kernel_platform/prebuilts/clang/host/linux-x86/clang-r487747c/bin
2026-08-19T11:39:15.1539219Z   OP_RUST_COMPILER: 
2026-08-19T11:39:15.1539410Z   OP_BINDGEN: 
2026-08-19T11:39:15.1539592Z   OP_RUST_BUILD: false
2026-08-19T11:39:15.1539793Z   OP_DISK_CLEANUP: false
2026-08-19T11:39:15.1539992Z   OP_HMBIRD: false
2026-08-19T11:39:15.1540173Z   OP_SUSFS: true
2026-08-19T11:39:15.1540359Z   OP_OPT: true
2026-08-19T11:39:15.1540531Z   OP_DS: true
2026-08-19T11:39:15.1540702Z   OP_BBG: true
2026-08-19T11:39:15.1540873Z   OP_BBR: true
2026-08-19T11:39:15.1541045Z   OP_BBR3: true
2026-08-19T11:39:15.1541219Z   OP_TTL: true
2026-08-19T11:39:15.1541389Z   OP_IP_SET: true
2026-08-19T11:39:15.1541574Z   OP_UNICODE: true
2026-08-19T11:39:15.1541757Z   OP_NTSYNC: true
2026-08-19T11:39:15.1543699Z   OP_BLACKLIST_MODULES: kernelsu,oplus_security_guard,oplus_qr_scan,oplus_score,oplus_vip_task,oplus_dns_cache,oplus_network_linkpower_module,oplus_data_module,oplus_secure_harden,oplus_security_keventupload,oplus_secure_guard_new,oplus_secure_guard,coresight_tpda,coresight_tgu,coresight_trace_noc,coresight_cti,coresight_qmi,coresight_dummy,coresight_remote_etm,coresight_tpdm,coresight_uetm,coresight_stm,coresight_tmc_sec,f_fs_ipc_log,qcom_iommu_debug,qti_battery_debug,rdbg,stm_heartbeat,stm_p_ost,stm_core,stm_ftrace,stm_console,spmi_pmic_arb_debug
2026-08-19T11:39:15.1545822Z   OP_UNAME: OP-WILD
2026-08-19T11:39:15.1546033Z   CONFIG: OP-ACE-3-PRO-6.1.75
2026-08-19T11:39:15.1546266Z   REPO: /usr/local/bin/repo
2026-08-19T11:39:15.1546481Z ##[endgroup]
2026-08-19T11:39:15.1637937Z ##[end-action id=build.__run_6;outcome=success;conclusion=success;duration_ms=16]
2026-08-19T11:39:15.1640249Z ##[start-action display=Set Kernel build-tools to Path;id=build.__run_7]
2026-08-19T11:39:15.1654455Z ##[group]Run # Set Kernel build-tools to Path
2026-08-19T11:39:15.1655087Z [36;1m# Set Kernel build-tools to Path[0m
2026-08-19T11:39:15.1655384Z [36;1mset -euo pipefail[0m
2026-08-19T11:39:15.1655838Z [36;1mecho "${KERNEL_PLATFORM_FOLDER}/prebuilts/kernel-build-tools/linux-x86/bin/" >> $GITHUB_PATH[0m
2026-08-19T11:39:15.1656528Z [36;1mecho "${KERNEL_PLATFORM_FOLDER}/prebuilts/kernel-build-tools/linux_musl-x86/bin/" >> $GITHUB_PATH[0m
2026-08-19T11:39:15.1691821Z shell: /usr/bin/bash --noprofile --norc -e -o pipefail {0}
2026-08-19T11:39:15.1692185Z env:
2026-08-19T11:39:15.1692531Z   CCACHE_DIR: /home/runner/work/OnePlus_KernelSU_SUSFS/OnePlus_KernelSU_SUSFS/.ccache
2026-08-19T11:39:15.1693156Z   CCACHE_MAXSIZE: 12G
2026-08-19T11:39:15.1693382Z   CCACHE_COMPILERCHECK: content
2026-08-19T11:39:15.1693752Z   CCACHE_BASEDIR: /home/runner/work/OnePlus_KernelSU_SUSFS/OnePlus_KernelSU_SUSFS
2026-08-19T11:39:15.1694144Z   CCACHE_NOHASHDIR: true
2026-08-19T11:39:15.1694377Z   CCACHE_IGNOREOPTIONS: --sysroot*
2026-08-19T11:39:15.1694628Z   CCACHE_COMPRESSION: true
2026-08-19T11:39:15.1695132Z   CCACHE_COMPRESSION_LEVEL: 3
2026-08-19T11:39:15.1695361Z   CCACHE_DIRECT: true
2026-08-19T11:39:15.1695576Z   CCACHE_FILE_CLONE: true
2026-08-19T11:39:15.1695790Z   CCACHE_INODE_CACHE: true
2026-08-19T11:39:15.1696011Z   CCACHE_IS_KERNEL_COMPILING: true
2026-08-19T11:39:15.1696244Z   CCACHE_UMASK: 002
2026-08-19T11:39:15.1696704Z   CCACHE_SLOPPINESS: file_macro,time_macros,include_file_mtime,include_file_ctime,pch_defines,system_headers,locale
2026-08-19T11:39:15.1697230Z   ACTION_REPO: 
2026-08-19T11:39:15.1697418Z   ACTION_REF: 
2026-08-19T11:39:15.1697622Z   OP_MODEL: OP-ACE-3-PRO-6.1.75
2026-08-19T11:39:15.1697863Z   OP_SOC: pineapple
2026-08-19T11:39:15.1698063Z   OP_BRANCH: wild/sm8650
2026-08-19T11:39:15.1698300Z   OP_MANIFEST: oneplus_ace3_pro_6.1.75_v.xml
2026-08-19T11:39:15.1698575Z   OP_ANDROID_VERSION: android14
2026-08-19T11:39:15.1698813Z   OP_KERNEL_VERSION: 6.1
2026-08-19T11:39:15.1699018Z   OP_OS_VERSION: A15
2026-08-19T11:39:15.1699209Z   OP_LTO: thin
2026-08-19T11:39:15.1699387Z   OP_ZYC_COMPILER: 
2026-08-19T11:39:15.1699729Z   OP_C_COMPILER: kernel_platform/prebuilts/clang/host/linux-x86/clang-r487747c/bin
2026-08-19T11:39:15.1700278Z   OP_RUST_COMPILER: 
2026-08-19T11:39:15.1700476Z   OP_BINDGEN: 
2026-08-19T11:39:15.1700656Z   OP_RUST_BUILD: false
2026-08-19T11:39:15.1700860Z   OP_DISK_CLEANUP: false
2026-08-19T11:39:15.1701061Z   OP_HMBIRD: false
2026-08-19T11:39:15.1701244Z   OP_SUSFS: true
2026-08-19T11:39:15.1701424Z   OP_OPT: true
2026-08-19T11:39:15.1701602Z   OP_DS: true
2026-08-19T11:39:15.1701775Z   OP_BBG: true
2026-08-19T11:39:15.1701954Z   OP_BBR: true
2026-08-19T11:39:15.1702127Z   OP_BBR3: true
2026-08-19T11:39:15.1702296Z   OP_TTL: true
2026-08-19T11:39:15.1702467Z   OP_IP_SET: true
2026-08-19T11:39:15.1702653Z   OP_UNICODE: true
2026-08-19T11:39:15.1702836Z   OP_NTSYNC: true
2026-08-19T11:39:15.1705040Z   OP_BLACKLIST_MODULES: kernelsu,oplus_security_guard,oplus_qr_scan,oplus_score,oplus_vip_task,oplus_dns_cache,oplus_network_linkpower_module,oplus_data_module,oplus_secure_harden,oplus_security_keventupload,oplus_secure_guard_new,oplus_secure_guard,coresight_tpda,coresight_tgu,coresight_trace_noc,coresight_cti,coresight_qmi,coresight_dummy,coresight_remote_etm,coresight_tpdm,coresight_uetm,coresight_stm,coresight_tmc_sec,f_fs_ipc_log,qcom_iommu_debug,qti_battery_debug,rdbg,stm_heartbeat,stm_p_ost,stm_core,stm_ftrace,stm_console,spmi_pmic_arb_debug
2026-08-19T11:39:15.1707065Z   OP_UNAME: OP-WILD
2026-08-19T11:39:15.1707274Z   CONFIG: OP-ACE-3-PRO-6.1.75
2026-08-19T11:39:15.1707507Z   REPO: /usr/local/bin/repo
2026-08-19T11:39:15.1707941Z   CONFIG_FOLDER: /home/runner/work/OnePlus_KernelSU_SUSFS/OnePlus_KernelSU_SUSFS/OP-ACE-3-PRO-6.1.75
2026-08-19T11:39:15.1708642Z   ARTIFACTS_FOLDER: /home/runner/work/OnePlus_KernelSU_SUSFS/OnePlus_KernelSU_SUSFS/OP-ACE-3-PRO-6.1.75/artifacts
2026-08-19T11:39:15.1709420Z   KERNEL_PLATFORM_FOLDER: /home/runner/work/OnePlus_KernelSU_SUSFS/OnePlus_KernelSU_SUSFS/OP-ACE-3-PRO-6.1.75/kernel_platform
2026-08-19T11:39:15.1710252Z   COMMON_KERNEL_FOLDER: /home/runner/work/OnePlus_KernelSU_SUSFS/OnePlus_KernelSU_SUSFS/OP-ACE-3-PRO-6.1.75/kernel_platform/common
2026-08-19T11:39:15.1711106Z   MSM_KERNEL_FOLDER: /home/runner/work/OnePlus_KernelSU_SUSFS/OnePlus_KernelSU_SUSFS/OP-ACE-3-PRO-6.1.75/kernel_platform/msm-kernel
2026-08-19T11:39:15.1711883Z   AK3_FOLDER: /home/runner/work/OnePlus_KernelSU_SUSFS/OnePlus_KernelSU_SUSFS/OP-ACE-3-PRO-6.1.75/AnyKernel3
2026-08-19T11:39:15.1712577Z   DEBUG_ARTIFACTS_FOLDER: /home/runner/work/OnePlus_KernelSU_SUSFS/OnePlus_KernelSU_SUSFS/debug_artifacts
2026-08-19T11:39:15.1713386Z   KERNEL_PATCHES_FOLDER: /home/runner/work/OnePlus_KernelSU_SUSFS/OnePlus_KernelSU_SUSFS/kernel_patches
2026-08-19T11:39:15.1714002Z   SUSFS_FOLDER: /home/runner/work/OnePlus_KernelSU_SUSFS/OnePlus_KernelSU_SUSFS/susfs4ksu
2026-08-19T11:39:15.1714937Z   KSU_FOLDER: /home/runner/work/OnePlus_KernelSU_SUSFS/OnePlus_KernelSU_SUSFS/OP-ACE-3-PRO-6.1.75/kernel_platform/KernelSU
2026-08-19T11:39:15.1715900Z   KSUN_FOLDER: /home/runner/work/OnePlus_KernelSU_SUSFS/OnePlus_KernelSU_SUSFS/OP-ACE-3-PRO-6.1.75/kernel_platform/KernelSU-Next
2026-08-19T11:39:15.1716492Z   DEBUG_ZIP_NAME: debug_OP-ACE-3-PRO-6.1.75_A15.zip
2026-08-19T11:39:15.1716780Z ##[endgroup]
2026-08-19T11:39:15.1780758Z ##[end-action id=build.__run_7;outcome=success;conclusion=success;duration_ms=13]
2026-08-19T11:39:15.1782842Z ##[start-action display=Get Kernel Version Info;id=build.__run_8]
2026-08-19T11:39:15.1799348Z ##[group]Run set -euo pipefail
2026-08-19T11:39:15.1799649Z [36;1mset -euo pipefail[0m
2026-08-19T11:39:15.1799915Z [36;1mecho "::group::Get kernel version"[0m
2026-08-19T11:39:15.1800202Z [36;1mcd "$COMMON_KERNEL_FOLDER"[0m
2026-08-19T11:39:15.1800450Z [36;1m[0m
2026-08-19T11:39:15.1800738Z [36;1mCONFIG_FILES=("build.config.common" "build.config.constants")[0m
2026-08-19T11:39:15.1801172Z [36;1mBRANCH_LINE=""[0m
2026-08-19T11:39:15.1801415Z [36;1mfor f in "${CONFIG_FILES[@]}"; do[0m
2026-08-19T11:39:15.1801695Z [36;1m  if [ -f "$f" ]; then[0m
2026-08-19T11:39:15.1801972Z [36;1m    l=$(grep '^[[:space:]]*BRANCH=' "$f" || true)[0m
2026-08-19T11:39:15.1802447Z [36;1m    if [ -n "$l" ]; then BRANCH_LINE="$l"; break; fi[0m
2026-08-19T11:39:15.1802752Z [36;1m  fi[0m
2026-08-19T11:39:15.1802930Z [36;1mdone[0m
2026-08-19T11:39:15.1803109Z [36;1m[0m
2026-08-19T11:39:15.1803296Z [36;1mif [ -z "$BRANCH_LINE" ]; then[0m
2026-08-19T11:39:15.1803622Z [36;1m  echo "::error::No BRANCH= found in config files"; exit 1[0m
2026-08-19T11:39:15.1803937Z [36;1mfi[0m
2026-08-19T11:39:15.1804107Z [36;1m[0m
2026-08-19T11:39:15.1804302Z [36;1mBRANCH_VALUE="${BRANCH_LINE#*=}"[0m
2026-08-19T11:39:15.1804588Z [36;1mANDROID_VERSION="${BRANCH_VALUE%-*}"[0m
2026-08-19T11:39:15.1805202Z [36;1m[0m
2026-08-19T11:39:15.1805411Z [36;1mif [ -z "$ANDROID_VERSION" ]; then[0m
2026-08-19T11:39:15.1805805Z [36;1m  echo "::error::Could not parse android version from BRANCH=$BRANCH_VALUE"[0m
2026-08-19T11:39:15.1806197Z [36;1m  exit 1[0m
2026-08-19T11:39:15.1806380Z [36;1mfi[0m
2026-08-19T11:39:15.1806548Z [36;1m[0m
2026-08-19T11:39:15.1806805Z [36;1mVERSION=$(grep '^VERSION *=' Makefile | awk '{print $3}')[0m
2026-08-19T11:39:15.1807235Z [36;1mPATCHLEVEL=$(grep '^PATCHLEVEL *=' Makefile | awk '{print $3}')[0m
2026-08-19T11:39:15.1807677Z [36;1mSUBLEVEL=$(grep '^SUBLEVEL *=' Makefile | awk '{print $3}')[0m
2026-08-19T11:39:15.1808059Z [36;1mFULL_VERSION="$VERSION.$PATCHLEVEL.$SUBLEVEL"[0m
2026-08-19T11:39:15.1808350Z [36;1m[0m
2026-08-19T11:39:15.1808536Z [36;1mcd "$ARTIFACTS_FOLDER"[0m
2026-08-19T11:39:15.1808908Z [36;1mecho "$ANDROID_VERSION-$FULL_VERSION" > "${OP_MODEL}_${OP_OS_VERSION}.txt"[0m
2026-08-19T11:39:15.1809367Z [36;1mecho "$OP_OS_VERSION" >> "${OP_MODEL}_${OP_OS_VERSION}.txt"[0m
2026-08-19T11:39:15.1809684Z [36;1m[0m
2026-08-19T11:39:15.1809850Z [36;1m{[0m
2026-08-19T11:39:15.1810060Z [36;1m  echo "ANDROID_VER=$ANDROID_VERSION"[0m
2026-08-19T11:39:15.1810370Z [36;1m  echo "KERNEL_VER=$VERSION.$PATCHLEVEL"[0m
2026-08-19T11:39:15.1810672Z [36;1m  echo "TKERNEL_VER=$FULL_VERSION"[0m
2026-08-19T11:39:15.1811008Z [36;1m  echo "KERNEL_FULL_VER=$ANDROID_VERSION-$FULL_VERSION"[0m
2026-08-19T11:39:15.1811340Z [36;1m  if [ "true" = true ]; then[0m
2026-08-19T11:39:15.1811712Z [36;1m    echo "SUSFS_KERNEL_BRANCH=gki-$ANDROID_VERSION-$VERSION.$PATCHLEVEL"[0m
2026-08-19T11:39:15.1812086Z [36;1m  fi[0m
2026-08-19T11:39:15.1812278Z [36;1m} >> "$GITHUB_ENV"[0m
2026-08-19T11:39:15.1812496Z [36;1m[0m
2026-08-19T11:39:15.1812746Z [36;1mecho "✅ Detected: $ANDROID_VERSION-$FULL_VERSION"[0m
2026-08-19T11:39:15.1813221Z [36;1mif [ "true" = true ]; then[0m
2026-08-19T11:39:15.1813574Z [36;1m  echo "   SUSFS Branch: gki-$ANDROID_VERSION-$VERSION.$PATCHLEVEL"[0m
2026-08-19T11:39:15.1813933Z [36;1mfi[0m
2026-08-19T11:39:15.1814129Z [36;1mecho "::endgroup::"[0m
2026-08-19T11:39:15.1849379Z shell: /usr/bin/bash --noprofile --norc -e -o pipefail {0}
2026-08-19T11:39:15.1849717Z env:
2026-08-19T11:39:15.1850054Z   CCACHE_DIR: /home/runner/work/OnePlus_KernelSU_SUSFS/OnePlus_KernelSU_SUSFS/.ccache
2026-08-19T11:39:15.1850478Z   CCACHE_MAXSIZE: 12G
2026-08-19T11:39:15.1850712Z   CCACHE_COMPILERCHECK: content
2026-08-19T11:39:15.1851081Z   CCACHE_BASEDIR: /home/runner/work/OnePlus_KernelSU_SUSFS/OnePlus_KernelSU_SUSFS
2026-08-19T11:39:15.1851476Z   CCACHE_NOHASHDIR: true
2026-08-19T11:39:15.1851716Z   CCACHE_IGNOREOPTIONS: --sysroot*
2026-08-19T11:39:15.1851968Z   CCACHE_COMPRESSION: true
2026-08-19T11:39:15.1852194Z   CCACHE_COMPRESSION_LEVEL: 3
2026-08-19T11:39:15.1852416Z   CCACHE_DIRECT: true
2026-08-19T11:39:15.1852621Z   CCACHE_FILE_CLONE: true
2026-08-19T11:39:15.1852833Z   CCACHE_INODE_CACHE: true
2026-08-19T11:39:15.1853054Z   CCACHE_IS_KERNEL_COMPILING: true
2026-08-19T11:39:15.1853287Z   CCACHE_UMASK: 002
2026-08-19T11:39:15.1853742Z   CCACHE_SLOPPINESS: file_macro,time_macros,include_file_mtime,include_file_ctime,pch_defines,system_headers,locale
2026-08-19T11:39:15.1854254Z   ACTION_REPO: 
2026-08-19T11:39:15.1854443Z   ACTION_REF: 
2026-08-19T11:39:15.1854644Z   OP_MODEL: OP-ACE-3-PRO-6.1.75
2026-08-19T11:39:15.1855049Z   OP_SOC: pineapple
2026-08-19T11:39:15.1855415Z   OP_BRANCH: wild/sm8650
2026-08-19T11:39:15.1855665Z   OP_MANIFEST: oneplus_ace3_pro_6.1.75_v.xml
2026-08-19T11:39:15.1855943Z   OP_ANDROID_VERSION: android14
2026-08-19T11:39:15.1856170Z   OP_KERNEL_VERSION: 6.1
2026-08-19T11:39:15.1856374Z   OP_OS_VERSION: A15
2026-08-19T11:39:15.1856570Z   OP_LTO: thin
2026-08-19T11:39:15.1856749Z   OP_ZYC_COMPILER: 
2026-08-19T11:39:15.1857088Z   OP_C_COMPILER: kernel_platform/prebuilts/clang/host/linux-x86/clang-r487747c/bin
2026-08-19T11:39:15.1857492Z   OP_RUST_COMPILER: 
2026-08-19T11:39:15.1857685Z   OP_BINDGEN: 
2026-08-19T11:39:15.1857868Z   OP_RUST_BUILD: false
2026-08-19T11:39:15.1858067Z   OP_DISK_CLEANUP: false
2026-08-19T11:39:15.1858270Z   OP_HMBIRD: false
2026-08-19T11:39:15.1858452Z   OP_SUSFS: true
2026-08-19T11:39:15.1858632Z   OP_OPT: true
2026-08-19T11:39:15.1858801Z   OP_DS: true
2026-08-19T11:39:15.1858973Z   OP_BBG: true
2026-08-19T11:39:15.1859143Z   OP_BBR: true
2026-08-19T11:39:15.1859315Z   OP_BBR3: true
2026-08-19T11:39:15.1859489Z   OP_TTL: true
2026-08-19T11:39:15.1859663Z   OP_IP_SET: true
2026-08-19T11:39:15.1859848Z   OP_UNICODE: true
2026-08-19T11:39:15.1860030Z   OP_NTSYNC: true
2026-08-19T11:39:15.1861977Z   OP_BLACKLIST_MODULES: kernelsu,oplus_security_guard,oplus_qr_scan,oplus_score,oplus_vip_task,oplus_dns_cache,oplus_network_linkpower_module,oplus_data_module,oplus_secure_harden,oplus_security_keventupload,oplus_secure_guard_new,oplus_secure_guard,coresight_tpda,coresight_tgu,coresight_trace_noc,coresight_cti,coresight_qmi,coresight_dummy,coresight_remote_etm,coresight_tpdm,coresight_uetm,coresight_stm,coresight_tmc_sec,f_fs_ipc_log,qcom_iommu_debug,qti_battery_debug,rdbg,stm_heartbeat,stm_p_ost,stm_core,stm_ftrace,stm_console,spmi_pmic_arb_debug
2026-08-19T11:39:15.1863968Z   OP_UNAME: OP-WILD
2026-08-19T11:39:15.1864173Z   CONFIG: OP-ACE-3-PRO-6.1.75
2026-08-19T11:39:15.1864413Z   REPO: /usr/local/bin/repo
2026-08-19T11:39:15.1864969Z   CONFIG_FOLDER: /home/runner/work/OnePlus_KernelSU_SUSFS/OnePlus_KernelSU_SUSFS/OP-ACE-3-PRO-6.1.75
2026-08-19T11:39:15.1865674Z   ARTIFACTS_FOLDER: /home/runner/work/OnePlus_KernelSU_SUSFS/OnePlus_KernelSU_SUSFS/OP-ACE-3-PRO-6.1.75/artifacts
2026-08-19T11:39:15.1866454Z   KERNEL_PLATFORM_FOLDER: /home/runner/work/OnePlus_KernelSU_SUSFS/OnePlus_KernelSU_SUSFS/OP-ACE-3-PRO-6.1.75/kernel_platform
2026-08-19T11:39:15.1867293Z   COMMON_KERNEL_FOLDER: /home/runner/work/OnePlus_KernelSU_SUSFS/OnePlus_KernelSU_SUSFS/OP-ACE-3-PRO-6.1.75/kernel_platform/common
2026-08-19T11:39:15.1868278Z   MSM_KERNEL_FOLDER: /home/runner/work/OnePlus_KernelSU_SUSFS/OnePlus_KernelSU_SUSFS/OP-ACE-3-PRO-6.1.75/kernel_platform/msm-kernel
2026-08-19T11:39:15.1869055Z   AK3_FOLDER: /home/runner/work/OnePlus_KernelSU_SUSFS/OnePlus_KernelSU_SUSFS/OP-ACE-3-PRO-6.1.75/AnyKernel3
2026-08-19T11:39:15.1869740Z   DEBUG_ARTIFACTS_FOLDER: /home/runner/work/OnePlus_KernelSU_SUSFS/OnePlus_KernelSU_SUSFS/debug_artifacts
2026-08-19T11:39:15.1870423Z   KERNEL_PATCHES_FOLDER: /home/runner/work/OnePlus_KernelSU_SUSFS/OnePlus_KernelSU_SUSFS/kernel_patches
2026-08-19T11:39:15.1871043Z   SUSFS_FOLDER: /home/runner/work/OnePlus_KernelSU_SUSFS/OnePlus_KernelSU_SUSFS/susfs4ksu
2026-08-19T11:39:15.1871738Z   KSU_FOLDER: /home/runner/work/OnePlus_KernelSU_SUSFS/OnePlus_KernelSU_SUSFS/OP-ACE-3-PRO-6.1.75/kernel_platform/KernelSU
2026-08-19T11:39:15.1872556Z   KSUN_FOLDER: /home/runner/work/OnePlus_KernelSU_SUSFS/OnePlus_KernelSU_SUSFS/OP-ACE-3-PRO-6.1.75/kernel_platform/KernelSU-Next
2026-08-19T11:39:15.1873170Z   DEBUG_ZIP_NAME: debug_OP-ACE-3-PRO-6.1.75_A15.zip
2026-08-19T11:39:15.1873461Z ##[endgroup]
2026-08-19T11:39:15.1928197Z ##[group]Get kernel version
2026-08-19T11:39:15.2038997Z ✅ Detected: android14-6.1.75
2026-08-19T11:39:15.2039456Z    SUSFS Branch: gki-android14-6.1
2026-08-19T11:39:15.2039951Z ##[endgroup]
2026-08-19T11:39:15.2045698Z ##[end-action id=build.__run_8;outcome=success;conclusion=success;duration_ms=26]
2026-08-19T11:39:15.2047741Z ##[start-action display=🏷️ Set Build Identity (Hardcoded);id=build.__run_9]
2026-08-19T11:39:15.2061610Z ##[group]Run set -euo pipefail
2026-08-19T11:39:15.2061897Z [36;1mset -euo pipefail[0m
2026-08-19T11:39:15.2062149Z [36;1mecho "::group::Set build user/host"[0m
2026-08-19T11:39:15.2062426Z [36;1m        [0m
2026-08-19T11:39:15.2062622Z [36;1mBUILD_USER="OnePlus"[0m
2026-08-19T11:39:15.2062866Z [36;1mBUILD_HOST="ubuntu-build"[0m
2026-08-19T11:39:15.2063109Z [36;1m[0m
2026-08-19T11:39:15.2063333Z [36;1mecho "BUILD_USER=$BUILD_USER" >> "$GITHUB_ENV"[0m
2026-08-19T11:39:15.2063683Z [36;1mecho "BUILD_HOST=$BUILD_HOST" >> "$GITHUB_ENV"[0m
2026-08-19T11:39:15.2063963Z [36;1m[0m
2026-08-19T11:39:15.2064132Z [36;1mecho ""[0m
2026-08-19T11:39:15.2064352Z [36;1mecho "✅ Build identity configured:"[0m
2026-08-19T11:39:15.2064637Z [36;1mecho "   User: $BUILD_USER"[0m
2026-08-19T11:39:15.2065433Z [36;1mecho "   Host: $BUILD_HOST"[0m
2026-08-19T11:39:15.2065834Z [36;1mecho "::endgroup::"[0m
2026-08-19T11:39:15.2099336Z shell: /usr/bin/bash --noprofile --norc -e -o pipefail {0}
2026-08-19T11:39:15.2099679Z env:
2026-08-19T11:39:15.2100012Z   CCACHE_DIR: /home/runner/work/OnePlus_KernelSU_SUSFS/OnePlus_KernelSU_SUSFS/.ccache
2026-08-19T11:39:15.2100435Z   CCACHE_MAXSIZE: 12G
2026-08-19T11:39:15.2100658Z   CCACHE_COMPILERCHECK: content
2026-08-19T11:39:15.2101033Z   CCACHE_BASEDIR: /home/runner/work/OnePlus_KernelSU_SUSFS/OnePlus_KernelSU_SUSFS
2026-08-19T11:39:15.2101426Z   CCACHE_NOHASHDIR: true
2026-08-19T11:39:15.2101673Z   CCACHE_IGNOREOPTIONS: --sysroot*
2026-08-19T11:39:15.2101934Z   CCACHE_COMPRESSION: true
2026-08-19T11:39:15.2102160Z   CCACHE_COMPRESSION_LEVEL: 3
2026-08-19T11:39:15.2102388Z   CCACHE_DIRECT: true
2026-08-19T11:39:15.2102589Z   CCACHE_FILE_CLONE: true
2026-08-19T11:39:15.2102802Z   CCACHE_INODE_CACHE: true
2026-08-19T11:39:15.2103023Z   CCACHE_IS_KERNEL_COMPILING: true
2026-08-19T11:39:15.2103256Z   CCACHE_UMASK: 002
2026-08-19T11:39:15.2103716Z   CCACHE_SLOPPINESS: file_macro,time_macros,include_file_mtime,include_file_ctime,pch_defines,system_headers,locale
2026-08-19T11:39:15.2104227Z   ACTION_REPO: 
2026-08-19T11:39:15.2104414Z   ACTION_REF: 
2026-08-19T11:39:15.2104610Z   OP_MODEL: OP-ACE-3-PRO-6.1.75
2026-08-19T11:39:15.2105201Z   OP_SOC: pineapple
2026-08-19T11:39:15.2105408Z   OP_BRANCH: wild/sm8650
2026-08-19T11:39:15.2105646Z   OP_MANIFEST: oneplus_ace3_pro_6.1.75_v.xml
2026-08-19T11:39:15.2105925Z   OP_ANDROID_VERSION: android14
2026-08-19T11:39:15.2106157Z   OP_KERNEL_VERSION: 6.1
2026-08-19T11:39:15.2106532Z   OP_OS_VERSION: A15
2026-08-19T11:39:15.2106726Z   OP_LTO: thin
2026-08-19T11:39:15.2106909Z   OP_ZYC_COMPILER: 
2026-08-19T11:39:15.2107252Z   OP_C_COMPILER: kernel_platform/prebuilts/clang/host/linux-x86/clang-r487747c/bin
2026-08-19T11:39:15.2107643Z   OP_RUST_COMPILER: 
2026-08-19T11:39:15.2107844Z   OP_BINDGEN: 
2026-08-19T11:39:15.2108030Z   OP_RUST_BUILD: false
2026-08-19T11:39:15.2108235Z   OP_DISK_CLEANUP: false
2026-08-19T11:39:15.2108459Z   OP_HMBIRD: false
2026-08-19T11:39:15.2108649Z   OP_SUSFS: true
2026-08-19T11:39:15.2108832Z   OP_OPT: true
2026-08-19T11:39:15.2109023Z   OP_DS: true
2026-08-19T11:39:15.2109201Z   OP_BBG: true
2026-08-19T11:39:15.2109370Z   OP_BBR: true
2026-08-19T11:39:15.2109543Z   OP_BBR3: true
2026-08-19T11:39:15.2109720Z   OP_TTL: true
2026-08-19T11:39:15.2109899Z   OP_IP_SET: true
2026-08-19T11:39:15.2110090Z   OP_UNICODE: true
2026-08-19T11:39:15.2110277Z   OP_NTSYNC: true
2026-08-19T11:39:15.2112223Z   OP_BLACKLIST_MODULES: kernelsu,oplus_security_guard,oplus_qr_scan,oplus_score,oplus_vip_task,oplus_dns_cache,oplus_network_linkpower_module,oplus_data_module,oplus_secure_harden,oplus_security_keventupload,oplus_secure_guard_new,oplus_secure_guard,coresight_tpda,coresight_tgu,coresight_trace_noc,coresight_cti,coresight_qmi,coresight_dummy,coresight_remote_etm,coresight_tpdm,coresight_uetm,coresight_stm,coresight_tmc_sec,f_fs_ipc_log,qcom_iommu_debug,qti_battery_debug,rdbg,stm_heartbeat,stm_p_ost,stm_core,stm_ftrace,stm_console,spmi_pmic_arb_debug
2026-08-19T11:39:15.2114226Z   OP_UNAME: OP-WILD
2026-08-19T11:39:15.2114551Z   CONFIG: OP-ACE-3-PRO-6.1.75
2026-08-19T11:39:15.2115114Z   REPO: /usr/local/bin/repo
2026-08-19T11:39:15.2115558Z   CONFIG_FOLDER: /home/runner/work/OnePlus_KernelSU_SUSFS/OnePlus_KernelSU_SUSFS/OP-ACE-3-PRO-6.1.75
2026-08-19T11:39:15.2116272Z   ARTIFACTS_FOLDER: /home/runner/work/OnePlus_KernelSU_SUSFS/OnePlus_KernelSU_SUSFS/OP-ACE-3-PRO-6.1.75/artifacts
2026-08-19T11:39:15.2117073Z   KERNEL_PLATFORM_FOLDER: /home/runner/work/OnePlus_KernelSU_SUSFS/OnePlus_KernelSU_SUSFS/OP-ACE-3-PRO-6.1.75/kernel_platform
2026-08-19T11:39:15.2129919Z   COMMON_KERNEL_FOLDER: /home/runner/work/OnePlus_KernelSU_SUSFS/OnePlus_KernelSU_SUSFS/OP-ACE-3-PRO-6.1.75/kernel_platform/common
2026-08-19T11:39:15.2130829Z   MSM_KERNEL_FOLDER: /home/runner/work/OnePlus_KernelSU_SUSFS/OnePlus_KernelSU_SUSFS/OP-ACE-3-PRO-6.1.75/kernel_platform/msm-kernel
2026-08-19T11:39:15.2131624Z   AK3_FOLDER: /home/runner/work/OnePlus_KernelSU_SUSFS/OnePlus_KernelSU_SUSFS/OP-ACE-3-PRO-6.1.75/AnyKernel3
2026-08-19T11:39:15.2132337Z   DEBUG_ARTIFACTS_FOLDER: /home/runner/work/OnePlus_KernelSU_SUSFS/OnePlus_KernelSU_SUSFS/debug_artifacts
2026-08-19T11:39:15.2133009Z   KERNEL_PATCHES_FOLDER: /home/runner/work/OnePlus_KernelSU_SUSFS/OnePlus_KernelSU_SUSFS/kernel_patches
2026-08-19T11:39:15.2133624Z   SUSFS_FOLDER: /home/runner/work/OnePlus_KernelSU_SUSFS/OnePlus_KernelSU_SUSFS/susfs4ksu
2026-08-19T11:39:15.2134307Z   KSU_FOLDER: /home/runner/work/OnePlus_KernelSU_SUSFS/OnePlus_KernelSU_SUSFS/OP-ACE-3-PRO-6.1.75/kernel_platform/KernelSU
2026-08-19T11:39:15.2135386Z   KSUN_FOLDER: /home/runner/work/OnePlus_KernelSU_SUSFS/OnePlus_KernelSU_SUSFS/OP-ACE-3-PRO-6.1.75/kernel_platform/KernelSU-Next
2026-08-19T11:39:15.2135987Z   DEBUG_ZIP_NAME: debug_OP-ACE-3-PRO-6.1.75_A15.zip
2026-08-19T11:39:15.2136283Z   ANDROID_VER: android14
2026-08-19T11:39:15.2136496Z   KERNEL_VER: 6.1
2026-08-19T11:39:15.2136689Z   TKERNEL_VER: 6.1.75
2026-08-19T11:39:15.2136906Z   KERNEL_FULL_VER: android14-6.1.75
2026-08-19T11:39:15.2137172Z   SUSFS_KERNEL_BRANCH: gki-android14-6.1
2026-08-19T11:39:15.2137433Z ##[endgroup]
2026-08-19T11:39:15.2192684Z ##[group]Set build user/host
2026-08-19T11:39:15.2193050Z 
2026-08-19T11:39:15.2193367Z ✅ Build identity configured:
2026-08-19T11:39:15.2193773Z    User: OnePlus
2026-08-19T11:39:15.2194103Z    Host: ubuntu-build
2026-08-19T11:39:15.2194592Z ##[endgroup]
2026-08-19T11:39:15.2200131Z ##[end-action id=build.__run_9;outcome=success;conclusion=success;duration_ms=15]
2026-08-19T11:39:15.2202233Z ##[start-action display=Check or Detect Clang;id=build.__run_10]
2026-08-19T11:39:15.2216288Z ##[group]Run # Check or Detect Clang
2026-08-19T11:39:15.2216636Z [36;1m# Check or Detect Clang[0m
2026-08-19T11:39:15.2216884Z [36;1mset -euo pipefail[0m
2026-08-19T11:39:15.2217129Z [36;1mecho "::group::Detect Clang"[0m
2026-08-19T11:39:15.2217384Z [36;1mCLANG_FOUND=false[0m
2026-08-19T11:39:15.2217601Z [36;1mCLANG_BIN=""[0m
2026-08-19T11:39:15.2217798Z [36;1m[0m
2026-08-19T11:39:15.2217997Z [36;1mif [ -n "$OP_ZYC_COMPILER" ]; then[0m
2026-08-19T11:39:15.2218342Z [36;1m  # Priority 1: User explicitly wants ZyC compiler[0m
2026-08-19T11:39:15.2218769Z [36;1m  echo "OP_ZYC_COMPILER detected as download link: $OP_ZYC_COMPILER"[0m
2026-08-19T11:39:15.2219135Z [36;1m  [0m
2026-08-19T11:39:15.2219350Z [36;1m  ZYC_DIR="$CONFIG_FOLDER/compiler/zyc"[0m
2026-08-19T11:39:15.2219670Z [36;1m  TEMP_TAR="$CONFIG_FOLDER/compiler.tar.gz"[0m
2026-08-19T11:39:15.2219969Z [36;1m  mkdir -p "$ZYC_DIR"[0m
2026-08-19T11:39:15.2220199Z [36;1m  [0m
2026-08-19T11:39:15.2220418Z [36;1m  echo "Downloading ZyC Clang from link..."[0m
2026-08-19T11:39:15.2220693Z [36;1m  [0m
2026-08-19T11:39:15.2220872Z [36;1m  max_retries=5[0m
2026-08-19T11:39:15.2221084Z [36;1m  attempt=1[0m
2026-08-19T11:39:15.2221291Z [36;1m  download_success=false[0m
2026-08-19T11:39:15.2221517Z [36;1m  [0m
2026-08-19T11:39:15.2221731Z [36;1m  while [ $attempt -le $max_retries ]; do[0m
2026-08-19T11:39:15.2222072Z [36;1m    echo "Download attempt $attempt/$max_retries..."[0m
2026-08-19T11:39:15.2222506Z [36;1m    [0m
2026-08-19T11:39:15.2222941Z [36;1m    if curl -L --fail --retry 3 --retry-delay 5 --connect-timeout 60 -o "$TEMP_TAR" "$OP_ZYC_COMPILER"; then[0m
2026-08-19T11:39:15.2223466Z [36;1m        echo "Download successful."[0m
2026-08-19T11:39:15.2223746Z [36;1m        download_success=true[0m
2026-08-19T11:39:15.2223989Z [36;1m        break[0m
2026-08-19T11:39:15.2224189Z [36;1m    else[0m
2026-08-19T11:39:15.2224433Z [36;1m        echo "Download failed (attempt $attempt)."[0m
2026-08-19T11:39:15.2225023Z [36;1m        rm -f "$TEMP_TAR" 2>/dev/null[0m
2026-08-19T11:39:15.2225328Z [36;1m        if [ $attempt -eq $max_retries ]; then[0m
2026-08-19T11:39:15.2225741Z [36;1m            echo "Error: Failed to download ZyC Clang after $max_retries attempts."[0m
2026-08-19T11:39:15.2226131Z [36;1m            break[0m
2026-08-19T11:39:15.2226339Z [36;1m        fi[0m
2026-08-19T11:39:15.2226548Z [36;1m        attempt=$((attempt + 1))[0m
2026-08-19T11:39:15.2226811Z [36;1m        sleep 8[0m
2026-08-19T11:39:15.2227015Z [36;1m    fi[0m
2026-08-19T11:39:15.2227192Z [36;1m  done[0m
2026-08-19T11:39:15.2227367Z [36;1m[0m
2026-08-19T11:39:15.2227570Z [36;1m  if [ "$download_success" = true ]; then[0m
2026-08-19T11:39:15.2227844Z [36;1m    # Extract[0m
2026-08-19T11:39:15.2228073Z [36;1m    echo "Extracting to $ZYC_DIR ..."[0m
2026-08-19T11:39:15.2228409Z [36;1m    if tar -xzf "$TEMP_TAR" -C "$ZYC_DIR" 2>/dev/null; then[0m
2026-08-19T11:39:15.2228749Z [36;1m      # Symlink extraction fix[0m
2026-08-19T11:39:15.2229063Z [36;1m      tar -xzf "$TEMP_TAR" -C "$ZYC_DIR" 2>/dev/null || true[0m
2026-08-19T11:39:15.2229382Z [36;1m      # Cleanup[0m
2026-08-19T11:39:15.2229607Z [36;1m      rm -f "$TEMP_TAR"[0m
2026-08-19T11:39:15.2229835Z [36;1m      [0m
2026-08-19T11:39:15.2230029Z [36;1m      # Verify clang exists[0m
2026-08-19T11:39:15.2230418Z [36;1m      if [ -x "$ZYC_DIR/bin/clang" ]; then[0m
2026-08-19T11:39:15.2230892Z [36;1m          CLANG_BIN="$ZYC_DIR/bin"[0m
2026-08-19T11:39:15.2231362Z [36;1m          CLANG_FOUND=true[0m
2026-08-19T11:39:15.2231864Z [36;1m          echo "ZyC Clang successfully downloaded and extracted."[0m
2026-08-19T11:39:15.2232240Z [36;1m          echo "Using: $CLANG_BIN/clang"[0m
2026-08-19T11:39:15.2232515Z [36;1m      else[0m
2026-08-19T11:39:15.2232875Z [36;1m          echo "Warning: Extraction done, but clang binary not found at $ZYC_DIR/bin/clang"[0m
2026-08-19T11:39:15.2233455Z [36;1m      fi[0m
2026-08-19T11:39:15.2233633Z [36;1m    else[0m
2026-08-19T11:39:15.2233879Z [36;1m        echo "Error: Failed to extract the tar.gz file."[0m
2026-08-19T11:39:15.2234198Z [36;1m        rm -f "$TEMP_TAR"[0m
2026-08-19T11:39:15.2234429Z [36;1m    fi[0m
2026-08-19T11:39:15.2234607Z [36;1m  fi[0m
2026-08-19T11:39:15.2235010Z [36;1m[0m
2026-08-19T11:39:15.2235212Z [36;1melif [ -n "$OP_C_COMPILER" ]; then[0m
2026-08-19T11:39:15.2235540Z [36;1m  # Priority 2: User specified a custom C compiler[0m
2026-08-19T11:39:15.2235923Z [36;1m  if [ -x "$CONFIG_FOLDER/$OP_C_COMPILER/clang" ]; then[0m
2026-08-19T11:39:15.2236283Z [36;1m    CLANG_BIN="$CONFIG_FOLDER/$OP_C_COMPILER"[0m
2026-08-19T11:39:15.2236577Z [36;1m    CLANG_FOUND=true[0m
2026-08-19T11:39:15.2236792Z [36;1m  else[0m
2026-08-19T11:39:15.2237240Z [36;1m    echo "Warning: OP_C_COMPILER='$OP_C_COMPILER' but clang binary not found at $CONFIG_FOLDER/$OP_C_COMPILER/clang"[0m
2026-08-19T11:39:15.2237752Z [36;1m  fi[0m
2026-08-19T11:39:15.2237927Z [36;1mfi[0m
2026-08-19T11:39:15.2238100Z [36;1m[0m
2026-08-19T11:39:15.2238294Z [36;1mif [ "$CLANG_FOUND" = false ]; then[0m
2026-08-19T11:39:15.2238775Z [36;1m  # Priority 3: Auto-detect from prebuilts (when both variables are empty / user clang not found)[0m
2026-08-19T11:39:15.2239448Z [36;1m  for base in "$KERNEL_PLATFORM_FOLDER/prebuilts" "$KERNEL_PLATFORM_FOLDER/prebuilts-master"; do[0m
2026-08-19T11:39:15.2239968Z [36;1m    [ -d "$base/clang/host/linux-x86" ] || continue[0m
2026-08-19T11:39:15.2240606Z [36;1m    latest=$(ls -d "$base/clang/host/linux-x86/clang-r"* 2>/dev/null | sort -V | tail -n1 || true)[0m
2026-08-19T11:39:15.2241124Z [36;1m    if [ -n "$latest" ] && [ -x "$latest/bin/clang" ]; then[0m
2026-08-19T11:39:15.2241440Z [36;1m      CLANG_BIN="$latest/bin"[0m
2026-08-19T11:39:15.2241690Z [36;1m      CLANG_FOUND=true[0m
2026-08-19T11:39:15.2241911Z [36;1m      break[0m
2026-08-19T11:39:15.2242102Z [36;1m    fi[0m
2026-08-19T11:39:15.2242278Z [36;1m  done[0m
2026-08-19T11:39:15.2242449Z [36;1mfi[0m
2026-08-19T11:39:15.2242617Z [36;1m[0m
2026-08-19T11:39:15.2242907Z [36;1mif [ "$CLANG_FOUND" = false ] && command -v clang >/dev/null 2>&1; then[0m
2026-08-19T11:39:15.2243334Z [36;1m  # Priority 4: Fallback to system-installed clang[0m
2026-08-19T11:39:15.2243689Z [36;1m  CLANG_BIN="$(dirname "$(command -v clang)")"[0m
2026-08-19T11:39:15.2243980Z [36;1m  CLANG_FOUND=true[0m
2026-08-19T11:39:15.2244210Z [36;1m  echo "Using system clang."[0m
2026-08-19T11:39:15.2244452Z [36;1mfi[0m
2026-08-19T11:39:15.2244621Z [36;1m[0m
2026-08-19T11:39:15.2245148Z [36;1m[ "$CLANG_FOUND" = true ] || { echo "::error::No clang toolchain found"; exit 1; }[0m
2026-08-19T11:39:15.2245527Z [36;1m[0m
2026-08-19T11:39:15.2245755Z [36;1mecho "CLANG_BIN_PATH=$CLANG_BIN" >> "$GITHUB_ENV"[0m
2026-08-19T11:39:15.2246045Z [36;1m[0m
2026-08-19T11:39:15.2246299Z [36;1mCLANG_VERSION="$("$CLANG_BIN/clang" --version | head -n1)"[0m
2026-08-19T11:39:15.2246700Z [36;1mecho "CLANG_VERSION=$CLANG_VERSION" >> "$GITHUB_ENV"[0m
2026-08-19T11:39:15.2247006Z [36;1m[0m
2026-08-19T11:39:15.2247199Z [36;1mecho "Derive Clang fingerprint"[0m
2026-08-19T11:39:15.2247445Z [36;1m[0m
2026-08-19T11:39:15.2247758Z [36;1mshort="$("${CLANG_BIN}/clang" --version | sed -n '1s/.*clang-r\([0-9.]\+\).*/\1/p')"[0m
2026-08-19T11:39:15.2248150Z [36;1m[0m
2026-08-19T11:39:15.2248326Z [36;1mif [ -z "$short" ]; then[0m
2026-08-19T11:39:15.2248657Z [36;1m  short="$("${CLANG_BIN}/clang" --version | sha256sum | cut -c1-8)"[0m
2026-08-19T11:39:15.2249112Z [36;1m  echo "⚠️ Could not extract clang-r version, using hash: $short"[0m
2026-08-19T11:39:15.2249473Z [36;1melse[0m
2026-08-19T11:39:15.2249705Z [36;1m  echo "✅ Clang version fingerprint: $short"[0m
2026-08-19T11:39:15.2249987Z [36;1mfi[0m
2026-08-19T11:39:15.2250153Z [36;1m[0m
2026-08-19T11:39:15.2250383Z [36;1mecho "CLANG_VERSION_SHORT=$short" >> "$GITHUB_ENV"[0m
2026-08-19T11:39:15.2250838Z [36;1mecho "$CLANG_BIN" >> $GITHUB_PATH[0m
2026-08-19T11:39:15.2251167Z [36;1mecho "LIBCLANG_PATH=$CLANG_BIN/../lib" >> "$GITHUB_ENV"[0m
2026-08-19T11:39:15.2251480Z [36;1m[0m
2026-08-19T11:39:15.2251686Z [36;1mecho "✅ Detected Clang: $CLANG_VERSION"[0m
2026-08-19T11:39:15.2251975Z [36;1mecho "::endgroup::"[0m
2026-08-19T11:39:15.2285504Z shell: /usr/bin/bash --noprofile --norc -e -o pipefail {0}
2026-08-19T11:39:15.2285831Z env:
2026-08-19T11:39:15.2286160Z   CCACHE_DIR: /home/runner/work/OnePlus_KernelSU_SUSFS/OnePlus_KernelSU_SUSFS/.ccache
2026-08-19T11:39:15.2286579Z   CCACHE_MAXSIZE: 12G
2026-08-19T11:39:15.2286797Z   CCACHE_COMPILERCHECK: content
2026-08-19T11:39:15.2287154Z   CCACHE_BASEDIR: /home/runner/work/OnePlus_KernelSU_SUSFS/OnePlus_KernelSU_SUSFS
2026-08-19T11:39:15.2287543Z   CCACHE_NOHASHDIR: true
2026-08-19T11:39:15.2287768Z   CCACHE_IGNOREOPTIONS: --sysroot*
2026-08-19T11:39:15.2288016Z   CCACHE_COMPRESSION: true
2026-08-19T11:39:15.2288239Z   CCACHE_COMPRESSION_LEVEL: 3
2026-08-19T11:39:15.2288471Z   CCACHE_DIRECT: true
2026-08-19T11:39:15.2288669Z   CCACHE_FILE_CLONE: true
2026-08-19T11:39:15.2288876Z   CCACHE_INODE_CACHE: true
2026-08-19T11:39:15.2289091Z   CCACHE_IS_KERNEL_COMPILING: true
2026-08-19T11:39:15.2289317Z   CCACHE_UMASK: 002
2026-08-19T11:39:15.2289764Z   CCACHE_SLOPPINESS: file_macro,time_macros,include_file_mtime,include_file_ctime,pch_defines,system_headers,locale
2026-08-19T11:39:15.2290268Z   ACTION_REPO: 
2026-08-19T11:39:15.2290450Z   ACTION_REF: 
2026-08-19T11:39:15.2290641Z   OP_MODEL: OP-ACE-3-PRO-6.1.75
2026-08-19T11:39:15.2291005Z   OP_SOC: pineapple
2026-08-19T11:39:15.2291203Z   OP_BRANCH: wild/sm8650
2026-08-19T11:39:15.2291428Z   OP_MANIFEST: oneplus_ace3_pro_6.1.75_v.xml
2026-08-19T11:39:15.2291696Z   OP_ANDROID_VERSION: android14
2026-08-19T11:39:15.2291915Z   OP_KERNEL_VERSION: 6.1
2026-08-19T11:39:15.2292112Z   OP_OS_VERSION: A15
2026-08-19T11:39:15.2292297Z   OP_LTO: thin
2026-08-19T11:39:15.2292471Z   OP_ZYC_COMPILER: 
2026-08-19T11:39:15.2292811Z   OP_C_COMPILER: kernel_platform/prebuilts/clang/host/linux-x86/clang-r487747c/bin
2026-08-19T11:39:15.2293197Z   OP_RUST_COMPILER: 
2026-08-19T11:39:15.2293385Z   OP_BINDGEN: 
2026-08-19T11:39:15.2293567Z   OP_RUST_BUILD: false
2026-08-19T11:39:15.2293765Z   OP_DISK_CLEANUP: false
2026-08-19T11:39:15.2293963Z   OP_HMBIRD: false
2026-08-19T11:39:15.2294150Z   OP_SUSFS: true
2026-08-19T11:39:15.2294325Z   OP_OPT: true
2026-08-19T11:39:15.2294603Z   OP_DS: true
2026-08-19T11:39:15.2295018Z   OP_BBG: true
2026-08-19T11:39:15.2295199Z   OP_BBR: true
2026-08-19T11:39:15.2295373Z   OP_BBR3: true
2026-08-19T11:39:15.2295546Z   OP_TTL: true
2026-08-19T11:39:15.2295716Z   OP_IP_SET: true
2026-08-19T11:39:15.2295901Z   OP_UNICODE: true
2026-08-19T11:39:15.2296084Z   OP_NTSYNC: true
2026-08-19T11:39:15.2298008Z   OP_BLACKLIST_MODULES: kernelsu,oplus_security_guard,oplus_qr_scan,oplus_score,oplus_vip_task,oplus_dns_cache,oplus_network_linkpower_module,oplus_data_module,oplus_secure_harden,oplus_security_keventupload,oplus_secure_guard_new,oplus_secure_guard,coresight_tpda,coresight_tgu,coresight_trace_noc,coresight_cti,coresight_qmi,coresight_dummy,coresight_remote_etm,coresight_tpdm,coresight_uetm,coresight_stm,coresight_tmc_sec,f_fs_ipc_log,qcom_iommu_debug,qti_battery_debug,rdbg,stm_heartbeat,stm_p_ost,stm_core,stm_ftrace,stm_console,spmi_pmic_arb_debug
2026-08-19T11:39:15.2300019Z   OP_UNAME: OP-WILD
2026-08-19T11:39:15.2300219Z   CONFIG: OP-ACE-3-PRO-6.1.75
2026-08-19T11:39:15.2300448Z   REPO: /usr/local/bin/repo
2026-08-19T11:39:15.2300884Z   CONFIG_FOLDER: /home/runner/work/OnePlus_KernelSU_SUSFS/OnePlus_KernelSU_SUSFS/OP-ACE-3-PRO-6.1.75
2026-08-19T11:39:15.2301593Z   ARTIFACTS_FOLDER: /home/runner/work/OnePlus_KernelSU_SUSFS/OnePlus_KernelSU_SUSFS/OP-ACE-3-PRO-6.1.75/artifacts
2026-08-19T11:39:15.2302369Z   KERNEL_PLATFORM_FOLDER: /home/runner/work/OnePlus_KernelSU_SUSFS/OnePlus_KernelSU_SUSFS/OP-ACE-3-PRO-6.1.75/kernel_platform
2026-08-19T11:39:15.2303198Z   COMMON_KERNEL_FOLDER: /home/runner/work/OnePlus_KernelSU_SUSFS/OnePlus_KernelSU_SUSFS/OP-ACE-3-PRO-6.1.75/kernel_platform/common
2026-08-19T11:39:15.2304179Z   MSM_KERNEL_FOLDER: /home/runner/work/OnePlus_KernelSU_SUSFS/OnePlus_KernelSU_SUSFS/OP-ACE-3-PRO-6.1.75/kernel_platform/msm-kernel
2026-08-19T11:39:15.2305204Z   AK3_FOLDER: /home/runner/work/OnePlus_KernelSU_SUSFS/OnePlus_KernelSU_SUSFS/OP-ACE-3-PRO-6.1.75/AnyKernel3
2026-08-19T11:39:15.2305890Z   DEBUG_ARTIFACTS_FOLDER: /home/runner/work/OnePlus_KernelSU_SUSFS/OnePlus_KernelSU_SUSFS/debug_artifacts
2026-08-19T11:39:15.2306556Z   KERNEL_PATCHES_FOLDER: /home/runner/work/OnePlus_KernelSU_SUSFS/OnePlus_KernelSU_SUSFS/kernel_patches
2026-08-19T11:39:15.2307164Z   SUSFS_FOLDER: /home/runner/work/OnePlus_KernelSU_SUSFS/OnePlus_KernelSU_SUSFS/susfs4ksu
2026-08-19T11:39:15.2307845Z   KSU_FOLDER: /home/runner/work/OnePlus_KernelSU_SUSFS/OnePlus_KernelSU_SUSFS/OP-ACE-3-PRO-6.1.75/kernel_platform/KernelSU
2026-08-19T11:39:15.2308657Z   KSUN_FOLDER: /home/runner/work/OnePlus_KernelSU_SUSFS/OnePlus_KernelSU_SUSFS/OP-ACE-3-PRO-6.1.75/kernel_platform/KernelSU-Next
2026-08-19T11:39:15.2309243Z   DEBUG_ZIP_NAME: debug_OP-ACE-3-PRO-6.1.75_A15.zip
2026-08-19T11:39:15.2309532Z   ANDROID_VER: android14
2026-08-19T11:39:15.2309736Z   KERNEL_VER: 6.1
2026-08-19T11:39:15.2309923Z   TKERNEL_VER: 6.1.75
2026-08-19T11:39:15.2310131Z   KERNEL_FULL_VER: android14-6.1.75
2026-08-19T11:39:15.2310391Z   SUSFS_KERNEL_BRANCH: gki-android14-6.1
2026-08-19T11:39:15.2310646Z   BUILD_USER: OnePlus
2026-08-19T11:39:15.2310845Z   BUILD_HOST: ubuntu-build
2026-08-19T11:39:15.2311055Z ##[endgroup]
2026-08-19T11:39:15.2365662Z ##[group]Detect Clang
2026-08-19T11:39:15.2481012Z Derive Clang fingerprint
2026-08-19T11:39:15.2667375Z ⚠️ Could not extract clang-r version, using hash: 4e90edd6
2026-08-19T11:39:15.2668906Z ✅ Detected Clang: Android (10087095, +pgo, +bolt, +lto, -mlgo, based on r487747c) clang version 17.0.2 (https://android.googlesource.com/toolchain/llvm-project d9f89f4d16663d5012e5c09495f3b30ece3d2362)
2026-08-19T11:39:15.2670561Z ##[endgroup]
2026-08-19T11:39:15.2676304Z ##[end-action id=build.__run_10;outcome=success;conclusion=success;duration_ms=47]
2026-08-19T11:39:15.2678846Z ##[start-action display=Check or Detect Rust & bindgen;id=build.__run_11]
2026-08-19T11:39:15.2698033Z ##[end-action id=build.__run_11;outcome=skipped;conclusion=skipped;duration_ms=0]
2026-08-19T11:39:15.2700188Z ##[start-action display=Install bindgen only (no rustc);id=build.__run_12]
2026-08-19T11:39:15.2706963Z ##[end-action id=build.__run_12;outcome=skipped;conclusion=skipped;duration_ms=0]
2026-08-19T11:39:15.2708984Z ##[start-action display=Test Rust & bindgen;id=build.__run_13]
2026-08-19T11:39:15.2712229Z ##[end-action id=build.__run_13;outcome=skipped;conclusion=skipped;duration_ms=0]
2026-08-19T11:39:15.2714251Z ##[start-action display=Restore ccache cache;id=build.restore-ccache-cache]
2026-08-19T11:39:15.2735170Z ##[end-action id=build.restore-ccache-cache;outcome=skipped;conclusion=skipped;duration_ms=0]
2026-08-19T11:39:15.2737269Z ##[start-action display=Check and Prepare Caches;id=build.__run_14]
2026-08-19T11:39:15.2752494Z ##[group]Run echo "::group::Check ccache"
2026-08-19T11:39:15.2752824Z [36;1mecho "::group::Check ccache"[0m
2026-08-19T11:39:15.2753096Z [36;1mset -euo pipefail[0m
2026-08-19T11:39:15.2753323Z [36;1m[0m
2026-08-19T11:39:15.2753536Z [36;1mecho "/usr/lib/ccache" >> $GITHUB_PATH[0m
2026-08-19T11:39:15.2753811Z [36;1m[0m
2026-08-19T11:39:15.2754014Z [36;1mecho "Current ccache configuration:"[0m
2026-08-19T11:39:15.2754297Z [36;1mccache -p[0m
2026-08-19T11:39:15.2754495Z [36;1m[0m
2026-08-19T11:39:15.2755234Z [36;1mif [ -d "$CCACHE_DIR" ] && find "$CCACHE_DIR" -maxdepth 2 -type f -print -quit 2>/dev/null | grep -q .; then[0m
2026-08-19T11:39:15.2755746Z [36;1m  echo "✅ Restored cache found"[0m
2026-08-19T11:39:15.2756003Z [36;1m  echo ""[0m
2026-08-19T11:39:15.2756233Z [36;1m  echo "Pre-build cache statistics:"[0m
2026-08-19T11:39:15.2756520Z [36;1m  ccache -s | head -n 20[0m
2026-08-19T11:39:15.2756932Z [36;1m  [0m
2026-08-19T11:39:15.2757176Z [36;1m  echo "Updating atime to achive cache eviction"[0m
2026-08-19T11:39:15.2757859Z [36;1m  find /home/runner/work/OnePlus_KernelSU_SUSFS/OnePlus_KernelSU_SUSFS/.ccache -type f -exec touch -t $(date -d "1 day ago" +%Y%m%d%H%M) {} +[0m
2026-08-19T11:39:15.2758467Z [36;1melse[0m
2026-08-19T11:39:15.2758725Z [36;1m  echo "⚠️ No existing cache - building from scratch"[0m
2026-08-19T11:39:15.2759121Z [36;1m  echo "Cache will be populated for future builds"[0m
2026-08-19T11:39:15.2759422Z [36;1mfi[0m
2026-08-19T11:39:15.2759603Z [36;1m[0m
2026-08-19T11:39:15.2759779Z [36;1mccache -z[0m
2026-08-19T11:39:15.2759995Z [36;1mrm -f "$CCACHE_DIR/ccache.log"[0m
2026-08-19T11:39:15.2760244Z [36;1m[0m
2026-08-19T11:39:15.2760447Z [36;1m# Blacklist Risky files from ccache[0m
2026-08-19T11:39:15.2760845Z [36;1msed -i '1i // CI_RUN_ID: 32248482168' "$COMMON_KERNEL_FOLDER/kernel/configs.c"[0m
2026-08-19T11:39:15.2761341Z [36;1msed -i '1i // ccache:disable' "$COMMON_KERNEL_FOLDER/kernel/configs.c"[0m
2026-08-19T11:39:15.2761704Z [36;1m[0m
2026-08-19T11:39:15.2762058Z [36;1mif head -n 1 "$COMMON_KERNEL_FOLDER/kernel/configs.c" | grep -q "// ccache:disable"; then[0m
2026-08-19T11:39:15.2762556Z [36;1m    echo "Success: ccache is disabled for this file!"[0m
2026-08-19T11:39:15.2762863Z [36;1melse[0m
2026-08-19T11:39:15.2763123Z [36;1m    echo "Error: Modification failed or line is missing."[0m
2026-08-19T11:39:15.2763445Z [36;1mfi[0m
2026-08-19T11:39:15.2763616Z [36;1m[0m
2026-08-19T11:39:15.2763932Z [36;1mecho "::endgroup::"[0m
2026-08-19T11:39:15.2802714Z shell: /usr/bin/bash --noprofile --norc -e -o pipefail {0}
2026-08-19T11:39:15.2803053Z env:
2026-08-19T11:39:15.2803390Z   CCACHE_DIR: /home/runner/work/OnePlus_KernelSU_SUSFS/OnePlus_KernelSU_SUSFS/.ccache
2026-08-19T11:39:15.2803810Z   CCACHE_MAXSIZE: 12G
2026-08-19T11:39:15.2804032Z   CCACHE_COMPILERCHECK: content
2026-08-19T11:39:15.2804403Z   CCACHE_BASEDIR: /home/runner/work/OnePlus_KernelSU_SUSFS/OnePlus_KernelSU_SUSFS
2026-08-19T11:39:15.2805065Z   CCACHE_NOHASHDIR: true
2026-08-19T11:39:15.2805302Z   CCACHE_IGNOREOPTIONS: --sysroot*
2026-08-19T11:39:15.2805548Z   CCACHE_COMPRESSION: true
2026-08-19T11:39:15.2805770Z   CCACHE_COMPRESSION_LEVEL: 3
2026-08-19T11:39:15.2805995Z   CCACHE_DIRECT: true
2026-08-19T11:39:15.2806194Z   CCACHE_FILE_CLONE: true
2026-08-19T11:39:15.2806403Z   CCACHE_INODE_CACHE: true
2026-08-19T11:39:15.2806628Z   CCACHE_IS_KERNEL_COMPILING: true
2026-08-19T11:39:15.2806859Z   CCACHE_UMASK: 002
2026-08-19T11:39:15.2807315Z   CCACHE_SLOPPINESS: file_macro,time_macros,include_file_mtime,include_file_ctime,pch_defines,system_headers,locale
2026-08-19T11:39:15.2807828Z   ACTION_REPO: 
2026-08-19T11:39:15.2808011Z   ACTION_REF: 
2026-08-19T11:39:15.2808212Z   OP_MODEL: OP-ACE-3-PRO-6.1.75
2026-08-19T11:39:15.2808446Z   OP_SOC: pineapple
2026-08-19T11:39:15.2808641Z   OP_BRANCH: wild/sm8650
2026-08-19T11:39:15.2808874Z   OP_MANIFEST: oneplus_ace3_pro_6.1.75_v.xml
2026-08-19T11:39:15.2809154Z   OP_ANDROID_VERSION: android14
2026-08-19T11:39:15.2809381Z   OP_KERNEL_VERSION: 6.1
2026-08-19T11:39:15.2809584Z   OP_OS_VERSION: A15
2026-08-19T11:39:15.2809773Z   OP_LTO: thin
2026-08-19T11:39:15.2809955Z   OP_ZYC_COMPILER: 
2026-08-19T11:39:15.2810288Z   OP_C_COMPILER: kernel_platform/prebuilts/clang/host/linux-x86/clang-r487747c/bin
2026-08-19T11:39:15.2810683Z   OP_RUST_COMPILER: 
2026-08-19T11:39:15.2810875Z   OP_BINDGEN: 
2026-08-19T11:39:15.2811057Z   OP_RUST_BUILD: false
2026-08-19T11:39:15.2811260Z   OP_DISK_CLEANUP: false
2026-08-19T11:39:15.2811465Z   OP_HMBIRD: false
2026-08-19T11:39:15.2811647Z   OP_SUSFS: true
2026-08-19T11:39:15.2811830Z   OP_OPT: true
2026-08-19T11:39:15.2812003Z   OP_DS: true
2026-08-19T11:39:15.2812178Z   OP_BBG: true
2026-08-19T11:39:15.2812348Z   OP_BBR: true
2026-08-19T11:39:15.2812523Z   OP_BBR3: true
2026-08-19T11:39:15.2812698Z   OP_TTL: true
2026-08-19T11:39:15.2812875Z   OP_IP_SET: true
2026-08-19T11:39:15.2813058Z   OP_UNICODE: true
2026-08-19T11:39:15.2813424Z   OP_NTSYNC: true
2026-08-19T11:39:15.2815613Z   OP_BLACKLIST_MODULES: kernelsu,oplus_security_guard,oplus_qr_scan,oplus_score,oplus_vip_task,oplus_dns_cache,oplus_network_linkpower_module,oplus_data_module,oplus_secure_harden,oplus_security_keventupload,oplus_secure_guard_new,oplus_secure_guard,coresight_tpda,coresight_tgu,coresight_trace_noc,coresight_cti,coresight_qmi,coresight_dummy,coresight_remote_etm,coresight_tpdm,coresight_uetm,coresight_stm,coresight_tmc_sec,f_fs_ipc_log,qcom_iommu_debug,qti_battery_debug,rdbg,stm_heartbeat,stm_p_ost,stm_core,stm_ftrace,stm_console,spmi_pmic_arb_debug
2026-08-19T11:39:15.2817626Z   OP_UNAME: OP-WILD
2026-08-19T11:39:15.2817837Z   CONFIG: OP-ACE-3-PRO-6.1.75
2026-08-19T11:39:15.2818082Z   REPO: /usr/local/bin/repo
2026-08-19T11:39:15.2818515Z   CONFIG_FOLDER: /home/runner/work/OnePlus_KernelSU_SUSFS/OnePlus_KernelSU_SUSFS/OP-ACE-3-PRO-6.1.75
2026-08-19T11:39:15.2819233Z   ARTIFACTS_FOLDER: /home/runner/work/OnePlus_KernelSU_SUSFS/OnePlus_KernelSU_SUSFS/OP-ACE-3-PRO-6.1.75/artifacts
2026-08-19T11:39:15.2820028Z   KERNEL_PLATFORM_FOLDER: /home/runner/work/OnePlus_KernelSU_SUSFS/OnePlus_KernelSU_SUSFS/OP-ACE-3-PRO-6.1.75/kernel_platform
2026-08-19T11:39:15.2820895Z   COMMON_KERNEL_FOLDER: /home/runner/work/OnePlus_KernelSU_SUSFS/OnePlus_KernelSU_SUSFS/OP-ACE-3-PRO-6.1.75/kernel_platform/common
2026-08-19T11:39:15.2821758Z   MSM_KERNEL_FOLDER: /home/runner/work/OnePlus_KernelSU_SUSFS/OnePlus_KernelSU_SUSFS/OP-ACE-3-PRO-6.1.75/kernel_platform/msm-kernel
2026-08-19T11:39:15.2822689Z   AK3_FOLDER: /home/runner/work/OnePlus_KernelSU_SUSFS/OnePlus_KernelSU_SUSFS/OP-ACE-3-PRO-6.1.75/AnyKernel3
2026-08-19T11:39:15.2823407Z   DEBUG_ARTIFACTS_FOLDER: /home/runner/work/OnePlus_KernelSU_SUSFS/OnePlus_KernelSU_SUSFS/debug_artifacts
2026-08-19T11:39:15.2824084Z   KERNEL_PATCHES_FOLDER: /home/runner/work/OnePlus_KernelSU_SUSFS/OnePlus_KernelSU_SUSFS/kernel_patches
2026-08-19T11:39:15.2824976Z   SUSFS_FOLDER: /home/runner/work/OnePlus_KernelSU_SUSFS/OnePlus_KernelSU_SUSFS/susfs4ksu
2026-08-19T11:39:15.2825695Z   KSU_FOLDER: /home/runner/work/OnePlus_KernelSU_SUSFS/OnePlus_KernelSU_SUSFS/OP-ACE-3-PRO-6.1.75/kernel_platform/KernelSU
2026-08-19T11:39:15.2826512Z   KSUN_FOLDER: /home/runner/work/OnePlus_KernelSU_SUSFS/OnePlus_KernelSU_SUSFS/OP-ACE-3-PRO-6.1.75/kernel_platform/KernelSU-Next
2026-08-19T11:39:15.2827107Z   DEBUG_ZIP_NAME: debug_OP-ACE-3-PRO-6.1.75_A15.zip
2026-08-19T11:39:15.2827400Z   ANDROID_VER: android14
2026-08-19T11:39:15.2827610Z   KERNEL_VER: 6.1
2026-08-19T11:39:15.2827797Z   TKERNEL_VER: 6.1.75
2026-08-19T11:39:15.2828015Z   KERNEL_FULL_VER: android14-6.1.75
2026-08-19T11:39:15.2828275Z   SUSFS_KERNEL_BRANCH: gki-android14-6.1
2026-08-19T11:39:15.2828529Z   BUILD_USER: OnePlus
2026-08-19T11:39:15.2828729Z   BUILD_HOST: ubuntu-build
2026-08-19T11:39:15.2829377Z   CLANG_BIN_PATH: /home/runner/work/OnePlus_KernelSU_SUSFS/OnePlus_KernelSU_SUSFS/OP-ACE-3-PRO-6.1.75/kernel_platform/prebuilts/clang/host/linux-x86/clang-r487747c/bin
2026-08-19T11:39:15.2830595Z   CLANG_VERSION: Android (10087095, +pgo, +bolt, +lto, -mlgo, based on r487747c) clang version 17.0.2 (https://android.googlesource.com/toolchain/llvm-project d9f89f4d16663d5012e5c09495f3b30ece3d2362)
2026-08-19T11:39:15.2831371Z   CLANG_VERSION_SHORT: 4e90edd6
2026-08-19T11:39:15.2832042Z   LIBCLANG_PATH: /home/runner/work/OnePlus_KernelSU_SUSFS/OnePlus_KernelSU_SUSFS/OP-ACE-3-PRO-6.1.75/kernel_platform/prebuilts/clang/host/linux-x86/clang-r487747c/bin/../lib
2026-08-19T11:39:15.2832738Z ##[endgroup]
2026-08-19T11:39:15.2893656Z ##[group]Check ccache
2026-08-19T11:39:15.2894067Z Current ccache configuration:
2026-08-19T11:39:15.2912629Z (default) absolute_paths_in_stderr = false
2026-08-19T11:39:15.2913476Z (environment) base_dir = /home/runner/work/OnePlus_KernelSU_SUSFS/OnePlus_KernelSU_SUSFS
2026-08-19T11:39:15.2914469Z (environment) cache_dir = /home/runner/work/OnePlus_KernelSU_SUSFS/OnePlus_KernelSU_SUSFS/.ccache
2026-08-19T11:39:15.2915294Z (default) compiler = 
2026-08-19T11:39:15.2915748Z (environment) compiler_check = content
2026-08-19T11:39:15.2916054Z (default) compiler_type = auto
2026-08-19T11:39:15.2916322Z (default) compression = true
2026-08-19T11:39:15.2916625Z (default) compression_level = 0
2026-08-19T11:39:15.2916920Z (default) cpp_extension = 
2026-08-19T11:39:15.2917195Z (default) debug = false
2026-08-19T11:39:15.2917403Z (default) debug_dir = 
2026-08-19T11:39:15.2917609Z (default) debug_level = 2
2026-08-19T11:39:15.2917827Z (default) depend_mode = false
2026-08-19T11:39:15.2918091Z (environment) direct_mode = true
2026-08-19T11:39:15.2918553Z (default) disable = false
2026-08-19T11:39:15.2919082Z (default) extra_files_to_hash = 
2026-08-19T11:39:15.2919513Z (default) file_clone = false
2026-08-19T11:39:15.2919914Z (default) hard_link = false
2026-08-19T11:39:15.2920310Z (environment) hash_dir = false
2026-08-19T11:39:15.2920744Z (default) ignore_headers_in_manifest = 
2026-08-19T11:39:15.2921223Z (environment) ignore_options = --sysroot*
2026-08-19T11:39:15.2921707Z (default) inode_cache = true
2026-08-19T11:39:15.2922122Z (default) keep_comments_cpp = false
2026-08-19T11:39:15.2922553Z (default) log_file = 
2026-08-19T11:39:15.2922921Z (default) max_files = 0
2026-08-19T11:39:15.2923309Z (environment) max_size = 12.0 GB
2026-08-19T11:39:15.2923789Z (default) msvc_dep_prefix = Note: including file:
2026-08-19T11:39:15.2924417Z (default) namespace = 
2026-08-19T11:39:15.2925040Z (default) path = 
2026-08-19T11:39:15.2925434Z (default) pch_external_checksum = false
2026-08-19T11:39:15.2925916Z (default) prefix_command = 
2026-08-19T11:39:15.2926558Z (default) prefix_command_cpp = 
2026-08-19T11:39:15.2926990Z (default) read_only = false
2026-08-19T11:39:15.2927400Z (default) read_only_direct = false
2026-08-19T11:39:15.2927834Z (default) recache = false
2026-08-19T11:39:15.2928237Z (default) remote_only = false
2026-08-19T11:39:15.2928657Z (default) remote_storage = 
2026-08-19T11:39:15.2929062Z (default) reshare = false
2026-08-19T11:39:15.2929464Z (default) run_second_cpp = true
2026-08-19T11:39:15.2930361Z (environment) sloppiness = include_file_ctime, include_file_mtime, locale, pch_defines, system_headers, time_macros
2026-08-19T11:39:15.2931291Z (default) stats = true
2026-08-19T11:39:15.2931656Z (default) stats_log = 
2026-08-19T11:39:15.2932078Z (default) temporary_dir = /run/user/1001/ccache-tmp
2026-08-19T11:39:15.2932593Z (environment) umask = 002
2026-08-19T11:39:15.2936251Z ⚠️ No existing cache - building from scratch
2026-08-19T11:39:15.2936962Z Cache will be populated for future builds
2026-08-19T11:39:15.3393964Z Statistics zeroed
2026-08-19T11:39:15.3453756Z Success: ccache is disabled for this file!
2026-08-19T11:39:15.3454594Z ##[endgroup]
2026-08-19T11:39:15.3461418Z ##[end-action id=build.__run_14;outcome=success;conclusion=success;duration_ms=72]
2026-08-19T11:39:15.3463771Z ##[start-action display=Fetch SusFS and Other Dependencies;id=build.__run_15]
2026-08-19T11:39:15.3487670Z ##[group]Run echo "::group::Fetch dependencies"
2026-08-19T11:39:15.3488232Z [36;1mecho "::group::Fetch dependencies"[0m
2026-08-19T11:39:15.3488527Z [36;1mset -euo pipefail[0m
2026-08-19T11:39:15.3488821Z [36;1mecho "Fetching SusFS and other dependencies..."[0m
2026-08-19T11:39:15.3489136Z [36;1m[0m
2026-08-19T11:39:15.3489307Z [36;1m[0m
2026-08-19T11:39:15.3489489Z [36;1mif [ "true" = true ]; then[0m
2026-08-19T11:39:15.3489767Z [36;1m  # Determine SUSFS branch/commit to use[0m
2026-08-19T11:39:15.3490056Z [36;1m  SUSFS_INPUT=""[0m
2026-08-19T11:39:15.3490268Z [36;1m  [0m
2026-08-19T11:39:15.3490509Z [36;1m  # Default SUSFS branches for each kernel version[0m
2026-08-19T11:39:15.3490826Z [36;1m  declare -A DEFAULT_SUSFS=([0m
2026-08-19T11:39:15.3491112Z [36;1m    ["android12-5.10"]="gki-android12-5.10"[0m
2026-08-19T11:39:15.3491415Z [36;1m    ["android13-5.15"]="gki-android13-5.15"[0m
2026-08-19T11:39:15.3491711Z [36;1m    ["android14-6.1"]="gki-android14-6.1"[0m
2026-08-19T11:39:15.3492005Z [36;1m    ["android15-6.6"]="gki-android15-6.6"[0m
2026-08-19T11:39:15.3492471Z [36;1m    ["android16-6.12"]="gki-android16-6.12"[0m
2026-08-19T11:39:15.3492731Z [36;1m  )[0m
2026-08-19T11:39:15.3492903Z [36;1m  [0m
2026-08-19T11:39:15.3493105Z [36;1m  # Determine which SUSFS ref to use[0m
2026-08-19T11:39:15.3493380Z [36;1m  KERNEL_KEY="android14-6.1"[0m
2026-08-19T11:39:15.3493638Z [36;1m  if [ -z "$SUSFS_INPUT" ]; then[0m
2026-08-19T11:39:15.3493916Z [36;1m    # use kernel-specific default[0m
2026-08-19T11:39:15.3494282Z [36;1m    SUSFS_BRANCH="${DEFAULT_SUSFS[$KERNEL_KEY]:-gki-android15-6.6}"[0m
2026-08-19T11:39:15.3495187Z [36;1m    echo "ℹ️  Using default SUSFS branch for $KERNEL_KEY: $SUSFS_BRANCH"[0m
2026-08-19T11:39:15.3495606Z [36;1m  else[0m
2026-08-19T11:39:15.3495862Z [36;1m    # 40-char hash or branch/commit passed directly[0m
2026-08-19T11:39:15.3496194Z [36;1m    SUSFS_BRANCH="$SUSFS_INPUT"[0m
2026-08-19T11:39:15.3496511Z [36;1m    echo "🔧 Using resolved SUSFS ref: $SUSFS_BRANCH"[0m
2026-08-19T11:39:15.3496821Z [36;1m  fi[0m
2026-08-19T11:39:15.3497011Z [36;1mfi[0m
2026-08-19T11:39:15.3497183Z [36;1m[0m
2026-08-19T11:39:15.3497368Z [36;1mretry_fetch_archive() {[0m
2026-08-19T11:39:15.3497608Z [36;1m  local url="$1"[0m
2026-08-19T11:39:15.3509518Z [36;1m  local branch="${2:-main}"[0m
2026-08-19T11:39:15.3509998Z [36;1m  local max_attempts=3[0m
2026-08-19T11:39:15.3510330Z [36;1m  local attempt=1[0m
2026-08-19T11:39:15.3510557Z [36;1m  [0m
2026-08-19T11:39:15.3510789Z [36;1m  local repo_name=$(basename "$url" .git)[0m
2026-08-19T11:39:15.3511359Z [36;1m  local safe_branch=$(echo "$branch" | tr '/' '_')[0m
2026-08-19T11:39:15.3511776Z [36;1m  local archive_name="${repo_name}_${safe_branch}.tar.gz"[0m
2026-08-19T11:39:15.3512146Z [36;1m  local shm_path="/dev/shm/$archive_name"[0m
2026-08-19T11:39:15.3512437Z [36;1m  [0m
2026-08-19T11:39:15.3512661Z [36;1m  local nproc=$(nproc 2>/dev/null || echo 4)[0m
2026-08-19T11:39:15.3512935Z [36;1m  [0m
2026-08-19T11:39:15.3513186Z [36;1m  local aria_log_flags="--quiet --summary-interval=0"[0m
2026-08-19T11:39:15.3513529Z [36;1m  if [ "true" = "true" ]; then[0m
2026-08-19T11:39:15.3513922Z [36;1m      aria_log_flags="--summary-interval=5" # Show progress every 5s in debug[0m
2026-08-19T11:39:15.3514339Z [36;1m  fi[0m
2026-08-19T11:39:15.3514519Z [36;1m  [0m
2026-08-19T11:39:15.3514962Z [36;1m  local aria2_headers=([0m
2026-08-19T11:39:15.3515539Z [36;1m    "--header=User-Agent: Mozilla/5.0 (Windows NT 10.0; Win64; x64) AppleWebKit/537.36 (KHTML, like Gecko) Chrome/120.0.0.0 Safari/537.36"[0m
2026-08-19T11:39:15.3516133Z [36;1m    "--header=Accept: */*"[0m
2026-08-19T11:39:15.3516407Z [36;1m    "--header=Connection: keep-alive"[0m
2026-08-19T11:39:15.3516675Z [36;1m  )[0m
2026-08-19T11:39:15.3516849Z [36;1m  [0m
2026-08-19T11:39:15.3517036Z [36;1m  local download_url=""[0m
2026-08-19T11:39:15.3517302Z [36;1m  if [[ "$url" == *"github.com"* ]]; then[0m
2026-08-19T11:39:15.3517676Z [36;1m      download_url="${url%.git}/archive/refs/heads/${branch}.tar.gz"[0m
2026-08-19T11:39:15.3518072Z [36;1m  elif [[ "$url" == *"gitlab.com"* ]]; then[0m
2026-08-19T11:39:15.3518490Z [36;1m      download_url="${url%.git}/-/archive/${branch}/${repo_name}-${branch}.tar.gz"[0m
2026-08-19T11:39:15.3518874Z [36;1m  else[0m
2026-08-19T11:39:15.3519098Z [36;1m      echo "::error::Unsupported host: $url"[0m
2026-08-19T11:39:15.3519381Z [36;1m      return 1[0m
2026-08-19T11:39:15.3519580Z [36;1m  fi[0m
2026-08-19T11:39:15.3519749Z [36;1m  [0m
2026-08-19T11:39:15.3519962Z [36;1m  while [ $attempt -le $max_attempts ]; do[0m
2026-08-19T11:39:15.3520411Z [36;1m      echo " Attempt $attempt/$max_attempts: High-speed fetch for $repo_name ($branch)"[0m
2026-08-19T11:39:15.3520823Z [36;1m      [0m
2026-08-19T11:39:15.3521460Z [36;1m      if aria2c -x16 -s16 -j16 -k1M --retry-wait=2 --max-tries=5 -d "/dev/shm" -o "$archive_name" --allow-overwrite=true "${aria2_headers[@]}" $aria_log_flags "$download_url"; then[0m
2026-08-19T11:39:15.3522162Z [36;1m          mkdir -p "$repo_name"[0m
2026-08-19T11:39:15.3522846Z [36;1m          if tar -I "pigz -p $nproc -b 256" -x --record-size=1M -f "$shm_path" -C "$repo_name" --strip-components=1 --no-same-owner; then[0m
2026-08-19T11:39:15.3523428Z [36;1m              echo "✅ Success: $repo_name synced"[0m
2026-08-19T11:39:15.3523726Z [36;1m              rm -f "$shm_path"[0m
2026-08-19T11:39:15.3523976Z [36;1m              return 0[0m
2026-08-19T11:39:15.3524202Z [36;1m          fi[0m
2026-08-19T11:39:15.3524391Z [36;1m      fi[0m
2026-08-19T11:39:15.3524571Z [36;1m      [0m
2026-08-19T11:39:15.3525265Z [36;1m      echo "⚠️ Attempt $attempt failed, clearing RAM and retrying..."[0m
2026-08-19T11:39:15.3525842Z [36;1m      rm -rf "$repo_name" "$shm_path" 2>/dev/null[0m
2026-08-19T11:39:15.3526144Z [36;1m      sleep 5[0m
2026-08-19T11:39:15.3526373Z [36;1m      attempt=$((attempt + 1))[0m
2026-08-19T11:39:15.3526619Z [36;1m  done[0m
2026-08-19T11:39:15.3526806Z [36;1m  [0m
2026-08-19T11:39:15.3527033Z [36;1m  echo "::error::All attempts failed for $url"[0m
2026-08-19T11:39:15.3527336Z [36;1m  return 1[0m
2026-08-19T11:39:15.3527527Z [36;1m}[0m
2026-08-19T11:39:15.3527698Z [36;1m[0m
2026-08-19T11:39:15.3527872Z [36;1mretry_clone() {[0m
2026-08-19T11:39:15.3528087Z [36;1m  local url="$1"[0m
2026-08-19T11:39:15.3528312Z [36;1m  local branch="${2:-main}"[0m
2026-08-19T11:39:15.3528561Z [36;1m  local depth="${3:-1}"[0m
2026-08-19T11:39:15.3528815Z [36;1m  local dir="$(basename "$url" .git)"[0m
2026-08-19T11:39:15.3529093Z [36;1m  local max_attempts=3[0m
2026-08-19T11:39:15.3529466Z [36;1m  local attempt=1[0m
2026-08-19T11:39:15.3529688Z [36;1m  [0m
2026-08-19T11:39:15.3529875Z [36;1m  # Build git clone args[0m
2026-08-19T11:39:15.3530141Z [36;1m  local clone_args=(--branch "$branch")[0m
2026-08-19T11:39:15.3530458Z [36;1m  if [ "$depth" != "0" ] && [ -n "$depth" ]; then[0m
2026-08-19T11:39:15.3530766Z [36;1m    clone_args+=(--depth "$depth")[0m
2026-08-19T11:39:15.3531024Z [36;1m  fi[0m
2026-08-19T11:39:15.3531204Z [36;1m  [0m
2026-08-19T11:39:15.3531417Z [36;1m  while [ $attempt -le $max_attempts ]; do[0m
2026-08-19T11:39:15.3531887Z [36;1m    echo "🔄 Attempt $attempt/$max_attempts: cloning $url ($branch)${depth:+ [depth=$depth]}"[0m
2026-08-19T11:39:15.3532321Z [36;1m    [0m
2026-08-19T11:39:15.3532514Z [36;1m    # Clone with dynamic args[0m
2026-08-19T11:39:15.3532811Z [36;1m    git clone "${clone_args[@]}" "$url" "$dir" && {[0m
2026-08-19T11:39:15.3533109Z [36;1m      echo "✅ Success"[0m
2026-08-19T11:39:15.3533339Z [36;1m      return 0[0m
2026-08-19T11:39:15.3533545Z [36;1m    }[0m
2026-08-19T11:39:15.3533719Z [36;1m    [0m
2026-08-19T11:39:15.3533917Z [36;1m    echo "❌ Failed, cleaning up..."[0m
2026-08-19T11:39:15.3534189Z [36;1m    rm -rf "$dir" 2>/dev/null[0m
2026-08-19T11:39:15.3534442Z [36;1m    sleep $((attempt++ * 5))[0m
2026-08-19T11:39:15.3534941Z [36;1m  done[0m
2026-08-19T11:39:15.3535135Z [36;1m  [0m
2026-08-19T11:39:15.3535329Z [36;1m  echo "💥 All attempts failed"[0m
2026-08-19T11:39:15.3535590Z [36;1m  return 1[0m
2026-08-19T11:39:15.3535778Z [36;1m}[0m
2026-08-19T11:39:15.3535943Z [36;1m[0m
2026-08-19T11:39:15.3536276Z [36;1mretry_clone "https://github.com/WildKernels/kernel_patches.git" "main" "1"[0m
2026-08-19T11:39:15.3536681Z [36;1m[0m
2026-08-19T11:39:15.3536861Z [36;1mif [ "true" = true ]; then[0m
2026-08-19T11:39:15.3537153Z [36;1m  echo "Using SUSFS branch/commit: $SUSFS_BRANCH"[0m
2026-08-19T11:39:15.3537660Z [36;1m  if ! retry_fetch_archive "https://gitlab.com/simonpunk/susfs4ksu.git" "$SUSFS_BRANCH"; then[0m
2026-08-19T11:39:15.3538239Z [36;1m    echo "::error::Failed to fetch SUSFS archive after multiple attempts"[0m
2026-08-19T11:39:15.3538610Z [36;1m    exit 1[0m
2026-08-19T11:39:15.3538797Z [36;1m  fi[0m
2026-08-19T11:39:15.3539040Z [36;1m  echo "SUSFS_COMMIT_SHA=$SUSFS_BRANCH" >> $GITHUB_ENV[0m
2026-08-19T11:39:15.3539345Z [36;1mfi[0m
2026-08-19T11:39:15.3539534Z [36;1mecho "✅ Dependencies cloned"[0m
2026-08-19T11:39:15.3539922Z [36;1mecho "::endgroup::"[0m
2026-08-19T11:39:15.3579931Z shell: /usr/bin/bash --noprofile --norc -e -o pipefail {0}
2026-08-19T11:39:15.3580266Z env:
2026-08-19T11:39:15.3580603Z   CCACHE_DIR: /home/runner/work/OnePlus_KernelSU_SUSFS/OnePlus_KernelSU_SUSFS/.ccache
2026-08-19T11:39:15.3581026Z   CCACHE_MAXSIZE: 12G
2026-08-19T11:39:15.3581245Z   CCACHE_COMPILERCHECK: content
2026-08-19T11:39:15.3581616Z   CCACHE_BASEDIR: /home/runner/work/OnePlus_KernelSU_SUSFS/OnePlus_KernelSU_SUSFS
2026-08-19T11:39:15.3582009Z   CCACHE_NOHASHDIR: true
2026-08-19T11:39:15.3582246Z   CCACHE_IGNOREOPTIONS: --sysroot*
2026-08-19T11:39:15.3582503Z   CCACHE_COMPRESSION: true
2026-08-19T11:39:15.3582730Z   CCACHE_COMPRESSION_LEVEL: 3
2026-08-19T11:39:15.3582957Z   CCACHE_DIRECT: true
2026-08-19T11:39:15.3583156Z   CCACHE_FILE_CLONE: true
2026-08-19T11:39:15.3583364Z   CCACHE_INODE_CACHE: true
2026-08-19T11:39:15.3583584Z   CCACHE_IS_KERNEL_COMPILING: true
2026-08-19T11:39:15.3583818Z   CCACHE_UMASK: 002
2026-08-19T11:39:15.3584281Z   CCACHE_SLOPPINESS: file_macro,time_macros,include_file_mtime,include_file_ctime,pch_defines,system_headers,locale
2026-08-19T11:39:15.3585046Z   ACTION_REPO: 
2026-08-19T11:39:15.3585238Z   ACTION_REF: 
2026-08-19T11:39:15.3585438Z   OP_MODEL: OP-ACE-3-PRO-6.1.75
2026-08-19T11:39:15.3585676Z   OP_SOC: pineapple
2026-08-19T11:39:15.3585870Z   OP_BRANCH: wild/sm8650
2026-08-19T11:39:15.3586103Z   OP_MANIFEST: oneplus_ace3_pro_6.1.75_v.xml
2026-08-19T11:39:15.3586374Z   OP_ANDROID_VERSION: android14
2026-08-19T11:39:15.3586597Z   OP_KERNEL_VERSION: 6.1
2026-08-19T11:39:15.3586959Z   OP_OS_VERSION: A15
2026-08-19T11:39:15.3587158Z   OP_LTO: thin
2026-08-19T11:39:15.3587341Z   OP_ZYC_COMPILER: 
2026-08-19T11:39:15.3587677Z   OP_C_COMPILER: kernel_platform/prebuilts/clang/host/linux-x86/clang-r487747c/bin
2026-08-19T11:39:15.3588066Z   OP_RUST_COMPILER: 
2026-08-19T11:39:15.3588257Z   OP_BINDGEN: 
2026-08-19T11:39:15.3588438Z   OP_RUST_BUILD: false
2026-08-19T11:39:15.3588643Z   OP_DISK_CLEANUP: false
2026-08-19T11:39:15.3588848Z   OP_HMBIRD: false
2026-08-19T11:39:15.3589032Z   OP_SUSFS: true
2026-08-19T11:39:15.3589214Z   OP_OPT: true
2026-08-19T11:39:15.3589388Z   OP_DS: true
2026-08-19T11:39:15.3589561Z   OP_BBG: true
2026-08-19T11:39:15.3589733Z   OP_BBR: true
2026-08-19T11:39:15.3589905Z   OP_BBR3: true
2026-08-19T11:39:15.3590081Z   OP_TTL: true
2026-08-19T11:39:15.3590252Z   OP_IP_SET: true
2026-08-19T11:39:15.3590433Z   OP_UNICODE: true
2026-08-19T11:39:15.3590617Z   OP_NTSYNC: true
2026-08-19T11:39:15.3592544Z   OP_BLACKLIST_MODULES: kernelsu,oplus_security_guard,oplus_qr_scan,oplus_score,oplus_vip_task,oplus_dns_cache,oplus_network_linkpower_module,oplus_data_module,oplus_secure_harden,oplus_security_keventupload,oplus_secure_guard_new,oplus_secure_guard,coresight_tpda,coresight_tgu,coresight_trace_noc,coresight_cti,coresight_qmi,coresight_dummy,coresight_remote_etm,coresight_tpdm,coresight_uetm,coresight_stm,coresight_tmc_sec,f_fs_ipc_log,qcom_iommu_debug,qti_battery_debug,rdbg,stm_heartbeat,stm_p_ost,stm_core,stm_ftrace,stm_console,spmi_pmic_arb_debug
2026-08-19T11:39:15.3594569Z   OP_UNAME: OP-WILD
2026-08-19T11:39:15.3595012Z   CONFIG: OP-ACE-3-PRO-6.1.75
2026-08-19T11:39:15.3595256Z   REPO: /usr/local/bin/repo
2026-08-19T11:39:15.3595688Z   CONFIG_FOLDER: /home/runner/work/OnePlus_KernelSU_SUSFS/OnePlus_KernelSU_SUSFS/OP-ACE-3-PRO-6.1.75
2026-08-19T11:39:15.3596395Z   ARTIFACTS_FOLDER: /home/runner/work/OnePlus_KernelSU_SUSFS/OnePlus_KernelSU_SUSFS/OP-ACE-3-PRO-6.1.75/artifacts
2026-08-19T11:39:15.3597184Z   KERNEL_PLATFORM_FOLDER: /home/runner/work/OnePlus_KernelSU_SUSFS/OnePlus_KernelSU_SUSFS/OP-ACE-3-PRO-6.1.75/kernel_platform
2026-08-19T11:39:15.3598014Z   COMMON_KERNEL_FOLDER: /home/runner/work/OnePlus_KernelSU_SUSFS/OnePlus_KernelSU_SUSFS/OP-ACE-3-PRO-6.1.75/kernel_platform/common
2026-08-19T11:39:15.3598869Z   MSM_KERNEL_FOLDER: /home/runner/work/OnePlus_KernelSU_SUSFS/OnePlus_KernelSU_SUSFS/OP-ACE-3-PRO-6.1.75/kernel_platform/msm-kernel
2026-08-19T11:39:15.3599786Z   AK3_FOLDER: /home/runner/work/OnePlus_KernelSU_SUSFS/OnePlus_KernelSU_SUSFS/OP-ACE-3-PRO-6.1.75/AnyKernel3
2026-08-19T11:39:15.3600477Z   DEBUG_ARTIFACTS_FOLDER: /home/runner/work/OnePlus_KernelSU_SUSFS/OnePlus_KernelSU_SUSFS/debug_artifacts
2026-08-19T11:39:15.3601149Z   KERNEL_PATCHES_FOLDER: /home/runner/work/OnePlus_KernelSU_SUSFS/OnePlus_KernelSU_SUSFS/kernel_patches
2026-08-19T11:39:15.3601765Z   SUSFS_FOLDER: /home/runner/work/OnePlus_KernelSU_SUSFS/OnePlus_KernelSU_SUSFS/susfs4ksu
2026-08-19T11:39:15.3602445Z   KSU_FOLDER: /home/runner/work/OnePlus_KernelSU_SUSFS/OnePlus_KernelSU_SUSFS/OP-ACE-3-PRO-6.1.75/kernel_platform/KernelSU
2026-08-19T11:39:15.3603264Z   KSUN_FOLDER: /home/runner/work/OnePlus_KernelSU_SUSFS/OnePlus_KernelSU_SUSFS/OP-ACE-3-PRO-6.1.75/kernel_platform/KernelSU-Next
2026-08-19T11:39:15.3603849Z   DEBUG_ZIP_NAME: debug_OP-ACE-3-PRO-6.1.75_A15.zip
2026-08-19T11:39:15.3604141Z   ANDROID_VER: android14
2026-08-19T11:39:15.3604352Z   KERNEL_VER: 6.1
2026-08-19T11:39:15.3604545Z   TKERNEL_VER: 6.1.75
2026-08-19T11:39:15.3604983Z   KERNEL_FULL_VER: android14-6.1.75
2026-08-19T11:39:15.3605253Z   SUSFS_KERNEL_BRANCH: gki-android14-6.1
2026-08-19T11:39:15.3605505Z   BUILD_USER: OnePlus
2026-08-19T11:39:15.3605705Z   BUILD_HOST: ubuntu-build
2026-08-19T11:39:15.3606344Z   CLANG_BIN_PATH: /home/runner/work/OnePlus_KernelSU_SUSFS/OnePlus_KernelSU_SUSFS/OP-ACE-3-PRO-6.1.75/kernel_platform/prebuilts/clang/host/linux-x86/clang-r487747c/bin
2026-08-19T11:39:15.3607663Z   CLANG_VERSION: Android (10087095, +pgo, +bolt, +lto, -mlgo, based on r487747c) clang version 17.0.2 (https://android.googlesource.com/toolchain/llvm-project d9f89f4d16663d5012e5c09495f3b30ece3d2362)
2026-08-19T11:39:15.3608445Z   CLANG_VERSION_SHORT: 4e90edd6
2026-08-19T11:39:15.3609121Z   LIBCLANG_PATH: /home/runner/work/OnePlus_KernelSU_SUSFS/OnePlus_KernelSU_SUSFS/OP-ACE-3-PRO-6.1.75/kernel_platform/prebuilts/clang/host/linux-x86/clang-r487747c/bin/../lib
2026-08-19T11:39:15.3609817Z ##[endgroup]
2026-08-19T11:39:15.3670511Z ##[group]Fetch dependencies
2026-08-19T11:39:15.3670969Z Fetching SusFS and other dependencies...
2026-08-19T11:39:15.3672227Z ℹ️  Using default SUSFS branch for android14-6.1: gki-android14-6.1
2026-08-19T11:39:15.3688917Z 🔄 Attempt 1/3: cloning https://github.com/WildKernels/kernel_patches.git (main) [depth=1]
2026-08-19T11:39:15.3701323Z Cloning into 'kernel_patches'...
2026-08-19T11:39:16.0798472Z ✅ Success
2026-08-19T11:39:16.0798777Z Using SUSFS branch/commit: gki-android14-6.1
2026-08-19T11:39:16.0847200Z  Attempt 1/3: High-speed fetch for susfs4ksu (gki-android14-6.1)
2026-08-19T11:39:16.0898515Z 
2026-08-19T11:39:16.0898984Z 08/19 11:39:16 [[1;32mNOTICE[0m] Downloading 1 item(s)
2026-08-19T11:39:16.4371778Z 
2026-08-19T11:39:16.4373164Z 08/19 11:39:16 [[1;32mNOTICE[0m] Download complete: /dev/shm/susfs4ksu_gki-android14-6.1.tar.gz
2026-08-19T11:39:16.4373997Z 
2026-08-19T11:39:16.4374166Z Download Results:
2026-08-19T11:39:16.4374619Z gid   |stat|avg speed  |path/URI
2026-08-19T11:39:16.4375569Z ======+====+===========+=======================================================
2026-08-19T11:39:16.4376437Z 0753ec|OK  |   255KiB/s|/dev/shm/susfs4ksu_gki-android14-6.1.tar.gz
2026-08-19T11:39:16.4377026Z 
2026-08-19T11:39:16.4377191Z Status Legend:
2026-08-19T11:39:16.4377612Z (OK):download completed.
2026-08-19T11:39:16.4471861Z ✅ Success: susfs4ksu synced
2026-08-19T11:39:16.4483757Z ✅ Dependencies cloned
2026-08-19T11:39:16.4484550Z ##[endgroup]
2026-08-19T11:39:16.4492125Z ##[end-action id=build.__run_15;outcome=success;conclusion=success;duration_ms=1102]
2026-08-19T11:39:16.4494974Z ##[start-action display=Clean Up ABI Protected Exports;id=build.__run_16]
2026-08-19T11:39:16.4511145Z ##[group]Run echo "::group::Clean Up ABI Protected Exports"
2026-08-19T11:39:16.4511545Z [36;1mecho "::group::Clean Up ABI Protected Exports"[0m
2026-08-19T11:39:16.4511857Z [36;1mset -euo pipefail[0m
2026-08-19T11:39:16.4512108Z [36;1mcd "$KERNEL_PLATFORM_FOLDER"[0m
2026-08-19T11:39:16.4512446Z [36;1mrm -f common/android/abi_gki_protected_exports_* || true[0m
2026-08-19T11:39:16.4513103Z [36;1msed -i 's/protected_modules = \[.*\]/protected_modules = []/' common/modules.bzl || true[0m
2026-08-19T11:39:16.4513539Z [36;1mecho "::endgroup::"[0m
2026-08-19T11:39:16.4553161Z shell: /usr/bin/bash --noprofile --norc -e -o pipefail {0}
2026-08-19T11:39:16.4553497Z env:
2026-08-19T11:39:16.4553833Z   CCACHE_DIR: /home/runner/work/OnePlus_KernelSU_SUSFS/OnePlus_KernelSU_SUSFS/.ccache
2026-08-19T11:39:16.4554247Z   CCACHE_MAXSIZE: 12G
2026-08-19T11:39:16.4554465Z   CCACHE_COMPILERCHECK: content
2026-08-19T11:39:16.4555207Z   CCACHE_BASEDIR: /home/runner/work/OnePlus_KernelSU_SUSFS/OnePlus_KernelSU_SUSFS
2026-08-19T11:39:16.4555612Z   CCACHE_NOHASHDIR: true
2026-08-19T11:39:16.4555844Z   CCACHE_IGNOREOPTIONS: --sysroot*
2026-08-19T11:39:16.4556096Z   CCACHE_COMPRESSION: true
2026-08-19T11:39:16.4556320Z   CCACHE_COMPRESSION_LEVEL: 3
2026-08-19T11:39:16.4556547Z   CCACHE_DIRECT: true
2026-08-19T11:39:16.4556754Z   CCACHE_FILE_CLONE: true
2026-08-19T11:39:16.4556973Z   CCACHE_INODE_CACHE: true
2026-08-19T11:39:16.4557193Z   CCACHE_IS_KERNEL_COMPILING: true
2026-08-19T11:39:16.4557427Z   CCACHE_UMASK: 002
2026-08-19T11:39:16.4557877Z   CCACHE_SLOPPINESS: file_macro,time_macros,include_file_mtime,include_file_ctime,pch_defines,system_headers,locale
2026-08-19T11:39:16.4558392Z   ACTION_REPO: 
2026-08-19T11:39:16.4558573Z   ACTION_REF: 
2026-08-19T11:39:16.4558768Z   OP_MODEL: OP-ACE-3-PRO-6.1.75
2026-08-19T11:39:16.4559004Z   OP_SOC: pineapple
2026-08-19T11:39:16.4559199Z   OP_BRANCH: wild/sm8650
2026-08-19T11:39:16.4559625Z   OP_MANIFEST: oneplus_ace3_pro_6.1.75_v.xml
2026-08-19T11:39:16.4559918Z   OP_ANDROID_VERSION: android14
2026-08-19T11:39:16.4560155Z   OP_KERNEL_VERSION: 6.1
2026-08-19T11:39:16.4560363Z   OP_OS_VERSION: A15
2026-08-19T11:39:16.4560558Z   OP_LTO: thin
2026-08-19T11:39:16.4560741Z   OP_ZYC_COMPILER: 
2026-08-19T11:39:16.4561082Z   OP_C_COMPILER: kernel_platform/prebuilts/clang/host/linux-x86/clang-r487747c/bin
2026-08-19T11:39:16.4561484Z   OP_RUST_COMPILER: 
2026-08-19T11:39:16.4561675Z   OP_BINDGEN: 
2026-08-19T11:39:16.4561857Z   OP_RUST_BUILD: false
2026-08-19T11:39:16.4562063Z   OP_DISK_CLEANUP: false
2026-08-19T11:39:16.4562264Z   OP_HMBIRD: false
2026-08-19T11:39:16.4562456Z   OP_SUSFS: true
2026-08-19T11:39:16.4562640Z   OP_OPT: true
2026-08-19T11:39:16.4562820Z   OP_DS: true
2026-08-19T11:39:16.4562997Z   OP_BBG: true
2026-08-19T11:39:16.4563171Z   OP_BBR: true
2026-08-19T11:39:16.4563344Z   OP_BBR3: true
2026-08-19T11:39:16.4563540Z   OP_TTL: true
2026-08-19T11:39:16.4563708Z   OP_IP_SET: true
2026-08-19T11:39:16.4563896Z   OP_UNICODE: true
2026-08-19T11:39:16.4564076Z   OP_NTSYNC: true
2026-08-19T11:39:16.4566381Z   OP_BLACKLIST_MODULES: kernelsu,oplus_security_guard,oplus_qr_scan,oplus_score,oplus_vip_task,oplus_dns_cache,oplus_network_linkpower_module,oplus_data_module,oplus_secure_harden,oplus_security_keventupload,oplus_secure_guard_new,oplus_secure_guard,coresight_tpda,coresight_tgu,coresight_trace_noc,coresight_cti,coresight_qmi,coresight_dummy,coresight_remote_etm,coresight_tpdm,coresight_uetm,coresight_stm,coresight_tmc_sec,f_fs_ipc_log,qcom_iommu_debug,qti_battery_debug,rdbg,stm_heartbeat,stm_p_ost,stm_core,stm_ftrace,stm_console,spmi_pmic_arb_debug
2026-08-19T11:39:16.4568394Z   OP_UNAME: OP-WILD
2026-08-19T11:39:16.4568599Z   CONFIG: OP-ACE-3-PRO-6.1.75
2026-08-19T11:39:16.4568831Z   REPO: /usr/local/bin/repo
2026-08-19T11:39:16.4569252Z   CONFIG_FOLDER: /home/runner/work/OnePlus_KernelSU_SUSFS/OnePlus_KernelSU_SUSFS/OP-ACE-3-PRO-6.1.75
2026-08-19T11:39:16.4569966Z   ARTIFACTS_FOLDER: /home/runner/work/OnePlus_KernelSU_SUSFS/OnePlus_KernelSU_SUSFS/OP-ACE-3-PRO-6.1.75/artifacts
2026-08-19T11:39:16.4570743Z   KERNEL_PLATFORM_FOLDER: /home/runner/work/OnePlus_KernelSU_SUSFS/OnePlus_KernelSU_SUSFS/OP-ACE-3-PRO-6.1.75/kernel_platform
2026-08-19T11:39:16.4571569Z   COMMON_KERNEL_FOLDER: /home/runner/work/OnePlus_KernelSU_SUSFS/OnePlus_KernelSU_SUSFS/OP-ACE-3-PRO-6.1.75/kernel_platform/common
2026-08-19T11:39:16.4572564Z   MSM_KERNEL_FOLDER: /home/runner/work/OnePlus_KernelSU_SUSFS/OnePlus_KernelSU_SUSFS/OP-ACE-3-PRO-6.1.75/kernel_platform/msm-kernel
2026-08-19T11:39:16.4573332Z   AK3_FOLDER: /home/runner/work/OnePlus_KernelSU_SUSFS/OnePlus_KernelSU_SUSFS/OP-ACE-3-PRO-6.1.75/AnyKernel3
2026-08-19T11:39:16.4574016Z   DEBUG_ARTIFACTS_FOLDER: /home/runner/work/OnePlus_KernelSU_SUSFS/OnePlus_KernelSU_SUSFS/debug_artifacts
2026-08-19T11:39:16.4575024Z   KERNEL_PATCHES_FOLDER: /home/runner/work/OnePlus_KernelSU_SUSFS/OnePlus_KernelSU_SUSFS/kernel_patches
2026-08-19T11:39:16.4575693Z   SUSFS_FOLDER: /home/runner/work/OnePlus_KernelSU_SUSFS/OnePlus_KernelSU_SUSFS/susfs4ksu
2026-08-19T11:39:16.4576385Z   KSU_FOLDER: /home/runner/work/OnePlus_KernelSU_SUSFS/OnePlus_KernelSU_SUSFS/OP-ACE-3-PRO-6.1.75/kernel_platform/KernelSU
2026-08-19T11:39:16.4577198Z   KSUN_FOLDER: /home/runner/work/OnePlus_KernelSU_SUSFS/OnePlus_KernelSU_SUSFS/OP-ACE-3-PRO-6.1.75/kernel_platform/KernelSU-Next
2026-08-19T11:39:16.4577779Z   DEBUG_ZIP_NAME: debug_OP-ACE-3-PRO-6.1.75_A15.zip
2026-08-19T11:39:16.4578073Z   ANDROID_VER: android14
2026-08-19T11:39:16.4578282Z   KERNEL_VER: 6.1
2026-08-19T11:39:16.4578470Z   TKERNEL_VER: 6.1.75
2026-08-19T11:39:16.4578681Z   KERNEL_FULL_VER: android14-6.1.75
2026-08-19T11:39:16.4578940Z   SUSFS_KERNEL_BRANCH: gki-android14-6.1
2026-08-19T11:39:16.4579192Z   BUILD_USER: OnePlus
2026-08-19T11:39:16.4579390Z   BUILD_HOST: ubuntu-build
2026-08-19T11:39:16.4580182Z   CLANG_BIN_PATH: /home/runner/work/OnePlus_KernelSU_SUSFS/OnePlus_KernelSU_SUSFS/OP-ACE-3-PRO-6.1.75/kernel_platform/prebuilts/clang/host/linux-x86/clang-r487747c/bin
2026-08-19T11:39:16.4581394Z   CLANG_VERSION: Android (10087095, +pgo, +bolt, +lto, -mlgo, based on r487747c) clang version 17.0.2 (https://android.googlesource.com/toolchain/llvm-project d9f89f4d16663d5012e5c09495f3b30ece3d2362)
2026-08-19T11:39:16.4582163Z   CLANG_VERSION_SHORT: 4e90edd6
2026-08-19T11:39:16.4582834Z   LIBCLANG_PATH: /home/runner/work/OnePlus_KernelSU_SUSFS/OnePlus_KernelSU_SUSFS/OP-ACE-3-PRO-6.1.75/kernel_platform/prebuilts/clang/host/linux-x86/clang-r487747c/bin/../lib
2026-08-19T11:39:16.4583553Z   SUSFS_COMMIT_SHA: gki-android14-6.1
2026-08-19T11:39:16.4583797Z ##[endgroup]
2026-08-19T11:39:16.4645642Z ##[group]Clean Up ABI Protected Exports
2026-08-19T11:39:16.4673265Z ##[endgroup]
2026-08-19T11:39:16.4678940Z ##[end-action id=build.__run_16;outcome=success;conclusion=success;duration_ms=18]
2026-08-19T11:39:16.4680981Z ##[start-action display=Add KernelSU Next;id=build.__run_17]
2026-08-19T11:39:16.4697800Z ##[group]Run set -euo pipefail
2026-08-19T11:39:16.4698110Z [36;1mset -euo pipefail[0m
2026-08-19T11:39:16.4698357Z [36;1mecho "::group::Add KernelSU Next"[0m
2026-08-19T11:39:16.4698639Z [36;1mcd "$KERNEL_PLATFORM_FOLDER"[0m
2026-08-19T11:39:16.4698905Z [36;1mecho "Adding KernelSU Next..."[0m
2026-08-19T11:39:16.4699238Z [36;1mKSU_INPUT="d6a42fd9285c11b8e8e67bfe72a5050528006c00"[0m
2026-08-19T11:39:16.4699567Z [36;1mif [ -z "$KSU_INPUT" ]; then[0m
2026-08-19T11:39:16.4700214Z [36;1m  curl --fail --location --proto '=https' -LSs "https://raw.githubusercontent.com/KernelSU-Next/KernelSU-Next/next/kernel/setup.sh" | bash -[0m
2026-08-19T11:39:16.4700845Z [36;1melse[0m
2026-08-19T11:39:16.4701450Z [36;1m  curl --fail --location --proto '=https' -LSs "https://raw.githubusercontent.com/KernelSU-Next/KernelSU-Next/next/kernel/setup.sh" | bash -s "$KSU_INPUT"[0m
2026-08-19T11:39:16.4702109Z [36;1mfi[0m
2026-08-19T11:39:16.4702329Z [36;1mgit submodule update --init --recursive[0m
2026-08-19T11:39:16.4702625Z [36;1mcd KernelSU-Next/kernel[0m
2026-08-19T11:39:16.4702860Z [36;1m[0m
2026-08-19T11:39:16.4703097Z [36;1mCOMMITS_COUNT=$(/usr/bin/git rev-list --count HEAD)[0m
2026-08-19T11:39:16.4703403Z [36;1m[0m
2026-08-19T11:39:16.4703600Z [36;1mif [ $COMMITS_COUNT -lt 2684 ]; then[0m
2026-08-19T11:39:16.4703874Z [36;1m  BASE_VERSION=10200[0m
2026-08-19T11:39:16.4704090Z [36;1melse[0m
2026-08-19T11:39:16.4704278Z [36;1m  BASE_VERSION=30000[0m
2026-08-19T11:39:16.4704657Z [36;1mfi[0m
2026-08-19T11:39:16.4705142Z [36;1m[0m
2026-08-19T11:39:16.4705386Z [36;1mKSU_VERSION=$(expr $COMMITS_COUNT "+" $BASE_VERSION)[0m
2026-08-19T11:39:16.4705813Z [36;1msed -i "s/DKSU_VERSION=11998/DKSU_VERSION=${KSU_VERSION}/" Makefile[0m
2026-08-19T11:39:16.4706180Z [36;1m[0m
2026-08-19T11:39:16.4706361Z [36;1mif [ -f ksu.c ]; then[0m
2026-08-19T11:39:16.4706894Z [36;1m  sed -i 's/#if defined(CONFIG_STACKPROTECTOR) && (defined(CONFIG_ARM64) && !defined(CONFIG_STACKPROTECTOR_PER_TASK))/#if 0/' ksu.c[0m
2026-08-19T11:39:16.4707440Z [36;1mfi[0m
2026-08-19T11:39:16.4707613Z [36;1m[0m
2026-08-19T11:39:16.4707864Z [36;1mif [[ "$KSU_VERSION" -gt 33095 ]] && [[ "6.1" == "6.12" ]]; then[0m
2026-08-19T11:39:16.4708614Z [36;1m  sed -i 's|ccflags-y += -I$(KSU_KERNEL_DIR) -I$(KSU_KERNEL_DIR)/include|ccflags-y += -I$(KSU_KERNEL_DIR) -I$(KSU_KERNEL_DIR)/include -I$(KSU_KERNEL_DIR)/include/uapi|' Kbuild[0m
2026-08-19T11:39:16.4709326Z [36;1m  sed -i 's|$(src)|$(abspath $(src))|' Kbuild[0m
2026-08-19T11:39:16.4709704Z [36;1m  sed -i 's|$(srctree)/$(src)|$(abspath $(srctree)/$(src))|' Kbuild[0m
2026-08-19T11:39:16.4710040Z [36;1mfi[0m
2026-08-19T11:39:16.4710206Z [36;1m[0m
2026-08-19T11:39:16.4710406Z [36;1mif [ "$KSU_VERSION" -lt 12884 ]; then[0m
2026-08-19T11:39:16.4710703Z [36;1m  echo "NEED_HOOKS=true" >> $GITHUB_ENV[0m
2026-08-19T11:39:16.4710973Z [36;1melse[0m
2026-08-19T11:39:16.4711185Z [36;1m  echo "NEED_HOOKS=false" >> $GITHUB_ENV[0m
2026-08-19T11:39:16.4711450Z [36;1mfi[0m
2026-08-19T11:39:16.4711617Z [36;1m[0m
2026-08-19T11:39:16.4711921Z [36;1mcd ..[0m
2026-08-19T11:39:16.4712145Z [36;1mKSU_COMMIT_SHA=$(git rev-parse HEAD)[0m
2026-08-19T11:39:16.4712484Z [36;1mecho "KSU_COMMIT_SHA=$KSU_COMMIT_SHA" >> $GITHUB_ENV[0m
2026-08-19T11:39:16.4712787Z [36;1m[0m
2026-08-19T11:39:16.4712950Z [36;1m[0m
2026-08-19T11:39:16.4713193Z [36;1mecho "Add KSUN Configuration Settings"[0m
2026-08-19T11:39:16.4713574Z [36;1mcat >> "$COMMON_KERNEL_FOLDER/arch/arm64/configs/gki_defconfig" <<EOF[0m
2026-08-19T11:39:16.4713944Z [36;1mCONFIG_KSU=y[0m
2026-08-19T11:39:16.4714161Z [36;1mCONFIG_KSU_KPROBES_HOOK=n[0m
2026-08-19T11:39:16.4714396Z [36;1mEOF[0m
2026-08-19T11:39:16.4714569Z [36;1m[0m
2026-08-19T11:39:16.4715132Z [36;1mecho "KSUN" >> "${ARTIFACTS_FOLDER}/${OP_MODEL}_${OP_OS_VERSION}.txt"[0m
2026-08-19T11:39:16.4715618Z [36;1mecho "$KSU_VERSION" >> "${ARTIFACTS_FOLDER}/${OP_MODEL}_${OP_OS_VERSION}.txt"[0m
2026-08-19T11:39:16.4716042Z [36;1mecho "KSUVER=$KSU_VERSION" >> $GITHUB_ENV[0m
2026-08-19T11:39:16.4716366Z [36;1mecho "KernelSU Next Version: $KSU_VERSION"[0m
2026-08-19T11:39:16.4716747Z [36;1mecho "✅ KernelSU Next added (commit: ${KSU_COMMIT_SHA:0:8})"[0m
2026-08-19T11:39:16.4717109Z [36;1mecho "::endgroup::"[0m
2026-08-19T11:39:16.4753012Z shell: /usr/bin/bash --noprofile --norc -e -o pipefail {0}
2026-08-19T11:39:16.4753343Z env:
2026-08-19T11:39:16.4753676Z   CCACHE_DIR: /home/runner/work/OnePlus_KernelSU_SUSFS/OnePlus_KernelSU_SUSFS/.ccache
2026-08-19T11:39:16.4754108Z   CCACHE_MAXSIZE: 12G
2026-08-19T11:39:16.4754326Z   CCACHE_COMPILERCHECK: content
2026-08-19T11:39:16.4754918Z   CCACHE_BASEDIR: /home/runner/work/OnePlus_KernelSU_SUSFS/OnePlus_KernelSU_SUSFS
2026-08-19T11:39:16.4755454Z   CCACHE_NOHASHDIR: true
2026-08-19T11:39:16.4755685Z   CCACHE_IGNOREOPTIONS: --sysroot*
2026-08-19T11:39:16.4755934Z   CCACHE_COMPRESSION: true
2026-08-19T11:39:16.4756155Z   CCACHE_COMPRESSION_LEVEL: 3
2026-08-19T11:39:16.4756375Z   CCACHE_DIRECT: true
2026-08-19T11:39:16.4756573Z   CCACHE_FILE_CLONE: true
2026-08-19T11:39:16.4756791Z   CCACHE_INODE_CACHE: true
2026-08-19T11:39:16.4757006Z   CCACHE_IS_KERNEL_COMPILING: true
2026-08-19T11:39:16.4757234Z   CCACHE_UMASK: 002
2026-08-19T11:39:16.4757681Z   CCACHE_SLOPPINESS: file_macro,time_macros,include_file_mtime,include_file_ctime,pch_defines,system_headers,locale
2026-08-19T11:39:16.4758186Z   ACTION_REPO: 
2026-08-19T11:39:16.4758370Z   ACTION_REF: 
2026-08-19T11:39:16.4758567Z   OP_MODEL: OP-ACE-3-PRO-6.1.75
2026-08-19T11:39:16.4758968Z   OP_SOC: pineapple
2026-08-19T11:39:16.4759163Z   OP_BRANCH: wild/sm8650
2026-08-19T11:39:16.4759391Z   OP_MANIFEST: oneplus_ace3_pro_6.1.75_v.xml
2026-08-19T11:39:16.4759660Z   OP_ANDROID_VERSION: android14
2026-08-19T11:39:16.4759882Z   OP_KERNEL_VERSION: 6.1
2026-08-19T11:39:16.4760085Z   OP_OS_VERSION: A15
2026-08-19T11:39:16.4760273Z   OP_LTO: thin
2026-08-19T11:39:16.4760453Z   OP_ZYC_COMPILER: 
2026-08-19T11:39:16.4760784Z   OP_C_COMPILER: kernel_platform/prebuilts/clang/host/linux-x86/clang-r487747c/bin
2026-08-19T11:39:16.4761180Z   OP_RUST_COMPILER: 
2026-08-19T11:39:16.4761369Z   OP_BINDGEN: 
2026-08-19T11:39:16.4761553Z   OP_RUST_BUILD: false
2026-08-19T11:39:16.4761754Z   OP_DISK_CLEANUP: false
2026-08-19T11:39:16.4761955Z   OP_HMBIRD: false
2026-08-19T11:39:16.4762138Z   OP_SUSFS: true
2026-08-19T11:39:16.4762318Z   OP_OPT: true
2026-08-19T11:39:16.4762492Z   OP_DS: true
2026-08-19T11:39:16.4762662Z   OP_BBG: true
2026-08-19T11:39:16.4762842Z   OP_BBR: true
2026-08-19T11:39:16.4763016Z   OP_BBR3: true
2026-08-19T11:39:16.4763189Z   OP_TTL: true
2026-08-19T11:39:16.4763362Z   OP_IP_SET: true
2026-08-19T11:39:16.4763544Z   OP_UNICODE: true
2026-08-19T11:39:16.4763725Z   OP_NTSYNC: true
2026-08-19T11:39:16.4765953Z   OP_BLACKLIST_MODULES: kernelsu,oplus_security_guard,oplus_qr_scan,oplus_score,oplus_vip_task,oplus_dns_cache,oplus_network_linkpower_module,oplus_data_module,oplus_secure_harden,oplus_security_keventupload,oplus_secure_guard_new,oplus_secure_guard,coresight_tpda,coresight_tgu,coresight_trace_noc,coresight_cti,coresight_qmi,coresight_dummy,coresight_remote_etm,coresight_tpdm,coresight_uetm,coresight_stm,coresight_tmc_sec,f_fs_ipc_log,qcom_iommu_debug,qti_battery_debug,rdbg,stm_heartbeat,stm_p_ost,stm_core,stm_ftrace,stm_console,spmi_pmic_arb_debug
2026-08-19T11:39:16.4767977Z   OP_UNAME: OP-WILD
2026-08-19T11:39:16.4768181Z   CONFIG: OP-ACE-3-PRO-6.1.75
2026-08-19T11:39:16.4768413Z   REPO: /usr/local/bin/repo
2026-08-19T11:39:16.4768841Z   CONFIG_FOLDER: /home/runner/work/OnePlus_KernelSU_SUSFS/OnePlus_KernelSU_SUSFS/OP-ACE-3-PRO-6.1.75
2026-08-19T11:39:16.4769541Z   ARTIFACTS_FOLDER: /home/runner/work/OnePlus_KernelSU_SUSFS/OnePlus_KernelSU_SUSFS/OP-ACE-3-PRO-6.1.75/artifacts
2026-08-19T11:39:16.4770315Z   KERNEL_PLATFORM_FOLDER: /home/runner/work/OnePlus_KernelSU_SUSFS/OnePlus_KernelSU_SUSFS/OP-ACE-3-PRO-6.1.75/kernel_platform
2026-08-19T11:39:16.4771158Z   COMMON_KERNEL_FOLDER: /home/runner/work/OnePlus_KernelSU_SUSFS/OnePlus_KernelSU_SUSFS/OP-ACE-3-PRO-6.1.75/kernel_platform/common
2026-08-19T11:39:16.4772012Z   MSM_KERNEL_FOLDER: /home/runner/work/OnePlus_KernelSU_SUSFS/OnePlus_KernelSU_SUSFS/OP-ACE-3-PRO-6.1.75/kernel_platform/msm-kernel
2026-08-19T11:39:16.4772789Z   AK3_FOLDER: /home/runner/work/OnePlus_KernelSU_SUSFS/OnePlus_KernelSU_SUSFS/OP-ACE-3-PRO-6.1.75/AnyKernel3
2026-08-19T11:39:16.4773475Z   DEBUG_ARTIFACTS_FOLDER: /home/runner/work/OnePlus_KernelSU_SUSFS/OnePlus_KernelSU_SUSFS/debug_artifacts
2026-08-19T11:39:16.4774145Z   KERNEL_PATCHES_FOLDER: /home/runner/work/OnePlus_KernelSU_SUSFS/OnePlus_KernelSU_SUSFS/kernel_patches
2026-08-19T11:39:16.4774875Z   SUSFS_FOLDER: /home/runner/work/OnePlus_KernelSU_SUSFS/OnePlus_KernelSU_SUSFS/susfs4ksu
2026-08-19T11:39:16.4775550Z   KSU_FOLDER: /home/runner/work/OnePlus_KernelSU_SUSFS/OnePlus_KernelSU_SUSFS/OP-ACE-3-PRO-6.1.75/kernel_platform/KernelSU
2026-08-19T11:39:16.4776357Z   KSUN_FOLDER: /home/runner/work/OnePlus_KernelSU_SUSFS/OnePlus_KernelSU_SUSFS/OP-ACE-3-PRO-6.1.75/kernel_platform/KernelSU-Next
2026-08-19T11:39:16.4776942Z   DEBUG_ZIP_NAME: debug_OP-ACE-3-PRO-6.1.75_A15.zip
2026-08-19T11:39:16.4777230Z   ANDROID_VER: android14
2026-08-19T11:39:16.4777435Z   KERNEL_VER: 6.1
2026-08-19T11:39:16.4777621Z   TKERNEL_VER: 6.1.75
2026-08-19T11:39:16.4777839Z   KERNEL_FULL_VER: android14-6.1.75
2026-08-19T11:39:16.4778097Z   SUSFS_KERNEL_BRANCH: gki-android14-6.1
2026-08-19T11:39:16.4778349Z   BUILD_USER: OnePlus
2026-08-19T11:39:16.4778549Z   BUILD_HOST: ubuntu-build
2026-08-19T11:39:16.4779314Z   CLANG_BIN_PATH: /home/runner/work/OnePlus_KernelSU_SUSFS/OnePlus_KernelSU_SUSFS/OP-ACE-3-PRO-6.1.75/kernel_platform/prebuilts/clang/host/linux-x86/clang-r487747c/bin
2026-08-19T11:39:16.4780515Z   CLANG_VERSION: Android (10087095, +pgo, +bolt, +lto, -mlgo, based on r487747c) clang version 17.0.2 (https://android.googlesource.com/toolchain/llvm-project d9f89f4d16663d5012e5c09495f3b30ece3d2362)
2026-08-19T11:39:16.4781287Z   CLANG_VERSION_SHORT: 4e90edd6
2026-08-19T11:39:16.4781966Z   LIBCLANG_PATH: /home/runner/work/OnePlus_KernelSU_SUSFS/OnePlus_KernelSU_SUSFS/OP-ACE-3-PRO-6.1.75/kernel_platform/prebuilts/clang/host/linux-x86/clang-r487747c/bin/../lib
2026-08-19T11:39:16.4782676Z   SUSFS_COMMIT_SHA: gki-android14-6.1
2026-08-19T11:39:16.4782918Z ##[endgroup]
2026-08-19T11:39:16.4840649Z ##[group]Add KernelSU Next
2026-08-19T11:39:16.6424941Z Adding KernelSU Next...
2026-08-19T11:39:16.6425415Z [+] Setting up KernelSU-Next...
2026-08-19T11:39:16.6440633Z Cloning into 'KernelSU-Next'...
2026-08-19T11:39:18.0687901Z [+] Repository cloned.
2026-08-19T11:39:18.0957139Z No local changes to save
2026-08-19T11:39:18.0960278Z [-] Stashed current changes.
2026-08-19T11:39:18.3768304Z Already up to date.
2026-08-19T11:39:18.3773007Z [+] Repository updated.
2026-08-19T11:39:18.4088023Z Note: switching to 'd6a42fd9285c11b8e8e67bfe72a5050528006c00'.
2026-08-19T11:39:18.4088849Z 
2026-08-19T11:39:18.4089429Z You are in 'detached HEAD' state. You can look around, make experimental
2026-08-19T11:39:18.4090284Z changes and commit them, and you can discard any commits you make in this
2026-08-19T11:39:18.4091397Z state without impacting any branches by switching back to a branch.
2026-08-19T11:39:18.4091897Z 
2026-08-19T11:39:18.4092207Z If you want to create a new branch to retain commits you create, you may
2026-08-19T11:39:18.4092963Z do so (now or later) by using -c with the switch command. Example:
2026-08-19T11:39:18.4093412Z 
2026-08-19T11:39:18.4093575Z   git switch -c <new-branch-name>
2026-08-19T11:39:18.4093882Z 
2026-08-19T11:39:18.4094034Z Or undo this operation with:
2026-08-19T11:39:18.4094299Z 
2026-08-19T11:39:18.4094430Z   git switch -
2026-08-19T11:39:18.4094629Z 
2026-08-19T11:39:18.4095498Z Turn off this advice by setting config variable advice.detachedHead to false
2026-08-19T11:39:18.4096053Z 
2026-08-19T11:39:18.4096697Z HEAD is now at d6a42fd9 kernel: add missing NULL checks on allocation paths (https://github.com/tiann/KernelSU/pull/3572)
2026-08-19T11:39:18.4097741Z [-] Checked out d6a42fd9285c11b8e8e67bfe72a5050528006c00.
2026-08-19T11:39:18.4144015Z [+] Symlink created.
2026-08-19T11:39:18.4158776Z [+] Modified Makefile.
2026-08-19T11:39:18.4190170Z [+] Modified Kconfig.
2026-08-19T11:39:18.4190537Z [+] Done.
2026-08-19T11:39:18.4496089Z Add KSUN Configuration Settings
2026-08-19T11:39:18.4508567Z KernelSU Next Version: 33223
2026-08-19T11:39:18.4509234Z ✅ KernelSU Next added (commit: d6a42fd9)
2026-08-19T11:39:18.4510076Z ##[endgroup]
2026-08-19T11:39:18.4518116Z ##[end-action id=build.__run_17;outcome=success;conclusion=success;duration_ms=1983]
2026-08-19T11:39:18.4520220Z ##[start-action display=Add KernelSU;id=build.__run_18]
2026-08-19T11:39:18.4523547Z ##[end-action id=build.__run_18;outcome=skipped;conclusion=skipped;duration_ms=0]
2026-08-19T11:39:18.4526113Z ##[start-action display=Apply SUSFS Patches;id=build.__run_19]
2026-08-19T11:39:18.4559401Z ##[group]Run set -euo pipefail
2026-08-19T11:39:18.4559876Z [36;1mset -euo pipefail[0m
2026-08-19T11:39:18.4560145Z [36;1mecho "::group::Apply SUSFS patches"[0m
2026-08-19T11:39:18.4560437Z [36;1mcd "$KERNEL_PLATFORM_FOLDER"[0m
2026-08-19T11:39:18.4560725Z [36;1mecho "Applying SUSFS patches..."[0m
2026-08-19T11:39:18.4561108Z [36;1mcp "$SUSFS_FOLDER/kernel_patches/fs/"* "$COMMON_KERNEL_FOLDER/fs/"[0m
2026-08-19T11:39:18.4561673Z [36;1mcp "$SUSFS_FOLDER/kernel_patches/include/linux/"* "$COMMON_KERNEL_FOLDER/include/linux/"[0m
2026-08-19T11:39:18.4562118Z [36;1m[0m
2026-08-19T11:39:18.4562566Z [36;1msusfs_version=$(grep '#define SUSFS_VERSION' "$COMMON_KERNEL_FOLDER/include/linux/susfs.h" | awk -F'"' '{print $2}')[0m
2026-08-19T11:39:18.4563315Z [36;1mecho "SUSVER=$susfs_version" >> $GITHUB_ENV[0m
2026-08-19T11:39:18.4563748Z [36;1mecho "$susfs_version" >> "${ARTIFACTS_FOLDER}/${OP_MODEL}_${OP_OS_VERSION}.txt"[0m
2026-08-19T11:39:18.4564184Z [36;1mecho "SusFS Version: $susfs_version"[0m
2026-08-19T11:39:18.4564450Z [36;1m[0m
2026-08-19T11:39:18.4564659Z [36;1m# Function to compare semantic versions[0m
2026-08-19T11:39:18.4565944Z [36;1mversion_lte() {[0m
2026-08-19T11:39:18.4566250Z [36;1m  [ "$(printf '%s\n' "$2" "$1" | sort -V | head -n1)" = "$1" ][0m
2026-08-19T11:39:18.4566569Z [36;1m}[0m
2026-08-19T11:39:18.4566741Z [36;1m[0m
2026-08-19T11:39:18.4566966Z [36;1mif version_lte "${susfs_version:1}" "1.5.12"; then[0m
2026-08-19T11:39:18.4567294Z [36;1m  echo "NEED_HOOKS=true" >> $GITHUB_ENV[0m
2026-08-19T11:39:18.4567561Z [36;1melse[0m
2026-08-19T11:39:18.4567770Z [36;1m  echo "NEED_HOOKS=false" >> $GITHUB_ENV[0m
2026-08-19T11:39:18.4568041Z [36;1mfi[0m
2026-08-19T11:39:18.4568207Z [36;1m[0m
2026-08-19T11:39:18.4568384Z [36;1mcase "$susfs_version" in[0m
2026-08-19T11:39:18.4568616Z [36;1m  "v1.5.8")[0m
2026-08-19T11:39:18.4568825Z [36;1m    if [ "KSUN" = "KSUN" ]; then[0m
2026-08-19T11:39:18.4569335Z [36;1m      patch -p1 --forward --fuzz=3 < "$SUSFS_FOLDER/kernel_patches/KernelSU/10_enable_susfs_for_ksu.patch" || true[0m
2026-08-19T11:39:18.4570102Z [36;1m      patch -p1 --forward --fuzz=3 < "$KERNEL_PATCHES_FOLDER/next/susfs_fix_patches/$susfs_version/fix_apk_sign.c.patch"[0m
2026-08-19T11:39:18.4571044Z [36;1m      patch -p1 --forward --fuzz=3 < "$KERNEL_PATCHES_FOLDER/next/susfs_fix_patches/$susfs_version/fix_core_hook.c.patch"[0m
2026-08-19T11:39:18.4571831Z [36;1m      patch -p1 --forward --fuzz=3 < "$KERNEL_PATCHES_FOLDER/next/susfs_fix_patches/$susfs_version/fix_selinux.c.patch"[0m
2026-08-19T11:39:18.4572582Z [36;1m      patch -p1 --forward --fuzz=3 < "$KERNEL_PATCHES_FOLDER/next/susfs_fix_patches/$susfs_version/fix_ksud.c.patch"[0m
2026-08-19T11:39:18.4573082Z [36;1m    else[0m
2026-08-19T11:39:18.4573283Z [36;1m      cd "$KSU_FOLDER"[0m
2026-08-19T11:39:18.4573727Z [36;1m      patch -p1 --forward --fuzz=3 < "$SUSFS_FOLDER/kernel_patches/KernelSU/10_enable_susfs_for_ksu.patch"[0m
2026-08-19T11:39:18.4574183Z [36;1m    fi[0m
2026-08-19T11:39:18.4574358Z [36;1m    ;;[0m
2026-08-19T11:39:18.4574564Z [36;1m  "v1.5.9"|"v1.5.10"|"v1.5.11"|"v1.5.12")[0m
2026-08-19T11:39:18.4575204Z [36;1m    if [ "KSUN" = "KSUN" ]; then[0m
2026-08-19T11:39:18.4575489Z [36;1m      cd "$KSUN_FOLDER"[0m
2026-08-19T11:39:18.4575952Z [36;1m      patch -p1 --forward < "$SUSFS_FOLDER/kernel_patches/KernelSU/10_enable_susfs_for_ksu.patch" || true[0m
2026-08-19T11:39:18.4576612Z [36;1m      for file in $(find ./kernel -maxdepth 2 -name "*.rej" -printf "%f\n" | cut -d'.' -f1); do[0m
2026-08-19T11:39:18.4577135Z [36;1m        echo "Patching file: $file.c with fix_$file.c.patch"[0m
2026-08-19T11:39:18.4577717Z [36;1m        patch -p1 --forward < "$KERNEL_PATCHES_FOLDER/next/susfs_fix_patches/$susfs_version/fix_$file.c.patch"[0m
2026-08-19T11:39:18.4578207Z [36;1m      done[0m
2026-08-19T11:39:18.4578663Z [36;1m      patch -p1 --forward < "$KERNEL_PATCHES_FOLDER/next/susfs_fix_patches/$susfs_version/fix_kernel_compat.c.patch"[0m
2026-08-19T11:39:18.4579175Z [36;1m    else[0m
2026-08-19T11:39:18.4579366Z [36;1m      cd "$KSU_FOLDER"[0m
2026-08-19T11:39:18.4579806Z [36;1m      patch -p1 --forward < "$SUSFS_FOLDER/kernel_patches/KernelSU/10_enable_susfs_for_ksu.patch"[0m
2026-08-19T11:39:18.4580262Z [36;1m    fi[0m
2026-08-19T11:39:18.4580440Z [36;1m    ;;[0m
2026-08-19T11:39:18.4580651Z [36;1m  "v2.0.0")[0m
2026-08-19T11:39:18.4580882Z [36;1m    if [ "KSUN" = "KSUN" ]; then[0m
2026-08-19T11:39:18.4581140Z [36;1m      cd "$KSUN_FOLDER"[0m
2026-08-19T11:39:18.4581595Z [36;1m      patch -p1 --forward < "$SUSFS_FOLDER/kernel_patches/KernelSU/10_enable_susfs_for_ksu.patch" || true[0m
2026-08-19T11:39:18.4582377Z [36;1m      for file in $(find ./kernel -maxdepth 2 -name "*.rej" -exec basename {} .rej \;); do[0m
2026-08-19T11:39:18.4582854Z [36;1m        echo "Patching file: $file with fix_$file.patch"[0m
2026-08-19T11:39:18.4583406Z [36;1m        patch -p1 --forward < "$KERNEL_PATCHES_FOLDER/next/susfs_fix_patches/$susfs_version/fix_$file.patch"[0m
2026-08-19T11:39:18.4583880Z [36;1m      done[0m
2026-08-19T11:39:18.4584087Z [36;1m      echo "Patching Hook Mode!"[0m
2026-08-19T11:39:18.4584595Z [36;1m      patch -p1 --forward < "$KERNEL_PATCHES_FOLDER/next/susfs_fix_patches/$susfs_version/overwrite_hook_mode.patch"[0m
2026-08-19T11:39:18.4585795Z [36;1m      echo "Patching KSU_TOOLKIT Support for SusFS kernel!"[0m
2026-08-19T11:39:18.4586383Z [36;1m      patch -p1 --forward < "$KERNEL_PATCHES_FOLDER/next/susfs_fix_patches/$susfs_version/ksu_toolkit.patch"[0m
2026-08-19T11:39:18.4587250Z [36;1m      if [ "$KSUVER" -le 33095 ]; then[0m
2026-08-19T11:39:18.4587888Z [36;1m        echo "Patching Multi-manager Support for SusFS kernel!"[0m
2026-08-19T11:39:18.4588788Z [36;1m        patch -p1 --forward < "$KERNEL_PATCHES_FOLDER/next/susfs_fix_patches/$susfs_version/multi_manager.patch"[0m
2026-08-19T11:39:18.4589286Z [36;1m      fi[0m
2026-08-19T11:39:18.4589555Z [36;1m      if [ "$KSUVER" -ge 33068 ] && [ "$KSUVER" -lt 33070 ]; then[0m
2026-08-19T11:39:18.4589996Z [36;1m        echo "Patching Multi-manager sepolicy Support for SusFS kernel!"[0m
2026-08-19T11:39:18.4590795Z [36;1m        patch -p1 --forward < "$KERNEL_PATCHES_FOLDER/next/susfs_fix_patches/$susfs_version/multi_sepolicy_fix.patch"[0m
2026-08-19T11:39:18.4591349Z [36;1m      fi[0m
2026-08-19T11:39:18.4591543Z [36;1m    else[0m
2026-08-19T11:39:18.4591869Z [36;1m      cd "$KSU_FOLDER"[0m
2026-08-19T11:39:18.4592345Z [36;1m      patch -p1 --forward < "$SUSFS_FOLDER/kernel_patches/KernelSU/10_enable_susfs_for_ksu.patch" || true[0m
2026-08-19T11:39:18.4592817Z [36;1m    fi[0m
2026-08-19T11:39:18.4593004Z [36;1m    ;;[0m
2026-08-19T11:39:18.4593181Z [36;1m  "v2.1.0")[0m
2026-08-19T11:39:18.4593391Z [36;1m    if [ "KSUN" = "KSUN" ]; then[0m
2026-08-19T11:39:18.4593652Z [36;1m      cd "$KSUN_FOLDER"[0m
2026-08-19T11:39:18.4594096Z [36;1m      patch -p1 --forward < "$SUSFS_FOLDER/kernel_patches/KernelSU/10_enable_susfs_for_ksu.patch" || true[0m
2026-08-19T11:39:18.4594970Z [36;1m      for file in $(find ./kernel -maxdepth 2 -name "*.rej" -exec basename {} .rej \;); do[0m
2026-08-19T11:39:18.4595465Z [36;1m        echo "Patching file: $file with fix_$file.patch"[0m
2026-08-19T11:39:18.4596018Z [36;1m        patch -p1 --forward < "$KERNEL_PATCHES_FOLDER/next/susfs_fix_patches/$susfs_version/fix_$file.patch"[0m
2026-08-19T11:39:18.4596499Z [36;1m      done[0m
2026-08-19T11:39:18.4596711Z [36;1m      echo "Patching Hook Mode!"[0m
2026-08-19T11:39:18.4597227Z [36;1m      patch -p1 --forward < "$KERNEL_PATCHES_FOLDER/next/susfs_fix_patches/$susfs_version/overwrite_hook_mode.patch"[0m
2026-08-19T11:39:18.4597820Z [36;1m      echo "Patching KSU_TOOLKIT Support for SusFS kernel!"[0m
2026-08-19T11:39:18.4598369Z [36;1m      patch -p1 --forward < "$KERNEL_PATCHES_FOLDER/next/susfs_fix_patches/$susfs_version/ksu_toolkit.patch"[0m
2026-08-19T11:39:18.4598870Z [36;1m      if [ "$KSUVER" -le 33095 ]; then[0m
2026-08-19T11:39:18.4599223Z [36;1m        echo "Patching Multi-manager Support for SusFS kernel!"[0m
2026-08-19T11:39:18.4599797Z [36;1m        patch -p1 --forward < "$KERNEL_PATCHES_FOLDER/next/susfs_fix_patches/$susfs_version/multi_manager.patch"[0m
2026-08-19T11:39:18.4600286Z [36;1m      fi[0m
2026-08-19T11:39:18.4600546Z [36;1m      if [ "$KSUVER" -ge 33068 ] && [ "$KSUVER" -lt 33070 ]; then[0m
2026-08-19T11:39:18.4601004Z [36;1m        echo "Patching Multi-manager sepolicy Support for SusFS kernel!"[0m
2026-08-19T11:39:18.4601645Z [36;1m        patch -p1 --forward < "$KERNEL_PATCHES_FOLDER/next/susfs_fix_patches/$susfs_version/multi_sepolicy_fix.patch"[0m
2026-08-19T11:39:18.4602295Z [36;1m      fi[0m
2026-08-19T11:39:18.4602478Z [36;1m    else[0m
2026-08-19T11:39:18.4602665Z [36;1m      cd "$KSU_FOLDER"[0m
2026-08-19T11:39:18.4603121Z [36;1m      patch -p1 --forward < "$SUSFS_FOLDER/kernel_patches/KernelSU/10_enable_susfs_for_ksu.patch" || true[0m
2026-08-19T11:39:18.4603591Z [36;1m    fi[0m
2026-08-19T11:39:18.4603767Z [36;1m    ;;[0m
2026-08-19T11:39:18.4603963Z [36;1m  "v2.2.0")[0m
2026-08-19T11:39:18.4604170Z [36;1m    if [ "KSUN" = "KSUN" ]; then[0m
2026-08-19T11:39:18.4604428Z [36;1m      cd "$KSUN_FOLDER"[0m
2026-08-19T11:39:18.4605220Z [36;1m      patch -p1 --forward < "$SUSFS_FOLDER/kernel_patches/KernelSU/10_enable_susfs_for_ksu.patch" || true[0m
2026-08-19T11:39:18.4605874Z [36;1m      for file in $(find ./kernel -maxdepth 2 -name "*.rej" -exec basename {} .rej \;); do[0m
2026-08-19T11:39:18.4606350Z [36;1m        echo "Patching file: $file with fix_$file.patch"[0m
2026-08-19T11:39:18.4606898Z [36;1m        patch -p1 --forward < "$KERNEL_PATCHES_FOLDER/next/susfs_fix_patches/$susfs_version/fix_$file.patch"[0m
2026-08-19T11:39:18.4607389Z [36;1m      done[0m
2026-08-19T11:39:18.4607614Z [36;1m      echo "Patching Hook Mode!"[0m
2026-08-19T11:39:18.4608142Z [36;1m      patch -p1 --forward < "$KERNEL_PATCHES_FOLDER/next/susfs_fix_patches/$susfs_version/overwrite_hook_mode.patch"[0m
2026-08-19T11:39:18.4608737Z [36;1m      echo "Patching KSU_TOOLKIT Support for SusFS kernel!"[0m
2026-08-19T11:39:18.4609289Z [36;1m      patch -p1 --forward < "$KERNEL_PATCHES_FOLDER/next/susfs_fix_patches/$susfs_version/ksu_toolkit.patch"[0m
2026-08-19T11:39:18.4609899Z [36;1m    else[0m
2026-08-19T11:39:18.4610098Z [36;1m      cd "$KSU_FOLDER"[0m
2026-08-19T11:39:18.4610543Z [36;1m      patch -p1 --forward < "$SUSFS_FOLDER/kernel_patches/KernelSU/10_enable_susfs_for_ksu.patch" || true[0m
2026-08-19T11:39:18.4611006Z [36;1m    fi[0m
2026-08-19T11:39:18.4611181Z [36;1m    ;;[0m
2026-08-19T11:39:18.4611355Z [36;1m  *)[0m
2026-08-19T11:39:18.4611621Z [36;1m    echo "::error::Unsupported SUSFS version: $susfs_version"[0m
2026-08-19T11:39:18.4611979Z [36;1m    exit 1[0m
2026-08-19T11:39:18.4612164Z [36;1m    ;;[0m
2026-08-19T11:39:18.4612338Z [36;1mesac[0m
2026-08-19T11:39:18.4612511Z [36;1m[0m
2026-08-19T11:39:18.4612692Z [36;1mcd "$COMMON_KERNEL_FOLDER"[0m
2026-08-19T11:39:18.4613000Z [36;1mif [ "android14" = "android15" ] && [ "6.1" = "6.6" ]; then[0m
2026-08-19T11:39:18.4613427Z [36;1m  if ! grep -qxF '#include <trace/hooks/fs.h>' ./fs/namespace.c; then[0m
2026-08-19T11:39:18.4613981Z [36;1m    sed -i '/#include <trace\/hooks\/blk.h>/a #include <trace\/hooks\/fs.h>' ./fs/namespace.c[0m
2026-08-19T11:39:18.4614397Z [36;1m  fi[0m
2026-08-19T11:39:18.4615213Z [36;1m  if ! grep -qxF 'extern void __fold_filemap_fixup_entry(struct vma_iterator *iter, unsigned long *end);' ./include/linux/page_size_compat.h; then[0m
2026-08-19T11:39:18.4615988Z [36;1m    patch -p1 < "$KERNEL_PATCHES_FOLDER/common/backports/fold_fixup_entries.patch"[0m
2026-08-19T11:39:18.4616402Z [36;1m  fi[0m
2026-08-19T11:39:18.4616574Z [36;1mfi[0m
2026-08-19T11:39:18.4616742Z [36;1m[0m
2026-08-19T11:39:18.4616941Z [36;1m# Fake kernel patch to fix failures[0m
2026-08-19T11:39:18.4617212Z [36;1mfake_patched=0[0m
2026-08-19T11:39:18.4617433Z [36;1mfake_patched_expand=0[0m
2026-08-19T11:39:18.4617727Z [36;1mif [ "android14" = "android15" ] && [ "6.1" = "6.6" ]; then[0m
2026-08-19T11:39:18.4618236Z [36;1m  if ! grep -qxF $'\tunsigned int nr_subpages = __PAGE_SIZE / PAGE_SIZE;' ./fs/proc/task_mmu.c; then[0m
2026-08-19T11:39:18.4618750Z [36;1m    echo "nr_subpages Line not found. Fake Patching!"[0m
2026-08-19T11:39:18.4619496Z [36;1m    sed -i -e '/int ret = 0, copied = 0;/a \\tunsigned int nr_subpages \= __PAGE_SIZE \/ PAGE_SIZE;' -e '/int ret = 0, copied = 0;/a \\tpagemap_entry_t \*res = NULL;' ./fs/proc/task_mmu.c[0m
2026-08-19T11:39:18.4620176Z [36;1m    fake_patched=1[0m
2026-08-19T11:39:18.4620390Z [36;1m  fi[0m
2026-08-19T11:39:18.4620560Z [36;1m  [0m
2026-08-19T11:39:18.4620971Z [36;1m  if ! grep -qxF '#include <linux/dma-buf.h>' ./fs/proc/base.c; then[0m
2026-08-19T11:39:18.4621442Z [36;1m    echo "#include <linux/dma-buf.h> Line not found. Adding missing header"[0m
2026-08-19T11:39:18.4621999Z [36;1m    sed -i '/#include <linux\/cpufreq_times.h>/a #include <linux\/dma-buf.h>' ./fs/proc/base.c[0m
2026-08-19T11:39:18.4622426Z [36;1m  fi[0m
2026-08-19T11:39:18.4622596Z [36;1m  [0m
2026-08-19T11:39:18.4622849Z [36;1m  if ! grep -qxF '#include <linux/zswap.h>' ./mm/memory.c; then[0m
2026-08-19T11:39:18.4623313Z [36;1m    echo "#include <linux/zswap.h> Line not found. Adding missing header"[0m
2026-08-19T11:39:18.4623835Z [36;1m    sed -i '/#include <linux\/sched\/sysctl.h>/a #include <linux\/zswap.h>' ./mm/memory.c[0m
2026-08-19T11:39:18.4624241Z [36;1m  fi[0m
2026-08-19T11:39:18.4624411Z [36;1m  [0m
2026-08-19T11:39:18.4625110Z [36;1m  if grep -qF 'if (vma->vm_end > last_vma_end)' ./fs/proc/task_mmu.c && ! grep -qxF 'SUSFS_IS_INODE_SUS_MAP' ./fs/proc/task_mmu.c; then[0m
2026-08-19T11:39:18.4625813Z [36;1m    echo "Temporarily expand the last_vma_end if block to fix a matching issue."[0m
2026-08-19T11:39:18.4626883Z [36;1m    perl -i -0pe 's/\t\t\tif \(vma->vm_end > last_vma_end\)\n\t\t\t\tsmap_gather_stats\(vma, &mss, last_vma_end\);/\t\t\tif (vma->vm_end > last_vma_end) {\n\t\t\t\tsmap_gather_stats(vma, \&mss, last_vma_end);\n\t\t\t\tlast_vma_end = vma->vm_end;\n\t\t\t}/' ./fs/proc/task_mmu.c[0m
2026-08-19T11:39:18.4627815Z [36;1m    fake_patched_expand=1[0m
2026-08-19T11:39:18.4628078Z [36;1m  fi[0m
2026-08-19T11:39:18.4628369Z [36;1mfi[0m
2026-08-19T11:39:18.4628623Z [36;1mif [ "android14" = "android12" ] && [ "6.1" = "5.10" ]; then[0m
2026-08-19T11:39:18.4629036Z [36;1m  if ! grep -qxF $'\tif (!vma_pages(vma))' ./fs/proc/task_mmu.c; then[0m
2026-08-19T11:39:18.4629438Z [36;1m    echo "vma_pages Line not found. Fake Patching!"[0m
2026-08-19T11:39:18.4629744Z [36;1m    fake_patched=1[0m
2026-08-19T11:39:18.4629960Z [36;1m  fi[0m
2026-08-19T11:39:18.4630128Z [36;1mfi[0m
2026-08-19T11:39:18.4630373Z [36;1mif [ "android14" = "android13" ] && [ "6.1" = "5.15" ]; then[0m
2026-08-19T11:39:18.4630780Z [36;1m  if ! grep -qxF $'\tif (!vma_pages(vma))' ./fs/proc/task_mmu.c; then[0m
2026-08-19T11:39:18.4631171Z [36;1m    echo "vma_pages Line not found. Fake Patching!"[0m
2026-08-19T11:39:18.4631470Z [36;1m    fake_patched=1[0m
2026-08-19T11:39:18.4631678Z [36;1m  fi[0m
2026-08-19T11:39:18.4631846Z [36;1m  [0m
2026-08-19T11:39:18.4632121Z [36;1m  if grep -qxF '#include <linux/swap_slots.h>' ./mm/memory.c; then[0m
2026-08-19T11:39:18.4632551Z [36;1m    echo "#include swap_slots.h> Line found. Deleting header."[0m
2026-08-19T11:39:18.4632953Z [36;1m    sed -i '/#include <linux\/swap_slots.h>/d' ./mm/memory.c[0m
2026-08-19T11:39:18.4633271Z [36;1m    fake_patched=1[0m
2026-08-19T11:39:18.4633475Z [36;1m  fi[0m
2026-08-19T11:39:18.4633643Z [36;1mfi[0m
2026-08-19T11:39:18.4633808Z [36;1m[0m
2026-08-19T11:39:18.4634055Z [36;1mif [ "android14" = "android14" ] && [ "6.1" = "6.1" ]; then[0m
2026-08-19T11:39:18.4634456Z [36;1m  if ! grep -qxF $'\tif (!vma_pages(vma))' ./fs/proc/task_mmu.c; then[0m
2026-08-19T11:39:18.4635183Z [36;1m    echo "vma_pages Line not found. Fake Patching!"[0m
2026-08-19T11:39:18.4635497Z [36;1m    fake_patched=1[0m
2026-08-19T11:39:18.4635705Z [36;1m  fi[0m
2026-08-19T11:39:18.4635867Z [36;1m  [0m
2026-08-19T11:39:18.4636140Z [36;1m  if ! grep -qxF '#include <linux/dma-buf.h>' ./fs/proc/base.c; then[0m
2026-08-19T11:39:18.4636611Z [36;1m    echo "#include <linux/dma-buf.h> Line not found. Adding missing header"[0m
2026-08-19T11:39:18.4637166Z [36;1m    sed -i '/#include <linux\/cpufreq_times.h>/a #include <linux\/dma-buf.h>' ./fs/proc/base.c[0m
2026-08-19T11:39:18.4637588Z [36;1m  fi[0m
2026-08-19T11:39:18.4637753Z [36;1mfi[0m
2026-08-19T11:39:18.4637917Z [36;1m[0m
2026-08-19T11:39:18.4638278Z [36;1mpatch -p1 --forward < "$SUSFS_FOLDER/kernel_patches/50_add_susfs_in_gki-android14-6.1.patch"[0m
2026-08-19T11:39:18.4638855Z [36;1m[0m
2026-08-19T11:39:18.4639155Z [36;1m# SUSFS's OPEN_REDIRECT code unconditionally calls VMA_PAD_START(), which[0m
2026-08-19T11:39:18.4639646Z [36;1m# only exists on GKI branches that carry Google's page-size-migration[0m
2026-08-19T11:39:18.4640112Z [36;1m# feature (added to each android version's kernel/common branch at a[0m
2026-08-19T11:39:18.4640582Z [36;1m# different, sometime later, os_patch_level). Older os_patch_levels in[0m
2026-08-19T11:39:18.4641067Z [36;1m# our build matrix predate it, so fall back to a no-padding definition[0m
2026-08-19T11:39:18.4641555Z [36;1m# when the real header/macro isn't present. This is version-agnostic and[0m
2026-08-19T11:39:18.4642005Z [36;1m# a no-op wherever the real header already provides it.[0m
2026-08-19T11:39:18.4642713Z [36;1mif grep -q 'VMA_PAD_START(' ./fs/proc/task_mmu.c && ! grep -qE '#include <linux/pgsize_migration(_inline)?\.h>|define VMA_PAD_START' ./fs/proc/task_mmu.c; then[0m
2026-08-19T11:39:18.4643711Z [36;1m  sed -i '\|#include "internal.h"|a\\n#undef VMA_PAD_START\n#ifndef VMA_PAD_START\n#define VMA_PAD_START(vma) ((vma)->vm_end)\n#endif' fs/proc/task_mmu.c[0m
2026-08-19T11:39:18.4644427Z [36;1m  echo "Added VMA_PAD_START fallback definition to fs/proc/task_mmu.c"[0m
2026-08-19T11:39:18.4645006Z [36;1mfi[0m
2026-08-19T11:39:18.4645185Z [36;1m[0m
2026-08-19T11:39:18.4645368Z [36;1m# Revert Fake kernel patch[0m
2026-08-19T11:39:18.4645642Z [36;1mif [ "$fake_patched_expand" = 1 ]; then[0m
2026-08-19T11:39:18.4646098Z [36;1m  if [ "android14" = "android15" ] && [ "6.1" = "6.6" ]; then[0m
2026-08-19T11:39:18.4646727Z [36;1m    if grep -qF 'if (vma->vm_end > last_vma_end) {' ./fs/proc/task_mmu.c && ! grep -qxF 'SUSFS_IS_INODE_SUS_MAP' ./fs/proc/task_mmu.c; then[0m
2026-08-19T11:39:18.4647939Z [36;1m      perl -i -0pe 's/\t\t\tif \(vma->vm_end > last_vma_end\) \{\n\t\t\t\tsmap_gather_stats\(vma, &mss, last_vma_end\);\n\t\t\t\tlast_vma_end = vma->vm_end;\n\t\t\t\}/\t\t\tif (vma->vm_end > last_vma_end)\n\t\t\t\tsmap_gather_stats(vma, \&mss, last_vma_end);/' ./fs/proc/task_mmu.c[0m
2026-08-19T11:39:18.4648859Z [36;1m    fi[0m
2026-08-19T11:39:18.4649037Z [36;1m  fi[0m
2026-08-19T11:39:18.4649209Z [36;1mfi[0m
2026-08-19T11:39:18.4649373Z [36;1m[0m
2026-08-19T11:39:18.4649557Z [36;1mif [ "$fake_patched" = 1 ]; then[0m
2026-08-19T11:39:18.4649874Z [36;1m  if [ "android14" = "android15" ] && [ "6.1" = "6.6" ]; then[0m
2026-08-19T11:39:18.4650385Z [36;1m    if grep -qxF $'\tunsigned int nr_subpages = __PAGE_SIZE / PAGE_SIZE;' ./fs/proc/task_mmu.c; then[0m
2026-08-19T11:39:18.4650906Z [36;1m      echo "nr_subpages Line found. Revert Fake Patching!"[0m
2026-08-19T11:39:18.4651503Z [36;1m      sed -i -e '/unsigned int nr_subpages \= __PAGE_SIZE \/ PAGE_SIZE;/d' -e '/pagemap_entry_t \*res = NULL;/d' ./fs/proc/task_mmu.c[0m
2026-08-19T11:39:18.4652027Z [36;1m    fi[0m
2026-08-19T11:39:18.4652202Z [36;1m  fi[0m
2026-08-19T11:39:18.4652450Z [36;1m  if [ "android14" = "android12" ] && [ "6.1" = "5.10" ]; then[0m
2026-08-19T11:39:18.4652862Z [36;1m    if grep -qxF $'\t\t\tgoto show_pad;' ./fs/proc/task_mmu.c; then[0m
2026-08-19T11:39:18.4653265Z [36;1m      echo "vma_pages Line found. Revert Fake Patching!"[0m
2026-08-19T11:39:18.4653665Z [36;1m      sed -i -e 's/goto show_pad;/return 0;/' ./fs/proc/task_mmu.c[0m
2026-08-19T11:39:18.4653990Z [36;1m    fi[0m
2026-08-19T11:39:18.4654163Z [36;1m  fi[0m
2026-08-19T11:39:18.4654410Z [36;1m  if [ "android14" = "android13" ] && [ "6.1" = "5.15" ]; then[0m
2026-08-19T11:39:18.4655059Z [36;1m    if grep -qxF $'\t\t\tgoto show_pad;' ./fs/proc/task_mmu.c; then[0m
2026-08-19T11:39:18.4655473Z [36;1m      echo "vma_pages Line found. Revert Fake Patching!"[0m
2026-08-19T11:39:18.4655867Z [36;1m      sed -i -e 's/goto show_pad;/return 0;/' ./fs/proc/task_mmu.c[0m
2026-08-19T11:39:18.4656189Z [36;1m    fi[0m
2026-08-19T11:39:18.4656363Z [36;1m    [0m
2026-08-19T11:39:18.4656641Z [36;1m    if ! grep -qxF '#include <linux/swap_slots.h>' ./mm/memory.c; then[0m
2026-08-19T11:39:18.4657256Z [36;1m      echo "#include <linux/swap_slots.h> Line not found. Adding missing header"[0m
2026-08-19T11:39:18.4657807Z [36;1m      sed -i '/#include <linux\/vmalloc.h>/a #include <linux\/swap_slots.h>' ./mm/memory.c[0m
2026-08-19T11:39:18.4658212Z [36;1m    fi[0m
2026-08-19T11:39:18.4658386Z [36;1m  fi[0m
2026-08-19T11:39:18.4658631Z [36;1m  if [ "android14" = "android14" ] && [ "6.1" = "6.1" ]; then[0m
2026-08-19T11:39:18.4659033Z [36;1m    if grep -qxF $'\t\t\tgoto show_pad;' ./fs/proc/task_mmu.c; then[0m
2026-08-19T11:39:18.4659429Z [36;1m      echo "vma_pages Line found. Revert Fake Patching!"[0m
2026-08-19T11:39:18.4659814Z [36;1m      sed -i -e 's/goto show_pad;/return 0;/' ./fs/proc/task_mmu.c[0m
2026-08-19T11:39:18.4660131Z [36;1m    fi[0m
2026-08-19T11:39:18.4660302Z [36;1m  fi[0m
2026-08-19T11:39:18.4660473Z [36;1mfi[0m
2026-08-19T11:39:18.4660670Z [36;1mecho "✅ SUSFS patches applied"[0m
2026-08-19T11:39:18.4660921Z [36;1m[0m
2026-08-19T11:39:18.4661129Z [36;1mecho "Add SUSFS Configuration Settings"[0m
2026-08-19T11:39:18.4661518Z [36;1mcat >> "$COMMON_KERNEL_FOLDER/arch/arm64/configs/gki_defconfig" <<EOF[0m
2026-08-19T11:39:18.4661882Z [36;1mCONFIG_KSU_SUSFS=y[0m
2026-08-19T11:39:18.4662125Z [36;1mCONFIG_KSU_SUSFS_HAS_MAGIC_MOUNT=y[0m
2026-08-19T11:39:18.4662398Z [36;1mCONFIG_KSU_SUSFS_SUS_PATH=y[0m
2026-08-19T11:39:18.4662648Z [36;1mCONFIG_KSU_SUSFS_SUS_MOUNT=y[0m
2026-08-19T11:39:18.4662952Z [36;1mCONFIG_KSU_SUSFS_AUTO_ADD_SUS_KSU_DEFAULT_MOUNT=y[0m
2026-08-19T11:39:18.4663413Z [36;1mCONFIG_KSU_SUSFS_AUTO_ADD_SUS_BIND_MOUNT=y[0m
2026-08-19T11:39:18.4663718Z [36;1mCONFIG_KSU_SUSFS_SUS_KSTAT=y[0m
2026-08-19T11:39:18.4663976Z [36;1mCONFIG_KSU_SUSFS_SUS_OVERLAYFS=n[0m
2026-08-19T11:39:18.4664245Z [36;1mCONFIG_KSU_SUSFS_TRY_UMOUNT=y[0m
2026-08-19T11:39:18.4664558Z [36;1mCONFIG_KSU_SUSFS_AUTO_ADD_TRY_UMOUNT_FOR_BIND_MOUNT=y[0m
2026-08-19T11:39:18.4665249Z [36;1mCONFIG_KSU_SUSFS_SPOOF_UNAME=y[0m
2026-08-19T11:39:18.4665523Z [36;1mCONFIG_KSU_SUSFS_ENABLE_LOG=y[0m
2026-08-19T11:39:18.4665805Z [36;1mCONFIG_KSU_SUSFS_HIDE_KSU_SUSFS_SYMBOLS=y[0m
2026-08-19T11:39:18.4666155Z [36;1mCONFIG_KSU_SUSFS_SPOOF_CMDLINE_OR_BOOTCONFIG=y[0m
2026-08-19T11:39:18.4666468Z [36;1mCONFIG_KSU_SUSFS_OPEN_REDIRECT=y[0m
2026-08-19T11:39:18.4666736Z [36;1mCONFIG_KSU_SUSFS_SUS_MAP=y[0m
2026-08-19T11:39:18.4666986Z [36;1mCONFIG_KSU_SUSFS_SUS_SU=n[0m
2026-08-19T11:39:18.4667215Z [36;1mEOF[0m
2026-08-19T11:39:18.4667385Z [36;1m[0m
2026-08-19T11:39:18.4667570Z [36;1mecho "::endgroup::"[0m
2026-08-19T11:39:18.4706686Z shell: /usr/bin/bash --noprofile --norc -e -o pipefail {0}
2026-08-19T11:39:18.4707022Z env:
2026-08-19T11:39:18.4707358Z   CCACHE_DIR: /home/runner/work/OnePlus_KernelSU_SUSFS/OnePlus_KernelSU_SUSFS/.ccache
2026-08-19T11:39:18.4707780Z   CCACHE_MAXSIZE: 12G
2026-08-19T11:39:18.4707994Z   CCACHE_COMPILERCHECK: content
2026-08-19T11:39:18.4708360Z   CCACHE_BASEDIR: /home/runner/work/OnePlus_KernelSU_SUSFS/OnePlus_KernelSU_SUSFS
2026-08-19T11:39:18.4708759Z   CCACHE_NOHASHDIR: true
2026-08-19T11:39:18.4708985Z   CCACHE_IGNOREOPTIONS: --sysroot*
2026-08-19T11:39:18.4709230Z   CCACHE_COMPRESSION: true
2026-08-19T11:39:18.4709448Z   CCACHE_COMPRESSION_LEVEL: 3
2026-08-19T11:39:18.4709667Z   CCACHE_DIRECT: true
2026-08-19T11:39:18.4709866Z   CCACHE_FILE_CLONE: true
2026-08-19T11:39:18.4710074Z   CCACHE_INODE_CACHE: true
2026-08-19T11:39:18.4710293Z   CCACHE_IS_KERNEL_COMPILING: true
2026-08-19T11:39:18.4710520Z   CCACHE_UMASK: 002
2026-08-19T11:39:18.4710969Z   CCACHE_SLOPPINESS: file_macro,time_macros,include_file_mtime,include_file_ctime,pch_defines,system_headers,locale
2026-08-19T11:39:18.4711481Z   ACTION_REPO: 
2026-08-19T11:39:18.4711663Z   ACTION_REF: 
2026-08-19T11:39:18.4711856Z   OP_MODEL: OP-ACE-3-PRO-6.1.75
2026-08-19T11:39:18.4712092Z   OP_SOC: pineapple
2026-08-19T11:39:18.4712286Z   OP_BRANCH: wild/sm8650
2026-08-19T11:39:18.4712518Z   OP_MANIFEST: oneplus_ace3_pro_6.1.75_v.xml
2026-08-19T11:39:18.4712943Z   OP_ANDROID_VERSION: android14
2026-08-19T11:39:18.4713164Z   OP_KERNEL_VERSION: 6.1
2026-08-19T11:39:18.4713365Z   OP_OS_VERSION: A15
2026-08-19T11:39:18.4713557Z   OP_LTO: thin
2026-08-19T11:39:18.4713733Z   OP_ZYC_COMPILER: 
2026-08-19T11:39:18.4714065Z   OP_C_COMPILER: kernel_platform/prebuilts/clang/host/linux-x86/clang-r487747c/bin
2026-08-19T11:39:18.4714455Z   OP_RUST_COMPILER: 
2026-08-19T11:39:18.4714881Z   OP_BINDGEN: 
2026-08-19T11:39:18.4715213Z   OP_RUST_BUILD: false
2026-08-19T11:39:18.4715428Z   OP_DISK_CLEANUP: false
2026-08-19T11:39:18.4715634Z   OP_HMBIRD: false
2026-08-19T11:39:18.4715818Z   OP_SUSFS: true
2026-08-19T11:39:18.4716017Z   OP_OPT: true
2026-08-19T11:39:18.4716187Z   OP_DS: true
2026-08-19T11:39:18.4716357Z   OP_BBG: true
2026-08-19T11:39:18.4716531Z   OP_BBR: true
2026-08-19T11:39:18.4716701Z   OP_BBR3: true
2026-08-19T11:39:18.4716873Z   OP_TTL: true
2026-08-19T11:39:18.4717043Z   OP_IP_SET: true
2026-08-19T11:39:18.4717223Z   OP_UNICODE: true
2026-08-19T11:39:18.4717407Z   OP_NTSYNC: true
2026-08-19T11:39:18.4719539Z   OP_BLACKLIST_MODULES: kernelsu,oplus_security_guard,oplus_qr_scan,oplus_score,oplus_vip_task,oplus_dns_cache,oplus_network_linkpower_module,oplus_data_module,oplus_secure_harden,oplus_security_keventupload,oplus_secure_guard_new,oplus_secure_guard,coresight_tpda,coresight_tgu,coresight_trace_noc,coresight_cti,coresight_qmi,coresight_dummy,coresight_remote_etm,coresight_tpdm,coresight_uetm,coresight_stm,coresight_tmc_sec,f_fs_ipc_log,qcom_iommu_debug,qti_battery_debug,rdbg,stm_heartbeat,stm_p_ost,stm_core,stm_ftrace,stm_console,spmi_pmic_arb_debug
2026-08-19T11:39:18.4721546Z   OP_UNAME: OP-WILD
2026-08-19T11:39:18.4721749Z   CONFIG: OP-ACE-3-PRO-6.1.75
2026-08-19T11:39:18.4721979Z   REPO: /usr/local/bin/repo
2026-08-19T11:39:18.4722395Z   CONFIG_FOLDER: /home/runner/work/OnePlus_KernelSU_SUSFS/OnePlus_KernelSU_SUSFS/OP-ACE-3-PRO-6.1.75
2026-08-19T11:39:18.4723090Z   ARTIFACTS_FOLDER: /home/runner/work/OnePlus_KernelSU_SUSFS/OnePlus_KernelSU_SUSFS/OP-ACE-3-PRO-6.1.75/artifacts
2026-08-19T11:39:18.4723885Z   KERNEL_PLATFORM_FOLDER: /home/runner/work/OnePlus_KernelSU_SUSFS/OnePlus_KernelSU_SUSFS/OP-ACE-3-PRO-6.1.75/kernel_platform
2026-08-19T11:39:18.4724858Z   COMMON_KERNEL_FOLDER: /home/runner/work/OnePlus_KernelSU_SUSFS/OnePlus_KernelSU_SUSFS/OP-ACE-3-PRO-6.1.75/kernel_platform/common
2026-08-19T11:39:18.4725710Z   MSM_KERNEL_FOLDER: /home/runner/work/OnePlus_KernelSU_SUSFS/OnePlus_KernelSU_SUSFS/OP-ACE-3-PRO-6.1.75/kernel_platform/msm-kernel
2026-08-19T11:39:18.4726488Z   AK3_FOLDER: /home/runner/work/OnePlus_KernelSU_SUSFS/OnePlus_KernelSU_SUSFS/OP-ACE-3-PRO-6.1.75/AnyKernel3
2026-08-19T11:39:18.4727171Z   DEBUG_ARTIFACTS_FOLDER: /home/runner/work/OnePlus_KernelSU_SUSFS/OnePlus_KernelSU_SUSFS/debug_artifacts
2026-08-19T11:39:18.4727870Z   KERNEL_PATCHES_FOLDER: /home/runner/work/OnePlus_KernelSU_SUSFS/OnePlus_KernelSU_SUSFS/kernel_patches
2026-08-19T11:39:18.4728479Z   SUSFS_FOLDER: /home/runner/work/OnePlus_KernelSU_SUSFS/OnePlus_KernelSU_SUSFS/susfs4ksu
2026-08-19T11:39:18.4729160Z   KSU_FOLDER: /home/runner/work/OnePlus_KernelSU_SUSFS/OnePlus_KernelSU_SUSFS/OP-ACE-3-PRO-6.1.75/kernel_platform/KernelSU
2026-08-19T11:39:18.4729966Z   KSUN_FOLDER: /home/runner/work/OnePlus_KernelSU_SUSFS/OnePlus_KernelSU_SUSFS/OP-ACE-3-PRO-6.1.75/kernel_platform/KernelSU-Next
2026-08-19T11:39:18.4730548Z   DEBUG_ZIP_NAME: debug_OP-ACE-3-PRO-6.1.75_A15.zip
2026-08-19T11:39:18.4730835Z   ANDROID_VER: android14
2026-08-19T11:39:18.4731039Z   KERNEL_VER: 6.1
2026-08-19T11:39:18.4731227Z   TKERNEL_VER: 6.1.75
2026-08-19T11:39:18.4731439Z   KERNEL_FULL_VER: android14-6.1.75
2026-08-19T11:39:18.4731697Z   SUSFS_KERNEL_BRANCH: gki-android14-6.1
2026-08-19T11:39:18.4731951Z   BUILD_USER: OnePlus
2026-08-19T11:39:18.4732150Z   BUILD_HOST: ubuntu-build
2026-08-19T11:39:18.4732787Z   CLANG_BIN_PATH: /home/runner/work/OnePlus_KernelSU_SUSFS/OnePlus_KernelSU_SUSFS/OP-ACE-3-PRO-6.1.75/kernel_platform/prebuilts/clang/host/linux-x86/clang-r487747c/bin
2026-08-19T11:39:18.4734150Z   CLANG_VERSION: Android (10087095, +pgo, +bolt, +lto, -mlgo, based on r487747c) clang version 17.0.2 (https://android.googlesource.com/toolchain/llvm-project d9f89f4d16663d5012e5c09495f3b30ece3d2362)
2026-08-19T11:39:18.4735205Z   CLANG_VERSION_SHORT: 4e90edd6
2026-08-19T11:39:18.4735882Z   LIBCLANG_PATH: /home/runner/work/OnePlus_KernelSU_SUSFS/OnePlus_KernelSU_SUSFS/OP-ACE-3-PRO-6.1.75/kernel_platform/prebuilts/clang/host/linux-x86/clang-r487747c/bin/../lib
2026-08-19T11:39:18.4736594Z   SUSFS_COMMIT_SHA: gki-android14-6.1
2026-08-19T11:39:18.4736837Z   NEED_HOOKS: false
2026-08-19T11:39:18.4737080Z   KSU_COMMIT_SHA: d6a42fd9285c11b8e8e67bfe72a5050528006c00
2026-08-19T11:39:18.4737378Z   KSUVER: 33223
2026-08-19T11:39:18.4737560Z ##[endgroup]
2026-08-19T11:39:18.4799378Z ##[group]Apply SUSFS patches
2026-08-19T11:39:18.4799825Z Applying SUSFS patches...
2026-08-19T11:39:18.4870681Z SusFS Version: v2.2.0
2026-08-19T11:39:18.5526956Z patching file kernel/Kbuild
2026-08-19T11:39:18.5527555Z Hunk #1 FAILED at 4.
2026-08-19T11:39:18.5528039Z Hunk #2 succeeded at 62 (offset 1 line).
2026-08-19T11:39:18.5528791Z 1 out of 2 hunks FAILED -- saving rejects to file kernel/Kbuild.rej
2026-08-19T11:39:18.5529545Z patching file kernel/Kconfig
2026-08-19T11:39:18.5530493Z patching file kernel/Makefile
2026-08-19T11:39:18.5531663Z patching file kernel/core/init.c
2026-08-19T11:39:18.5532395Z Hunk #1 FAILED at 6.
2026-08-19T11:39:18.5532928Z Hunk #2 succeeded at 12 with fuzz 1 (offset -1 lines).
2026-08-19T11:39:18.5533567Z Hunk #3 FAILED at 20.
2026-08-19T11:39:18.5534332Z Hunk #4 succeeded at 70 (offset 1 line).
2026-08-19T11:39:18.5535383Z Hunk #5 FAILED at 82.
2026-08-19T11:39:18.5535761Z Hunk #6 FAILED at 113.
2026-08-19T11:39:18.5536130Z Hunk #7 FAILED at 123.
2026-08-19T11:39:18.5536497Z Hunk #8 FAILED at 204.
2026-08-19T11:39:18.5537040Z 6 out of 8 hunks FAILED -- saving rejects to file kernel/core/init.c.rej
2026-08-19T11:39:18.5537740Z patching file kernel/feature/adb_root.c
2026-08-19T11:39:18.5538235Z Hunk #2 FAILED at 22.
2026-08-19T11:39:18.5538600Z Hunk #3 FAILED at 67.
2026-08-19T11:39:18.5539012Z Hunk #4 succeeded at 86 (offset 2 lines).
2026-08-19T11:39:18.5539523Z Hunk #5 succeeded at 107 (offset 2 lines).
2026-08-19T11:39:18.5539992Z Hunk #6 FAILED at 160.
2026-08-19T11:39:18.5540368Z Hunk #7 FAILED at 170.
2026-08-19T11:39:18.5541051Z 4 out of 7 hunks FAILED -- saving rejects to file kernel/feature/adb_root.c.rej
2026-08-19T11:39:18.5541784Z patching file kernel/feature/adb_root.h
2026-08-19T11:39:18.5542255Z Hunk #1 FAILED at 2.
2026-08-19T11:39:18.5542832Z 1 out of 1 hunk FAILED -- saving rejects to file kernel/feature/adb_root.h.rej
2026-08-19T11:39:18.5543571Z patching file kernel/feature/kernel_umount.c
2026-08-19T11:39:18.5544076Z Hunk #1 FAILED at 83.
2026-08-19T11:39:18.5544887Z 1 out of 1 hunk FAILED -- saving rejects to file kernel/feature/kernel_umount.c.rej
2026-08-19T11:39:18.5545647Z patching file kernel/feature/selinux_hide.c
2026-08-19T11:39:18.5546356Z patching file kernel/feature/sucompat.c
2026-08-19T11:39:18.5546818Z Hunk #1 FAILED at 1.
2026-08-19T11:39:18.5547191Z Hunk #2 succeeded at 13 (offset -1 lines).
2026-08-19T11:39:18.5547638Z Hunk #3 FAILED at 27.
2026-08-19T11:39:18.5548059Z Hunk #4 succeeded at 67 with fuzz 1 (offset -1 lines).
2026-08-19T11:39:18.5548572Z Hunk #5 FAILED at 82.
2026-08-19T11:39:18.5549269Z 3 out of 5 hunks FAILED -- saving rejects to file kernel/feature/sucompat.c.rej
2026-08-19T11:39:18.5549969Z patching file kernel/feature/sucompat.h
2026-08-19T11:39:18.5550542Z Hunk #1 FAILED at 3.
2026-08-19T11:39:18.5551164Z 1 out of 1 hunk FAILED -- saving rejects to file kernel/feature/sucompat.h.rej
2026-08-19T11:39:18.5552048Z patching file kernel/hook/setuid_hook.c
2026-08-19T11:39:18.5552755Z Hunk #2 FAILED at 20.
2026-08-19T11:39:18.5553390Z 1 out of 2 hunks FAILED -- saving rejects to file kernel/hook/setuid_hook.c.rej
2026-08-19T11:39:18.5554131Z patching file kernel/hook/setuid_hook.h
2026-08-19T11:39:18.5555060Z patching file kernel/include/ksu.h
2026-08-19T11:39:18.5555578Z Hunk #1 succeeded at 9 with fuzz 1 (offset 1 line).
2026-08-19T11:39:18.5556388Z patching file kernel/policy/allowlist.c
2026-08-19T11:39:18.5556788Z Hunk #1 succeeded at 297 (offset 3 lines).
2026-08-19T11:39:18.5557793Z patching file kernel/policy/app_profile.c
2026-08-19T11:39:18.5558083Z Hunk #3 succeeded at 106 (offset 1 line).
2026-08-19T11:39:18.5558408Z Hunk #4 succeeded at 115 (offset 1 line).
2026-08-19T11:39:18.5558678Z Hunk #5 succeeded at 173 (offset 1 line).
2026-08-19T11:39:18.5558938Z Hunk #6 succeeded at 191 (offset 1 line).
2026-08-19T11:39:18.5559443Z patching file kernel/policy/app_profile.h
2026-08-19T11:39:18.5560161Z patching file kernel/policy/feature.h
2026-08-19T11:39:18.5560992Z patching file kernel/runtime/boot_event.c
2026-08-19T11:39:18.5561456Z Hunk #1 succeeded at 13 with fuzz 2.
2026-08-19T11:39:18.5561891Z Hunk #2 succeeded at 32 (offset 2 lines).
2026-08-19T11:39:18.5562352Z patching file kernel/runtime/ksud.h
2026-08-19T11:39:18.5562767Z Hunk #1 FAILED at 8.
2026-08-19T11:39:18.5563289Z 1 out of 1 hunk FAILED -- saving rejects to file kernel/runtime/ksud.h.rej
2026-08-19T11:39:18.5564116Z patching file kernel/runtime/ksud_integration.c
2026-08-19T11:39:18.5566154Z Hunk #10 FAILED at 525.
2026-08-19T11:39:18.5566953Z Hunk #11 succeeded at 580 (offset -14 lines).
2026-08-19T11:39:18.5567778Z 1 out of 11 hunks FAILED -- saving rejects to file kernel/runtime/ksud_integration.c.rej
2026-08-19T11:39:18.5568641Z patching file kernel/selinux/rules.c
2026-08-19T11:39:18.5569291Z Hunk #1 succeeded at 161 (offset 1 line).
2026-08-19T11:39:18.5570067Z patching file kernel/selinux/selinux.c
2026-08-19T11:39:18.5570717Z Hunk #1 succeeded at 226 (offset 6 lines).
2026-08-19T11:39:18.5571631Z patching file kernel/selinux/selinux.h
2026-08-19T11:39:18.5572350Z patching file kernel/sulog/event.c
2026-08-19T11:39:18.5573031Z Hunk #1 succeeded at 25 with fuzz 1.
2026-08-19T11:39:18.5573694Z Hunk #2 succeeded at 131 (offset 76 lines).
2026-08-19T11:39:18.5574310Z Hunk #3 succeeded at 180 (offset 76 lines).
2026-08-19T11:39:18.5575127Z Hunk #4 succeeded at 224 (offset 76 lines).
2026-08-19T11:39:18.5575747Z Hunk #5 succeeded at 244 (offset 76 lines).
2026-08-19T11:39:18.5576344Z Hunk #6 succeeded at 280 (offset 76 lines).
2026-08-19T11:39:18.5576940Z Hunk #7 succeeded at 292 (offset 76 lines).
2026-08-19T11:39:18.5577536Z Hunk #8 succeeded at 309 (offset 76 lines).
2026-08-19T11:39:18.5578158Z Hunk #9 succeeded at 374 (offset 76 lines).
2026-08-19T11:39:18.5578768Z patching file kernel/sulog/event.h
2026-08-19T11:39:18.5579351Z Hunk #2 succeeded at 13 with fuzz 2.
2026-08-19T11:39:18.5580088Z patching file kernel/supercall/dispatch.c
2026-08-19T11:39:18.5580807Z Hunk #1 succeeded at 5 (offset 1 line).
2026-08-19T11:39:18.5581411Z Hunk #2 succeeded at 19 (offset 1 line).
2026-08-19T11:39:18.5582009Z Hunk #3 succeeded at 54 (offset 5 lines).
2026-08-19T11:39:18.5582783Z Hunk #4 succeeded at 79 (offset 5 lines).
2026-08-19T11:39:18.5583490Z Hunk #5 succeeded at 105 (offset 5 lines).
2026-08-19T11:39:18.5584159Z Hunk #6 succeeded at 114 (offset 5 lines).
2026-08-19T11:39:18.5585006Z Hunk #7 succeeded at 361 (offset 5 lines).
2026-08-19T11:39:18.5585647Z Hunk #8 succeeded at 437 (offset 5 lines).
2026-08-19T11:39:18.5586257Z Hunk #9 succeeded at 472 (offset 5 lines).
2026-08-19T11:39:18.5586819Z patching file kernel/supercall/supercall.c
2026-08-19T11:39:18.5587413Z Hunk #1 FAILED at 77.
2026-08-19T11:39:18.5588068Z 1 out of 1 hunk FAILED -- saving rejects to file kernel/supercall/supercall.c.rej
2026-08-19T11:39:18.5588805Z patching file kernel/supercall/supercall.h
2026-08-19T11:39:18.5725026Z Patching file: setuid_hook.c with fix_setuid_hook.c.patch
2026-08-19T11:39:18.5733682Z patching file kernel/hook/setuid_hook.c
2026-08-19T11:39:18.5737127Z Patching file: Kbuild with fix_Kbuild.patch
2026-08-19T11:39:18.5745467Z patching file kernel/Kbuild
2026-08-19T11:39:18.5746402Z patching file kernel/Makefile
2026-08-19T11:39:18.5747872Z patching file kernel/feature/selinux_hide.c
2026-08-19T11:39:18.5749210Z patching file kernel/runtime/boot_event.c
2026-08-19T11:39:18.5753829Z Patching file: supercall.c with fix_supercall.c.patch
2026-08-19T11:39:18.5762274Z patching file kernel/supercall/supercall.c
2026-08-19T11:39:18.5765770Z Patching file: init.c with fix_init.c.patch
2026-08-19T11:39:18.5774444Z patching file kernel/core/init.c
2026-08-19T11:39:18.5778046Z Patching file: adb_root.c with fix_adb_root.c.patch
2026-08-19T11:39:18.5781378Z /home/runner/work/_temp/3c6b69ba-99d6-4f1b-9193-994022595bec.sh: line 107: /home/runner/work/OnePlus_KernelSU_SUSFS/OnePlus_KernelSU_SUSFS/kernel_patches/next/susfs_fix_patches/v2.2.0/fix_adb_root.c.patch: No such file or directory
2026-08-19T11:39:18.5796056Z ##[error]Process completed with exit code 1.
2026-08-19T11:39:18.5802222Z ##[end-action id=build.__run_19;outcome=failure;conclusion=failure;duration_ms=127]
2026-08-19T11:39:18.5805805Z ##[start-action display=Add BBG;id=build.__run_20]
2026-08-19T11:39:18.5808662Z ##[end-action id=build.__run_20;outcome=skipped;conclusion=skipped;duration_ms=0]
2026-08-19T11:39:18.5810370Z ##[start-action display=Apply KSU Hooks;id=build.__run_21]
2026-08-19T11:39:18.5812450Z ##[end-action id=build.__run_21;outcome=skipped;conclusion=skipped;duration_ms=0]
2026-08-19T11:39:18.5814099Z ##[start-action display=Apply Other Patches;id=build.__run_22]
2026-08-19T11:39:18.5816033Z ##[end-action id=build.__run_22;outcome=skipped;conclusion=skipped;duration_ms=0]
2026-08-19T11:39:18.5817781Z ##[start-action display=Apply Optimisation Patches;id=build.__run_23]
2026-08-19T11:39:18.5819959Z ##[end-action id=build.__run_23;outcome=skipped;conclusion=skipped;duration_ms=0]
2026-08-19T11:39:18.5821589Z ##[start-action display=Apply NTSync Patch;id=build.__run_24]
2026-08-19T11:39:18.5823495Z ##[end-action id=build.__run_24;outcome=skipped;conclusion=skipped;duration_ms=0]
2026-08-19T11:39:18.5825843Z ##[start-action display=Apply Unicode Fix Patch;id=build.__run_25]
2026-08-19T11:39:18.5827967Z ##[end-action id=build.__run_25;outcome=skipped;conclusion=skipped;duration_ms=0]
2026-08-19T11:39:18.5829681Z ##[start-action display=Add Tmpfs Support;id=build.__run_26]
2026-08-19T11:39:18.5831153Z ##[end-action id=build.__run_26;outcome=skipped;conclusion=skipped;duration_ms=0]
2026-08-19T11:39:18.5832691Z ##[start-action display=Add BBR;id=build.__run_27]
2026-08-19T11:39:18.5834507Z ##[end-action id=build.__run_27;outcome=skipped;conclusion=skipped;duration_ms=0]
2026-08-19T11:39:18.5836500Z ##[start-action display=Apply BBRv3;id=build.__run_28]
2026-08-19T11:39:18.5838445Z ##[end-action id=build.__run_28;outcome=skipped;conclusion=skipped;duration_ms=0]
2026-08-19T11:39:18.5840124Z ##[start-action display=Enable Important Net Schedulers (qdisc);id=build.__run_29]
2026-08-19T11:39:18.5841816Z ##[end-action id=build.__run_29;outcome=skipped;conclusion=skipped;duration_ms=0]
2026-08-19T11:39:18.5843532Z ##[start-action display=Add TTL Target Support;id=build.__run_30]
2026-08-19T11:39:18.5845854Z ##[end-action id=build.__run_30;outcome=skipped;conclusion=skipped;duration_ms=0]
2026-08-19T11:39:18.5847576Z ##[start-action display=Add IP SET & IPv6_NAT Support;id=build.__run_31]
2026-08-19T11:39:18.5849546Z ##[end-action id=build.__run_31;outcome=skipped;conclusion=skipped;duration_ms=0]
2026-08-19T11:39:18.5851135Z ##[start-action display=Add Droidspaces support;id=build.__run_32]
2026-08-19T11:39:18.5866428Z ##[end-action id=build.__run_32;outcome=skipped;conclusion=skipped;duration_ms=0]
2026-08-19T11:39:18.5868277Z ##[start-action display=Add Build based configs;id=build.__run_33]
2026-08-19T11:39:18.5869887Z ##[end-action id=build.__run_33;outcome=skipped;conclusion=skipped;duration_ms=0]
2026-08-19T11:39:18.5871531Z ##[start-action display=Add RUST build configs;id=build.__run_34]
2026-08-19T11:39:18.5873816Z ##[end-action id=build.__run_34;outcome=skipped;conclusion=skipped;duration_ms=0]
2026-08-19T11:39:18.5875833Z ##[start-action display=Save Build Metadata;id=build.save_metadata]
2026-08-19T11:39:18.5877506Z ##[end-action id=build.save_metadata;outcome=skipped;conclusion=skipped;duration_ms=0]
2026-08-19T11:39:18.5879307Z ##[start-action display=Customize Kernel Branding;id=build.__run_35]
2026-08-19T11:39:18.5880756Z ##[end-action id=build.__run_35;outcome=skipped;conclusion=skipped;duration_ms=0]
2026-08-19T11:39:18.5882276Z ##[start-action display=Disable GPUEB;id=build.__run_36]
2026-08-19T11:39:18.5885852Z ##[end-action id=build.__run_36;outcome=skipped;conclusion=skipped;duration_ms=0]
2026-08-19T11:39:18.5887566Z ##[start-action display=Apply Fake config.gz patch;id=build.__run_37]
2026-08-19T11:39:18.5889088Z ##[end-action id=build.__run_37;outcome=skipped;conclusion=skipped;duration_ms=0]
2026-08-19T11:39:18.5890678Z ##[start-action display=Disable Vendor / Kernel Modules;id=build.__run_38]
2026-08-19T11:39:18.5892127Z ##[end-action id=build.__run_38;outcome=skipped;conclusion=skipped;duration_ms=0]
2026-08-19T11:39:18.5893820Z ##[start-action display=Build Kernel;id=build.build_kernel_step]
2026-08-19T11:39:18.5895743Z ##[end-action id=build.build_kernel_step;outcome=skipped;conclusion=skipped;duration_ms=0]
2026-08-19T11:39:18.5897515Z ##[start-action display=📊 ccache Post-Build Statistics;id=build.ccache_stats]
2026-08-19T11:39:18.5899837Z ##[end-action id=build.ccache_stats;outcome=skipped;conclusion=skipped;duration_ms=0]
2026-08-19T11:39:18.5901538Z ##[start-action display=Collect Build Stats / Validate Image;id=build.collect_stats]
2026-08-19T11:39:18.5903159Z ##[end-action id=build.collect_stats;outcome=skipped;conclusion=skipped;duration_ms=0]
2026-08-19T11:39:18.5905253Z ##[start-action display=Create Kernel ZIP;id=build.create_zip]
2026-08-19T11:39:18.5906924Z ##[end-action id=build.create_zip;outcome=skipped;conclusion=skipped;duration_ms=0]
2026-08-19T11:39:18.5908511Z ##[start-action display=Final Build Summary;id=build.__run_39]
2026-08-19T11:39:18.5909942Z ##[end-action id=build.__run_39;outcome=skipped;conclusion=skipped;duration_ms=0]
2026-08-19T11:39:18.5911538Z ##[start-action display=Upload Debug Artifacts;id=build.__actions_upload-artifact]
2026-08-19T11:39:18.5949681Z ##[group]Run actions/upload-artifact@v7
2026-08-19T11:39:18.5949943Z with:
2026-08-19T11:39:18.5950146Z   name: debug_OP-ACE-3-PRO-6.1.75_A15.zip
2026-08-19T11:39:18.5950579Z   path: /home/runner/work/OnePlus_KernelSU_SUSFS/OnePlus_KernelSU_SUSFS/debug_artifacts
2026-08-19T11:39:18.5951004Z   compression-level: 9
2026-08-19T11:39:18.5951217Z   retention-days: 90
2026-08-19T11:39:18.5951424Z   if-no-files-found: warn
2026-08-19T11:39:18.5951641Z   overwrite: false
2026-08-19T11:39:18.5951841Z   include-hidden-files: false
2026-08-19T11:39:18.5952075Z   archive: true
2026-08-19T11:39:18.5952256Z env:
2026-08-19T11:39:18.5952577Z   CCACHE_DIR: /home/runner/work/OnePlus_KernelSU_SUSFS/OnePlus_KernelSU_SUSFS/.ccache
2026-08-19T11:39:18.5952979Z   CCACHE_MAXSIZE: 12G
2026-08-19T11:39:18.5953186Z   CCACHE_COMPILERCHECK: content
2026-08-19T11:39:18.5953543Z   CCACHE_BASEDIR: /home/runner/work/OnePlus_KernelSU_SUSFS/OnePlus_KernelSU_SUSFS
2026-08-19T11:39:18.5953933Z   CCACHE_NOHASHDIR: true
2026-08-19T11:39:18.5954163Z   CCACHE_IGNOREOPTIONS: --sysroot*
2026-08-19T11:39:18.5954412Z   CCACHE_COMPRESSION: true
2026-08-19T11:39:18.5954635Z   CCACHE_COMPRESSION_LEVEL: 3
2026-08-19T11:39:18.5955187Z   CCACHE_DIRECT: true
2026-08-19T11:39:18.5955391Z   CCACHE_FILE_CLONE: true
2026-08-19T11:39:18.5955601Z   CCACHE_INODE_CACHE: true
2026-08-19T11:39:18.5955824Z   CCACHE_IS_KERNEL_COMPILING: true
2026-08-19T11:39:18.5956056Z   CCACHE_UMASK: 002
2026-08-19T11:39:18.5956508Z   CCACHE_SLOPPINESS: file_macro,time_macros,include_file_mtime,include_file_ctime,pch_defines,system_headers,locale
2026-08-19T11:39:18.5957015Z   ACTION_REPO: 
2026-08-19T11:39:18.5957199Z   ACTION_REF: 
2026-08-19T11:39:18.5957395Z   OP_MODEL: OP-ACE-3-PRO-6.1.75
2026-08-19T11:39:18.5957625Z   OP_SOC: pineapple
2026-08-19T11:39:18.5957821Z   OP_BRANCH: wild/sm8650
2026-08-19T11:39:18.5958056Z   OP_MANIFEST: oneplus_ace3_pro_6.1.75_v.xml
2026-08-19T11:39:18.5958340Z   OP_ANDROID_VERSION: android14
2026-08-19T11:39:18.5958723Z   OP_KERNEL_VERSION: 6.1
2026-08-19T11:39:18.5958932Z   OP_OS_VERSION: A15
2026-08-19T11:39:18.5959124Z   OP_LTO: thin
2026-08-19T11:39:18.5959303Z   OP_ZYC_COMPILER: 
2026-08-19T11:39:18.5959640Z   OP_C_COMPILER: kernel_platform/prebuilts/clang/host/linux-x86/clang-r487747c/bin
2026-08-19T11:39:18.5960031Z   OP_RUST_COMPILER: 
2026-08-19T11:39:18.5960220Z   OP_BINDGEN: 
2026-08-19T11:39:18.5960402Z   OP_RUST_BUILD: false
2026-08-19T11:39:18.5960606Z   OP_DISK_CLEANUP: false
2026-08-19T11:39:18.5960810Z   OP_HMBIRD: false
2026-08-19T11:39:18.5960993Z   OP_SUSFS: true
2026-08-19T11:39:18.5961177Z   OP_OPT: true
2026-08-19T11:39:18.5961352Z   OP_DS: true
2026-08-19T11:39:18.5961523Z   OP_BBG: true
2026-08-19T11:39:18.5961697Z   OP_BBR: true
2026-08-19T11:39:18.5961871Z   OP_BBR3: true
2026-08-19T11:39:18.5962047Z   OP_TTL: true
2026-08-19T11:39:18.5962220Z   OP_IP_SET: true
2026-08-19T11:39:18.5962402Z   OP_UNICODE: true
2026-08-19T11:39:18.5962582Z   OP_NTSYNC: true
2026-08-19T11:39:18.5964519Z   OP_BLACKLIST_MODULES: kernelsu,oplus_security_guard,oplus_qr_scan,oplus_score,oplus_vip_task,oplus_dns_cache,oplus_network_linkpower_module,oplus_data_module,oplus_secure_harden,oplus_security_keventupload,oplus_secure_guard_new,oplus_secure_guard,coresight_tpda,coresight_tgu,coresight_trace_noc,coresight_cti,coresight_qmi,coresight_dummy,coresight_remote_etm,coresight_tpdm,coresight_uetm,coresight_stm,coresight_tmc_sec,f_fs_ipc_log,qcom_iommu_debug,qti_battery_debug,rdbg,stm_heartbeat,stm_p_ost,stm_core,stm_ftrace,stm_console,spmi_pmic_arb_debug
2026-08-19T11:39:18.5966891Z   OP_UNAME: OP-WILD
2026-08-19T11:39:18.5967105Z   CONFIG: OP-ACE-3-PRO-6.1.75
2026-08-19T11:39:18.5967343Z   REPO: /usr/local/bin/repo
2026-08-19T11:39:18.5967777Z   CONFIG_FOLDER: /home/runner/work/OnePlus_KernelSU_SUSFS/OnePlus_KernelSU_SUSFS/OP-ACE-3-PRO-6.1.75
2026-08-19T11:39:18.5968498Z   ARTIFACTS_FOLDER: /home/runner/work/OnePlus_KernelSU_SUSFS/OnePlus_KernelSU_SUSFS/OP-ACE-3-PRO-6.1.75/artifacts
2026-08-19T11:39:18.5969298Z   KERNEL_PLATFORM_FOLDER: /home/runner/work/OnePlus_KernelSU_SUSFS/OnePlus_KernelSU_SUSFS/OP-ACE-3-PRO-6.1.75/kernel_platform
2026-08-19T11:39:18.5970130Z   COMMON_KERNEL_FOLDER: /home/runner/work/OnePlus_KernelSU_SUSFS/OnePlus_KernelSU_SUSFS/OP-ACE-3-PRO-6.1.75/kernel_platform/common
2026-08-19T11:39:18.5970980Z   MSM_KERNEL_FOLDER: /home/runner/work/OnePlus_KernelSU_SUSFS/OnePlus_KernelSU_SUSFS/OP-ACE-3-PRO-6.1.75/kernel_platform/msm-kernel
2026-08-19T11:39:18.5971757Z   AK3_FOLDER: /home/runner/work/OnePlus_KernelSU_SUSFS/OnePlus_KernelSU_SUSFS/OP-ACE-3-PRO-6.1.75/AnyKernel3
2026-08-19T11:39:18.5972452Z   DEBUG_ARTIFACTS_FOLDER: /home/runner/work/OnePlus_KernelSU_SUSFS/OnePlus_KernelSU_SUSFS/debug_artifacts
2026-08-19T11:39:18.5973160Z   KERNEL_PATCHES_FOLDER: /home/runner/work/OnePlus_KernelSU_SUSFS/OnePlus_KernelSU_SUSFS/kernel_patches
2026-08-19T11:39:18.5973775Z   SUSFS_FOLDER: /home/runner/work/OnePlus_KernelSU_SUSFS/OnePlus_KernelSU_SUSFS/susfs4ksu
2026-08-19T11:39:18.5974456Z   KSU_FOLDER: /home/runner/work/OnePlus_KernelSU_SUSFS/OnePlus_KernelSU_SUSFS/OP-ACE-3-PRO-6.1.75/kernel_platform/KernelSU
2026-08-19T11:39:18.5975601Z   KSUN_FOLDER: /home/runner/work/OnePlus_KernelSU_SUSFS/OnePlus_KernelSU_SUSFS/OP-ACE-3-PRO-6.1.75/kernel_platform/KernelSU-Next
2026-08-19T11:39:18.5976198Z   DEBUG_ZIP_NAME: debug_OP-ACE-3-PRO-6.1.75_A15.zip
2026-08-19T11:39:18.5976493Z   ANDROID_VER: android14
2026-08-19T11:39:18.5976702Z   KERNEL_VER: 6.1
2026-08-19T11:39:18.5976892Z   TKERNEL_VER: 6.1.75
2026-08-19T11:39:18.5977104Z   KERNEL_FULL_VER: android14-6.1.75
2026-08-19T11:39:18.5977372Z   SUSFS_KERNEL_BRANCH: gki-android14-6.1
2026-08-19T11:39:18.5977629Z   BUILD_USER: OnePlus
2026-08-19T11:39:18.5977833Z   BUILD_HOST: ubuntu-build
2026-08-19T11:39:18.5978479Z   CLANG_BIN_PATH: /home/runner/work/OnePlus_KernelSU_SUSFS/OnePlus_KernelSU_SUSFS/OP-ACE-3-PRO-6.1.75/kernel_platform/prebuilts/clang/host/linux-x86/clang-r487747c/bin
2026-08-19T11:39:18.5979694Z   CLANG_VERSION: Android (10087095, +pgo, +bolt, +lto, -mlgo, based on r487747c) clang version 17.0.2 (https://android.googlesource.com/toolchain/llvm-project d9f89f4d16663d5012e5c09495f3b30ece3d2362)
2026-08-19T11:39:18.5980615Z   CLANG_VERSION_SHORT: 4e90edd6
2026-08-19T11:39:18.5981293Z   LIBCLANG_PATH: /home/runner/work/OnePlus_KernelSU_SUSFS/OnePlus_KernelSU_SUSFS/OP-ACE-3-PRO-6.1.75/kernel_platform/prebuilts/clang/host/linux-x86/clang-r487747c/bin/../lib
2026-08-19T11:39:18.5982008Z   SUSFS_COMMIT_SHA: gki-android14-6.1
2026-08-19T11:39:18.5982255Z   NEED_HOOKS: false
2026-08-19T11:39:18.5982504Z   KSU_COMMIT_SHA: d6a42fd9285c11b8e8e67bfe72a5050528006c00
2026-08-19T11:39:18.5982807Z   KSUVER: 33223
2026-08-19T11:39:18.5982992Z   SUSVER: v2.2.0
2026-08-19T11:39:18.5983177Z ##[endgroup]
2026-08-19T11:39:18.7435296Z ##[warning]No files were found with the provided path: /home/runner/work/OnePlus_KernelSU_SUSFS/OnePlus_KernelSU_SUSFS/debug_artifacts. No artifacts will be uploaded.
2026-08-19T11:39:18.7502686Z ##[end-action id=build.__actions_upload-artifact;outcome=success;conclusion=success;duration_ms=159]
2026-08-19T11:39:18.7505439Z ##[start-action display=Upload Artifacts;id=build.__actions_upload-artifact_2]
2026-08-19T11:39:18.7508583Z ##[end-action id=build.__actions_upload-artifact_2;outcome=skipped;conclusion=skipped;duration_ms=0]
2026-08-19T11:39:18.7510657Z ##[start-action display=Upload ccache log;id=build.__actions_upload-artifact_3]
2026-08-19T11:39:18.7513187Z ##[end-action id=build.__actions_upload-artifact_3;outcome=skipped;conclusion=skipped;duration_ms=0]
2026-08-19T11:39:18.7515762Z ##[start-action display=📥 Checkout Code;id=build.__actions_checkout_2]
2026-08-19T11:39:18.7519268Z ##[end-action id=build.__actions_checkout_2;outcome=skipped;conclusion=skipped;duration_ms=0]
2026-08-19T11:39:18.7520949Z ##[start-action display=Save ccache cache;id=build.__self]
2026-08-19T11:39:18.7524046Z ##[end-action id=build.__self;outcome=skipped;conclusion=skipped;duration_ms=0]
2026-08-19T11:39:18.8568983Z Post job cleanup.
2026-08-19T11:39:18.8573402Z ##[start-action display=📥 Checkout Code;id=__6b866b9b-d53e-4124-b91b-ee4e2aa3d7cc.__actions_checkout]
2026-08-19T11:39:18.8648389Z Post job cleanup.
2026-08-19T11:39:18.9485202Z [command]/usr/bin/git version
2026-08-19T11:39:18.9530300Z git version 2.54.0
2026-08-19T11:39:18.9569461Z Copying '/home/runner/.gitconfig' to '/home/runner/work/_temp/47ef1981-a696-448a-9331-f131054c6bd7/.gitconfig'
2026-08-19T11:39:18.9580822Z Temporarily overriding HOME='/home/runner/work/_temp/47ef1981-a696-448a-9331-f131054c6bd7' before making global git config changes
2026-08-19T11:39:18.9582294Z Adding repository directory to the temporary git global config as a safe directory
2026-08-19T11:39:18.9588071Z [command]/usr/bin/git config --global --add safe.directory /home/runner/work/OnePlus_KernelSU_SUSFS/OnePlus_KernelSU_SUSFS/action-source
2026-08-19T11:39:18.9622168Z Removing SSH command configuration
2026-08-19T11:39:18.9630915Z [command]/usr/bin/git config --local --name-only --get-regexp core\.sshCommand
2026-08-19T11:39:18.9668994Z [command]/usr/bin/git submodule foreach --recursive sh -c "git config --local --name-only --get-regexp 'core\.sshCommand' && git config --local --unset-all 'core.sshCommand' || :"
2026-08-19T11:39:18.9933824Z Removing HTTP extra header
2026-08-19T11:39:18.9943071Z [command]/usr/bin/git config --local --name-only --get-regexp http\.https\:\/\/github\.com\/\.extraheader
2026-08-19T11:39:18.9985984Z [command]/usr/bin/git submodule foreach --recursive sh -c "git config --local --name-only --get-regexp 'http\.https\:\/\/github\.com\/\.extraheader' && git config --local --unset-all 'http.https://github.com/.extraheader' || :"
2026-08-19T11:39:19.0258703Z Removing includeIf entries pointing to credentials config files
2026-08-19T11:39:19.0269556Z [command]/usr/bin/git config --local --name-only --get-regexp ^includeIf\.gitdir:
2026-08-19T11:39:19.0306697Z includeif.gitdir:/home/runner/work/OnePlus_KernelSU_SUSFS/OnePlus_KernelSU_SUSFS/action-source/.git.path
2026-08-19T11:39:19.0308123Z includeif.gitdir:/home/runner/work/OnePlus_KernelSU_SUSFS/OnePlus_KernelSU_SUSFS/action-source/.git/worktrees/*.path
2026-08-19T11:39:19.0309678Z includeif.gitdir:/github/workspace/action-source/.git.path
2026-08-19T11:39:19.0310465Z includeif.gitdir:/github/workspace/action-source/.git/worktrees/*.path
2026-08-19T11:39:19.0320164Z [command]/usr/bin/git config --local --get-all includeif.gitdir:/home/runner/work/OnePlus_KernelSU_SUSFS/OnePlus_KernelSU_SUSFS/action-source/.git.path
2026-08-19T11:39:19.0350316Z /home/runner/work/_temp/git-credentials-b1f1b52d-c108-42d7-896c-632f16b96c3b.config
2026-08-19T11:39:19.0372521Z [command]/usr/bin/git config --local --unset includeif.gitdir:/home/runner/work/OnePlus_KernelSU_SUSFS/OnePlus_KernelSU_SUSFS/action-source/.git.path /home/runner/work/_temp/git-credentials-b1f1b52d-c108-42d7-896c-632f16b96c3b.config
2026-08-19T11:39:19.0424190Z [command]/usr/bin/git config --local --get-all includeif.gitdir:/home/runner/work/OnePlus_KernelSU_SUSFS/OnePlus_KernelSU_SUSFS/action-source/.git/worktrees/*.path
2026-08-19T11:39:19.0452983Z /home/runner/work/_temp/git-credentials-b1f1b52d-c108-42d7-896c-632f16b96c3b.config
2026-08-19T11:39:19.0467555Z [command]/usr/bin/git config --local --unset includeif.gitdir:/home/runner/work/OnePlus_KernelSU_SUSFS/OnePlus_KernelSU_SUSFS/action-source/.git/worktrees/*.path /home/runner/work/_temp/git-credentials-b1f1b52d-c108-42d7-896c-632f16b96c3b.config
2026-08-19T11:39:19.0511183Z [command]/usr/bin/git config --local --get-all includeif.gitdir:/github/workspace/action-source/.git.path
2026-08-19T11:39:19.0539091Z /github/runner_temp/git-credentials-b1f1b52d-c108-42d7-896c-632f16b96c3b.config
2026-08-19T11:39:19.0549792Z [command]/usr/bin/git config --local --unset includeif.gitdir:/github/workspace/action-source/.git.path /github/runner_temp/git-credentials-b1f1b52d-c108-42d7-896c-632f16b96c3b.config
2026-08-19T11:39:19.0593761Z [command]/usr/bin/git config --local --get-all includeif.gitdir:/github/workspace/action-source/.git/worktrees/*.path
2026-08-19T11:39:19.0619401Z /github/runner_temp/git-credentials-b1f1b52d-c108-42d7-896c-632f16b96c3b.config
2026-08-19T11:39:19.0631052Z [command]/usr/bin/git config --local --unset includeif.gitdir:/github/workspace/action-source/.git/worktrees/*.path /github/runner_temp/git-credentials-b1f1b52d-c108-42d7-896c-632f16b96c3b.config
2026-08-19T11:39:19.0669087Z [command]/usr/bin/git submodule foreach --recursive git config --local --show-origin --name-only --get-regexp remote.origin.url
2026-08-19T11:39:19.0895972Z Removing credentials config '/home/runner/work/_temp/git-credentials-b1f1b52d-c108-42d7-896c-632f16b96c3b.config'
2026-08-19T11:39:19.0989272Z ##[end-action id=__6b866b9b-d53e-4124-b91b-ee4e2aa3d7cc.__actions_checkout;outcome=success;conclusion=success;duration_ms=241]
2026-08-19T11:39:19.1057189Z Post job cleanup.
2026-08-19T11:39:19.1955476Z [command]/usr/bin/git version
2026-08-19T11:39:19.1995361Z git version 2.54.0
2026-08-19T11:39:19.2054683Z Copying '/home/runner/.gitconfig' to '/home/runner/work/_temp/bb3fa606-8953-45d0-84b5-470dfb59c22e/.gitconfig'
2026-08-19T11:39:19.2056378Z Temporarily overriding HOME='/home/runner/work/_temp/bb3fa606-8953-45d0-84b5-470dfb59c22e' before making global git config changes
2026-08-19T11:39:19.2057633Z Adding repository directory to the temporary git global config as a safe directory
2026-08-19T11:39:19.2069118Z [command]/usr/bin/git config --global --add safe.directory /home/runner/work/OnePlus_KernelSU_SUSFS/OnePlus_KernelSU_SUSFS
2026-08-19T11:39:19.2116621Z Removing SSH command configuration
2026-08-19T11:39:19.2133899Z [command]/usr/bin/git config --local --name-only --get-regexp core\.sshCommand
2026-08-19T11:39:19.2189168Z [command]/usr/bin/git submodule foreach --recursive sh -c "git config --local --name-only --get-regexp 'core\.sshCommand' && git config --local --unset-all 'core.sshCommand' || :"
2026-08-19T11:39:19.2565487Z Removing HTTP extra header
2026-08-19T11:39:19.2566353Z [command]/usr/bin/git config --local --name-only --get-regexp http\.https\:\/\/github\.com\/\.extraheader
2026-08-19T11:39:19.2601520Z [command]/usr/bin/git submodule foreach --recursive sh -c "git config --local --name-only --get-regexp 'http\.https\:\/\/github\.com\/\.extraheader' && git config --local --unset-all 'http.https://github.com/.extraheader' || :"
2026-08-19T11:39:19.2888352Z Removing includeIf entries pointing to credentials config files
2026-08-19T11:39:19.2899424Z [command]/usr/bin/git config --local --name-only --get-regexp ^includeIf\.gitdir:
2026-08-19T11:39:19.2935503Z includeif.gitdir:/home/runner/work/OnePlus_KernelSU_SUSFS/OnePlus_KernelSU_SUSFS/.git.path
2026-08-19T11:39:19.2957750Z includeif.gitdir:/home/runner/work/OnePlus_KernelSU_SUSFS/OnePlus_KernelSU_SUSFS/.git/worktrees/*.path
2026-08-19T11:39:19.2958731Z includeif.gitdir:/github/workspace/.git.path
2026-08-19T11:39:19.2959346Z includeif.gitdir:/github/workspace/.git/worktrees/*.path
2026-08-19T11:39:19.2961108Z [command]/usr/bin/git config --local --get-all includeif.gitdir:/home/runner/work/OnePlus_KernelSU_SUSFS/OnePlus_KernelSU_SUSFS/.git.path
2026-08-19T11:39:19.2977232Z /home/runner/work/_temp/git-credentials-02de0e35-ccf1-49c3-b4ff-6a1c073178e5.config
2026-08-19T11:39:19.2997908Z [command]/usr/bin/git config --local --unset includeif.gitdir:/home/runner/work/OnePlus_KernelSU_SUSFS/OnePlus_KernelSU_SUSFS/.git.path /home/runner/work/_temp/git-credentials-02de0e35-ccf1-49c3-b4ff-6a1c073178e5.config
2026-08-19T11:39:19.3048440Z [command]/usr/bin/git config --local --get-all includeif.gitdir:/home/runner/work/OnePlus_KernelSU_SUSFS/OnePlus_KernelSU_SUSFS/.git/worktrees/*.path
2026-08-19T11:39:19.3082038Z /home/runner/work/_temp/git-credentials-02de0e35-ccf1-49c3-b4ff-6a1c073178e5.config
2026-08-19T11:39:19.3097262Z [command]/usr/bin/git config --local --unset includeif.gitdir:/home/runner/work/OnePlus_KernelSU_SUSFS/OnePlus_KernelSU_SUSFS/.git/worktrees/*.path /home/runner/work/_temp/git-credentials-02de0e35-ccf1-49c3-b4ff-6a1c073178e5.config
2026-08-19T11:39:19.3142724Z [command]/usr/bin/git config --local --get-all includeif.gitdir:/github/workspace/.git.path
2026-08-19T11:39:19.3172896Z /github/runner_temp/git-credentials-02de0e35-ccf1-49c3-b4ff-6a1c073178e5.config
2026-08-19T11:39:19.3185856Z [command]/usr/bin/git config --local --unset includeif.gitdir:/github/workspace/.git.path /github/runner_temp/git-credentials-02de0e35-ccf1-49c3-b4ff-6a1c073178e5.config
2026-08-19T11:39:19.3247584Z [command]/usr/bin/git config --local --get-all includeif.gitdir:/github/workspace/.git/worktrees/*.path
2026-08-19T11:39:19.3269753Z /github/runner_temp/git-credentials-02de0e35-ccf1-49c3-b4ff-6a1c073178e5.config
2026-08-19T11:39:19.3314001Z [command]/usr/bin/git config --local --unset includeif.gitdir:/github/workspace/.git/worktrees/*.path /github/runner_temp/git-credentials-02de0e35-ccf1-49c3-b4ff-6a1c073178e5.config
2026-08-19T11:39:19.3359850Z [command]/usr/bin/git submodule foreach --recursive git config --local --show-origin --name-only --get-regexp remote.origin.url
2026-08-19T11:39:19.3610681Z Removing credentials config '/home/runner/work/_temp/git-credentials-02de0e35-ccf1-49c3-b4ff-6a1c073178e5.config'
2026-08-19T11:39:19.3751911Z Cleaning up orphan processes
