build job id: 96074809567
﻿2026-08-19T12:54:02.4474894Z Current runner version: '2.336.0'
2026-08-19T12:54:02.4504133Z ##[group]Runner Image Provisioner
2026-08-19T12:54:02.4505155Z Hosted Compute Agent
2026-08-19T12:54:02.4505770Z Version: 20260729.566
2026-08-19T12:54:02.4506529Z Commit: cf7153fe6e25b664e8693c24944bf2b00355d109
2026-08-19T12:54:02.4507294Z Build Date: 2026-07-29T19:17:02Z
2026-08-19T12:54:02.4508005Z Worker ID: {7b720e49-a2c6-45a0-8bcb-c9c2687ec659}
2026-08-19T12:54:02.4509034Z Azure Region: northcentralus
2026-08-19T12:54:02.4509760Z ##[endgroup]
2026-08-19T12:54:02.4512238Z ##[group]Operating System
2026-08-19T12:54:02.4512936Z Ubuntu
2026-08-19T12:54:02.4513490Z 24.04.4
2026-08-19T12:54:02.4514474Z LTS
2026-08-19T12:54:02.4515027Z ##[endgroup]
2026-08-19T12:54:02.4515622Z ##[group]Runner Image
2026-08-19T12:54:02.4516324Z Image: ubuntu-24.04
2026-08-19T12:54:02.4516912Z Version: 20260816.277.1
2026-08-19T12:54:02.4518268Z Included Software: https://github.com/actions/runner-images/blob/ubuntu24/20260816.277/images/ubuntu/Ubuntu2404-Readme.md
2026-08-19T12:54:02.4519956Z Image Release: https://github.com/actions/runner-images/releases/tag/ubuntu24%2F20260816.277
2026-08-19T12:54:02.4521025Z ##[endgroup]
2026-08-19T12:54:02.4522242Z ##[group]GITHUB_TOKEN Permissions
2026-08-19T12:54:02.4524598Z Actions: read
2026-08-19T12:54:02.4525287Z Contents: write
2026-08-19T12:54:02.4525937Z Metadata: read
2026-08-19T12:54:02.4526527Z ##[endgroup]
2026-08-19T12:54:02.4528689Z Secret source: Actions
2026-08-19T12:54:02.4530885Z Prepare workflow directory
2026-08-19T12:54:02.4874511Z Prepare all required actions
2026-08-19T12:54:02.4922876Z Getting action download info
2026-08-19T12:54:02.7420195Z Download action repository 'actions/checkout@v6' (SHA:d23441a48e516b6c34aea4fa41551a30e30af803)
2026-08-19T12:54:02.9172510Z Complete job name: OP-ACE-3-PRO-6.1.75 KSUN no-wakelock-timeout
2026-08-19T12:54:03.0058187Z ##[group]Run actions/checkout@v6
2026-08-19T12:54:03.0059327Z with:
2026-08-19T12:54:03.0059757Z   fetch-depth: 1
2026-08-19T12:54:03.0060253Z   repository: net00188/OnePlus_KernelSU_SUSFS
2026-08-19T12:54:03.0064148Z   token: ***
2026-08-19T12:54:03.0064580Z   ssh-strict: true
2026-08-19T12:54:03.0065023Z   ssh-user: git
2026-08-19T12:54:03.0065476Z   persist-credentials: true
2026-08-19T12:54:03.0065956Z   clean: true
2026-08-19T12:54:03.0066401Z   sparse-checkout-cone-mode: true
2026-08-19T12:54:03.0066918Z   fetch-tags: false
2026-08-19T12:54:03.0067353Z   show-progress: true
2026-08-19T12:54:03.0067793Z   lfs: false
2026-08-19T12:54:03.0068205Z   submodules: false
2026-08-19T12:54:03.0068641Z   set-safe-directory: true
2026-08-19T12:54:03.0069327Z   allow-unsafe-pr-checkout: false
2026-08-19T12:54:03.0070059Z ##[endgroup]
2026-08-19T12:54:03.1067351Z Syncing repository: net00188/OnePlus_KernelSU_SUSFS
2026-08-19T12:54:03.1070315Z ##[group]Getting Git version info
2026-08-19T12:54:03.1071709Z Working directory is '/home/runner/work/OnePlus_KernelSU_SUSFS/OnePlus_KernelSU_SUSFS'
2026-08-19T12:54:03.1073485Z [command]/usr/bin/git version
2026-08-19T12:54:03.1125823Z git version 2.55.0
2026-08-19T12:54:03.1149894Z ##[endgroup]
2026-08-19T12:54:03.1167096Z Temporarily overriding HOME='/home/runner/work/_temp/3f812b3b-1758-4eea-9a4a-98b5890f1f91' before making global git config changes
2026-08-19T12:54:03.1170005Z Adding repository directory to the temporary git global config as a safe directory
2026-08-19T12:54:03.1173834Z [command]/usr/bin/git config --global --add safe.directory /home/runner/work/OnePlus_KernelSU_SUSFS/OnePlus_KernelSU_SUSFS
2026-08-19T12:54:03.1228213Z Deleting the contents of '/home/runner/work/OnePlus_KernelSU_SUSFS/OnePlus_KernelSU_SUSFS'
2026-08-19T12:54:03.1256411Z ##[group]Determining repository object format
2026-08-19T12:54:03.1257982Z ##[endgroup]
2026-08-19T12:54:03.1259441Z ##[group]Initializing the repository
2026-08-19T12:54:03.1263610Z [command]/usr/bin/git init /home/runner/work/OnePlus_KernelSU_SUSFS/OnePlus_KernelSU_SUSFS
2026-08-19T12:54:03.1342752Z hint: Using 'master' as the name for the initial branch. This default branch name
2026-08-19T12:54:03.1344964Z hint: will change to "main" in Git 3.0. To configure the initial branch name
2026-08-19T12:54:03.1346828Z hint: to use in all of your new repositories, which will suppress this warning,
2026-08-19T12:54:03.1347740Z hint: call:
2026-08-19T12:54:03.1348281Z hint:
2026-08-19T12:54:03.1349220Z hint: 	git config --global init.defaultBranch <name>
2026-08-19T12:54:03.1351776Z hint:
2026-08-19T12:54:03.1352918Z hint: Names commonly chosen instead of 'master' are 'main', 'trunk' and
2026-08-19T12:54:03.1354153Z hint: 'development'. The just-created branch can be renamed via this command:
2026-08-19T12:54:03.1354895Z hint:
2026-08-19T12:54:03.1355318Z hint: 	git branch -m <name>
2026-08-19T12:54:03.1355787Z hint:
2026-08-19T12:54:03.1356507Z hint: Disable this message with "git config set advice.defaultBranchName false"
2026-08-19T12:54:03.1358618Z Initialized empty Git repository in /home/runner/work/OnePlus_KernelSU_SUSFS/OnePlus_KernelSU_SUSFS/.git/
2026-08-19T12:54:03.1360859Z [command]/usr/bin/git remote add origin https://github.com/net00188/OnePlus_KernelSU_SUSFS
2026-08-19T12:54:03.1404094Z ##[endgroup]
2026-08-19T12:54:03.1404861Z ##[group]Disabling automatic garbage collection
2026-08-19T12:54:03.1409150Z [command]/usr/bin/git config --local gc.auto 0
2026-08-19T12:54:03.1441329Z ##[endgroup]
2026-08-19T12:54:03.1442136Z ##[group]Setting up auth
2026-08-19T12:54:03.1442920Z Removing SSH command configuration
2026-08-19T12:54:03.1449608Z [command]/usr/bin/git config --local --name-only --get-regexp core\.sshCommand
2026-08-19T12:54:03.1487018Z [command]/usr/bin/git submodule foreach --recursive sh -c "git config --local --name-only --get-regexp 'core\.sshCommand' && git config --local --unset-all 'core.sshCommand' || :"
2026-08-19T12:54:03.1869107Z Removing HTTP extra header
2026-08-19T12:54:03.1877087Z [command]/usr/bin/git config --local --name-only --get-regexp http\.https\:\/\/github\.com\/\.extraheader
2026-08-19T12:54:03.1919783Z [command]/usr/bin/git submodule foreach --recursive sh -c "git config --local --name-only --get-regexp 'http\.https\:\/\/github\.com\/\.extraheader' && git config --local --unset-all 'http.https://github.com/.extraheader' || :"
2026-08-19T12:54:03.2173662Z Removing includeIf entries pointing to credentials config files
2026-08-19T12:54:03.2181491Z [command]/usr/bin/git config --local --name-only --get-regexp ^includeIf\.gitdir:
2026-08-19T12:54:03.2222194Z [command]/usr/bin/git submodule foreach --recursive git config --local --show-origin --name-only --get-regexp remote.origin.url
2026-08-19T12:54:03.2471128Z [command]/usr/bin/git config --file /home/runner/work/_temp/git-credentials-7296ef62-485d-435c-bd47-6f825e1de361.config http.https://github.com/.extraheader AUTHORIZATION: basic ***
2026-08-19T12:54:03.2515245Z [command]/usr/bin/git config --local includeIf.gitdir:/home/runner/work/OnePlus_KernelSU_SUSFS/OnePlus_KernelSU_SUSFS/.git.path /home/runner/work/_temp/git-credentials-7296ef62-485d-435c-bd47-6f825e1de361.config
2026-08-19T12:54:03.2551533Z [command]/usr/bin/git config --local includeIf.gitdir:/home/runner/work/OnePlus_KernelSU_SUSFS/OnePlus_KernelSU_SUSFS/.git/worktrees/*.path /home/runner/work/_temp/git-credentials-7296ef62-485d-435c-bd47-6f825e1de361.config
2026-08-19T12:54:03.2590038Z [command]/usr/bin/git config --local includeIf.gitdir:/github/workspace/.git.path /github/runner_temp/git-credentials-7296ef62-485d-435c-bd47-6f825e1de361.config
2026-08-19T12:54:03.2627455Z [command]/usr/bin/git config --local includeIf.gitdir:/github/workspace/.git/worktrees/*.path /github/runner_temp/git-credentials-7296ef62-485d-435c-bd47-6f825e1de361.config
2026-08-19T12:54:03.2662432Z ##[endgroup]
2026-08-19T12:54:03.2663528Z ##[group]Fetching the repository
2026-08-19T12:54:03.2670884Z [command]/usr/bin/git -c protocol.version=2 fetch --no-tags --prune --no-recurse-submodules --depth=1 origin +a933e164c8e44feaba541365fa60138419d4cfee:refs/remotes/origin/main
2026-08-19T12:54:04.3562834Z From https://github.com/net00188/OnePlus_KernelSU_SUSFS
2026-08-19T12:54:04.3566537Z  * [new ref]         a933e164c8e44feaba541365fa60138419d4cfee -> origin/main
2026-08-19T12:54:04.3574686Z [command]/usr/bin/git branch --list --remote origin/main
2026-08-19T12:54:04.3609322Z   origin/main
2026-08-19T12:54:04.3618343Z [command]/usr/bin/git rev-parse refs/remotes/origin/main
2026-08-19T12:54:04.3649805Z a933e164c8e44feaba541365fa60138419d4cfee
2026-08-19T12:54:04.3660804Z ##[endgroup]
2026-08-19T12:54:04.3661935Z ##[group]Determining the checkout info
2026-08-19T12:54:04.3663236Z ##[endgroup]
2026-08-19T12:54:04.3665706Z [command]/usr/bin/git sparse-checkout disable
2026-08-19T12:54:04.3717716Z [command]/usr/bin/git config --local --unset-all extensions.worktreeConfig
2026-08-19T12:54:04.3751727Z ##[group]Checking out the ref
2026-08-19T12:54:04.3754843Z [command]/usr/bin/git checkout --progress --force -B main refs/remotes/origin/main
2026-08-19T12:54:04.4580704Z Switched to a new branch 'main'
2026-08-19T12:54:04.4583190Z branch 'main' set up to track 'origin/main'.
2026-08-19T12:54:04.4596887Z ##[endgroup]
2026-08-19T12:54:04.4646999Z [command]/usr/bin/git log -1 --format=%H
2026-08-19T12:54:04.4679721Z a933e164c8e44feaba541365fa60138419d4cfee
2026-08-19T12:54:04.4948091Z ##[group]Run set -euo pipefail
2026-08-19T12:54:04.4949837Z [36;1mset -euo pipefail[0m
2026-08-19T12:54:04.4951011Z [36;1mpython3 - <<'PYEOF'[0m
2026-08-19T12:54:04.4952334Z [36;1mp = '.github/actions/build-kernel/action.yml'[0m
2026-08-19T12:54:04.4953803Z [36;1ms = open(p).read()[0m
2026-08-19T12:54:04.4955903Z [36;1manchor = 'patch -p1 --forward < "$KERNEL_PATCHES_FOLDER/common/add_timeout_wakelocks_globally.patch"'[0m
2026-08-19T12:54:04.4958252Z [36;1minject = anchor + '\n' + '\n'.join([[0m
2026-08-19T12:54:04.4960499Z [36;1m    '        # CUSTOM REVERT: restore persistent sysfs wakelocks (screen-off VPN access)',[0m
2026-08-19T12:54:04.4963281Z [36;1m    "        sed -i 's/__pm_wakeup_event(wl->ws, 500)/__pm_stay_awake(wl->ws)/' kernel/power/wakelock.c",[0m
2026-08-19T12:54:04.4966467Z [36;1m    "        grep -q '__pm_stay_awake(wl->ws)' kernel/power/wakelock.c || { echo '::error::wakelock revert failed'; exit 1; }",[0m
2026-08-19T12:54:04.4969507Z [36;1m    '        echo "CUSTOM: persistent wakelocks restored"'])[0m
2026-08-19T12:54:04.4971762Z [36;1massert s.count(anchor) == 1, 'anchor not found in build-kernel action'[0m
2026-08-19T12:54:04.4973866Z [36;1mopen(p, 'w').write(s.replace(anchor, inject))[0m
2026-08-19T12:54:04.4975267Z [36;1m[0m
2026-08-19T12:54:04.4976470Z [36;1mp2 = '.github/actions/kernel-source-sync/action.yml'[0m
2026-08-19T12:54:04.4978025Z [36;1ms2 = open(p2).read()[0m
2026-08-19T12:54:04.4980255Z [36;1mfatal = 'print(f"::error::[FATAL ERROR] Toolchain {base_filename} NOT FOUND in GitHub Release cache!")'[0m
2026-08-19T12:54:04.4982749Z [36;1massert s2.count(fatal) == 1, 'fatal block not found'[0m
2026-08-19T12:54:04.4984326Z [36;1mlines = s2.split('\n')[0m
2026-08-19T12:54:04.4985494Z [36;1mout = [][0m
2026-08-19T12:54:04.4986470Z [36;1mskip = 0[0m
2026-08-19T12:54:04.4987469Z [36;1mfor l in lines:[0m
2026-08-19T12:54:04.4988547Z [36;1m    if skip > 0:[0m
2026-08-19T12:54:04.4989867Z [36;1m        skip -= 1[0m
2026-08-19T12:54:04.4990963Z [36;1m        continue[0m
2026-08-19T12:54:04.4992027Z [36;1m    if fatal in l:[0m
2026-08-19T12:54:04.4993502Z [36;1m        out.append(l.replace('::error::[FATAL ERROR]', '::warning::')[0m
2026-08-19T12:54:04.4996005Z [36;1m                   .replace(' NOT FOUND in GitHub Release cache!', ' not in release cache - direct download'))[0m
2026-08-19T12:54:04.4998362Z [36;1m        skip = 2  # drop the second error print + return False[0m
2026-08-19T12:54:04.5000079Z [36;1m        continue[0m
2026-08-19T12:54:04.5001124Z [36;1m    out.append(l)[0m
2026-08-19T12:54:04.5002194Z [36;1ms2 = '\n'.join(out)[0m
2026-08-19T12:54:04.5003627Z [36;1massert 'FATAL ERROR' not in s2, 'fatal prints still present'[0m
2026-08-19T12:54:04.5005236Z [36;1mopen(p2, 'w').write(s2)[0m
2026-08-19T12:54:04.5006563Z [36;1m[0m
2026-08-19T12:54:04.5007883Z [36;1m# 3) use UPSTREAM toolchain cache release (fork has none of its own)[0m
2026-08-19T12:54:04.5010007Z [36;1mp3 = '.github/actions/kernel-source-sync/action.yml'[0m
2026-08-19T12:54:04.5011473Z [36;1ms3 = open(p3).read()[0m
2026-08-19T12:54:04.5012855Z [36;1moldrepo = 'TARGET_REPO = "${' + '{ github.repository }}"'[0m
2026-08-19T12:54:04.5014767Z [36;1mnewrepo = 'TARGET_REPO = "WildKernels/OnePlus_KernelSU_SUSFS"'[0m
2026-08-19T12:54:04.5016632Z [36;1massert oldrepo in s3, 'TARGET_REPO line not found'[0m
2026-08-19T12:54:04.5018319Z [36;1mopen(p3, 'w').write(s3.replace(oldrepo, newrepo))[0m
2026-08-19T12:54:04.5019887Z [36;1m[0m
2026-08-19T12:54:04.5021258Z [36;1m# 4) the composite re-checks-out PRISTINE upstream into action-source/[0m
2026-08-19T12:54:04.5023419Z [36;1m#    and calls sub-actions from there, bypassing our patches above.[0m
2026-08-19T12:54:04.5025537Z [36;1m#    Point all internal action refs at our patched workspace copies.[0m
2026-08-19T12:54:04.5027427Z [36;1mp4 = '.github/actions/build-kernel/action.yml'[0m
2026-08-19T12:54:04.5029016Z [36;1ms4 = open(p4).read()[0m
2026-08-19T12:54:04.5030501Z [36;1mold4 = 'uses: ./action-source/.github/actions/'[0m
2026-08-19T12:54:04.5031940Z [36;1mn4 = s4.count(old4)[0m
2026-08-19T12:54:04.5033180Z [36;1massert n4 >= 1, 'action-source refs not found'[0m
2026-08-19T12:54:04.5034937Z [36;1mopen(p4, 'w').write(s4.replace(old4, 'uses: ./.github/actions/'))[0m
2026-08-19T12:54:04.5036509Z [36;1m[0m
2026-08-19T12:54:04.5037830Z [36;1m# 5) disable the ccache save steps: they upload to THIS repo's release[0m
2026-08-19T12:54:04.5040156Z [36;1m#    (ccache-cache bucket) and fail here; the kernel zip is already[0m
2026-08-19T12:54:04.5042206Z [36;1m#    built at that point, so the failure only poisons the job result.[0m
2026-08-19T12:54:04.5044034Z [36;1mp5 = '.github/actions/build-kernel/action.yml'[0m
2026-08-19T12:54:04.5045424Z [36;1ms5 = open(p5).read()[0m
2026-08-19T12:54:04.5046966Z [36;1mold5 = "if: always() && steps.build_kernel_step.conclusion == 'success'"[0m
2026-08-19T12:54:04.5048670Z [36;1mn5 = s5.count(old5)[0m
2026-08-19T12:54:04.5050148Z [36;1massert n5 >= 1, 'ccache save condition not found'[0m
2026-08-19T12:54:04.5051774Z [36;1mopen(p5, 'w').write(s5.replace(old5, 'if: false'))[0m
2026-08-19T12:54:04.5053881Z [36;1mprint('custom injections applied (incl. %d action refs, %d ccache ifs)' % (n4, n5))[0m
2026-08-19T12:54:04.5055773Z [36;1mPYEOF[0m
2026-08-19T12:54:04.5057083Z [36;1mgrep -n "__pm_stay_awake" .github/actions/build-kernel/action.yml[0m
2026-08-19T12:54:04.5059784Z [36;1mgrep -n "WildKernels/OnePlus_KernelSU_SUSFS" .github/actions/kernel-source-sync/action.yml[0m
2026-08-19T12:54:04.5062461Z [36;1mgrep -c "action-source/.github" .github/actions/build-kernel/action.yml || true[0m
2026-08-19T12:54:04.5111631Z shell: /usr/bin/bash -e {0}
2026-08-19T12:54:04.5112738Z ##[endgroup]
2026-08-19T12:54:04.5403309Z custom injections applied (incl. 3 action refs, 2 ccache ifs)
2026-08-19T12:54:04.5454100Z 1459:        sed -i 's/__pm_wakeup_event(wl->ws, 500)/__pm_stay_awake(wl->ws)/' kernel/power/wakelock.c
2026-08-19T12:54:04.5462603Z 1460:        grep -q '__pm_stay_awake(wl->ws)' kernel/power/wakelock.c || { echo '::error::wakelock revert failed'; exit 1; }
2026-08-19T12:54:04.5467580Z 52:        TARGET_REPO = "WildKernels/OnePlus_KernelSU_SUSFS"
2026-08-19T12:54:04.5481869Z 0
2026-08-19T12:54:04.5563670Z ##[group]Run set -euo pipefail
2026-08-19T12:54:04.5564906Z [36;1mset -euo pipefail[0m
2026-08-19T12:54:04.5566090Z [36;1mecho "::group::Install dependencies"[0m
2026-08-19T12:54:04.5570071Z [36;1msudo timeout 300 apt-get -o Acquire::ForceIPv4=true -o Acquire::Retries=3 -o Acquire::http::Timeout=20 -o Acquire::https::Timeout=20 update -qq || echo "::warning::apt update failed/timed out - continuing with cached indexes"[0m
2026-08-19T12:54:04.5575011Z [36;1msudo DEBIAN_FRONTEND=noninteractive timeout 900 apt-get -o Acquire::ForceIPv4=true install -y --no-install-recommends \[0m
2026-08-19T12:54:04.5578136Z [36;1m  git curl ca-certificates build-essential clang lld flex bison \[0m
2026-08-19T12:54:04.5580446Z [36;1m  libelf-dev libssl-dev libncurses-dev zlib1g-dev liblz4-tool \[0m
2026-08-19T12:54:04.5582994Z [36;1m  libxml2-utils rsync unzip dwarves file python3 ccache jq bc dos2unix kmod libdw-dev elfutils pigz[0m
2026-08-19T12:54:04.5585203Z [36;1msudo apt-get clean[0m
2026-08-19T12:54:04.5587639Z [36;1mcommand -v aria2c >/dev/null 2>&1 || sudo DEBIAN_FRONTEND=noninteractive timeout 300 apt-get install -y --no-install-recommends aria2[0m
2026-08-19T12:54:04.5591598Z [36;1mcommand -v zip >/dev/null 2>&1 || sudo DEBIAN_FRONTEND=noninteractive timeout 300 apt-get install -y --no-install-recommends zip[0m
2026-08-19T12:54:04.5594415Z [36;1mecho "aria2c: $(command -v aria2c)  zip: $(command -v zip)"[0m
2026-08-19T12:54:04.5596043Z [36;1mecho "✅ Dependencies installed"[0m
2026-08-19T12:54:04.5597295Z [36;1mecho "::endgroup::"[0m
2026-08-19T12:54:04.5641332Z shell: /usr/bin/bash -e {0}
2026-08-19T12:54:04.5642427Z ##[endgroup]
2026-08-19T12:54:04.5718273Z ##[group]Install dependencies
2026-08-19T12:54:09.9935308Z Reading package lists...
2026-08-19T12:54:10.1831421Z Building dependency tree...
2026-08-19T12:54:10.1838550Z Reading state information...
2026-08-19T12:54:10.3402079Z git is already the newest version (1:2.55.0-0ppa1~ubuntu24.04.2).
2026-08-19T12:54:10.3403923Z git set to manually installed.
2026-08-19T12:54:10.3404529Z curl is already the newest version (8.5.0-2ubuntu10.11).
2026-08-19T12:54:10.3405088Z ca-certificates is already the newest version (20260601~24.04.1).
2026-08-19T12:54:10.3405868Z flex is already the newest version (2.6.4-8.2build1).
2026-08-19T12:54:10.3406516Z bison is already the newest version (2:3.8.2+dfsg-1build2).
2026-08-19T12:54:10.3407607Z libssl-dev is already the newest version (3.0.13-0ubuntu3.12).
2026-08-19T12:54:10.3408718Z libncurses-dev is already the newest version (6.4+20240113-1ubuntu2.1).
2026-08-19T12:54:10.3409998Z libncurses-dev set to manually installed.
2026-08-19T12:54:10.3411027Z zlib1g-dev is already the newest version (1:1.3.dfsg-3.1ubuntu2.1).
2026-08-19T12:54:10.3411804Z rsync is already the newest version (3.2.7-1ubuntu1.5).
2026-08-19T12:54:10.3412611Z unzip is already the newest version (6.0-28ubuntu4.1).
2026-08-19T12:54:10.3413288Z file is already the newest version (1:5.45-3build1).
2026-08-19T12:54:10.3413958Z python3 is already the newest version (3.12.3-0ubuntu2.1).
2026-08-19T12:54:10.3414637Z jq is already the newest version (1.7.1-3ubuntu0.24.04.2).
2026-08-19T12:54:10.3415285Z bc is already the newest version (1.07.1-3ubuntu4).
2026-08-19T12:54:10.3415830Z bc set to manually installed.
2026-08-19T12:54:10.3416382Z kmod is already the newest version (31+20240202-2ubuntu7.2).
2026-08-19T12:54:10.3417079Z kmod set to manually installed.
2026-08-19T12:54:10.3417585Z pigz is already the newest version (2.8-1).
2026-08-19T12:54:10.3418186Z The following additional packages will be installed:
2026-08-19T12:54:10.3419173Z   libasm1t64 libhiredis1.1.0 liblzma-dev pahole
2026-08-19T12:54:10.3419712Z Suggested packages:
2026-08-19T12:54:10.3420177Z   distcc | icecc liblzma-doc
2026-08-19T12:54:10.3683396Z The following NEW packages will be installed:
2026-08-19T12:54:10.3684517Z   build-essential ccache clang dos2unix dwarves elfutils libasm1t64 libdw-dev
2026-08-19T12:54:10.3693208Z   libelf-dev libhiredis1.1.0 liblz4-tool liblzma-dev libxml2-utils lld pahole
2026-08-19T12:54:10.3887904Z 0 upgraded, 15 newly installed, 0 to remove and 5 not upgraded.
2026-08-19T12:54:10.3888374Z Need to get 2598 kB of archives.
2026-08-19T12:54:10.3888742Z After this operation, 11.6 MB of additional disk space will be used.
2026-08-19T12:54:10.3889395Z Get:1 file:/etc/apt/apt-mirrors.txt Mirrorlist [144 B]
2026-08-19T12:54:10.4264048Z Get:2 http://azure.archive.ubuntu.com/ubuntu noble/main amd64 build-essential amd64 12.10ubuntu1 [4928 B]
2026-08-19T12:54:10.4488078Z Get:3 http://azure.archive.ubuntu.com/ubuntu noble/universe amd64 libhiredis1.1.0 amd64 1.2.0-6ubuntu3 [41.4 kB]
2026-08-19T12:54:10.4725000Z Get:4 http://azure.archive.ubuntu.com/ubuntu noble/universe amd64 ccache amd64 4.9.1-1 [592 kB]
2026-08-19T12:54:10.4995867Z Get:5 http://azure.archive.ubuntu.com/ubuntu noble/universe amd64 clang amd64 1:18.0-59~exp2 [5846 B]
2026-08-19T12:54:10.5217182Z Get:6 http://azure.archive.ubuntu.com/ubuntu noble-updates/main amd64 libasm1t64 amd64 0.190-1.1ubuntu0.1 [17.5 kB]
2026-08-19T12:54:10.5439349Z Get:7 http://azure.archive.ubuntu.com/ubuntu noble-updates/main amd64 elfutils amd64 0.190-1.1ubuntu0.1 [525 kB]
2026-08-19T12:54:10.5713187Z Get:8 http://azure.archive.ubuntu.com/ubuntu noble-updates/main amd64 libelf-dev amd64 0.190-1.1ubuntu0.1 [68.5 kB]
2026-08-19T12:54:10.5939575Z Get:9 http://azure.archive.ubuntu.com/ubuntu noble-updates/main amd64 liblzma-dev amd64 5.6.1+really5.4.5-1ubuntu0.3 [176 kB]
2026-08-19T12:54:10.6185531Z Get:10 http://azure.archive.ubuntu.com/ubuntu noble-updates/main amd64 libdw-dev amd64 0.190-1.1ubuntu0.1 [340 kB]
2026-08-19T12:54:10.6437910Z Get:11 http://azure.archive.ubuntu.com/ubuntu noble-updates/main amd64 libxml2-utils amd64 2.9.14+dfsg-1.3ubuntu3.8 [39.4 kB]
2026-08-19T12:54:10.6657916Z Get:12 http://azure.archive.ubuntu.com/ubuntu noble/universe amd64 lld amd64 1:18.0-59~exp2 [5494 B]
2026-08-19T12:54:10.6877386Z Get:13 http://azure.archive.ubuntu.com/ubuntu noble/universe amd64 pahole amd64 1.25-0ubuntu3 [277 kB]
2026-08-19T12:54:10.7150078Z Get:14 http://azure.archive.ubuntu.com/ubuntu noble/universe amd64 dos2unix amd64 7.5.1-1 [501 kB]
2026-08-19T12:54:10.7452202Z Get:15 http://azure.archive.ubuntu.com/ubuntu noble/universe amd64 dwarves all 1.25-0ubuntu3 [2186 B]
2026-08-19T12:54:10.7763929Z Get:16 http://azure.archive.ubuntu.com/ubuntu noble-updates/universe amd64 liblz4-tool all 1.9.4-1build1.1 [2484 B]
2026-08-19T12:54:11.0377452Z Fetched 2598 kB in 0s (6512 kB/s)
2026-08-19T12:54:11.0588368Z Selecting previously unselected package build-essential.
2026-08-19T12:54:11.0808576Z (Reading database ... 
2026-08-19T12:54:11.0809085Z (Reading database ... 5%
2026-08-19T12:54:11.0809334Z (Reading database ... 10%
2026-08-19T12:54:11.0809672Z (Reading database ... 15%
2026-08-19T12:54:11.0810097Z (Reading database ... 20%
2026-08-19T12:54:11.0810685Z (Reading database ... 25%
2026-08-19T12:54:11.0811094Z (Reading database ... 30%
2026-08-19T12:54:11.0811373Z (Reading database ... 35%
2026-08-19T12:54:11.0811605Z (Reading database ... 40%
2026-08-19T12:54:11.0811819Z (Reading database ... 45%
2026-08-19T12:54:11.0812029Z (Reading database ... 50%
2026-08-19T12:54:11.0847860Z (Reading database ... 55%
2026-08-19T12:54:11.1239022Z (Reading database ... 60%
2026-08-19T12:54:11.3103133Z (Reading database ... 65%
2026-08-19T12:54:11.5114949Z (Reading database ... 70%
2026-08-19T12:54:11.7193837Z (Reading database ... 75%
2026-08-19T12:54:11.8373551Z (Reading database ... 80%
2026-08-19T12:54:12.0203175Z (Reading database ... 85%
2026-08-19T12:54:12.1255809Z (Reading database ... 90%
2026-08-19T12:54:12.2842103Z (Reading database ... 95%
2026-08-19T12:54:12.2842431Z (Reading database ... 100%
2026-08-19T12:54:12.2842801Z (Reading database ... 203124 files and directories currently installed.)
2026-08-19T12:54:12.2889927Z Preparing to unpack .../00-build-essential_12.10ubuntu1_amd64.deb ...
2026-08-19T12:54:12.2914612Z Unpacking build-essential (12.10ubuntu1) ...
2026-08-19T12:54:12.3132742Z Selecting previously unselected package libhiredis1.1.0:amd64.
2026-08-19T12:54:12.3260781Z Preparing to unpack .../01-libhiredis1.1.0_1.2.0-6ubuntu3_amd64.deb ...
2026-08-19T12:54:12.3279897Z Unpacking libhiredis1.1.0:amd64 (1.2.0-6ubuntu3) ...
2026-08-19T12:54:12.3503227Z Selecting previously unselected package ccache.
2026-08-19T12:54:12.3633285Z Preparing to unpack .../02-ccache_4.9.1-1_amd64.deb ...
2026-08-19T12:54:12.3643044Z Unpacking ccache (4.9.1-1) ...
2026-08-19T12:54:12.3961077Z Selecting previously unselected package clang.
2026-08-19T12:54:12.4090410Z Preparing to unpack .../03-clang_1%3a18.0-59~exp2_amd64.deb ...
2026-08-19T12:54:12.4103226Z Unpacking clang (1:18.0-59~exp2) ...
2026-08-19T12:54:12.4331196Z Selecting previously unselected package libasm1t64:amd64.
2026-08-19T12:54:12.4461215Z Preparing to unpack .../04-libasm1t64_0.190-1.1ubuntu0.1_amd64.deb ...
2026-08-19T12:54:12.4471999Z Unpacking libasm1t64:amd64 (0.190-1.1ubuntu0.1) ...
2026-08-19T12:54:12.4688170Z Selecting previously unselected package elfutils.
2026-08-19T12:54:12.4819549Z Preparing to unpack .../05-elfutils_0.190-1.1ubuntu0.1_amd64.deb ...
2026-08-19T12:54:12.4828348Z Unpacking elfutils (0.190-1.1ubuntu0.1) ...
2026-08-19T12:54:12.5188358Z Selecting previously unselected package libelf-dev:amd64.
2026-08-19T12:54:12.5320655Z Preparing to unpack .../06-libelf-dev_0.190-1.1ubuntu0.1_amd64.deb ...
2026-08-19T12:54:12.5332393Z Unpacking libelf-dev:amd64 (0.190-1.1ubuntu0.1) ...
2026-08-19T12:54:12.5600358Z Selecting previously unselected package liblzma-dev:amd64.
2026-08-19T12:54:12.5731860Z Preparing to unpack .../07-liblzma-dev_5.6.1+really5.4.5-1ubuntu0.3_amd64.deb ...
2026-08-19T12:54:12.5743088Z Unpacking liblzma-dev:amd64 (5.6.1+really5.4.5-1ubuntu0.3) ...
2026-08-19T12:54:12.6018424Z Selecting previously unselected package libdw-dev:amd64.
2026-08-19T12:54:12.6149240Z Preparing to unpack .../08-libdw-dev_0.190-1.1ubuntu0.1_amd64.deb ...
2026-08-19T12:54:12.6157499Z Unpacking libdw-dev:amd64 (0.190-1.1ubuntu0.1) ...
2026-08-19T12:54:12.6426386Z Selecting previously unselected package libxml2-utils.
2026-08-19T12:54:12.6557397Z Preparing to unpack .../09-libxml2-utils_2.9.14+dfsg-1.3ubuntu3.8_amd64.deb ...
2026-08-19T12:54:12.6566421Z Unpacking libxml2-utils (2.9.14+dfsg-1.3ubuntu3.8) ...
2026-08-19T12:54:12.6800913Z Selecting previously unselected package lld:amd64.
2026-08-19T12:54:12.6928235Z Preparing to unpack .../10-lld_1%3a18.0-59~exp2_amd64.deb ...
2026-08-19T12:54:12.6936769Z Unpacking lld:amd64 (1:18.0-59~exp2) ...
2026-08-19T12:54:12.7149480Z Selecting previously unselected package pahole.
2026-08-19T12:54:12.7275724Z Preparing to unpack .../11-pahole_1.25-0ubuntu3_amd64.deb ...
2026-08-19T12:54:12.7285048Z Unpacking pahole (1.25-0ubuntu3) ...
2026-08-19T12:54:12.7598545Z Selecting previously unselected package dos2unix.
2026-08-19T12:54:12.7730391Z Preparing to unpack .../12-dos2unix_7.5.1-1_amd64.deb ...
2026-08-19T12:54:12.7744335Z Unpacking dos2unix (7.5.1-1) ...
2026-08-19T12:54:12.8860011Z Selecting previously unselected package dwarves.
2026-08-19T12:54:12.8991758Z Preparing to unpack .../13-dwarves_1.25-0ubuntu3_all.deb ...
2026-08-19T12:54:12.9000783Z Unpacking dwarves (1.25-0ubuntu3) ...
2026-08-19T12:54:12.9197839Z Selecting previously unselected package liblz4-tool.
2026-08-19T12:54:12.9327538Z Preparing to unpack .../14-liblz4-tool_1.9.4-1build1.1_all.deb ...
2026-08-19T12:54:12.9337275Z Unpacking liblz4-tool (1.9.4-1build1.1) ...
2026-08-19T12:54:12.9727590Z Setting up lld:amd64 (1:18.0-59~exp2) ...
2026-08-19T12:54:12.9756884Z Setting up clang (1:18.0-59~exp2) ...
2026-08-19T12:54:12.9986907Z Setting up libasm1t64:amd64 (0.190-1.1ubuntu0.1) ...
2026-08-19T12:54:13.0007096Z Setting up libelf-dev:amd64 (0.190-1.1ubuntu0.1) ...
2026-08-19T12:54:13.0026832Z Setting up pahole (1.25-0ubuntu3) ...
2026-08-19T12:54:13.0047453Z Setting up liblzma-dev:amd64 (5.6.1+really5.4.5-1ubuntu0.3) ...
2026-08-19T12:54:13.0066908Z Setting up liblz4-tool (1.9.4-1build1.1) ...
2026-08-19T12:54:13.0086927Z Setting up build-essential (12.10ubuntu1) ...
2026-08-19T12:54:13.0106001Z Setting up dos2unix (7.5.1-1) ...
2026-08-19T12:54:13.0132234Z Setting up libxml2-utils (2.9.14+dfsg-1.3ubuntu3.8) ...
2026-08-19T12:54:13.0156286Z Setting up libhiredis1.1.0:amd64 (1.2.0-6ubuntu3) ...
2026-08-19T12:54:13.0177778Z Setting up elfutils (0.190-1.1ubuntu0.1) ...
2026-08-19T12:54:13.0199461Z Setting up ccache (4.9.1-1) ...
2026-08-19T12:54:13.0221411Z Updating symlinks in /usr/lib/ccache ...
2026-08-19T12:54:13.0321995Z Setting up libdw-dev:amd64 (0.190-1.1ubuntu0.1) ...
2026-08-19T12:54:13.0340280Z Setting up dwarves (1.25-0ubuntu3) ...
2026-08-19T12:54:13.0364429Z Processing triggers for man-db (2.12.0-4build2) ...
2026-08-19T12:54:13.0384680Z Not building database; man-db/auto-update is not 'true'.
2026-08-19T12:54:13.0397045Z Processing triggers for libc-bin (2.39-0ubuntu8.8) ...
2026-08-19T12:54:13.6683935Z 
2026-08-19T12:54:13.6684445Z Running kernel seems to be up-to-date.
2026-08-19T12:54:13.6684827Z 
2026-08-19T12:54:13.6685012Z No services need to be restarted.
2026-08-19T12:54:13.6685228Z 
2026-08-19T12:54:13.6685334Z No containers need to be restarted.
2026-08-19T12:54:13.6685526Z 
2026-08-19T12:54:13.6699691Z No user sessions are running outdated binaries.
2026-08-19T12:54:13.6700049Z 
2026-08-19T12:54:13.6700246Z No VM guests are running outdated hypervisor (qemu) binaries on this host.
2026-08-19T12:54:14.6271780Z aria2c: /usr/bin/aria2c  zip: /usr/bin/zip
2026-08-19T12:54:14.6272622Z ✅ Dependencies installed
2026-08-19T12:54:14.6273775Z ##[endgroup]
2026-08-19T12:54:14.6332050Z ##[group]Run set -euo pipefail
2026-08-19T12:54:14.6332405Z [36;1mset -euo pipefail[0m
2026-08-19T12:54:14.6332830Z [36;1mmkdir -p "/home/runner/work/OnePlus_KernelSU_SUSFS/OnePlus_KernelSU_SUSFS/.ccache"[0m
2026-08-19T12:54:14.6333289Z [36;1mfor setting in \[0m
2026-08-19T12:54:14.6333709Z [36;1m  "CCACHE_DIR=/home/runner/work/OnePlus_KernelSU_SUSFS/OnePlus_KernelSU_SUSFS/.ccache" \[0m
2026-08-19T12:54:14.6334179Z [36;1m  "CCACHE_MAXSIZE=12G" \[0m
2026-08-19T12:54:14.6334466Z [36;1m  "CCACHE_COMPILERCHECK=content" \[0m
2026-08-19T12:54:14.6334778Z [36;1m  "CCACHE_BASEDIR=${GITHUB_WORKSPACE}" \[0m
2026-08-19T12:54:14.6335082Z [36;1m  "CCACHE_NOHASHDIR=true" \[0m
2026-08-19T12:54:14.6335363Z [36;1m  "CCACHE_IGNOREOPTIONS=--sysroot*" \[0m
2026-08-19T12:54:14.6335659Z [36;1m  "CCACHE_COMPRESSION=true" \[0m
2026-08-19T12:54:14.6335937Z [36;1m  "CCACHE_COMPRESSION_LEVEL=3" \[0m
2026-08-19T12:54:14.6336219Z [36;1m  "CCACHE_DIRECT=true" \[0m
2026-08-19T12:54:14.6336518Z [36;1m  "CCACHE_FILE_CLONE=true" \[0m
2026-08-19T12:54:14.6336790Z [36;1m  "CCACHE_INODE_CACHE=true" \[0m
2026-08-19T12:54:14.6337072Z [36;1m  "CCACHE_IS_KERNEL_COMPILING=true" \[0m
2026-08-19T12:54:14.6337349Z [36;1m  "CCACHE_UMASK=002" \[0m
2026-08-19T12:54:14.6337873Z [36;1m  "CCACHE_SLOPPINESS=file_macro,time_macros,include_file_mtime,include_file_ctime,pch_defines,system_headers,locale"; do[0m
2026-08-19T12:54:14.6338425Z [36;1m  export "$setting"[0m
2026-08-19T12:54:14.6338683Z [36;1m  echo "$setting" >> "$GITHUB_ENV"[0m
2026-08-19T12:54:14.6339179Z [36;1mdone[0m
2026-08-19T12:54:14.6339394Z [36;1mccache -p | head -n 5 || true[0m
2026-08-19T12:54:14.6381406Z shell: /usr/bin/bash -e {0}
2026-08-19T12:54:14.6381673Z ##[endgroup]
2026-08-19T12:54:14.6483011Z (default) absolute_paths_in_stderr = false
2026-08-19T12:54:14.6483730Z (environment) base_dir = /home/runner/work/OnePlus_KernelSU_SUSFS/OnePlus_KernelSU_SUSFS
2026-08-19T12:54:14.6484360Z (environment) cache_dir = /home/runner/work/OnePlus_KernelSU_SUSFS/OnePlus_KernelSU_SUSFS/.ccache
2026-08-19T12:54:14.6484825Z (default) compiler = 
2026-08-19T12:54:14.6485063Z (environment) compiler_check = content
2026-08-19T12:54:14.6526285Z ##[group]Run set -euo pipefail
2026-08-19T12:54:14.6526583Z [36;1mset -euo pipefail[0m
2026-08-19T12:54:14.6526873Z [36;1mjq . configs/a15/OP-ACE-3-PRO-6.1.75.json[0m
2026-08-19T12:54:14.6527336Z [36;1mecho "config_json=$(jq -c . configs/a15/OP-ACE-3-PRO-6.1.75.json)" >> "$GITHUB_OUTPUT"[0m
2026-08-19T12:54:14.6568765Z shell: /usr/bin/bash --noprofile --norc -e -o pipefail {0}
2026-08-19T12:54:14.6569338Z env:
2026-08-19T12:54:14.6569681Z   CCACHE_DIR: /home/runner/work/OnePlus_KernelSU_SUSFS/OnePlus_KernelSU_SUSFS/.ccache
2026-08-19T12:54:14.6570104Z   CCACHE_MAXSIZE: 12G
2026-08-19T12:54:14.6570337Z   CCACHE_COMPILERCHECK: content
2026-08-19T12:54:14.6570705Z   CCACHE_BASEDIR: /home/runner/work/OnePlus_KernelSU_SUSFS/OnePlus_KernelSU_SUSFS
2026-08-19T12:54:14.6571096Z   CCACHE_NOHASHDIR: true
2026-08-19T12:54:14.6571355Z   CCACHE_IGNOREOPTIONS: --sysroot*
2026-08-19T12:54:14.6571826Z   CCACHE_COMPRESSION: true
2026-08-19T12:54:14.6572062Z   CCACHE_COMPRESSION_LEVEL: 3
2026-08-19T12:54:14.6572337Z   CCACHE_DIRECT: true
2026-08-19T12:54:14.6572557Z   CCACHE_FILE_CLONE: true
2026-08-19T12:54:14.6572781Z   CCACHE_INODE_CACHE: true
2026-08-19T12:54:14.6573010Z   CCACHE_IS_KERNEL_COMPILING: true
2026-08-19T12:54:14.6573253Z   CCACHE_UMASK: 002
2026-08-19T12:54:14.6573716Z   CCACHE_SLOPPINESS: file_macro,time_macros,include_file_mtime,include_file_ctime,pch_defines,system_headers,locale
2026-08-19T12:54:14.6574225Z ##[endgroup]
2026-08-19T12:54:14.6659335Z {
2026-08-19T12:54:14.6659706Z   "model": "OP-ACE-3-PRO-6.1.75",
2026-08-19T12:54:14.6660128Z   "soc": "pineapple",
2026-08-19T12:54:14.6660480Z   "branch": "wild/sm8650",
2026-08-19T12:54:14.6660883Z   "manifest": "oneplus_ace3_pro_6.1.75_v.xml",
2026-08-19T12:54:14.6661354Z   "android_version": "android14",
2026-08-19T12:54:14.6661664Z   "kernel_version": "6.1",
2026-08-19T12:54:14.6661893Z   "os_version": "A15",
2026-08-19T12:54:14.6662127Z   "lto": "thin",
2026-08-19T12:54:14.6662325Z   "zyc_compiler": "",
2026-08-19T12:54:14.6662692Z   "c_compiler": "kernel_platform/prebuilts/clang/host/linux-x86/clang-r487747c/bin",
2026-08-19T12:54:14.6663107Z   "rust_compiler": "",
2026-08-19T12:54:14.6663320Z   "bindgen": "",
2026-08-19T12:54:14.6663513Z   "rust_build": false,
2026-08-19T12:54:14.6663719Z   "disk_cleanup": false,
2026-08-19T12:54:14.6663935Z   "hmbird": false,
2026-08-19T12:54:14.6664132Z   "susfs": true,
2026-08-19T12:54:14.6664318Z   "opt": true,
2026-08-19T12:54:14.6664502Z   "ds": true,
2026-08-19T12:54:14.6664687Z   "bbg": true,
2026-08-19T12:54:14.6664868Z   "bbr": true,
2026-08-19T12:54:14.6665046Z   "bbr3": true,
2026-08-19T12:54:14.6665230Z   "ttl": true,
2026-08-19T12:54:14.6665411Z   "ip_set": true,
2026-08-19T12:54:14.6665607Z   "unicode": true,
2026-08-19T12:54:14.6665802Z   "ntsync": true,
2026-08-19T12:54:14.6667675Z   "blacklist_modules": "kernelsu,oplus_security_guard,oplus_qr_scan,oplus_score,oplus_vip_task,oplus_dns_cache,oplus_network_linkpower_module,oplus_data_module,oplus_secure_harden,oplus_security_keventupload,oplus_secure_guard_new,oplus_secure_guard,coresight_tpda,coresight_tgu,coresight_trace_noc,coresight_cti,coresight_qmi,coresight_dummy,coresight_remote_etm,coresight_tpdm,coresight_uetm,coresight_stm,coresight_tmc_sec,f_fs_ipc_log,qcom_iommu_debug,qti_battery_debug,rdbg,stm_heartbeat,stm_p_ost,stm_core,stm_ftrace,stm_console,spmi_pmic_arb_debug",
2026-08-19T12:54:14.6669838Z   "uname": "OP-WILD"
2026-08-19T12:54:14.6670043Z }
2026-08-19T12:54:14.6740597Z ##[group]Run set -euo pipefail
2026-08-19T12:54:14.6740905Z [36;1mset -euo pipefail[0m
2026-08-19T12:54:14.6741370Z [36;1m{ df -h; echo ---; df -h /dev/shm; echo ---; free -m; echo ---; nproc; echo ---; ulimit -a; } | tee runner_diag.txt[0m
2026-08-19T12:54:14.6780139Z shell: /usr/bin/bash -e {0}
2026-08-19T12:54:14.6780396Z env:
2026-08-19T12:54:14.6780742Z   CCACHE_DIR: /home/runner/work/OnePlus_KernelSU_SUSFS/OnePlus_KernelSU_SUSFS/.ccache
2026-08-19T12:54:14.6781171Z   CCACHE_MAXSIZE: 12G
2026-08-19T12:54:14.6781408Z   CCACHE_COMPILERCHECK: content
2026-08-19T12:54:14.6781783Z   CCACHE_BASEDIR: /home/runner/work/OnePlus_KernelSU_SUSFS/OnePlus_KernelSU_SUSFS
2026-08-19T12:54:14.6782178Z   CCACHE_NOHASHDIR: true
2026-08-19T12:54:14.6782427Z   CCACHE_IGNOREOPTIONS: --sysroot*
2026-08-19T12:54:14.6782697Z   CCACHE_COMPRESSION: true
2026-08-19T12:54:14.6782939Z   CCACHE_COMPRESSION_LEVEL: 3
2026-08-19T12:54:14.6783180Z   CCACHE_DIRECT: true
2026-08-19T12:54:14.6783449Z   CCACHE_FILE_CLONE: true
2026-08-19T12:54:14.6783680Z   CCACHE_INODE_CACHE: true
2026-08-19T12:54:14.6783911Z   CCACHE_IS_KERNEL_COMPILING: true
2026-08-19T12:54:14.6784151Z   CCACHE_UMASK: 002
2026-08-19T12:54:14.6784611Z   CCACHE_SLOPPINESS: file_macro,time_macros,include_file_mtime,include_file_ctime,pch_defines,system_headers,locale
2026-08-19T12:54:14.6785112Z ##[endgroup]
2026-08-19T12:54:14.7082171Z Filesystem      Size  Used Avail Use% Mounted on
2026-08-19T12:54:14.7082690Z /dev/root       145G   59G   87G  41% /
2026-08-19T12:54:14.7083116Z tmpfs           7.9G     0  7.9G   0% /dev/shm
2026-08-19T12:54:14.7083546Z tmpfs           3.2G 1012K  3.2G   1% /run
2026-08-19T12:54:14.7083975Z tmpfs           5.0M     0  5.0M   0% /run/lock
2026-08-19T12:54:14.7084486Z efivarfs        128M   32K  128M   1% /sys/firmware/efi/efivars
2026-08-19T12:54:14.7085002Z /dev/sda16      881M   64M  756M   8% /boot
2026-08-19T12:54:14.7085458Z /dev/sda15      105M  6.2M   99M   6% /boot/efi
2026-08-19T12:54:14.7085946Z tmpfs           1.6G   12K  1.6G   1% /run/user/1001
2026-08-19T12:54:14.7086231Z ---
2026-08-19T12:54:14.7095709Z Filesystem      Size  Used Avail Use% Mounted on
2026-08-19T12:54:14.7096030Z tmpfs           7.9G     0  7.9G   0% /dev/shm
2026-08-19T12:54:14.7097465Z ---
2026-08-19T12:54:14.7115083Z                total        used        free      shared  buff/cache   available
2026-08-19T12:54:14.7115717Z Mem:           15989        1126       12469          43        2759       14863
2026-08-19T12:54:14.7116149Z Swap:           3071           0        3071
2026-08-19T12:54:14.7117186Z ---
2026-08-19T12:54:14.7179545Z 4
2026-08-19T12:54:14.7181061Z ---
2026-08-19T12:54:14.7181528Z real-time non-blocking time  (microseconds, -R) unlimited
2026-08-19T12:54:14.7182106Z core file size              (blocks, -c) 0
2026-08-19T12:54:14.7182582Z data seg size               (kbytes, -d) unlimited
2026-08-19T12:54:14.7183047Z scheduling priority                 (-e) 0
2026-08-19T12:54:14.7183493Z file size                   (blocks, -f) unlimited
2026-08-19T12:54:14.7183828Z pending signals                     (-i) 63838
2026-08-19T12:54:14.7184166Z max locked memory           (kbytes, -l) 8192
2026-08-19T12:54:14.7184657Z max memory size             (kbytes, -m) unlimited
2026-08-19T12:54:14.7185160Z open files                          (-n) 65536
2026-08-19T12:54:14.7185688Z pipe size                (512 bytes, -p) 8
2026-08-19T12:54:14.7186147Z POSIX message queues         (bytes, -q) 819200
2026-08-19T12:54:14.7186629Z real-time priority                  (-r) 0
2026-08-19T12:54:14.7187067Z stack size                  (kbytes, -s) 16384
2026-08-19T12:54:14.7187432Z cpu time                   (seconds, -t) unlimited
2026-08-19T12:54:14.7187749Z max user processes                  (-u) 63838
2026-08-19T12:54:14.7188056Z virtual memory              (kbytes, -v) unlimited
2026-08-19T12:54:14.7188360Z file locks                          (-x) unlimited
2026-08-19T12:54:14.8515111Z Prepare all required actions
2026-08-19T12:54:14.8515804Z Getting action download info
2026-08-19T12:54:14.9472528Z Download action repository 'actions/upload-artifact@v7' (SHA:043fb46d1a93c77aae656e7c1c64a875d1fc6a0a)
2026-08-19T12:54:15.1588017Z ##[group]Run ./.github/actions/build-kernel
2026-08-19T12:54:15.1588316Z with:
2026-08-19T12:54:15.1592031Z   op_config_json: {"model":"OP-ACE-3-PRO-6.1.75","soc":"pineapple","branch":"wild/sm8650","manifest":"oneplus_ace3_pro_6.1.75_v.xml","android_version":"android14","kernel_version":"6.1","os_version":"A15","lto":"thin","zyc_compiler":"","c_compiler":"kernel_platform/prebuilts/clang/host/linux-x86/clang-r487747c/bin","rust_compiler":"","bindgen":"","rust_build":false,"disk_cleanup":false,"hmbird":false,"susfs":true,"opt":true,"ds":true,"bbg":true,"bbr":true,"bbr3":true,"ttl":true,"ip_set":true,"unicode":true,"ntsync":true,"blacklist_modules":"kernelsu,oplus_security_guard,oplus_qr_scan,oplus_score,oplus_vip_task,oplus_dns_cache,oplus_network_linkpower_module,oplus_data_module,oplus_secure_harden,oplus_security_keventupload,oplus_secure_guard_new,oplus_secure_guard,coresight_tpda,coresight_tgu,coresight_trace_noc,coresight_cti,coresight_qmi,coresight_dummy,coresight_remote_etm,coresight_tpdm,coresight_uetm,coresight_stm,coresight_tmc_sec,f_fs_ipc_log,qcom_iommu_debug,qti_battery_debug,rdbg,stm_heartbeat,stm_p_ost,stm_core,stm_ftrace,stm_console,spmi_pmic_arb_debug","uname":"OP-WILD"}
2026-08-19T12:54:15.1595709Z   ksu_type: KSUN
2026-08-19T12:54:15.1595997Z   ksu_branch_or_hash: 234f6e040fcbca18b16d2398e1aa225712ec99ad
2026-08-19T12:54:15.1596625Z   susfs_commit_hash_or_branch: e287d59066380bf6de4396532d4a42edf4408701
2026-08-19T12:54:15.1596982Z   optimize_level: O2
2026-08-19T12:54:15.1597193Z   clean: true
2026-08-19T12:54:15.1597388Z   debug: false
2026-08-19T12:54:15.1600191Z   github_token: ***
2026-08-19T12:54:15.1600420Z env:
2026-08-19T12:54:15.1600768Z   CCACHE_DIR: /home/runner/work/OnePlus_KernelSU_SUSFS/OnePlus_KernelSU_SUSFS/.ccache
2026-08-19T12:54:15.1601181Z   CCACHE_MAXSIZE: 12G
2026-08-19T12:54:15.1601448Z   CCACHE_COMPILERCHECK: content
2026-08-19T12:54:15.1601816Z   CCACHE_BASEDIR: /home/runner/work/OnePlus_KernelSU_SUSFS/OnePlus_KernelSU_SUSFS
2026-08-19T12:54:15.1602213Z   CCACHE_NOHASHDIR: true
2026-08-19T12:54:15.1602458Z   CCACHE_IGNOREOPTIONS: --sysroot*
2026-08-19T12:54:15.1602725Z   CCACHE_COMPRESSION: true
2026-08-19T12:54:15.1602961Z   CCACHE_COMPRESSION_LEVEL: 3
2026-08-19T12:54:15.1603193Z   CCACHE_DIRECT: true
2026-08-19T12:54:15.1603408Z   CCACHE_FILE_CLONE: true
2026-08-19T12:54:15.1603635Z   CCACHE_INODE_CACHE: true
2026-08-19T12:54:15.1603861Z   CCACHE_IS_KERNEL_COMPILING: true
2026-08-19T12:54:15.1604112Z   CCACHE_UMASK: 002
2026-08-19T12:54:15.1604580Z   CCACHE_SLOPPINESS: file_macro,time_macros,include_file_mtime,include_file_ctime,pch_defines,system_headers,locale
2026-08-19T12:54:15.1605083Z ##[endgroup]
2026-08-19T12:54:15.1694056Z ##[start-action display=Get Action info;id=build.__run]
2026-08-19T12:54:15.1719406Z ##[group]Run set -euo pipefail
2026-08-19T12:54:15.1719722Z [36;1mset -euo pipefail[0m
2026-08-19T12:54:15.1720025Z [36;1mecho "ACTION_REPO=$ACTION_REPO_VAL" >> $GITHUB_ENV[0m
2026-08-19T12:54:15.1720405Z [36;1mecho "ACTION_REF=$ACTION_REF_VAL" >> $GITHUB_ENV[0m
2026-08-19T12:54:15.1763897Z shell: /usr/bin/bash --noprofile --norc -e -o pipefail {0}
2026-08-19T12:54:15.1764239Z env:
2026-08-19T12:54:15.1764594Z   CCACHE_DIR: /home/runner/work/OnePlus_KernelSU_SUSFS/OnePlus_KernelSU_SUSFS/.ccache
2026-08-19T12:54:15.1765037Z   CCACHE_MAXSIZE: 12G
2026-08-19T12:54:15.1765277Z   CCACHE_COMPILERCHECK: content
2026-08-19T12:54:15.1765656Z   CCACHE_BASEDIR: /home/runner/work/OnePlus_KernelSU_SUSFS/OnePlus_KernelSU_SUSFS
2026-08-19T12:54:15.1766049Z   CCACHE_NOHASHDIR: true
2026-08-19T12:54:15.1766301Z   CCACHE_IGNOREOPTIONS: --sysroot*
2026-08-19T12:54:15.1766566Z   CCACHE_COMPRESSION: true
2026-08-19T12:54:15.1766808Z   CCACHE_COMPRESSION_LEVEL: 3
2026-08-19T12:54:15.1767259Z   CCACHE_DIRECT: true
2026-08-19T12:54:15.1767480Z   CCACHE_FILE_CLONE: true
2026-08-19T12:54:15.1767705Z   CCACHE_INODE_CACHE: true
2026-08-19T12:54:15.1767943Z   CCACHE_IS_KERNEL_COMPILING: true
2026-08-19T12:54:15.1768197Z   CCACHE_UMASK: 002
2026-08-19T12:54:15.1768662Z   CCACHE_SLOPPINESS: file_macro,time_macros,include_file_mtime,include_file_ctime,pch_defines,system_headers,locale
2026-08-19T12:54:15.1769326Z   ACTION_REPO_VAL: 
2026-08-19T12:54:15.1769538Z   ACTION_REF_VAL: 
2026-08-19T12:54:15.1769748Z ##[endgroup]
2026-08-19T12:54:15.1845990Z ##[end-action id=build.__run;outcome=success;conclusion=success;duration_ms=15]
2026-08-19T12:54:15.1848436Z ##[start-action display=📥 Checkout Code;id=build.__actions_checkout]
2026-08-19T12:54:15.1930497Z ##[group]Run actions/checkout@v6
2026-08-19T12:54:15.1930756Z with:
2026-08-19T12:54:15.1931056Z   path: action-source
2026-08-19T12:54:15.1931280Z   fetch-depth: 1
2026-08-19T12:54:15.1933548Z   token: ***
2026-08-19T12:54:15.1933752Z   ssh-strict: true
2026-08-19T12:54:15.1934026Z   ssh-user: git
2026-08-19T12:54:15.1934349Z   persist-credentials: true
2026-08-19T12:54:15.1934591Z   clean: true
2026-08-19T12:54:15.1934807Z   sparse-checkout-cone-mode: true
2026-08-19T12:54:15.1935063Z   fetch-tags: false
2026-08-19T12:54:15.1935273Z   show-progress: true
2026-08-19T12:54:15.1935494Z   lfs: false
2026-08-19T12:54:15.1935830Z   submodules: false
2026-08-19T12:54:15.1936131Z   set-safe-directory: true
2026-08-19T12:54:15.1936464Z   allow-unsafe-pr-checkout: false
2026-08-19T12:54:15.1936818Z env:
2026-08-19T12:54:15.1937579Z   CCACHE_DIR: /home/runner/work/OnePlus_KernelSU_SUSFS/OnePlus_KernelSU_SUSFS/.ccache
2026-08-19T12:54:15.1938227Z   CCACHE_MAXSIZE: 12G
2026-08-19T12:54:15.1938522Z   CCACHE_COMPILERCHECK: content
2026-08-19T12:54:15.1939073Z   CCACHE_BASEDIR: /home/runner/work/OnePlus_KernelSU_SUSFS/OnePlus_KernelSU_SUSFS
2026-08-19T12:54:15.1939470Z   CCACHE_NOHASHDIR: true
2026-08-19T12:54:15.1939716Z   CCACHE_IGNOREOPTIONS: --sysroot*
2026-08-19T12:54:15.1939999Z   CCACHE_COMPRESSION: true
2026-08-19T12:54:15.1940241Z   CCACHE_COMPRESSION_LEVEL: 3
2026-08-19T12:54:15.1940485Z   CCACHE_DIRECT: true
2026-08-19T12:54:15.1940708Z   CCACHE_FILE_CLONE: true
2026-08-19T12:54:15.1940931Z   CCACHE_INODE_CACHE: true
2026-08-19T12:54:15.1941167Z   CCACHE_IS_KERNEL_COMPILING: true
2026-08-19T12:54:15.1941410Z   CCACHE_UMASK: 002
2026-08-19T12:54:15.1941876Z   CCACHE_SLOPPINESS: file_macro,time_macros,include_file_mtime,include_file_ctime,pch_defines,system_headers,locale
2026-08-19T12:54:15.1942384Z   ACTION_REPO: 
2026-08-19T12:54:15.1942595Z   ACTION_REF: 
2026-08-19T12:54:15.1942794Z ##[endgroup]
2026-08-19T12:54:15.2829771Z Syncing repository: net00188/OnePlus_KernelSU_SUSFS
2026-08-19T12:54:15.2830899Z ##[group]Getting Git version info
2026-08-19T12:54:15.2831683Z Working directory is '/home/runner/work/OnePlus_KernelSU_SUSFS/OnePlus_KernelSU_SUSFS/action-source'
2026-08-19T12:54:15.2859467Z [command]/usr/bin/git version
2026-08-19T12:54:15.2905013Z git version 2.55.0
2026-08-19T12:54:15.2959002Z ##[endgroup]
2026-08-19T12:54:15.2974245Z Temporarily overriding HOME='/home/runner/work/_temp/93744667-3e6e-4cca-a88a-735246857218' before making global git config changes
2026-08-19T12:54:15.2975486Z Adding repository directory to the temporary git global config as a safe directory
2026-08-19T12:54:15.2980630Z [command]/usr/bin/git config --global --add safe.directory /home/runner/work/OnePlus_KernelSU_SUSFS/OnePlus_KernelSU_SUSFS/action-source
2026-08-19T12:54:15.3016350Z ##[group]Determining repository object format
2026-08-19T12:54:15.3019963Z ##[endgroup]
2026-08-19T12:54:15.3020555Z ##[group]Initializing the repository
2026-08-19T12:54:15.3025780Z [command]/usr/bin/git init /home/runner/work/OnePlus_KernelSU_SUSFS/OnePlus_KernelSU_SUSFS/action-source
2026-08-19T12:54:15.3069853Z hint: Using 'master' as the name for the initial branch. This default branch name
2026-08-19T12:54:15.3071678Z hint: will change to "main" in Git 3.0. To configure the initial branch name
2026-08-19T12:54:15.3072951Z hint: to use in all of your new repositories, which will suppress this warning,
2026-08-19T12:54:15.3073747Z hint: call:
2026-08-19T12:54:15.3074187Z hint:
2026-08-19T12:54:15.3074722Z hint: 	git config --global init.defaultBranch <name>
2026-08-19T12:54:15.3075353Z hint:
2026-08-19T12:54:15.3075969Z hint: Names commonly chosen instead of 'master' are 'main', 'trunk' and
2026-08-19T12:54:15.3076978Z hint: 'development'. The just-created branch can be renamed via this command:
2026-08-19T12:54:15.3087363Z hint:
2026-08-19T12:54:15.3090324Z hint: 	git branch -m <name>
2026-08-19T12:54:15.3091058Z hint:
2026-08-19T12:54:15.3092098Z hint: Disable this message with "git config set advice.defaultBranchName false"
2026-08-19T12:54:15.3093253Z Initialized empty Git repository in /home/runner/work/OnePlus_KernelSU_SUSFS/OnePlus_KernelSU_SUSFS/action-source/.git/
2026-08-19T12:54:15.3095024Z [command]/usr/bin/git remote add origin https://github.com/net00188/OnePlus_KernelSU_SUSFS
2026-08-19T12:54:15.3118001Z ##[endgroup]
2026-08-19T12:54:15.3118618Z ##[group]Disabling automatic garbage collection
2026-08-19T12:54:15.3123630Z [command]/usr/bin/git config --local gc.auto 0
2026-08-19T12:54:15.3155775Z ##[endgroup]
2026-08-19T12:54:15.3156305Z ##[group]Setting up auth
2026-08-19T12:54:15.3157510Z Removing SSH command configuration
2026-08-19T12:54:15.3163975Z [command]/usr/bin/git config --local --name-only --get-regexp core\.sshCommand
2026-08-19T12:54:15.3199456Z [command]/usr/bin/git submodule foreach --recursive sh -c "git config --local --name-only --get-regexp 'core\.sshCommand' && git config --local --unset-all 'core.sshCommand' || :"
2026-08-19T12:54:15.3472378Z Removing HTTP extra header
2026-08-19T12:54:15.3480100Z [command]/usr/bin/git config --local --name-only --get-regexp http\.https\:\/\/github\.com\/\.extraheader
2026-08-19T12:54:15.3518599Z [command]/usr/bin/git submodule foreach --recursive sh -c "git config --local --name-only --get-regexp 'http\.https\:\/\/github\.com\/\.extraheader' && git config --local --unset-all 'http.https://github.com/.extraheader' || :"
2026-08-19T12:54:15.3791222Z Removing includeIf entries pointing to credentials config files
2026-08-19T12:54:15.3792099Z [command]/usr/bin/git config --local --name-only --get-regexp ^includeIf\.gitdir:
2026-08-19T12:54:15.3830739Z [command]/usr/bin/git submodule foreach --recursive git config --local --show-origin --name-only --get-regexp remote.origin.url
2026-08-19T12:54:15.4128642Z [command]/usr/bin/git config --file /home/runner/work/_temp/git-credentials-b2fc0d62-0b94-4acf-859a-b7bef67c6d8a.config http.https://github.com/.extraheader AUTHORIZATION: basic ***
2026-08-19T12:54:15.4177749Z [command]/usr/bin/git config --local includeIf.gitdir:/home/runner/work/OnePlus_KernelSU_SUSFS/OnePlus_KernelSU_SUSFS/action-source/.git.path /home/runner/work/_temp/git-credentials-b2fc0d62-0b94-4acf-859a-b7bef67c6d8a.config
2026-08-19T12:54:15.4231937Z [command]/usr/bin/git config --local includeIf.gitdir:/home/runner/work/OnePlus_KernelSU_SUSFS/OnePlus_KernelSU_SUSFS/action-source/.git/worktrees/*.path /home/runner/work/_temp/git-credentials-b2fc0d62-0b94-4acf-859a-b7bef67c6d8a.config
2026-08-19T12:54:15.4275022Z [command]/usr/bin/git config --local includeIf.gitdir:/github/workspace/action-source/.git.path /github/runner_temp/git-credentials-b2fc0d62-0b94-4acf-859a-b7bef67c6d8a.config
2026-08-19T12:54:15.4306221Z [command]/usr/bin/git config --local includeIf.gitdir:/github/workspace/action-source/.git/worktrees/*.path /github/runner_temp/git-credentials-b2fc0d62-0b94-4acf-859a-b7bef67c6d8a.config
2026-08-19T12:54:15.4347982Z ##[endgroup]
2026-08-19T12:54:15.4348372Z ##[group]Fetching the repository
2026-08-19T12:54:15.4357108Z [command]/usr/bin/git -c protocol.version=2 fetch --no-tags --prune --no-recurse-submodules --depth=1 origin +a933e164c8e44feaba541365fa60138419d4cfee:refs/remotes/origin/main
2026-08-19T12:54:16.6042078Z From https://github.com/net00188/OnePlus_KernelSU_SUSFS
2026-08-19T12:54:16.6043094Z  * [new ref]         a933e164c8e44feaba541365fa60138419d4cfee -> origin/main
2026-08-19T12:54:16.6054147Z [command]/usr/bin/git branch --list --remote origin/main
2026-08-19T12:54:16.6085097Z   origin/main
2026-08-19T12:54:16.6093691Z [command]/usr/bin/git rev-parse refs/remotes/origin/main
2026-08-19T12:54:16.6121932Z a933e164c8e44feaba541365fa60138419d4cfee
2026-08-19T12:54:16.6125670Z ##[endgroup]
2026-08-19T12:54:16.6126228Z ##[group]Determining the checkout info
2026-08-19T12:54:16.6127047Z ##[endgroup]
2026-08-19T12:54:16.6132075Z [command]/usr/bin/git sparse-checkout disable
2026-08-19T12:54:16.6176817Z [command]/usr/bin/git config --local --unset-all extensions.worktreeConfig
2026-08-19T12:54:16.6209554Z ##[group]Checking out the ref
2026-08-19T12:54:16.6213000Z [command]/usr/bin/git checkout --progress --force -B main refs/remotes/origin/main
2026-08-19T12:54:16.7026712Z Switched to a new branch 'main'
2026-08-19T12:54:16.7027370Z branch 'main' set up to track 'origin/main'.
2026-08-19T12:54:16.7042814Z ##[endgroup]
2026-08-19T12:54:16.7091271Z [command]/usr/bin/git log -1 --format=%H
2026-08-19T12:54:16.7122541Z a933e164c8e44feaba541365fa60138419d4cfee
2026-08-19T12:54:16.7230273Z ##[end-action id=build.__actions_checkout;outcome=success;conclusion=success;duration_ms=1538]
2026-08-19T12:54:16.7233613Z ##[start-action display=Parse op_config_json;id=build.__run_2]
2026-08-19T12:54:16.7251595Z ##[group]Run set -euo pipefail
2026-08-19T12:54:16.7251936Z [36;1mset -euo pipefail[0m
2026-08-19T12:54:16.7255444Z [36;1mecho '{"model":"OP-ACE-3-PRO-6.1.75","soc":"pineapple","branch":"wild/sm8650","manifest":"oneplus_ace3_pro_6.1.75_v.xml","android_version":"android14","kernel_version":"6.1","os_version":"A15","lto":"thin","zyc_compiler":"","c_compiler":"kernel_platform/prebuilts/clang/host/linux-x86/clang-r487747c/bin","rust_compiler":"","bindgen":"","rust_build":false,"disk_cleanup":false,"hmbird":false,"susfs":true,"opt":true,"ds":true,"bbg":true,"bbr":true,"bbr3":true,"ttl":true,"ip_set":true,"unicode":true,"ntsync":true,"blacklist_modules":"kernelsu,oplus_security_guard,oplus_qr_scan,oplus_score,oplus_vip_task,oplus_dns_cache,oplus_network_linkpower_module,oplus_data_module,oplus_secure_harden,oplus_security_keventupload,oplus_secure_guard_new,oplus_secure_guard,coresight_tpda,coresight_tgu,coresight_trace_noc,coresight_cti,coresight_qmi,coresight_dummy,coresight_remote_etm,coresight_tpdm,coresight_uetm,coresight_stm,coresight_tmc_sec,f_fs_ipc_log,qcom_iommu_debug,qti_battery_debug,rdbg,stm_heartbeat,stm_p_ost,stm_core,stm_ftrace,stm_console,spmi_pmic_arb_debug","uname":"OP-WILD"}' > /tmp/config.json[0m
2026-08-19T12:54:16.7259892Z [36;1mjq -r 'to_entries[] | "OP_\(.key | ascii_upcase)=\(.value)"' /tmp/config.json >> "$GITHUB_ENV"[0m
2026-08-19T12:54:16.7260340Z [36;1mecho "Parsed config:"[0m
2026-08-19T12:54:16.7260604Z [36;1mjq '.' /tmp/config.json[0m
2026-08-19T12:54:16.7299451Z shell: /usr/bin/bash --noprofile --norc -e -o pipefail {0}
2026-08-19T12:54:16.7299795Z env:
2026-08-19T12:54:16.7300149Z   CCACHE_DIR: /home/runner/work/OnePlus_KernelSU_SUSFS/OnePlus_KernelSU_SUSFS/.ccache
2026-08-19T12:54:16.7300571Z   CCACHE_MAXSIZE: 12G
2026-08-19T12:54:16.7300806Z   CCACHE_COMPILERCHECK: content
2026-08-19T12:54:16.7301180Z   CCACHE_BASEDIR: /home/runner/work/OnePlus_KernelSU_SUSFS/OnePlus_KernelSU_SUSFS
2026-08-19T12:54:16.7301575Z   CCACHE_NOHASHDIR: true
2026-08-19T12:54:16.7301820Z   CCACHE_IGNOREOPTIONS: --sysroot*
2026-08-19T12:54:16.7302083Z   CCACHE_COMPRESSION: true
2026-08-19T12:54:16.7302315Z   CCACHE_COMPRESSION_LEVEL: 3
2026-08-19T12:54:16.7302555Z   CCACHE_DIRECT: true
2026-08-19T12:54:16.7302779Z   CCACHE_FILE_CLONE: true
2026-08-19T12:54:16.7303003Z   CCACHE_INODE_CACHE: true
2026-08-19T12:54:16.7303235Z   CCACHE_IS_KERNEL_COMPILING: true
2026-08-19T12:54:16.7303480Z   CCACHE_UMASK: 002
2026-08-19T12:54:16.7303931Z   CCACHE_SLOPPINESS: file_macro,time_macros,include_file_mtime,include_file_ctime,pch_defines,system_headers,locale
2026-08-19T12:54:16.7304432Z   ACTION_REPO: 
2026-08-19T12:54:16.7304634Z   ACTION_REF: 
2026-08-19T12:54:16.7304983Z ##[endgroup]
2026-08-19T12:54:16.7395320Z Parsed config:
2026-08-19T12:54:16.7421151Z {
2026-08-19T12:54:16.7421481Z   "model": "OP-ACE-3-PRO-6.1.75",
2026-08-19T12:54:16.7421786Z   "soc": "pineapple",
2026-08-19T12:54:16.7422021Z   "branch": "wild/sm8650",
2026-08-19T12:54:16.7422279Z   "manifest": "oneplus_ace3_pro_6.1.75_v.xml",
2026-08-19T12:54:16.7422571Z   "android_version": "android14",
2026-08-19T12:54:16.7422810Z   "kernel_version": "6.1",
2026-08-19T12:54:16.7423029Z   "os_version": "A15",
2026-08-19T12:54:16.7423251Z   "lto": "thin",
2026-08-19T12:54:16.7423451Z   "zyc_compiler": "",
2026-08-19T12:54:16.7423816Z   "c_compiler": "kernel_platform/prebuilts/clang/host/linux-x86/clang-r487747c/bin",
2026-08-19T12:54:16.7424232Z   "rust_compiler": "",
2026-08-19T12:54:16.7424441Z   "bindgen": "",
2026-08-19T12:54:16.7424637Z   "rust_build": false,
2026-08-19T12:54:16.7424842Z   "disk_cleanup": false,
2026-08-19T12:54:16.7425110Z   "hmbird": false,
2026-08-19T12:54:16.7425442Z   "susfs": true,
2026-08-19T12:54:16.7425732Z   "opt": true,
2026-08-19T12:54:16.7426009Z   "ds": true,
2026-08-19T12:54:16.7426277Z   "bbg": true,
2026-08-19T12:54:16.7426543Z   "bbr": true,
2026-08-19T12:54:16.7426814Z   "bbr3": true,
2026-08-19T12:54:16.7427096Z   "ttl": true,
2026-08-19T12:54:16.7427302Z   "ip_set": true,
2026-08-19T12:54:16.7427508Z   "unicode": true,
2026-08-19T12:54:16.7427707Z   "ntsync": true,
2026-08-19T12:54:16.7429778Z   "blacklist_modules": "kernelsu,oplus_security_guard,oplus_qr_scan,oplus_score,oplus_vip_task,oplus_dns_cache,oplus_network_linkpower_module,oplus_data_module,oplus_secure_harden,oplus_security_keventupload,oplus_secure_guard_new,oplus_secure_guard,coresight_tpda,coresight_tgu,coresight_trace_noc,coresight_cti,coresight_qmi,coresight_dummy,coresight_remote_etm,coresight_tpdm,coresight_uetm,coresight_stm,coresight_tmc_sec,f_fs_ipc_log,qcom_iommu_debug,qti_battery_debug,rdbg,stm_heartbeat,stm_p_ost,stm_core,stm_ftrace,stm_console,spmi_pmic_arb_debug",
2026-08-19T12:54:16.7431912Z   "uname": "OP-WILD"
2026-08-19T12:54:16.7432124Z }
2026-08-19T12:54:16.7436940Z ##[end-action id=build.__run_2;outcome=success;conclusion=success;duration_ms=20]
2026-08-19T12:54:16.7439406Z ##[start-action display=Validate Inputs;id=build.__run_3]
2026-08-19T12:54:16.7456986Z ##[group]Run set -euo pipefail
2026-08-19T12:54:16.7457406Z [36;1mset -euo pipefail[0m
2026-08-19T12:54:16.7457666Z [36;1mecho "::group::Validate inputs"[0m
2026-08-19T12:54:16.7457948Z [36;1mmodel="$OP_MODEL"[0m
2026-08-19T12:54:16.7458188Z [36;1msoc="$OP_SOC"[0m
2026-08-19T12:54:16.7458424Z [36;1mbranch="$OP_BRANCH"[0m
2026-08-19T12:54:16.7458666Z [36;1mmanifest="$OP_MANIFEST"[0m
2026-08-19T12:54:16.7459232Z [36;1mandroid_version="$OP_ANDROID_VERSION"[0m
2026-08-19T12:54:16.7459545Z [36;1mkernel_version="$OP_KERNEL_VERSION"[0m
2026-08-19T12:54:16.7459917Z [36;1mos_version="$OP_OS_VERSION"[0m
2026-08-19T12:54:16.7460265Z [36;1mhmbird="$OP_HMBIRD"[0m
2026-08-19T12:54:16.7460654Z [36;1msusfs="$OP_SUSFS"[0m
2026-08-19T12:54:16.7461009Z [36;1mopt="$OP_OPT"[0m
2026-08-19T12:54:16.7461345Z [36;1mbbg="$OP_BBG"[0m
2026-08-19T12:54:16.7461566Z [36;1mbbr="$OP_BBR"[0m
2026-08-19T12:54:16.7461773Z [36;1mbbr3="$OP_BBR3"[0m
2026-08-19T12:54:16.7461990Z [36;1mttl="$OP_TTL"[0m
2026-08-19T12:54:16.7462202Z [36;1mip_set="$OP_IP_SET"[0m
2026-08-19T12:54:16.7462437Z [36;1mrust_build="$OP_RUST_BUILD"[0m
2026-08-19T12:54:16.7462678Z [36;1mlto="$OP_LTO"[0m
2026-08-19T12:54:16.7462888Z [36;1muname="$OP_UNAME"[0m
2026-08-19T12:54:16.7463116Z [36;1municode="$OP_UNICODE"[0m
2026-08-19T12:54:16.7463386Z [36;1mc_compiler="$OP_C_COMPILER"[0m
2026-08-19T12:54:16.7463678Z [36;1mrust_compiler="$OP_RUST_COMPILER"[0m
2026-08-19T12:54:16.7463970Z [36;1mzyc_compiler="$OP_ZYC_COMPILER"[0m
2026-08-19T12:54:16.7464241Z [36;1mbindgen="$OP_BINDGEN"[0m
2026-08-19T12:54:16.7464475Z [36;1mds="$OP_DS"[0m
2026-08-19T12:54:16.7464686Z [36;1mntsync="$OP_NTSYNC"[0m
2026-08-19T12:54:16.7465142Z [36;1mblacklist_modules="$OP_BLACKLIST_MODULES"[0m
2026-08-19T12:54:16.7465443Z [36;1moptimize='O2'[0m
2026-08-19T12:54:16.7465655Z [36;1m[0m
2026-08-19T12:54:16.7465843Z [36;1merrors=()[0m
2026-08-19T12:54:16.7466043Z [36;1m[0m
2026-08-19T12:54:16.7466238Z [36;1mif [[ -z "$model" ]]; then[0m
2026-08-19T12:54:16.7466521Z [36;1m  errors+=("Input 'model' cannot be empty")[0m
2026-08-19T12:54:16.7466825Z [36;1melif [[ ! "$model" =~ ^OP ]]; then[0m
2026-08-19T12:54:16.7467195Z [36;1m  errors+=("Input 'model' does not start with 'OP'. Got: '$model'")[0m
2026-08-19T12:54:16.7467545Z [36;1mfi[0m
2026-08-19T12:54:16.7467725Z [36;1m[0m
2026-08-19T12:54:16.7467921Z [36;1mif [[ -z "$soc" ]]; then[0m
2026-08-19T12:54:16.7468194Z [36;1m  errors+=("Input 'soc' cannot be empty")[0m
2026-08-19T12:54:16.7468505Z [36;1melif [[ ! "$soc" =~ ^[A-Za-z0-9_-]+$ ]]; then[0m
2026-08-19T12:54:16.7469297Z [36;1m  errors+=("Input 'soc' contains invalid characters. Allowed: letters, digits, underscore, dash. Got: '$soc'")[0m
2026-08-19T12:54:16.7469792Z [36;1mfi[0m
2026-08-19T12:54:16.7469971Z [36;1m[0m
2026-08-19T12:54:16.7470159Z [36;1mif [[ -z "$branch" ]]; then[0m
2026-08-19T12:54:16.7470440Z [36;1m  errors+=("Input 'branch' cannot be empty")[0m
2026-08-19T12:54:16.7470774Z [36;1melif [[ ! "$branch" =~ ^[A-Za-z0-9._/-]+$ ]]; then[0m
2026-08-19T12:54:16.7471292Z [36;1m  errors+=("Input 'branch' contains invalid characters. Allowed: letters, digits, ., _, -, /. Got: '$branch'")[0m
2026-08-19T12:54:16.7471754Z [36;1mfi[0m
2026-08-19T12:54:16.7471933Z [36;1m[0m
2026-08-19T12:54:16.7472272Z [36;1mif [[ -z "$manifest" ]]; then[0m
2026-08-19T12:54:16.7472595Z [36;1m  errors+=("Input 'manifest' cannot be empty")[0m
2026-08-19T12:54:16.7472931Z [36;1melif [[ "$manifest" == http*://* ]]; then[0m
2026-08-19T12:54:16.7473248Z [36;1m  if [[ ! "$manifest" =~ ^https:// ]]; then[0m
2026-08-19T12:54:16.7473605Z [36;1m    errors+=("Manifest URL must be HTTPS. Got: '$manifest'")[0m
2026-08-19T12:54:16.7473934Z [36;1m  fi[0m
2026-08-19T12:54:16.7474160Z [36;1m  if [[ ! "$manifest" =~ \.xml($|\?) ]]; then[0m
2026-08-19T12:54:16.7474573Z [36;1m    errors+=("Manifest URL should point to an XML file (.xml). Got: '$manifest'")[0m
2026-08-19T12:54:16.7474959Z [36;1m  fi[0m
2026-08-19T12:54:16.7475144Z [36;1melse[0m
2026-08-19T12:54:16.7475357Z [36;1m  if [[ ! "$manifest" =~ \.xml$ ]]; then[0m
2026-08-19T12:54:16.7475735Z [36;1m    errors+=("Manifest filename must end with .xml. Got: '$manifest'")[0m
2026-08-19T12:54:16.7476091Z [36;1m  fi[0m
2026-08-19T12:54:16.7476307Z [36;1m  if [[ "$manifest" =~ [[:space:]] ]]; then[0m
2026-08-19T12:54:16.7476677Z [36;1m    errors+=("Manifest filename cannot contain spaces. Got: '$manifest'")[0m
2026-08-19T12:54:16.7477039Z [36;1m  fi[0m
2026-08-19T12:54:16.7477216Z [36;1mfi[0m
2026-08-19T12:54:16.7477393Z [36;1m[0m
2026-08-19T12:54:16.7477596Z [36;1mif [[ -z "$android_version" ]]; then[0m
2026-08-19T12:54:16.7477933Z [36;1m  errors+=("Input 'android_version' cannot be empty")[0m
2026-08-19T12:54:16.7478317Z [36;1melif [[ ! "$android_version" =~ ^android[0-9]+$ ]]; then[0m
2026-08-19T12:54:16.7479165Z [36;1m  errors+=("Input 'android_version' contains invalid characters. Allowed: android followed by a number. Got: '$android_version'")[0m
2026-08-19T12:54:16.7479709Z [36;1mfi[0m
2026-08-19T12:54:16.7479887Z [36;1m[0m
2026-08-19T12:54:16.7480089Z [36;1mif [[ -z "$kernel_version" ]]; then[0m
2026-08-19T12:54:16.7480418Z [36;1m  errors+=("Input 'kernel_version' cannot be empty")[0m
2026-08-19T12:54:16.7480782Z [36;1melif [[ ! "$kernel_version" =~ ^[0-9]+\.[0-9]+$ ]]; then[0m
2026-08-19T12:54:16.7481360Z [36;1m  errors+=("Input 'kernel_version' contains invalid characters. Allowed: number in X.Y format. Got: '$kernel_version'")[0m
2026-08-19T12:54:16.7481860Z [36;1mfi[0m
2026-08-19T12:54:16.7482035Z [36;1m[0m
2026-08-19T12:54:16.7482231Z [36;1mif [[ -z "$os_version" ]]; then[0m
2026-08-19T12:54:16.7482532Z [36;1m  errors+=("Input 'os_version' cannot be empty")[0m
2026-08-19T12:54:16.7483009Z [36;1melif [[ ! "$os_version" =~ ^A ]]; then[0m
2026-08-19T12:54:16.7483399Z [36;1m  errors+=("Input 'os_version' does not start with 'A'. Got: '$os_version'")[0m
2026-08-19T12:54:16.7483765Z [36;1mfi[0m
2026-08-19T12:54:16.7483942Z [36;1m[0m
2026-08-19T12:54:16.7484129Z [36;1mif [[ -z "$hmbird" ]]; then[0m
2026-08-19T12:54:16.7484414Z [36;1m  errors+=("Input 'hmbird' cannot be empty")[0m
2026-08-19T12:54:16.7484763Z [36;1melif [[ "$hmbird" != "true" && "$hmbird" != "false" ]]; then[0m
2026-08-19T12:54:16.7485288Z [36;1m  errors+=("Input 'hmbird' contains invalid characters. Allowed: 'true' or 'false'. Got: '$hmbird'")[0m
2026-08-19T12:54:16.7485732Z [36;1mfi[0m
2026-08-19T12:54:16.7485909Z [36;1m[0m
2026-08-19T12:54:16.7486101Z [36;1mif [[ -z "$susfs" ]]; then[0m
2026-08-19T12:54:16.7486385Z [36;1m  errors+=("Input 'susfs' cannot be empty")[0m
2026-08-19T12:54:16.7486725Z [36;1melif [[ "$susfs" != "true" && "$susfs" != "false" ]]; then[0m
2026-08-19T12:54:16.7487232Z [36;1m  errors+=("Input 'susfs' contains invalid characters. Allowed: 'true' or 'false'. Got: '$susfs'")[0m
2026-08-19T12:54:16.7487665Z [36;1mfi[0m
2026-08-19T12:54:16.7487842Z [36;1m[0m
2026-08-19T12:54:16.7488030Z [36;1mif [[ -z "$opt" ]]; then[0m
2026-08-19T12:54:16.7488309Z [36;1m  errors+=("Input 'opt' cannot be empty")[0m
2026-08-19T12:54:16.7488641Z [36;1melif [[ "$opt" != "true" && "$opt" != "false" ]]; then[0m
2026-08-19T12:54:16.7489330Z [36;1m  errors+=("Input 'opt' contains invalid characters. Allowed: 'true' or 'false'. Got: '$opt'")[0m
2026-08-19T12:54:16.7489901Z [36;1mfi[0m
2026-08-19T12:54:16.7490082Z [36;1m[0m
2026-08-19T12:54:16.7490272Z [36;1mif [[ -z "$bbg" ]]; then[0m
2026-08-19T12:54:16.7490542Z [36;1m  errors+=("Input 'bbg' cannot be empty")[0m
2026-08-19T12:54:16.7490865Z [36;1melif [[ "$bbg" != "true" && "$bbg" != "false" ]]; then[0m
2026-08-19T12:54:16.7491324Z [36;1m  errors+=("Input 'bbg' contains invalid characters. Allowed: 'true' or 'false'. Got: '$bbg'")[0m
2026-08-19T12:54:16.7491734Z [36;1mfi[0m
2026-08-19T12:54:16.7491910Z [36;1m[0m
2026-08-19T12:54:16.7492087Z [36;1mif [[ -z "$bbr" ]]; then[0m
2026-08-19T12:54:16.7492346Z [36;1m  errors+=("Input 'bbr' cannot be empty")[0m
2026-08-19T12:54:16.7492658Z [36;1melif [[ "$bbr" != "true" && "$bbr" != "false" ]]; then[0m
2026-08-19T12:54:16.7493127Z [36;1m  errors+=("Input 'bbr' contains invalid characters. Allowed: 'true' or 'false'. Got: '$bbr'")[0m
2026-08-19T12:54:16.7493529Z [36;1mfi[0m
2026-08-19T12:54:16.7493704Z [36;1m[0m
2026-08-19T12:54:16.7493898Z [36;1mif [[ -z "$bbr3" ]]; then[0m
2026-08-19T12:54:16.7494177Z [36;1m  errors+=("Input 'bbr3' cannot be empty")[0m
2026-08-19T12:54:16.7494505Z [36;1melif [[ "$bbr3" != "true" && "$bbr3" != "false" ]]; then[0m
2026-08-19T12:54:16.7494989Z [36;1m  errors+=("Input 'bbr3' contains invalid characters. Allowed: 'true' or 'false'. Got: '$bbr3'")[0m
2026-08-19T12:54:16.7495417Z [36;1mfi[0m
2026-08-19T12:54:16.7495598Z [36;1m[0m
2026-08-19T12:54:16.7495780Z [36;1mif [[ -z "$ttl" ]]; then[0m
2026-08-19T12:54:16.7496041Z [36;1m  errors+=("Input 'ttl' cannot be empty")[0m
2026-08-19T12:54:16.7496356Z [36;1melif [[ "$ttl" != "true" && "$ttl" != "false" ]]; then[0m
2026-08-19T12:54:16.7496816Z [36;1m  errors+=("Input 'ttl' contains invalid characters. Allowed: 'true' or 'false'. Got: '$ttl'")[0m
2026-08-19T12:54:16.7497229Z [36;1mfi[0m
2026-08-19T12:54:16.7497411Z [36;1m[0m
2026-08-19T12:54:16.7497610Z [36;1mif [[ -z "$ip_set" ]]; then[0m
2026-08-19T12:54:16.7497908Z [36;1m  errors+=("Input 'ip_set' cannot be empty")[0m
2026-08-19T12:54:16.7498263Z [36;1melif [[ "$ip_set" != "true" && "$ip_set" != "false" ]]; then[0m
2026-08-19T12:54:16.7498912Z [36;1m  errors+=("Input 'ip_set' contains invalid characters. Allowed: 'true' or 'false'. Got: '$ip_set'")[0m
2026-08-19T12:54:16.7499369Z [36;1mfi[0m
2026-08-19T12:54:16.7499557Z [36;1m[0m
2026-08-19T12:54:16.7499751Z [36;1mif [[ -z "$rust_build" ]]; then[0m
2026-08-19T12:54:16.7500203Z [36;1m  errors+=("Input 'rust_build' cannot be empty")[0m
2026-08-19T12:54:16.7500598Z [36;1melif [[ "$rust_build" != "true" && "$rust_build" != "false" ]]; then[0m
2026-08-19T12:54:16.7501157Z [36;1m  errors+=("Input 'rust_build' contains invalid characters. Allowed: 'true' or 'false'. Got: '$rust_build'")[0m
2026-08-19T12:54:16.7501619Z [36;1mfi[0m
2026-08-19T12:54:16.7501803Z [36;1m[0m
2026-08-19T12:54:16.7501996Z [36;1mif [[ -z "$lto" ]]; then[0m
2026-08-19T12:54:16.7502270Z [36;1m  errors+=("Input 'lto' cannot be empty")[0m
2026-08-19T12:54:16.7502634Z [36;1melif [[ "$lto" != "none" && "$lto" != "thin" && "$lto" != "full" ]]; then[0m
2026-08-19T12:54:16.7503164Z [36;1m  errors+=("Input 'lto' contains invalid characters. Allowed: 'thin', 'full' or 'none'. Got: '$lto'")[0m
2026-08-19T12:54:16.7503610Z [36;1mfi[0m
2026-08-19T12:54:16.7503783Z [36;1m[0m
2026-08-19T12:54:16.7503973Z [36;1mif [[ -z "$uname" ]]; then[0m
2026-08-19T12:54:16.7504268Z [36;1m  errors+=("Input 'uname' cannot be empty")[0m
2026-08-19T12:54:16.7504564Z [36;1melif [[ ${#uname} -gt 44 ]]; then[0m
2026-08-19T12:54:16.7504929Z [36;1m  errors+=("Input 'uname' too long. Maximum length: 44. Got: '$uname'")[0m
2026-08-19T12:54:16.7505275Z [36;1mfi[0m
2026-08-19T12:54:16.7505449Z [36;1m[0m
2026-08-19T12:54:16.7505636Z [36;1mif [[ -z "$unicode" ]]; then[0m
2026-08-19T12:54:16.7505922Z [36;1m  errors+=("Input 'unicode' cannot be empty")[0m
2026-08-19T12:54:16.7506280Z [36;1melif [[ "$unicode" != "true" && "$unicode" != "false" ]]; then[0m
2026-08-19T12:54:16.7506940Z [36;1m  errors+=("Input 'unicode' contains invalid characters. Allowed: 'true' or 'false'. Got: '$unicode'")[0m
2026-08-19T12:54:16.7507386Z [36;1mfi[0m
2026-08-19T12:54:16.7507566Z [36;1m[0m
2026-08-19T12:54:16.7507783Z [36;1m# OP_C_COMPILER currently has no checks![0m
2026-08-19T12:54:16.7508061Z [36;1m[0m
2026-08-19T12:54:16.7508278Z [36;1m# OP_RUST_COMPILER currently has no checks![0m
2026-08-19T12:54:16.7508554Z [36;1m[0m
2026-08-19T12:54:16.7508770Z [36;1m# OP_ZYC_COMPILER currently has no checks![0m
2026-08-19T12:54:16.7509175Z [36;1m[0m
2026-08-19T12:54:16.7509382Z [36;1m# OP_BINDGEN currently has no checks![0m
2026-08-19T12:54:16.7509647Z [36;1m[0m
2026-08-19T12:54:16.7509874Z [36;1m# OP_BLACKLIST_MODULES currently has no checks![0m
2026-08-19T12:54:16.7510162Z [36;1m[0m
2026-08-19T12:54:16.7510343Z [36;1mif [[ -z "$ds" ]]; then[0m
2026-08-19T12:54:16.7510609Z [36;1m  errors+=("Input 'ds' cannot be empty")[0m
2026-08-19T12:54:16.7510933Z [36;1melif [[ "$ds" != "true" && "$ds" != "false" ]]; then[0m
2026-08-19T12:54:16.7511399Z [36;1m  errors+=("Input 'ds' contains invalid characters. Allowed: 'true' or 'false'. Got: '$ds'")[0m
2026-08-19T12:54:16.7511816Z [36;1mfi[0m
2026-08-19T12:54:16.7511994Z [36;1m[0m
2026-08-19T12:54:16.7512180Z [36;1mif [[ -z "$ntsync" ]]; then[0m
2026-08-19T12:54:16.7512465Z [36;1m  errors+=("Input 'ntsync' cannot be empty")[0m
2026-08-19T12:54:16.7512818Z [36;1melif [[ "$ntsync" != "true" && "$ntsync" != "false" ]]; then[0m
2026-08-19T12:54:16.7513323Z [36;1m  errors+=("Input 'ntsync' contains invalid characters. Allowed: 'true' or 'false'. Got: '$ntsync'")[0m
2026-08-19T12:54:16.7513761Z [36;1mfi[0m
2026-08-19T12:54:16.7513934Z [36;1m[0m
2026-08-19T12:54:16.7514123Z [36;1mcase "$optimize" in[0m
2026-08-19T12:54:16.7514356Z [36;1m  O2|O3) ;;[0m
2026-08-19T12:54:16.7514677Z [36;1m  *) errors+=("optimize_level must be O2 or O3. Got: '$optimize'"); ;;[0m
2026-08-19T12:54:16.7515182Z [36;1mesac[0m
2026-08-19T12:54:16.7515377Z [36;1m[0m
2026-08-19T12:54:16.7515575Z [36;1mif [ ${#errors[@]} -ne 0 ]; then[0m
2026-08-19T12:54:16.7515897Z [36;1m  echo "Found ${#errors[@]} validation error(s):" >&2[0m
2026-08-19T12:54:16.7516223Z [36;1m  for error in "${errors[@]}"; do[0m
2026-08-19T12:54:16.7516489Z [36;1m    echo "  - $error" >&2[0m
2026-08-19T12:54:16.7516727Z [36;1m  done[0m
2026-08-19T12:54:16.7517157Z [36;1m  echo "::error::Input validation failed. See logs for details."[0m
2026-08-19T12:54:16.7517498Z [36;1m  exit 1[0m
2026-08-19T12:54:16.7517693Z [36;1melse[0m
2026-08-19T12:54:16.7517915Z [36;1m  echo "✅ Input validation passed"[0m
2026-08-19T12:54:16.7518180Z [36;1mfi[0m
2026-08-19T12:54:16.7518374Z [36;1mecho "::endgroup::"[0m
2026-08-19T12:54:16.7554523Z shell: /usr/bin/bash --noprofile --norc -e -o pipefail {0}
2026-08-19T12:54:16.7554863Z env:
2026-08-19T12:54:16.7555206Z   CCACHE_DIR: /home/runner/work/OnePlus_KernelSU_SUSFS/OnePlus_KernelSU_SUSFS/.ccache
2026-08-19T12:54:16.7555643Z   CCACHE_MAXSIZE: 12G
2026-08-19T12:54:16.7555872Z   CCACHE_COMPILERCHECK: content
2026-08-19T12:54:16.7556247Z   CCACHE_BASEDIR: /home/runner/work/OnePlus_KernelSU_SUSFS/OnePlus_KernelSU_SUSFS
2026-08-19T12:54:16.7556633Z   CCACHE_NOHASHDIR: true
2026-08-19T12:54:16.7556871Z   CCACHE_IGNOREOPTIONS: --sysroot*
2026-08-19T12:54:16.7557130Z   CCACHE_COMPRESSION: true
2026-08-19T12:54:16.7557365Z   CCACHE_COMPRESSION_LEVEL: 3
2026-08-19T12:54:16.7557608Z   CCACHE_DIRECT: true
2026-08-19T12:54:16.7557817Z   CCACHE_FILE_CLONE: true
2026-08-19T12:54:16.7558041Z   CCACHE_INODE_CACHE: true
2026-08-19T12:54:16.7558272Z   CCACHE_IS_KERNEL_COMPILING: true
2026-08-19T12:54:16.7558511Z   CCACHE_UMASK: 002
2026-08-19T12:54:16.7559066Z   CCACHE_SLOPPINESS: file_macro,time_macros,include_file_mtime,include_file_ctime,pch_defines,system_headers,locale
2026-08-19T12:54:16.7559564Z   ACTION_REPO: 
2026-08-19T12:54:16.7559764Z   ACTION_REF: 
2026-08-19T12:54:16.7559982Z   OP_MODEL: OP-ACE-3-PRO-6.1.75
2026-08-19T12:54:16.7560383Z   OP_SOC: pineapple
2026-08-19T12:54:16.7560593Z   OP_BRANCH: wild/sm8650
2026-08-19T12:54:16.7560850Z   OP_MANIFEST: oneplus_ace3_pro_6.1.75_v.xml
2026-08-19T12:54:16.7561135Z   OP_ANDROID_VERSION: android14
2026-08-19T12:54:16.7561389Z   OP_KERNEL_VERSION: 6.1
2026-08-19T12:54:16.7561604Z   OP_OS_VERSION: A15
2026-08-19T12:54:16.7561809Z   OP_LTO: thin
2026-08-19T12:54:16.7562009Z   OP_ZYC_COMPILER: 
2026-08-19T12:54:16.7562359Z   OP_C_COMPILER: kernel_platform/prebuilts/clang/host/linux-x86/clang-r487747c/bin
2026-08-19T12:54:16.7562751Z   OP_RUST_COMPILER: 
2026-08-19T12:54:16.7562954Z   OP_BINDGEN: 
2026-08-19T12:54:16.7563153Z   OP_RUST_BUILD: false
2026-08-19T12:54:16.7563370Z   OP_DISK_CLEANUP: false
2026-08-19T12:54:16.7563587Z   OP_HMBIRD: false
2026-08-19T12:54:16.7563788Z   OP_SUSFS: true
2026-08-19T12:54:16.7563985Z   OP_OPT: true
2026-08-19T12:54:16.7564174Z   OP_DS: true
2026-08-19T12:54:16.7564365Z   OP_BBG: true
2026-08-19T12:54:16.7564558Z   OP_BBR: true
2026-08-19T12:54:16.7564754Z   OP_BBR3: true
2026-08-19T12:54:16.7564949Z   OP_TTL: true
2026-08-19T12:54:16.7565134Z   OP_IP_SET: true
2026-08-19T12:54:16.7565336Z   OP_UNICODE: true
2026-08-19T12:54:16.7565539Z   OP_NTSYNC: true
2026-08-19T12:54:16.7567398Z   OP_BLACKLIST_MODULES: kernelsu,oplus_security_guard,oplus_qr_scan,oplus_score,oplus_vip_task,oplus_dns_cache,oplus_network_linkpower_module,oplus_data_module,oplus_secure_harden,oplus_security_keventupload,oplus_secure_guard_new,oplus_secure_guard,coresight_tpda,coresight_tgu,coresight_trace_noc,coresight_cti,coresight_qmi,coresight_dummy,coresight_remote_etm,coresight_tpdm,coresight_uetm,coresight_stm,coresight_tmc_sec,f_fs_ipc_log,qcom_iommu_debug,qti_battery_debug,rdbg,stm_heartbeat,stm_p_ost,stm_core,stm_ftrace,stm_console,spmi_pmic_arb_debug
2026-08-19T12:54:16.7569445Z   OP_UNAME: OP-WILD
2026-08-19T12:54:16.7569657Z ##[endgroup]
2026-08-19T12:54:16.7627094Z ##[group]Validate inputs
2026-08-19T12:54:16.7633044Z ✅ Input validation passed
2026-08-19T12:54:16.7633676Z ##[endgroup]
2026-08-19T12:54:16.7639372Z ##[end-action id=build.__run_3;outcome=success;conclusion=success;duration_ms=19]
2026-08-19T12:54:16.7641476Z ##[start-action display=Setup Base Environment;id=build.__run_4]
2026-08-19T12:54:16.7655859Z ##[group]Run set -euo pipefail
2026-08-19T12:54:16.7656147Z [36;1mset -euo pipefail[0m
2026-08-19T12:54:16.7656387Z [36;1mCONFIG="$OP_MODEL"[0m
2026-08-19T12:54:16.7656826Z [36;1mecho "Creating folder for configuration: $CONFIG"[0m
2026-08-19T12:54:16.7657172Z [36;1mmkdir -p "$CONFIG"[0m
2026-08-19T12:54:16.7657435Z [36;1mecho "CONFIG=$CONFIG" >> "$GITHUB_ENV"[0m
2026-08-19T12:54:16.7657736Z [36;1mREPO="/usr/local/bin/repo"[0m
2026-08-19T12:54:16.7658001Z [36;1mif [ ! -x "$REPO" ]; then[0m
2026-08-19T12:54:16.7658409Z [36;1m  curl -s https://storage.googleapis.com/git-repo-downloads/repo -o "$REPO"[0m
2026-08-19T12:54:16.7659107Z [36;1m  chmod +x "$REPO"[0m
2026-08-19T12:54:16.7659337Z [36;1mfi[0m
2026-08-19T12:54:16.7659553Z [36;1mecho "REPO=$REPO" >> "$GITHUB_ENV"[0m
2026-08-19T12:54:16.7694530Z shell: /usr/bin/bash --noprofile --norc -e -o pipefail {0}
2026-08-19T12:54:16.7694863Z env:
2026-08-19T12:54:16.7695203Z   CCACHE_DIR: /home/runner/work/OnePlus_KernelSU_SUSFS/OnePlus_KernelSU_SUSFS/.ccache
2026-08-19T12:54:16.7695616Z   CCACHE_MAXSIZE: 12G
2026-08-19T12:54:16.7695849Z   CCACHE_COMPILERCHECK: content
2026-08-19T12:54:16.7696228Z   CCACHE_BASEDIR: /home/runner/work/OnePlus_KernelSU_SUSFS/OnePlus_KernelSU_SUSFS
2026-08-19T12:54:16.7696622Z   CCACHE_NOHASHDIR: true
2026-08-19T12:54:16.7696979Z   CCACHE_IGNOREOPTIONS: --sysroot*
2026-08-19T12:54:16.7697250Z   CCACHE_COMPRESSION: true
2026-08-19T12:54:16.7697487Z   CCACHE_COMPRESSION_LEVEL: 3
2026-08-19T12:54:16.7697728Z   CCACHE_DIRECT: true
2026-08-19T12:54:16.7697944Z   CCACHE_FILE_CLONE: true
2026-08-19T12:54:16.7698171Z   CCACHE_INODE_CACHE: true
2026-08-19T12:54:16.7698419Z   CCACHE_IS_KERNEL_COMPILING: true
2026-08-19T12:54:16.7698661Z   CCACHE_UMASK: 002
2026-08-19T12:54:16.7699441Z   CCACHE_SLOPPINESS: file_macro,time_macros,include_file_mtime,include_file_ctime,pch_defines,system_headers,locale
2026-08-19T12:54:16.7699959Z   ACTION_REPO: 
2026-08-19T12:54:16.7700161Z   ACTION_REF: 
2026-08-19T12:54:16.7700368Z   OP_MODEL: OP-ACE-3-PRO-6.1.75
2026-08-19T12:54:16.7700608Z   OP_SOC: pineapple
2026-08-19T12:54:16.7700816Z   OP_BRANCH: wild/sm8650
2026-08-19T12:54:16.7701056Z   OP_MANIFEST: oneplus_ace3_pro_6.1.75_v.xml
2026-08-19T12:54:16.7701343Z   OP_ANDROID_VERSION: android14
2026-08-19T12:54:16.7701574Z   OP_KERNEL_VERSION: 6.1
2026-08-19T12:54:16.7701788Z   OP_OS_VERSION: A15
2026-08-19T12:54:16.7701995Z   OP_LTO: thin
2026-08-19T12:54:16.7702190Z   OP_ZYC_COMPILER: 
2026-08-19T12:54:16.7702543Z   OP_C_COMPILER: kernel_platform/prebuilts/clang/host/linux-x86/clang-r487747c/bin
2026-08-19T12:54:16.7702937Z   OP_RUST_COMPILER: 
2026-08-19T12:54:16.7703141Z   OP_BINDGEN: 
2026-08-19T12:54:16.7703331Z   OP_RUST_BUILD: false
2026-08-19T12:54:16.7703550Z   OP_DISK_CLEANUP: false
2026-08-19T12:54:16.7703774Z   OP_HMBIRD: false
2026-08-19T12:54:16.7703972Z   OP_SUSFS: true
2026-08-19T12:54:16.7704170Z   OP_OPT: true
2026-08-19T12:54:16.7704357Z   OP_DS: true
2026-08-19T12:54:16.7704545Z   OP_BBG: true
2026-08-19T12:54:16.7704731Z   OP_BBR: true
2026-08-19T12:54:16.7704920Z   OP_BBR3: true
2026-08-19T12:54:16.7705111Z   OP_TTL: true
2026-08-19T12:54:16.7705297Z   OP_IP_SET: true
2026-08-19T12:54:16.7705500Z   OP_UNICODE: true
2026-08-19T12:54:16.7705701Z   OP_NTSYNC: true
2026-08-19T12:54:16.7707549Z   OP_BLACKLIST_MODULES: kernelsu,oplus_security_guard,oplus_qr_scan,oplus_score,oplus_vip_task,oplus_dns_cache,oplus_network_linkpower_module,oplus_data_module,oplus_secure_harden,oplus_security_keventupload,oplus_secure_guard_new,oplus_secure_guard,coresight_tpda,coresight_tgu,coresight_trace_noc,coresight_cti,coresight_qmi,coresight_dummy,coresight_remote_etm,coresight_tpdm,coresight_uetm,coresight_stm,coresight_tmc_sec,f_fs_ipc_log,qcom_iommu_debug,qti_battery_debug,rdbg,stm_heartbeat,stm_p_ost,stm_core,stm_ftrace,stm_console,spmi_pmic_arb_debug
2026-08-19T12:54:16.7709650Z   OP_UNAME: OP-WILD
2026-08-19T12:54:16.7709859Z ##[endgroup]
2026-08-19T12:54:16.7765068Z Creating folder for configuration: OP-ACE-3-PRO-6.1.75
2026-08-19T12:54:16.8284409Z ##[end-action id=build.__run_4;outcome=success;conclusion=success;duration_ms=64]
2026-08-19T12:54:16.8287035Z ##[start-action display=Optimize Global Git for Repo Tool;id=build.__run_5]
2026-08-19T12:54:16.8302988Z ##[group]Run set -euo pipefail
2026-08-19T12:54:16.8303289Z [36;1mset -euo pipefail[0m
2026-08-19T12:54:16.8303578Z [36;1mgit config --global feature.manyFiles true[0m
2026-08-19T12:54:16.8303921Z [36;1mgit config --global core.fsmonitor true[0m
2026-08-19T12:54:16.8304241Z [36;1mgit config --global pack.sparse true[0m
2026-08-19T12:54:16.8304577Z [36;1mgit config --global http.sslVerify false[0m
2026-08-19T12:54:16.8342651Z shell: /usr/bin/bash --noprofile --norc -e -o pipefail {0}
2026-08-19T12:54:16.8342987Z env:
2026-08-19T12:54:16.8343344Z   CCACHE_DIR: /home/runner/work/OnePlus_KernelSU_SUSFS/OnePlus_KernelSU_SUSFS/.ccache
2026-08-19T12:54:16.8343757Z   CCACHE_MAXSIZE: 12G
2026-08-19T12:54:16.8343993Z   CCACHE_COMPILERCHECK: content
2026-08-19T12:54:16.8344367Z   CCACHE_BASEDIR: /home/runner/work/OnePlus_KernelSU_SUSFS/OnePlus_KernelSU_SUSFS
2026-08-19T12:54:16.8344765Z   CCACHE_NOHASHDIR: true
2026-08-19T12:54:16.8345010Z   CCACHE_IGNOREOPTIONS: --sysroot*
2026-08-19T12:54:16.8345281Z   CCACHE_COMPRESSION: true
2026-08-19T12:54:16.8345522Z   CCACHE_COMPRESSION_LEVEL: 3
2026-08-19T12:54:16.8345759Z   CCACHE_DIRECT: true
2026-08-19T12:54:16.8345977Z   CCACHE_FILE_CLONE: true
2026-08-19T12:54:16.8346206Z   CCACHE_INODE_CACHE: true
2026-08-19T12:54:16.8346444Z   CCACHE_IS_KERNEL_COMPILING: true
2026-08-19T12:54:16.8346697Z   CCACHE_UMASK: 002
2026-08-19T12:54:16.8347149Z   CCACHE_SLOPPINESS: file_macro,time_macros,include_file_mtime,include_file_ctime,pch_defines,system_headers,locale
2026-08-19T12:54:16.8347653Z   ACTION_REPO: 
2026-08-19T12:54:16.8348007Z   ACTION_REF: 
2026-08-19T12:54:16.8348225Z   OP_MODEL: OP-ACE-3-PRO-6.1.75
2026-08-19T12:54:16.8348470Z   OP_SOC: pineapple
2026-08-19T12:54:16.8348686Z   OP_BRANCH: wild/sm8650
2026-08-19T12:54:16.8349075Z   OP_MANIFEST: oneplus_ace3_pro_6.1.75_v.xml
2026-08-19T12:54:16.8349362Z   OP_ANDROID_VERSION: android14
2026-08-19T12:54:16.8349608Z   OP_KERNEL_VERSION: 6.1
2026-08-19T12:54:16.8349840Z   OP_OS_VERSION: A15
2026-08-19T12:54:16.8350066Z   OP_LTO: thin
2026-08-19T12:54:16.8350278Z   OP_ZYC_COMPILER: 
2026-08-19T12:54:16.8350638Z   OP_C_COMPILER: kernel_platform/prebuilts/clang/host/linux-x86/clang-r487747c/bin
2026-08-19T12:54:16.8351038Z   OP_RUST_COMPILER: 
2026-08-19T12:54:16.8351250Z   OP_BINDGEN: 
2026-08-19T12:54:16.8351451Z   OP_RUST_BUILD: false
2026-08-19T12:54:16.8351674Z   OP_DISK_CLEANUP: false
2026-08-19T12:54:16.8351895Z   OP_HMBIRD: false
2026-08-19T12:54:16.8352097Z   OP_SUSFS: true
2026-08-19T12:54:16.8352298Z   OP_OPT: true
2026-08-19T12:54:16.8352494Z   OP_DS: true
2026-08-19T12:54:16.8352700Z   OP_BBG: true
2026-08-19T12:54:16.8352901Z   OP_BBR: true
2026-08-19T12:54:16.8353095Z   OP_BBR3: true
2026-08-19T12:54:16.8353300Z   OP_TTL: true
2026-08-19T12:54:16.8353492Z   OP_IP_SET: true
2026-08-19T12:54:16.8353705Z   OP_UNICODE: true
2026-08-19T12:54:16.8353915Z   OP_NTSYNC: true
2026-08-19T12:54:16.8355772Z   OP_BLACKLIST_MODULES: kernelsu,oplus_security_guard,oplus_qr_scan,oplus_score,oplus_vip_task,oplus_dns_cache,oplus_network_linkpower_module,oplus_data_module,oplus_secure_harden,oplus_security_keventupload,oplus_secure_guard_new,oplus_secure_guard,coresight_tpda,coresight_tgu,coresight_trace_noc,coresight_cti,coresight_qmi,coresight_dummy,coresight_remote_etm,coresight_tpdm,coresight_uetm,coresight_stm,coresight_tmc_sec,f_fs_ipc_log,qcom_iommu_debug,qti_battery_debug,rdbg,stm_heartbeat,stm_p_ost,stm_core,stm_ftrace,stm_console,spmi_pmic_arb_debug
2026-08-19T12:54:16.8357661Z   OP_UNAME: OP-WILD
2026-08-19T12:54:16.8357888Z   CONFIG: OP-ACE-3-PRO-6.1.75
2026-08-19T12:54:16.8358139Z   REPO: /usr/local/bin/repo
2026-08-19T12:54:16.8358376Z ##[endgroup]
2026-08-19T12:54:16.8487414Z ##[end-action id=build.__run_5;outcome=success;conclusion=success;duration_ms=19]
2026-08-19T12:54:16.8489852Z ##[start-action display=Sync Kernel Source;id=build.sync-kernel-source]
2026-08-19T12:54:16.8613152Z Prepare all required actions
2026-08-19T12:54:16.8813340Z ##[group]Run ./.github/actions/kernel-source-sync
2026-08-19T12:54:16.8813845Z with:
2026-08-19T12:54:16.8814086Z   source_location: OP-ACE-3-PRO-6.1.75
2026-08-19T12:54:16.8816670Z   github_token: ***
2026-08-19T12:54:16.8816902Z   debug: false
2026-08-19T12:54:16.8817101Z env:
2026-08-19T12:54:16.8817438Z   CCACHE_DIR: /home/runner/work/OnePlus_KernelSU_SUSFS/OnePlus_KernelSU_SUSFS/.ccache
2026-08-19T12:54:16.8817848Z   CCACHE_MAXSIZE: 12G
2026-08-19T12:54:16.8818078Z   CCACHE_COMPILERCHECK: content
2026-08-19T12:54:16.8818447Z   CCACHE_BASEDIR: /home/runner/work/OnePlus_KernelSU_SUSFS/OnePlus_KernelSU_SUSFS
2026-08-19T12:54:16.8818980Z   CCACHE_NOHASHDIR: true
2026-08-19T12:54:16.8819224Z   CCACHE_IGNOREOPTIONS: --sysroot*
2026-08-19T12:54:16.8819488Z   CCACHE_COMPRESSION: true
2026-08-19T12:54:16.8819722Z   CCACHE_COMPRESSION_LEVEL: 3
2026-08-19T12:54:16.8819957Z   CCACHE_DIRECT: true
2026-08-19T12:54:16.8820173Z   CCACHE_FILE_CLONE: true
2026-08-19T12:54:16.8820399Z   CCACHE_INODE_CACHE: true
2026-08-19T12:54:16.8820626Z   CCACHE_IS_KERNEL_COMPILING: true
2026-08-19T12:54:16.8820875Z   CCACHE_UMASK: 002
2026-08-19T12:54:16.8821324Z   CCACHE_SLOPPINESS: file_macro,time_macros,include_file_mtime,include_file_ctime,pch_defines,system_headers,locale
2026-08-19T12:54:16.8821827Z   ACTION_REPO: 
2026-08-19T12:54:16.8822025Z   ACTION_REF: 
2026-08-19T12:54:16.8822237Z   OP_MODEL: OP-ACE-3-PRO-6.1.75
2026-08-19T12:54:16.8822485Z   OP_SOC: pineapple
2026-08-19T12:54:16.8822693Z   OP_BRANCH: wild/sm8650
2026-08-19T12:54:16.8822940Z   OP_MANIFEST: oneplus_ace3_pro_6.1.75_v.xml
2026-08-19T12:54:16.8823222Z   OP_ANDROID_VERSION: android14
2026-08-19T12:54:16.8823622Z   OP_KERNEL_VERSION: 6.1
2026-08-19T12:54:16.8823838Z   OP_OS_VERSION: A15
2026-08-19T12:54:16.8824045Z   OP_LTO: thin
2026-08-19T12:54:16.8824242Z   OP_ZYC_COMPILER: 
2026-08-19T12:54:16.8824586Z   OP_C_COMPILER: kernel_platform/prebuilts/clang/host/linux-x86/clang-r487747c/bin
2026-08-19T12:54:16.8824976Z   OP_RUST_COMPILER: 
2026-08-19T12:54:16.8825181Z   OP_BINDGEN: 
2026-08-19T12:54:16.8825377Z   OP_RUST_BUILD: false
2026-08-19T12:54:16.8825598Z   OP_DISK_CLEANUP: false
2026-08-19T12:54:16.8825817Z   OP_HMBIRD: false
2026-08-19T12:54:16.8826017Z   OP_SUSFS: true
2026-08-19T12:54:16.8826211Z   OP_OPT: true
2026-08-19T12:54:16.8826396Z   OP_DS: true
2026-08-19T12:54:16.8826584Z   OP_BBG: true
2026-08-19T12:54:16.8826773Z   OP_BBR: true
2026-08-19T12:54:16.8826962Z   OP_BBR3: true
2026-08-19T12:54:16.8827154Z   OP_TTL: true
2026-08-19T12:54:16.8827347Z   OP_IP_SET: true
2026-08-19T12:54:16.8827548Z   OP_UNICODE: true
2026-08-19T12:54:16.8827745Z   OP_NTSYNC: true
2026-08-19T12:54:16.8829948Z   OP_BLACKLIST_MODULES: kernelsu,oplus_security_guard,oplus_qr_scan,oplus_score,oplus_vip_task,oplus_dns_cache,oplus_network_linkpower_module,oplus_data_module,oplus_secure_harden,oplus_security_keventupload,oplus_secure_guard_new,oplus_secure_guard,coresight_tpda,coresight_tgu,coresight_trace_noc,coresight_cti,coresight_qmi,coresight_dummy,coresight_remote_etm,coresight_tpdm,coresight_uetm,coresight_stm,coresight_tmc_sec,f_fs_ipc_log,qcom_iommu_debug,qti_battery_debug,rdbg,stm_heartbeat,stm_p_ost,stm_core,stm_ftrace,stm_console,spmi_pmic_arb_debug
2026-08-19T12:54:16.8831882Z   OP_UNAME: OP-WILD
2026-08-19T12:54:16.8832106Z   CONFIG: OP-ACE-3-PRO-6.1.75
2026-08-19T12:54:16.8832354Z   REPO: /usr/local/bin/repo
2026-08-19T12:54:16.8832580Z ##[endgroup]
2026-08-19T12:54:16.8837213Z ##[start-action display=Download and Prepare Manifest;id=build.sync-kernel-source.__run]
2026-08-19T12:54:16.8852793Z ##[group]Run # Download and Prepare Manifest
2026-08-19T12:54:16.8853141Z [36;1m# Download and Prepare Manifest[0m
2026-08-19T12:54:16.8853469Z [36;1mif [[ "$OP_MANIFEST" == https://* ]]; then[0m
2026-08-19T12:54:16.8853940Z [36;1m  curl --fail --show-error --location --proto '=https' "$OP_MANIFEST" -o manifest.xml[0m
2026-08-19T12:54:16.8854399Z [36;1melif [[ "$OP_BRANCH" == wild/* ]]; then[0m
2026-08-19T12:54:16.8854866Z [36;1m  cp "../manifests/$(echo "$OP_OS_VERSION" | tr '[:upper:]' '[:lower:]')/$OP_MANIFEST" manifest.xml[0m
2026-08-19T12:54:16.8855440Z [36;1melse[0m
2026-08-19T12:54:16.8856092Z [36;1m  curl --fail --show-error --location --proto '=https' "https://raw.githubusercontent.com/OnePlusOSS/kernel_manifest/refs/heads/$OP_BRANCH/$OP_MANIFEST" -o manifest.xml[0m
2026-08-19T12:54:16.8856770Z [36;1mfi[0m
2026-08-19T12:54:16.8895266Z shell: /usr/bin/bash --noprofile --norc -e -o pipefail {0}
2026-08-19T12:54:16.8895598Z env:
2026-08-19T12:54:16.8895939Z   CCACHE_DIR: /home/runner/work/OnePlus_KernelSU_SUSFS/OnePlus_KernelSU_SUSFS/.ccache
2026-08-19T12:54:16.8896350Z   CCACHE_MAXSIZE: 12G
2026-08-19T12:54:16.8896590Z   CCACHE_COMPILERCHECK: content
2026-08-19T12:54:16.8896964Z   CCACHE_BASEDIR: /home/runner/work/OnePlus_KernelSU_SUSFS/OnePlus_KernelSU_SUSFS
2026-08-19T12:54:16.8897358Z   CCACHE_NOHASHDIR: true
2026-08-19T12:54:16.8897600Z   CCACHE_IGNOREOPTIONS: --sysroot*
2026-08-19T12:54:16.8897856Z   CCACHE_COMPRESSION: true
2026-08-19T12:54:16.8898091Z   CCACHE_COMPRESSION_LEVEL: 3
2026-08-19T12:54:16.8898329Z   CCACHE_DIRECT: true
2026-08-19T12:54:16.8898547Z   CCACHE_FILE_CLONE: true
2026-08-19T12:54:16.8898771Z   CCACHE_INODE_CACHE: true
2026-08-19T12:54:16.8899110Z   CCACHE_IS_KERNEL_COMPILING: true
2026-08-19T12:54:16.8899354Z   CCACHE_UMASK: 002
2026-08-19T12:54:16.8899806Z   CCACHE_SLOPPINESS: file_macro,time_macros,include_file_mtime,include_file_ctime,pch_defines,system_headers,locale
2026-08-19T12:54:16.8900305Z   ACTION_REPO: 
2026-08-19T12:54:16.8900500Z   ACTION_REF: 
2026-08-19T12:54:16.8900713Z   OP_MODEL: OP-ACE-3-PRO-6.1.75
2026-08-19T12:54:16.8900951Z   OP_SOC: pineapple
2026-08-19T12:54:16.8901297Z   OP_BRANCH: wild/sm8650
2026-08-19T12:54:16.8901542Z   OP_MANIFEST: oneplus_ace3_pro_6.1.75_v.xml
2026-08-19T12:54:16.8901824Z   OP_ANDROID_VERSION: android14
2026-08-19T12:54:16.8902054Z   OP_KERNEL_VERSION: 6.1
2026-08-19T12:54:16.8902266Z   OP_OS_VERSION: A15
2026-08-19T12:54:16.8902470Z   OP_LTO: thin
2026-08-19T12:54:16.8902661Z   OP_ZYC_COMPILER: 
2026-08-19T12:54:16.8903014Z   OP_C_COMPILER: kernel_platform/prebuilts/clang/host/linux-x86/clang-r487747c/bin
2026-08-19T12:54:16.8903411Z   OP_RUST_COMPILER: 
2026-08-19T12:54:16.8903632Z   OP_BINDGEN: 
2026-08-19T12:54:16.8903824Z   OP_RUST_BUILD: false
2026-08-19T12:54:16.8904047Z   OP_DISK_CLEANUP: false
2026-08-19T12:54:16.8904269Z   OP_HMBIRD: false
2026-08-19T12:54:16.8904476Z   OP_SUSFS: true
2026-08-19T12:54:16.8904683Z   OP_OPT: true
2026-08-19T12:54:16.8904877Z   OP_DS: true
2026-08-19T12:54:16.8905066Z   OP_BBG: true
2026-08-19T12:54:16.8905256Z   OP_BBR: true
2026-08-19T12:54:16.8905448Z   OP_BBR3: true
2026-08-19T12:54:16.8905650Z   OP_TTL: true
2026-08-19T12:54:16.8905840Z   OP_IP_SET: true
2026-08-19T12:54:16.8906042Z   OP_UNICODE: true
2026-08-19T12:54:16.8906245Z   OP_NTSYNC: true
2026-08-19T12:54:16.8908104Z   OP_BLACKLIST_MODULES: kernelsu,oplus_security_guard,oplus_qr_scan,oplus_score,oplus_vip_task,oplus_dns_cache,oplus_network_linkpower_module,oplus_data_module,oplus_secure_harden,oplus_security_keventupload,oplus_secure_guard_new,oplus_secure_guard,coresight_tpda,coresight_tgu,coresight_trace_noc,coresight_cti,coresight_qmi,coresight_dummy,coresight_remote_etm,coresight_tpdm,coresight_uetm,coresight_stm,coresight_tmc_sec,f_fs_ipc_log,qcom_iommu_debug,qti_battery_debug,rdbg,stm_heartbeat,stm_p_ost,stm_core,stm_ftrace,stm_console,spmi_pmic_arb_debug
2026-08-19T12:54:16.8910374Z   OP_UNAME: OP-WILD
2026-08-19T12:54:16.8910615Z   CONFIG: OP-ACE-3-PRO-6.1.75
2026-08-19T12:54:16.8910872Z   REPO: /usr/local/bin/repo
2026-08-19T12:54:16.8911103Z ##[endgroup]
2026-08-19T12:54:16.9009666Z ##[end-action id=build.sync-kernel-source.__run;outcome=success;conclusion=success;duration_ms=17]
2026-08-19T12:54:16.9013262Z ##[start-action display=Download Manifest Archives;id=build.sync-kernel-source.__run_2]
2026-08-19T12:54:16.9028181Z ##[group]Run # Download Manifest Archives
2026-08-19T12:54:16.9028721Z [36;1m# Download Manifest Archives[0m
2026-08-19T12:54:16.9029266Z [36;1mimport xml.etree.ElementTree as ET[0m
2026-08-19T12:54:16.9029561Z [36;1mimport subprocess[0m
2026-08-19T12:54:16.9029985Z [36;1mimport os, shutil[0m
2026-08-19T12:54:16.9030220Z [36;1mimport time[0m
2026-08-19T12:54:16.9030432Z [36;1mimport glob[0m
2026-08-19T12:54:16.9030707Z [36;1mfrom concurrent.futures import ThreadPoolExecutor[0m
2026-08-19T12:54:16.9031038Z [36;1mimport requests[0m
2026-08-19T12:54:16.9031262Z [36;1m[0m
2026-08-19T12:54:16.9031490Z [36;1mMAX_WORKERS = (os.cpu_count() or 2) * 4[0m
2026-08-19T12:54:16.9031915Z [36;1mNPROC = int(subprocess.check_output("nproc", shell=True).strip())[0m
2026-08-19T12:54:16.9032367Z [36;1mTARGET_REPO = "WildKernels/OnePlus_KernelSU_SUSFS"[0m
2026-08-19T12:54:16.9032692Z [36;1mTOOLCHAIN_MAP = {[0m
2026-08-19T12:54:16.9032955Z [36;1m    "clang/host/linux-x86": "clang",[0m
2026-08-19T12:54:16.9033251Z [36;1m    "prebuilts/rust": "rust",[0m
2026-08-19T12:54:16.9033600Z [36;1m    "prebuilts/clang-tools": "clang-tools",[0m
2026-08-19T12:54:16.9033962Z [36;1m    "kernel/prebuilts/build-tools": "build-tools",[0m
2026-08-19T12:54:16.9034297Z [36;1m    "AnyKernel3": "AnyKernel3"[0m
2026-08-19T12:54:16.9034561Z [36;1m}[0m
2026-08-19T12:54:16.9034839Z [36;1mDEBUG = os.environ.get("DEBUG", "false").lower() == "true"[0m
2026-08-19T12:54:16.9035306Z [36;1maria_quiet_flags = "--quiet --summary-interval=0" if not DEBUG else ""[0m
2026-08-19T12:54:16.9035674Z [36;1m[0m
2026-08-19T12:54:16.9035873Z [36;1mcurl_headers = ([0m
2026-08-19T12:54:16.9036406Z [36;1m    "-H 'User-Agent: Mozilla/5.0 (Windows NT 10.0; Win64; x64) AppleWebKit/537.36 (KHTML, like Gecko) Chrome/120.0.0.0 Safari/537.36' "[0m
2026-08-19T12:54:16.9037097Z [36;1m    "-H 'Accept: */*' "[0m
2026-08-19T12:54:16.9037369Z [36;1m    "-H 'Connection: keep-alive' "[0m
2026-08-19T12:54:16.9037657Z [36;1m    "--tcp-fastopen"[0m
2026-08-19T12:54:16.9037891Z [36;1m)[0m
2026-08-19T12:54:16.9038082Z [36;1m[0m
2026-08-19T12:54:16.9038289Z [36;1maria2_headers = ([0m
2026-08-19T12:54:16.9039018Z [36;1m    "--header='User-Agent: Mozilla/5.0 (Windows NT 10.0; Win64; x64) AppleWebKit/537.36 (KHTML, like Gecko) Chrome/120.0.0.0 Safari/537.36' "[0m
2026-08-19T12:54:16.9039586Z [36;1m    "--header='Accept: */*' "[0m
2026-08-19T12:54:16.9039876Z [36;1m    "--header='Connection: keep-alive' "[0m
2026-08-19T12:54:16.9040157Z [36;1m)[0m
2026-08-19T12:54:16.9040343Z [36;1m[0m
2026-08-19T12:54:16.9040578Z [36;1mprint("::group::Download Manifest Archives")[0m
2026-08-19T12:54:16.9040866Z [36;1m[0m
2026-08-19T12:54:16.9041062Z [36;1mdef sync_project(task):[0m
2026-08-19T12:54:16.9041351Z [36;1m    name, path, url, strip, rev = task[0m
2026-08-19T12:54:16.9041675Z [36;1m    if path not in ["./", "."]:[0m
2026-08-19T12:54:16.9041984Z [36;1m        os.makedirs(path, exist_ok=True)[0m
2026-08-19T12:54:16.9042266Z [36;1m    [0m
2026-08-19T12:54:16.9042481Z [36;1m    start_time = time.time()[0m
2026-08-19T12:54:16.9042748Z [36;1m    MAX_ATTEMPTS = 3[0m
2026-08-19T12:54:16.9043033Z [36;1m    for attempt in range(1, MAX_ATTEMPTS + 1):[0m
2026-08-19T12:54:16.9043414Z [36;1m        shm_workspace = f"/dev/shm/sync_{hash(name) % 1000000}"[0m
2026-08-19T12:54:16.9043788Z [36;1m        if os.path.exists(shm_workspace):[0m
2026-08-19T12:54:16.9044144Z [36;1m            shutil.rmtree(shm_workspace, ignore_errors=True)[0m
2026-08-19T12:54:16.9044526Z [36;1m        os.makedirs(shm_workspace, exist_ok=True)[0m
2026-08-19T12:54:16.9044832Z [36;1m        [0m
2026-08-19T12:54:16.9045075Z [36;1m        print(f"Syncing: {name} -> {path}")[0m
2026-08-19T12:54:16.9045386Z [36;1m        print(f"  [PENDING] {name}")[0m
2026-08-19T12:54:16.9045669Z [36;1m        try:[0m
2026-08-19T12:54:16.9045892Z [36;1m            label = None[0m
2026-08-19T12:54:16.9046208Z [36;1m            for repo_key, type_label in TOOLCHAIN_MAP.items():[0m
2026-08-19T12:54:16.9046555Z [36;1m                if repo_key in name:[0m
2026-08-19T12:54:16.9046842Z [36;1m                    label = type_label[0m
2026-08-19T12:54:16.9047121Z [36;1m                    break[0m
2026-08-19T12:54:16.9047514Z [36;1m            [0m
2026-08-19T12:54:16.9047755Z [36;1m            found_in_cache = False[0m
2026-08-19T12:54:16.9048040Z [36;1m            if label:[0m
2026-08-19T12:54:16.9048334Z [36;1m                base_filename = f"{label}-{rev}.tar.gz"[0m
2026-08-19T12:54:16.9049000Z [36;1m                BASE_URL = f"https://github.com/{TARGET_REPO}/releases/download/toolchain-cache"[0m
2026-08-19T12:54:16.9049495Z [36;1m                [0m
2026-08-19T12:54:16.9050057Z [36;1m                check_single = f"curl -IsL {curl_headers} --retry 10 --connect-timeout 30 -o /dev/null -w '%{{http_code}}' {BASE_URL}/{base_filename}"[0m
2026-08-19T12:54:16.9050793Z [36;1m                if subprocess.check_output(check_single, shell=True).decode().strip() == "200":[0m
2026-08-19T12:54:16.9051358Z [36;1m                    if DEBUG: print(f"  [CACHE] Downloading single file: {base_filename}")[0m
2026-08-19T12:54:16.9052256Z [36;1m                    aria_cmd = f"aria2c -x16 -s16 -k1M -j16 --retry-wait=5 --max-tries=10 -d {shm_workspace} --file-allocation=none {aria_quiet_flags} {aria2_headers} -o {base_filename} {BASE_URL}/{base_filename}"[0m
2026-08-19T12:54:16.9053139Z [36;1m                    subprocess.run(aria_cmd, shell=True, check=True, capture_output=not DEBUG)[0m
2026-08-19T12:54:16.9053574Z [36;1m                    found_in_cache = True[0m
2026-08-19T12:54:16.9053864Z [36;1m                else:[0m
2026-08-19T12:54:16.9054288Z [36;1m                    if DEBUG: print(f"  [CACHE] Single file not found, checking parts for {base_filename}...")[0m
2026-08-19T12:54:16.9054911Z [36;1m                    parts_to_download = [][0m
2026-08-19T12:54:16.9055309Z [36;1m                    for suffix in [f"a{c}" for c in "abcdefghijklmnopqrstuvwxyz"]:[0m
2026-08-19T12:54:16.9055753Z [36;1m                        part_name = f"{base_filename}.part{suffix}"[0m
2026-08-19T12:54:16.9056389Z [36;1m                        check_part = f"curl -IsL {curl_headers} --retry 10 --connect-timeout 30 -o /dev/null -w '%{{http_code}}' {BASE_URL}/{part_name}"[0m
2026-08-19T12:54:16.9057105Z [36;1m                        if subprocess.check_output(check_part, shell=True).decode().strip() == "200":[0m
2026-08-19T12:54:16.9057625Z [36;1m                            parts_to_download.append(f"{BASE_URL}/{part_name}")[0m
2026-08-19T12:54:16.9057985Z [36;1m                        else:[0m
2026-08-19T12:54:16.9058250Z [36;1m                            break[0m
2026-08-19T12:54:16.9058517Z [36;1m                    [0m
2026-08-19T12:54:16.9058953Z [36;1m                    if parts_to_download:[0m
2026-08-19T12:54:16.9059498Z [36;1m                        if DEBUG: print(f"  [CACHE] Found {len(parts_to_download)} parts. Downloading...")[0m
2026-08-19T12:54:16.9059944Z [36;1m                        [0m
2026-08-19T12:54:16.9060255Z [36;1m                        input_file_path = f"{base_filename}.urls"[0m
2026-08-19T12:54:16.9060626Z [36;1m                        with open(input_file_path, "w") as f:[0m
2026-08-19T12:54:16.9060993Z [36;1m                            for part_url in parts_to_download:[0m
2026-08-19T12:54:16.9061372Z [36;1m                                p_suffix = part_url.split('.part')[-1][0m
2026-08-19T12:54:16.9061767Z [36;1m                                p_name = f"{base_filename}.part{p_suffix}"[0m
2026-08-19T12:54:16.9062159Z [36;1m                                f.write(f"{part_url}\n  out={p_name}\n")[0m
2026-08-19T12:54:16.9062500Z [36;1m                        [0m
2026-08-19T12:54:16.9062762Z [36;1m                        aria_bulk_cmd = ([0m
2026-08-19T12:54:16.9063290Z [36;1m                            f"aria2c -x16 -s16 -k1M -j16 --retry-wait=5 --max-tries=10 -d {shm_workspace} --file-allocation=none "[0m
2026-08-19T12:54:16.9063833Z [36;1m                            f"{aria_quiet_flags} {aria2_headers} "[0m
2026-08-19T12:54:16.9064196Z [36;1m                            f"--input-file={input_file_path}"[0m
2026-08-19T12:54:16.9064656Z [36;1m                        )[0m
2026-08-19T12:54:16.9064902Z [36;1m                        [0m
2026-08-19T12:54:16.9065317Z [36;1m                        subprocess.run(aria_bulk_cmd, shell=True, check=True, capture_output=not DEBUG)[0m
2026-08-19T12:54:16.9065789Z [36;1m                        os.remove(input_file_path)[0m
2026-08-19T12:54:16.9066119Z [36;1m                        found_in_cache = True[0m
2026-08-19T12:54:16.9066465Z [36;1m                    [0m
2026-08-19T12:54:16.9066830Z [36;1m                if not found_in_cache:[0m
2026-08-19T12:54:16.9067299Z [36;1m                    print(f"::warning:: Toolchain {base_filename} not in release cache - direct download")[0m
2026-08-19T12:54:16.9067737Z [36;1m            [0m
2026-08-19T12:54:16.9067964Z [36;1m            if found_in_cache:[0m
2026-08-19T12:54:16.9068340Z [36;1m                parts = sorted(glob.glob(os.path.join(shm_workspace, f"*.part*")))[0m
2026-08-19T12:54:16.9069119Z [36;1m                source = f"cat {' '.join(parts)} | " if parts else f"cat {os.path.join(shm_workspace, base_filename)} | "[0m
2026-08-19T12:54:16.9069838Z [36;1m                extract_cmd = f"{source} tar -I 'pigz -p {NPROC} -b 256' -x --record-size=1M --no-same-owner -C {path} {strip}"[0m
2026-08-19T12:54:16.9070414Z [36;1m                subprocess.run(extract_cmd, shell=True, check=True)[0m
2026-08-19T12:54:16.9070763Z [36;1m            else:[0m
2026-08-19T12:54:16.9071039Z [36;1m                direct_file = f"dynamic_file.tar.gz"[0m
2026-08-19T12:54:16.9071439Z [36;1m                archive_path = os.path.join(shm_workspace, direct_file)[0m
2026-08-19T12:54:16.9072373Z [36;1m                aria_cmd = f"aria2c -x16 -s16 -k1M -j16 --allow-overwrite=true --retry-wait=5 --max-tries=10 -d {shm_workspace} -o {direct_file} {aria_quiet_flags} {aria2_headers} '{url}'"[0m
2026-08-19T12:54:16.9073103Z [36;1m                if DEBUG: print(f"  [DIRECT] Fetching: {url}")[0m
2026-08-19T12:54:16.9073580Z [36;1m                subprocess.run(aria_cmd, shell=True, check=True, capture_output=not DEBUG)[0m
2026-08-19T12:54:16.9074202Z [36;1m                extract_cmd = f"tar -I 'pigz -p {NPROC} -b 256' -x --record-size=1M -f {archive_path} -C {path} {strip}"[0m
2026-08-19T12:54:16.9074762Z [36;1m                subprocess.run(extract_cmd, shell=True, check=True)[0m
2026-08-19T12:54:16.9075099Z [36;1m            [0m
2026-08-19T12:54:16.9075356Z [36;1m            duration = time.time() - start_time[0m
2026-08-19T12:54:16.9075730Z [36;1m            print(f"Synced {name} successfully! ({duration:.2f}s)")[0m
2026-08-19T12:54:16.9076068Z [36;1m            return True[0m
2026-08-19T12:54:16.9076372Z [36;1m        except subprocess.CalledProcessError as e:[0m
2026-08-19T12:54:16.9076909Z [36;1m            print(f"  [RETRY {attempt}/{MAX_ATTEMPTS}] {name} failed with exit code {e.returncode}. Command: {e.cmd}")[0m
2026-08-19T12:54:16.9077463Z [36;1m            print(f"  [ERROR] Command failed for {name}: {e.cmd}")[0m
2026-08-19T12:54:16.9077919Z [36;1m            print(f"   Stderr: {e.stderr.decode() if e.stderr else 'No stderr'}")[0m
2026-08-19T12:54:16.9078319Z [36;1m            if attempt < MAX_ATTEMPTS:[0m
2026-08-19T12:54:16.9078613Z [36;1m                time.sleep(5)[0m
2026-08-19T12:54:16.9079085Z [36;1m        except Exception as e:[0m
2026-08-19T12:54:16.9079560Z [36;1m            print(f"  [RETRY {attempt}/{MAX_ATTEMPTS}] {name} failed with exit code {e.returncode}. Command: {e.cmd}")[0m
2026-08-19T12:54:16.9080076Z [36;1m            print(f"  [ERROR] Failed to sync {name}")[0m
2026-08-19T12:54:16.9080405Z [36;1m            if attempt < MAX_ATTEMPTS:[0m
2026-08-19T12:54:16.9080683Z [36;1m                time.sleep(5)[0m
2026-08-19T12:54:16.9080938Z [36;1m        finally:[0m
2026-08-19T12:54:16.9081205Z [36;1m            if os.path.exists(shm_workspace):[0m
2026-08-19T12:54:16.9081575Z [36;1m                shutil.rmtree(shm_workspace, ignore_errors=True)[0m
2026-08-19T12:54:16.9081920Z [36;1m    return False[0m
2026-08-19T12:54:16.9082285Z [36;1m[0m
2026-08-19T12:54:16.9082495Z [36;1mglobal_start = time.time()[0m
2026-08-19T12:54:16.9082745Z [36;1m[0m
2026-08-19T12:54:16.9082961Z [36;1mwith open('manifest.xml', 'r') as f:[0m
2026-08-19T12:54:16.9083260Z [36;1m    manifest_content = f.read()[0m
2026-08-19T12:54:16.9083516Z [36;1m[0m
2026-08-19T12:54:16.9083733Z [36;1mroot = ET.fromstring(manifest_content)[0m
2026-08-19T12:54:16.9084031Z [36;1mtop_dir = os.getcwd()[0m
2026-08-19T12:54:16.9084262Z [36;1m[0m
2026-08-19T12:54:16.9084593Z [36;1mremotes = {r.get('name'): r.get('fetch').rstrip('/') for r in root.findall('remote')}[0m
2026-08-19T12:54:16.9085017Z [36;1mdefault = root.find('default')[0m
2026-08-19T12:54:16.9085390Z [36;1mdef_remote = default.get('remote') if default is not None else None[0m
2026-08-19T12:54:16.9085857Z [36;1mdef_rev = default.get('revision') if default is not None else None[0m
2026-08-19T12:54:16.9086202Z [36;1m[0m
2026-08-19T12:54:16.9086394Z [36;1msync_tasks = [][0m
2026-08-19T12:54:16.9086637Z [36;1mpost_process_data = [][0m
2026-08-19T12:54:16.9086874Z [36;1m[0m
2026-08-19T12:54:16.9087094Z [36;1mfor project in root.findall('project'):[0m
2026-08-19T12:54:16.9087399Z [36;1m    name = project.get('name')[0m
2026-08-19T12:54:16.9087688Z [36;1m    path = project.get('path', name)[0m
2026-08-19T12:54:16.9088021Z [36;1m    remote_name = project.get('remote', def_remote)[0m
2026-08-19T12:54:16.9088375Z [36;1m    rev = project.get('revision', def_rev)[0m
2026-08-19T12:54:16.9088684Z [36;1m    base_url = remotes.get(remote_name)[0m
2026-08-19T12:54:16.9089308Z [36;1m    [0m
2026-08-19T12:54:16.9089514Z [36;1m    if not base_url: continue[0m
2026-08-19T12:54:16.9089764Z [36;1m    [0m
2026-08-19T12:54:16.9089968Z [36;1m    if "github.com" in base_url:[0m
2026-08-19T12:54:16.9090288Z [36;1m        url = f"{base_url}/{name}/archive/{rev}.tar.gz"[0m
2026-08-19T12:54:16.9090626Z [36;1m        strip = "--strip-components=1"[0m
2026-08-19T12:54:16.9090942Z [36;1m    elif "googlesource.com" in base_url:[0m
2026-08-19T12:54:16.9091282Z [36;1m        url = f"{base_url}/{name}/+archive/{rev}.tar.gz"[0m
2026-08-19T12:54:16.9091593Z [36;1m        strip = ""[0m
2026-08-19T12:54:16.9091859Z [36;1m    elif "git.codelinaro.org" in base_url:[0m
2026-08-19T12:54:16.9092195Z [36;1m        url = f"{base_url}/{name}/-/archive/{rev}.tar.gz"[0m
2026-08-19T12:54:16.9092529Z [36;1m        strip = "--strip-components=1"[0m
2026-08-19T12:54:16.9092808Z [36;1m    else:[0m
2026-08-19T12:54:16.9093025Z [36;1m        continue[0m
2026-08-19T12:54:16.9093250Z [36;1m    [0m
2026-08-19T12:54:16.9093511Z [36;1m    sync_tasks.append((name, path, url, strip, rev))[0m
2026-08-19T12:54:16.9093824Z [36;1m    [0m
2026-08-19T12:54:16.9094037Z [36;1m    for child in project:[0m
2026-08-19T12:54:16.9094343Z [36;1m        if child.tag in ['linkfile', 'copyfile']:[0m
2026-08-19T12:54:16.9094700Z [36;1m            post_process_data.append((path, child))[0m
2026-08-19T12:54:16.9095006Z [36;1m[0m
2026-08-19T12:54:16.9095197Z [36;1mif DEBUG:[0m
2026-08-19T12:54:16.9095527Z [36;1m    print(f"Starting parallel sync of {len(sync_tasks)} projects...")[0m
2026-08-19T12:54:16.9095998Z [36;1mwith ThreadPoolExecutor(max_workers=MAX_WORKERS) as executor:[0m
2026-08-19T12:54:16.9096451Z [36;1m    success_list = list(executor.map(sync_project, sync_tasks))[0m
2026-08-19T12:54:16.9096798Z [36;1m    [0m
2026-08-19T12:54:16.9097006Z [36;1m    if not all(success_list):[0m
2026-08-19T12:54:16.9097337Z [36;1m        print("::error::One or more projects failed to sync!")[0m
2026-08-19T12:54:16.9097681Z [36;1m        print("::endgroup::")[0m
2026-08-19T12:54:16.9097933Z [36;1m        exit(1)[0m
2026-08-19T12:54:16.9098151Z [36;1m[0m
2026-08-19T12:54:16.9098395Z [36;1mprint("Processing linkfiles and copyfiles...")[0m
2026-08-19T12:54:16.9098737Z [36;1mfor path, child in post_process_data:[0m
2026-08-19T12:54:16.9099223Z [36;1m    src_rel = child.get('src')[0m
2026-08-19T12:54:16.9099654Z [36;1m    dest_rel = child.get('dest')[0m
2026-08-19T12:54:16.9099959Z [36;1m    if not src_rel or not dest_rel: continue[0m
2026-08-19T12:54:16.9100241Z [36;1m    [0m
2026-08-19T12:54:16.9100491Z [36;1m    src_path = os.path.join(top_dir, path, src_rel)[0m
2026-08-19T12:54:16.9100840Z [36;1m    dest_path = os.path.join(top_dir, dest_rel)[0m
2026-08-19T12:54:16.9101216Z [36;1m    os.makedirs(os.path.dirname(dest_path), exist_ok=True)[0m
2026-08-19T12:54:16.9101543Z [36;1m    [0m
2026-08-19T12:54:16.9101753Z [36;1m    if child.tag == 'linkfile':[0m
2026-08-19T12:54:16.9102091Z [36;1m        if os.path.lexists(dest_path): os.remove(dest_path)[0m
2026-08-19T12:54:16.9102528Z [36;1m        rel_target = os.path.relpath(src_path, os.path.dirname(dest_path))[0m
2026-08-19T12:54:16.9102935Z [36;1m        os.symlink(rel_target, dest_path)[0m
2026-08-19T12:54:16.9103268Z [36;1m        print(f"  [Link] {dest_rel} -> {src_rel}")[0m
2026-08-19T12:54:16.9103619Z [36;1m    elif child.tag == 'copyfile':[0m
2026-08-19T12:54:16.9103973Z [36;1m        shutil.copy2(src_path, dest_path)[0m
2026-08-19T12:54:16.9104304Z [36;1m        print(f"  [Copy] {dest_rel} from {src_rel}")[0m
2026-08-19T12:54:16.9104602Z [36;1m[0m
2026-08-19T12:54:16.9104792Z [36;1m[0m
2026-08-19T12:54:16.9105022Z [36;1mtotal_duration = time.time() - global_start[0m
2026-08-19T12:54:16.9105347Z [36;1mminutes = int(total_duration // 60)[0m
2026-08-19T12:54:16.9105637Z [36;1mseconds = total_duration % 60[0m
2026-08-19T12:54:16.9105983Z [36;1mprint(f"Kernel Sync completed in {minutes}m {seconds:.2f}s")[0m
2026-08-19T12:54:16.9106474Z [36;1mprint("::endgroup::")[0m
2026-08-19T12:54:16.9130390Z shell: /usr/bin/python {0}
2026-08-19T12:54:16.9130640Z env:
2026-08-19T12:54:16.9130999Z   CCACHE_DIR: /home/runner/work/OnePlus_KernelSU_SUSFS/OnePlus_KernelSU_SUSFS/.ccache
2026-08-19T12:54:16.9131420Z   CCACHE_MAXSIZE: 12G
2026-08-19T12:54:16.9131657Z   CCACHE_COMPILERCHECK: content
2026-08-19T12:54:16.9132047Z   CCACHE_BASEDIR: /home/runner/work/OnePlus_KernelSU_SUSFS/OnePlus_KernelSU_SUSFS
2026-08-19T12:54:16.9132483Z   CCACHE_NOHASHDIR: true
2026-08-19T12:54:16.9132735Z   CCACHE_IGNOREOPTIONS: --sysroot*
2026-08-19T12:54:16.9133003Z   CCACHE_COMPRESSION: true
2026-08-19T12:54:16.9133247Z   CCACHE_COMPRESSION_LEVEL: 3
2026-08-19T12:54:16.9133487Z   CCACHE_DIRECT: true
2026-08-19T12:54:16.9133705Z   CCACHE_FILE_CLONE: true
2026-08-19T12:54:16.9133931Z   CCACHE_INODE_CACHE: true
2026-08-19T12:54:16.9134168Z   CCACHE_IS_KERNEL_COMPILING: true
2026-08-19T12:54:16.9134423Z   CCACHE_UMASK: 002
2026-08-19T12:54:16.9134884Z   CCACHE_SLOPPINESS: file_macro,time_macros,include_file_mtime,include_file_ctime,pch_defines,system_headers,locale
2026-08-19T12:54:16.9135402Z   ACTION_REPO: 
2026-08-19T12:54:16.9135604Z   ACTION_REF: 
2026-08-19T12:54:16.9135823Z   OP_MODEL: OP-ACE-3-PRO-6.1.75
2026-08-19T12:54:16.9136069Z   OP_SOC: pineapple
2026-08-19T12:54:16.9136281Z   OP_BRANCH: wild/sm8650
2026-08-19T12:54:16.9136534Z   OP_MANIFEST: oneplus_ace3_pro_6.1.75_v.xml
2026-08-19T12:54:16.9136824Z   OP_ANDROID_VERSION: android14
2026-08-19T12:54:16.9137062Z   OP_KERNEL_VERSION: 6.1
2026-08-19T12:54:16.9137284Z   OP_OS_VERSION: A15
2026-08-19T12:54:16.9137497Z   OP_LTO: thin
2026-08-19T12:54:16.9137698Z   OP_ZYC_COMPILER: 
2026-08-19T12:54:16.9138049Z   OP_C_COMPILER: kernel_platform/prebuilts/clang/host/linux-x86/clang-r487747c/bin
2026-08-19T12:54:16.9138456Z   OP_RUST_COMPILER: 
2026-08-19T12:54:16.9138672Z   OP_BINDGEN: 
2026-08-19T12:54:16.9139096Z   OP_RUST_BUILD: false
2026-08-19T12:54:16.9139344Z   OP_DISK_CLEANUP: false
2026-08-19T12:54:16.9139569Z   OP_HMBIRD: false
2026-08-19T12:54:16.9139776Z   OP_SUSFS: true
2026-08-19T12:54:16.9139978Z   OP_OPT: true
2026-08-19T12:54:16.9140171Z   OP_DS: true
2026-08-19T12:54:16.9140363Z   OP_BBG: true
2026-08-19T12:54:16.9140561Z   OP_BBR: true
2026-08-19T12:54:16.9140756Z   OP_BBR3: true
2026-08-19T12:54:16.9140950Z   OP_TTL: true
2026-08-19T12:54:16.9141144Z   OP_IP_SET: true
2026-08-19T12:54:16.9141524Z   OP_UNICODE: true
2026-08-19T12:54:16.9141729Z   OP_NTSYNC: true
2026-08-19T12:54:16.9143595Z   OP_BLACKLIST_MODULES: kernelsu,oplus_security_guard,oplus_qr_scan,oplus_score,oplus_vip_task,oplus_dns_cache,oplus_network_linkpower_module,oplus_data_module,oplus_secure_harden,oplus_security_keventupload,oplus_secure_guard_new,oplus_secure_guard,coresight_tpda,coresight_tgu,coresight_trace_noc,coresight_cti,coresight_qmi,coresight_dummy,coresight_remote_etm,coresight_tpdm,coresight_uetm,coresight_stm,coresight_tmc_sec,f_fs_ipc_log,qcom_iommu_debug,qti_battery_debug,rdbg,stm_heartbeat,stm_p_ost,stm_core,stm_ftrace,stm_console,spmi_pmic_arb_debug
2026-08-19T12:54:16.9145480Z   OP_UNAME: OP-WILD
2026-08-19T12:54:16.9145709Z   CONFIG: OP-ACE-3-PRO-6.1.75
2026-08-19T12:54:16.9145962Z   REPO: /usr/local/bin/repo
2026-08-19T12:54:16.9146201Z   PYTHONUNBUFFERED: 1
2026-08-19T12:54:16.9149508Z   GITHUB_TOKEN: ***
2026-08-19T12:54:16.9149743Z   DEBUG: false
2026-08-19T12:54:16.9149953Z ##[endgroup]
2026-08-19T12:54:17.0203840Z ##[group]Download Manifest Archives
2026-08-19T12:54:17.0211534Z Syncing: AnyKernel3 -> AnyKernel3
2026-08-19T12:54:17.0212001Z   [PENDING] AnyKernel3
2026-08-19T12:54:17.0224032Z Syncing: android_kernel_modules_and_devicetree_oneplus_sm8650 -> ./
2026-08-19T12:54:17.0225077Z   [PENDING] android_kernel_modules_and_devicetree_oneplus_sm8650
2026-08-19T12:54:17.0229198Z Syncing: kernel/prebuilts/build-tools -> kernel_platform/prebuilts/kernel-build-tools
2026-08-19T12:54:17.0230170Z   [PENDING] kernel/prebuilts/build-tools
2026-08-19T12:54:17.0238466Z Syncing: kernelplatform/prebuilts-master/clang/host/linux-x86 -> kernel_platform/prebuilts/clang/host/linux-x86
2026-08-19T12:54:17.0240784Z   [PENDING] kernelplatform/prebuilts-master/clang/host/linux-x86
2026-08-19T12:54:17.0250866Z Syncing: android_kernel_common_oneplus_sm8650 -> kernel_platform/common
2026-08-19T12:54:17.0251752Z   [PENDING] android_kernel_common_oneplus_sm8650
2026-08-19T12:54:17.5956966Z Synced AnyKernel3 successfully! (0.57s)
2026-08-19T12:54:18.8991546Z Synced kernel/prebuilts/build-tools successfully! (1.88s)
2026-08-19T12:54:30.7019411Z Synced kernelplatform/prebuilts-master/clang/host/linux-x86 successfully! (13.68s)
2026-08-19T12:54:31.2247431Z Synced android_kernel_modules_and_devicetree_oneplus_sm8650 successfully! (14.20s)
2026-08-19T12:54:56.5260835Z Synced android_kernel_common_oneplus_sm8650 successfully! (39.50s)
2026-08-19T12:54:56.5596771Z Processing linkfiles and copyfiles...
2026-08-19T12:54:56.5597681Z   [Link] kernel_platform/.source_date_epoch_dir -> .
2026-08-19T12:54:56.5599347Z   [Link] kernel_platform/build/prebuilts/kernel-build-tools -> .
2026-08-19T12:54:56.5600015Z Kernel Sync completed in 0m 39.54s
2026-08-19T12:54:56.5601074Z ##[endgroup]
2026-08-19T12:54:56.5807798Z ##[end-action id=build.sync-kernel-source.__run_2;outcome=success;conclusion=success;duration_ms=39679]
2026-08-19T12:54:56.5825763Z ##[end-action id=build.sync-kernel-source;outcome=success;conclusion=success;duration_ms=39733]
2026-08-19T12:54:56.5829792Z ##[start-action display=Set Dir Paths;id=build.__run_6]
2026-08-19T12:54:56.5851311Z ##[group]Run set -euo pipefail
2026-08-19T12:54:56.5851784Z [36;1mset -euo pipefail[0m
2026-08-19T12:54:56.5852191Z [36;1mCONFIG_DIR="$GITHUB_WORKSPACE/$CONFIG"[0m
2026-08-19T12:54:56.5852686Z [36;1mARTIFACTS_DIR="$CONFIG_DIR/artifacts"[0m
2026-08-19T12:54:56.5853239Z [36;1mKERNEL_PLATFORM_DIR="$CONFIG_DIR/kernel_platform"[0m
2026-08-19T12:54:56.5853812Z [36;1mCOMMON_KERNEL_DIR="$KERNEL_PLATFORM_DIR/common"[0m
2026-08-19T12:54:56.5854188Z [36;1mMSM_KERNEL_DIR="$KERNEL_PLATFORM_DIR/msm-kernel"[0m
2026-08-19T12:54:56.5854512Z [36;1mAK3_DIR="$CONFIG_DIR/AnyKernel3"[0m
2026-08-19T12:54:56.5854864Z [36;1mDEBUG_ARTIFACTS_DIR="$GITHUB_WORKSPACE/debug_artifacts"[0m
2026-08-19T12:54:56.5855274Z [36;1mKERNEL_PATCHES_DIR="$GITHUB_WORKSPACE/kernel_patches"[0m
2026-08-19T12:54:56.5855630Z [36;1mSUSFS_DIR="$GITHUB_WORKSPACE/susfs4ksu"[0m
2026-08-19T12:54:56.5856145Z [36;1mKSU_DIR="$KERNEL_PLATFORM_DIR/KernelSU"[0m
2026-08-19T12:54:56.5856483Z [36;1mKSUN_DIR="$KERNEL_PLATFORM_DIR/KernelSU-Next"[0m
2026-08-19T12:54:56.5856802Z [36;1mmkdir -p "$ARTIFACTS_DIR"[0m
2026-08-19T12:54:56.5857210Z [36;1mmkdir -p "$DEBUG_ARTIFACTS_DIR"[0m
2026-08-19T12:54:56.5857609Z [36;1m[0m
2026-08-19T12:54:56.5857936Z [36;1m# Save to environment for later steps[0m
2026-08-19T12:54:56.5858451Z [36;1mecho "CONFIG_FOLDER=$CONFIG_DIR" >> "$GITHUB_ENV"[0m
2026-08-19T12:54:56.5859196Z [36;1mecho "ARTIFACTS_FOLDER=$ARTIFACTS_DIR" >> "$GITHUB_ENV"[0m
2026-08-19T12:54:56.5859895Z [36;1mecho "KERNEL_PLATFORM_FOLDER=$KERNEL_PLATFORM_DIR" >> "$GITHUB_ENV"[0m
2026-08-19T12:54:56.5860622Z [36;1mecho "COMMON_KERNEL_FOLDER=$COMMON_KERNEL_DIR" >> "$GITHUB_ENV"[0m
2026-08-19T12:54:56.5861289Z [36;1mecho "MSM_KERNEL_FOLDER=$MSM_KERNEL_DIR" >> "$GITHUB_ENV"[0m
2026-08-19T12:54:56.5861860Z [36;1mecho "AK3_FOLDER=$AK3_DIR" >> "$GITHUB_ENV"[0m
2026-08-19T12:54:56.5862481Z [36;1mecho "DEBUG_ARTIFACTS_FOLDER=$DEBUG_ARTIFACTS_DIR" >> "$GITHUB_ENV"[0m
2026-08-19T12:54:56.5863213Z [36;1mecho "KERNEL_PATCHES_FOLDER=$KERNEL_PATCHES_DIR" >> "$GITHUB_ENV"[0m
2026-08-19T12:54:56.5863849Z [36;1mecho "SUSFS_FOLDER=$SUSFS_DIR" >> "$GITHUB_ENV"[0m
2026-08-19T12:54:56.5864368Z [36;1mecho "KSU_FOLDER=$KSU_DIR" >> "$GITHUB_ENV"[0m
2026-08-19T12:54:56.5864871Z [36;1mecho "KSUN_FOLDER=$KSUN_DIR" >> "$GITHUB_ENV"[0m
2026-08-19T12:54:56.5865310Z [36;1m[0m
2026-08-19T12:54:56.5865705Z [36;1mDEBUG_ZIP_NAME="debug_${OP_MODEL}_${OP_OS_VERSION}.zip"[0m
2026-08-19T12:54:56.5866523Z [36;1mecho "DEBUG_ZIP_NAME=$DEBUG_ZIP_NAME" >> "$GITHUB_ENV"[0m
2026-08-19T12:54:56.5919382Z shell: /usr/bin/bash --noprofile --norc -e -o pipefail {0}
2026-08-19T12:54:56.5919887Z env:
2026-08-19T12:54:56.5920409Z   CCACHE_DIR: /home/runner/work/OnePlus_KernelSU_SUSFS/OnePlus_KernelSU_SUSFS/.ccache
2026-08-19T12:54:56.5921054Z   CCACHE_MAXSIZE: 12G
2026-08-19T12:54:56.5921401Z   CCACHE_COMPILERCHECK: content
2026-08-19T12:54:56.5921994Z   CCACHE_BASEDIR: /home/runner/work/OnePlus_KernelSU_SUSFS/OnePlus_KernelSU_SUSFS
2026-08-19T12:54:56.5922608Z   CCACHE_NOHASHDIR: true
2026-08-19T12:54:56.5922965Z   CCACHE_IGNOREOPTIONS: --sysroot*
2026-08-19T12:54:56.5923360Z   CCACHE_COMPRESSION: true
2026-08-19T12:54:56.5923660Z   CCACHE_COMPRESSION_LEVEL: 3
2026-08-19T12:54:56.5923907Z   CCACHE_DIRECT: true
2026-08-19T12:54:56.5924151Z   CCACHE_FILE_CLONE: true
2026-08-19T12:54:56.5924372Z   CCACHE_INODE_CACHE: true
2026-08-19T12:54:56.5924603Z   CCACHE_IS_KERNEL_COMPILING: true
2026-08-19T12:54:56.5924846Z   CCACHE_UMASK: 002
2026-08-19T12:54:56.5925316Z   CCACHE_SLOPPINESS: file_macro,time_macros,include_file_mtime,include_file_ctime,pch_defines,system_headers,locale
2026-08-19T12:54:56.5925854Z   ACTION_REPO: 
2026-08-19T12:54:56.5926062Z   ACTION_REF: 
2026-08-19T12:54:56.5926275Z   OP_MODEL: OP-ACE-3-PRO-6.1.75
2026-08-19T12:54:56.5926518Z   OP_SOC: pineapple
2026-08-19T12:54:56.5926727Z   OP_BRANCH: wild/sm8650
2026-08-19T12:54:56.5927027Z   OP_MANIFEST: oneplus_ace3_pro_6.1.75_v.xml
2026-08-19T12:54:56.5927461Z   OP_ANDROID_VERSION: android14
2026-08-19T12:54:56.5927814Z   OP_KERNEL_VERSION: 6.1
2026-08-19T12:54:56.5928204Z   OP_OS_VERSION: A15
2026-08-19T12:54:56.5928511Z   OP_LTO: thin
2026-08-19T12:54:56.5928977Z   OP_ZYC_COMPILER: 
2026-08-19T12:54:56.5929511Z   OP_C_COMPILER: kernel_platform/prebuilts/clang/host/linux-x86/clang-r487747c/bin
2026-08-19T12:54:56.5930143Z   OP_RUST_COMPILER: 
2026-08-19T12:54:56.5930450Z   OP_BINDGEN: 
2026-08-19T12:54:56.5930747Z   OP_RUST_BUILD: false
2026-08-19T12:54:56.5931081Z   OP_DISK_CLEANUP: false
2026-08-19T12:54:56.5931409Z   OP_HMBIRD: false
2026-08-19T12:54:56.5931703Z   OP_SUSFS: true
2026-08-19T12:54:56.5931995Z   OP_OPT: true
2026-08-19T12:54:56.5932275Z   OP_DS: true
2026-08-19T12:54:56.5932558Z   OP_BBG: true
2026-08-19T12:54:56.5932843Z   OP_BBR: true
2026-08-19T12:54:56.5933127Z   OP_BBR3: true
2026-08-19T12:54:56.5933531Z   OP_TTL: true
2026-08-19T12:54:56.5934149Z   OP_IP_SET: true
2026-08-19T12:54:56.5934820Z   OP_UNICODE: true
2026-08-19T12:54:56.5935303Z   OP_NTSYNC: true
2026-08-19T12:54:56.5938679Z   OP_BLACKLIST_MODULES: kernelsu,oplus_security_guard,oplus_qr_scan,oplus_score,oplus_vip_task,oplus_dns_cache,oplus_network_linkpower_module,oplus_data_module,oplus_secure_harden,oplus_security_keventupload,oplus_secure_guard_new,oplus_secure_guard,coresight_tpda,coresight_tgu,coresight_trace_noc,coresight_cti,coresight_qmi,coresight_dummy,coresight_remote_etm,coresight_tpdm,coresight_uetm,coresight_stm,coresight_tmc_sec,f_fs_ipc_log,qcom_iommu_debug,qti_battery_debug,rdbg,stm_heartbeat,stm_p_ost,stm_core,stm_ftrace,stm_console,spmi_pmic_arb_debug
2026-08-19T12:54:56.5942120Z   OP_UNAME: OP-WILD
2026-08-19T12:54:56.5942649Z   CONFIG: OP-ACE-3-PRO-6.1.75
2026-08-19T12:54:56.5967263Z   REPO: /usr/local/bin/repo
2026-08-19T12:54:56.5967665Z ##[endgroup]
2026-08-19T12:54:56.6091218Z ##[end-action id=build.__run_6;outcome=success;conclusion=success;duration_ms=26]
2026-08-19T12:54:56.6094691Z ##[start-action display=Set Kernel build-tools to Path;id=build.__run_7]
2026-08-19T12:54:56.6112578Z ##[group]Run # Set Kernel build-tools to Path
2026-08-19T12:54:56.6113069Z [36;1m# Set Kernel build-tools to Path[0m
2026-08-19T12:54:56.6113508Z [36;1mset -euo pipefail[0m
2026-08-19T12:54:56.6114191Z [36;1mecho "${KERNEL_PLATFORM_FOLDER}/prebuilts/kernel-build-tools/linux-x86/bin/" >> $GITHUB_PATH[0m
2026-08-19T12:54:56.6115260Z [36;1mecho "${KERNEL_PLATFORM_FOLDER}/prebuilts/kernel-build-tools/linux_musl-x86/bin/" >> $GITHUB_PATH[0m
2026-08-19T12:54:56.6158680Z shell: /usr/bin/bash --noprofile --norc -e -o pipefail {0}
2026-08-19T12:54:56.6159754Z env:
2026-08-19T12:54:56.6160270Z   CCACHE_DIR: /home/runner/work/OnePlus_KernelSU_SUSFS/OnePlus_KernelSU_SUSFS/.ccache
2026-08-19T12:54:56.6160923Z   CCACHE_MAXSIZE: 12G
2026-08-19T12:54:56.6161515Z   CCACHE_COMPILERCHECK: content
2026-08-19T12:54:56.6162167Z   CCACHE_BASEDIR: /home/runner/work/OnePlus_KernelSU_SUSFS/OnePlus_KernelSU_SUSFS
2026-08-19T12:54:56.6162856Z   CCACHE_NOHASHDIR: true
2026-08-19T12:54:56.6163225Z   CCACHE_IGNOREOPTIONS: --sysroot*
2026-08-19T12:54:56.6163736Z   CCACHE_COMPRESSION: true
2026-08-19T12:54:56.6164096Z   CCACHE_COMPRESSION_LEVEL: 3
2026-08-19T12:54:56.6164452Z   CCACHE_DIRECT: true
2026-08-19T12:54:56.6164882Z   CCACHE_FILE_CLONE: true
2026-08-19T12:54:56.6165222Z   CCACHE_INODE_CACHE: true
2026-08-19T12:54:56.6165504Z   CCACHE_IS_KERNEL_COMPILING: true
2026-08-19T12:54:56.6165750Z   CCACHE_UMASK: 002
2026-08-19T12:54:56.6166208Z   CCACHE_SLOPPINESS: file_macro,time_macros,include_file_mtime,include_file_ctime,pch_defines,system_headers,locale
2026-08-19T12:54:56.6166927Z   ACTION_REPO: 
2026-08-19T12:54:56.6167536Z   ACTION_REF: 
2026-08-19T12:54:56.6167842Z   OP_MODEL: OP-ACE-3-PRO-6.1.75
2026-08-19T12:54:56.6168202Z   OP_SOC: pineapple
2026-08-19T12:54:56.6168519Z   OP_BRANCH: wild/sm8650
2026-08-19T12:54:56.6169073Z   OP_MANIFEST: oneplus_ace3_pro_6.1.75_v.xml
2026-08-19T12:54:56.6169503Z   OP_ANDROID_VERSION: android14
2026-08-19T12:54:56.6169875Z   OP_KERNEL_VERSION: 6.1
2026-08-19T12:54:56.6170272Z   OP_OS_VERSION: A15
2026-08-19T12:54:56.6170517Z   OP_LTO: thin
2026-08-19T12:54:56.6170711Z   OP_ZYC_COMPILER: 
2026-08-19T12:54:56.6171054Z   OP_C_COMPILER: kernel_platform/prebuilts/clang/host/linux-x86/clang-r487747c/bin
2026-08-19T12:54:56.6171711Z   OP_RUST_COMPILER: 
2026-08-19T12:54:56.6172124Z   OP_BINDGEN: 
2026-08-19T12:54:56.6172509Z   OP_RUST_BUILD: false
2026-08-19T12:54:56.6172801Z   OP_DISK_CLEANUP: false
2026-08-19T12:54:56.6173016Z   OP_HMBIRD: false
2026-08-19T12:54:56.6173218Z   OP_SUSFS: true
2026-08-19T12:54:56.6173411Z   OP_OPT: true
2026-08-19T12:54:56.6173598Z   OP_DS: true
2026-08-19T12:54:56.6173785Z   OP_BBG: true
2026-08-19T12:54:56.6174313Z   OP_BBR: true
2026-08-19T12:54:56.6174592Z   OP_BBR3: true
2026-08-19T12:54:56.6174872Z   OP_TTL: true
2026-08-19T12:54:56.6175359Z   OP_IP_SET: true
2026-08-19T12:54:56.6175666Z   OP_UNICODE: true
2026-08-19T12:54:56.6175963Z   OP_NTSYNC: true
2026-08-19T12:54:56.6178757Z   OP_BLACKLIST_MODULES: kernelsu,oplus_security_guard,oplus_qr_scan,oplus_score,oplus_vip_task,oplus_dns_cache,oplus_network_linkpower_module,oplus_data_module,oplus_secure_harden,oplus_security_keventupload,oplus_secure_guard_new,oplus_secure_guard,coresight_tpda,coresight_tgu,coresight_trace_noc,coresight_cti,coresight_qmi,coresight_dummy,coresight_remote_etm,coresight_tpdm,coresight_uetm,coresight_stm,coresight_tmc_sec,f_fs_ipc_log,qcom_iommu_debug,qti_battery_debug,rdbg,stm_heartbeat,stm_p_ost,stm_core,stm_ftrace,stm_console,spmi_pmic_arb_debug
2026-08-19T12:54:56.6180934Z   OP_UNAME: OP-WILD
2026-08-19T12:54:56.6181153Z   CONFIG: OP-ACE-3-PRO-6.1.75
2026-08-19T12:54:56.6181394Z   REPO: /usr/local/bin/repo
2026-08-19T12:54:56.6181814Z   CONFIG_FOLDER: /home/runner/work/OnePlus_KernelSU_SUSFS/OnePlus_KernelSU_SUSFS/OP-ACE-3-PRO-6.1.75
2026-08-19T12:54:56.6182507Z   ARTIFACTS_FOLDER: /home/runner/work/OnePlus_KernelSU_SUSFS/OnePlus_KernelSU_SUSFS/OP-ACE-3-PRO-6.1.75/artifacts
2026-08-19T12:54:56.6183264Z   KERNEL_PLATFORM_FOLDER: /home/runner/work/OnePlus_KernelSU_SUSFS/OnePlus_KernelSU_SUSFS/OP-ACE-3-PRO-6.1.75/kernel_platform
2026-08-19T12:54:56.6184060Z   COMMON_KERNEL_FOLDER: /home/runner/work/OnePlus_KernelSU_SUSFS/OnePlus_KernelSU_SUSFS/OP-ACE-3-PRO-6.1.75/kernel_platform/common
2026-08-19T12:54:56.6184868Z   MSM_KERNEL_FOLDER: /home/runner/work/OnePlus_KernelSU_SUSFS/OnePlus_KernelSU_SUSFS/OP-ACE-3-PRO-6.1.75/kernel_platform/msm-kernel
2026-08-19T12:54:56.6185610Z   AK3_FOLDER: /home/runner/work/OnePlus_KernelSU_SUSFS/OnePlus_KernelSU_SUSFS/OP-ACE-3-PRO-6.1.75/AnyKernel3
2026-08-19T12:54:56.6186427Z   DEBUG_ARTIFACTS_FOLDER: /home/runner/work/OnePlus_KernelSU_SUSFS/OnePlus_KernelSU_SUSFS/debug_artifacts
2026-08-19T12:54:56.6187075Z   KERNEL_PATCHES_FOLDER: /home/runner/work/OnePlus_KernelSU_SUSFS/OnePlus_KernelSU_SUSFS/kernel_patches
2026-08-19T12:54:56.6187669Z   SUSFS_FOLDER: /home/runner/work/OnePlus_KernelSU_SUSFS/OnePlus_KernelSU_SUSFS/susfs4ksu
2026-08-19T12:54:56.6188330Z   KSU_FOLDER: /home/runner/work/OnePlus_KernelSU_SUSFS/OnePlus_KernelSU_SUSFS/OP-ACE-3-PRO-6.1.75/kernel_platform/KernelSU
2026-08-19T12:54:56.6189300Z   KSUN_FOLDER: /home/runner/work/OnePlus_KernelSU_SUSFS/OnePlus_KernelSU_SUSFS/OP-ACE-3-PRO-6.1.75/kernel_platform/KernelSU-Next
2026-08-19T12:54:56.6189875Z   DEBUG_ZIP_NAME: debug_OP-ACE-3-PRO-6.1.75_A15.zip
2026-08-19T12:54:56.6190166Z ##[endgroup]
2026-08-19T12:54:56.6256611Z ##[end-action id=build.__run_7;outcome=success;conclusion=success;duration_ms=16]
2026-08-19T12:54:56.6258695Z ##[start-action display=Get Kernel Version Info;id=build.__run_8]
2026-08-19T12:54:56.6274889Z ##[group]Run set -euo pipefail
2026-08-19T12:54:56.6275205Z [36;1mset -euo pipefail[0m
2026-08-19T12:54:56.6275472Z [36;1mecho "::group::Get kernel version"[0m
2026-08-19T12:54:56.6275773Z [36;1mcd "$COMMON_KERNEL_FOLDER"[0m
2026-08-19T12:54:56.6276028Z [36;1m[0m
2026-08-19T12:54:56.6276333Z [36;1mCONFIG_FILES=("build.config.common" "build.config.constants")[0m
2026-08-19T12:54:56.6276729Z [36;1mBRANCH_LINE=""[0m
2026-08-19T12:54:56.6276991Z [36;1mfor f in "${CONFIG_FILES[@]}"; do[0m
2026-08-19T12:54:56.6277269Z [36;1m  if [ -f "$f" ]; then[0m
2026-08-19T12:54:56.6277555Z [36;1m    l=$(grep '^[[:space:]]*BRANCH=' "$f" || true)[0m
2026-08-19T12:54:56.6277903Z [36;1m    if [ -n "$l" ]; then BRANCH_LINE="$l"; break; fi[0m
2026-08-19T12:54:56.6278196Z [36;1m  fi[0m
2026-08-19T12:54:56.6278391Z [36;1mdone[0m
2026-08-19T12:54:56.6278577Z [36;1m[0m
2026-08-19T12:54:56.6279035Z [36;1mif [ -z "$BRANCH_LINE" ]; then[0m
2026-08-19T12:54:56.6279436Z [36;1m  echo "::error::No BRANCH= found in config files"; exit 1[0m
2026-08-19T12:54:56.6279765Z [36;1mfi[0m
2026-08-19T12:54:56.6279956Z [36;1m[0m
2026-08-19T12:54:56.6280159Z [36;1mBRANCH_VALUE="${BRANCH_LINE#*=}"[0m
2026-08-19T12:54:56.6280493Z [36;1mANDROID_VERSION="${BRANCH_VALUE%-*}"[0m
2026-08-19T12:54:56.6280771Z [36;1m[0m
2026-08-19T12:54:56.6280976Z [36;1mif [ -z "$ANDROID_VERSION" ]; then[0m
2026-08-19T12:54:56.6281545Z [36;1m  echo "::error::Could not parse android version from BRANCH=$BRANCH_VALUE"[0m
2026-08-19T12:54:56.6281939Z [36;1m  exit 1[0m
2026-08-19T12:54:56.6282138Z [36;1mfi[0m
2026-08-19T12:54:56.6282324Z [36;1m[0m
2026-08-19T12:54:56.6282594Z [36;1mVERSION=$(grep '^VERSION *=' Makefile | awk '{print $3}')[0m
2026-08-19T12:54:56.6283034Z [36;1mPATCHLEVEL=$(grep '^PATCHLEVEL *=' Makefile | awk '{print $3}')[0m
2026-08-19T12:54:56.6283469Z [36;1mSUBLEVEL=$(grep '^SUBLEVEL *=' Makefile | awk '{print $3}')[0m
2026-08-19T12:54:56.6283861Z [36;1mFULL_VERSION="$VERSION.$PATCHLEVEL.$SUBLEVEL"[0m
2026-08-19T12:54:56.6284162Z [36;1m[0m
2026-08-19T12:54:56.6284360Z [36;1mcd "$ARTIFACTS_FOLDER"[0m
2026-08-19T12:54:56.6284730Z [36;1mecho "$ANDROID_VERSION-$FULL_VERSION" > "${OP_MODEL}_${OP_OS_VERSION}.txt"[0m
2026-08-19T12:54:56.6285195Z [36;1mecho "$OP_OS_VERSION" >> "${OP_MODEL}_${OP_OS_VERSION}.txt"[0m
2026-08-19T12:54:56.6285509Z [36;1m[0m
2026-08-19T12:54:56.6285685Z [36;1m{[0m
2026-08-19T12:54:56.6285908Z [36;1m  echo "ANDROID_VER=$ANDROID_VERSION"[0m
2026-08-19T12:54:56.6286229Z [36;1m  echo "KERNEL_VER=$VERSION.$PATCHLEVEL"[0m
2026-08-19T12:54:56.6286540Z [36;1m  echo "TKERNEL_VER=$FULL_VERSION"[0m
2026-08-19T12:54:56.6286877Z [36;1m  echo "KERNEL_FULL_VER=$ANDROID_VERSION-$FULL_VERSION"[0m
2026-08-19T12:54:56.6287216Z [36;1m  if [ "true" = true ]; then[0m
2026-08-19T12:54:56.6287611Z [36;1m    echo "SUSFS_KERNEL_BRANCH=gki-$ANDROID_VERSION-$VERSION.$PATCHLEVEL"[0m
2026-08-19T12:54:56.6287985Z [36;1m  fi[0m
2026-08-19T12:54:56.6288195Z [36;1m} >> "$GITHUB_ENV"[0m
2026-08-19T12:54:56.6288564Z [36;1m[0m
2026-08-19T12:54:56.6289015Z [36;1mecho "✅ Detected: $ANDROID_VERSION-$FULL_VERSION"[0m
2026-08-19T12:54:56.6289380Z [36;1mif [ "true" = true ]; then[0m
2026-08-19T12:54:56.6289743Z [36;1m  echo "   SUSFS Branch: gki-$ANDROID_VERSION-$VERSION.$PATCHLEVEL"[0m
2026-08-19T12:54:56.6290099Z [36;1mfi[0m
2026-08-19T12:54:56.6290304Z [36;1mecho "::endgroup::"[0m
2026-08-19T12:54:56.6328236Z shell: /usr/bin/bash --noprofile --norc -e -o pipefail {0}
2026-08-19T12:54:56.6328585Z env:
2026-08-19T12:54:56.6329144Z   CCACHE_DIR: /home/runner/work/OnePlus_KernelSU_SUSFS/OnePlus_KernelSU_SUSFS/.ccache
2026-08-19T12:54:56.6329564Z   CCACHE_MAXSIZE: 12G
2026-08-19T12:54:56.6329798Z   CCACHE_COMPILERCHECK: content
2026-08-19T12:54:56.6330171Z   CCACHE_BASEDIR: /home/runner/work/OnePlus_KernelSU_SUSFS/OnePlus_KernelSU_SUSFS
2026-08-19T12:54:56.6330559Z   CCACHE_NOHASHDIR: true
2026-08-19T12:54:56.6330798Z   CCACHE_IGNOREOPTIONS: --sysroot*
2026-08-19T12:54:56.6331066Z   CCACHE_COMPRESSION: true
2026-08-19T12:54:56.6331299Z   CCACHE_COMPRESSION_LEVEL: 3
2026-08-19T12:54:56.6331527Z   CCACHE_DIRECT: true
2026-08-19T12:54:56.6331739Z   CCACHE_FILE_CLONE: true
2026-08-19T12:54:56.6331968Z   CCACHE_INODE_CACHE: true
2026-08-19T12:54:56.6332209Z   CCACHE_IS_KERNEL_COMPILING: true
2026-08-19T12:54:56.6332452Z   CCACHE_UMASK: 002
2026-08-19T12:54:56.6332907Z   CCACHE_SLOPPINESS: file_macro,time_macros,include_file_mtime,include_file_ctime,pch_defines,system_headers,locale
2026-08-19T12:54:56.6333423Z   ACTION_REPO: 
2026-08-19T12:54:56.6333620Z   ACTION_REF: 
2026-08-19T12:54:56.6333832Z   OP_MODEL: OP-ACE-3-PRO-6.1.75
2026-08-19T12:54:56.6334072Z   OP_SOC: pineapple
2026-08-19T12:54:56.6334276Z   OP_BRANCH: wild/sm8650
2026-08-19T12:54:56.6334519Z   OP_MANIFEST: oneplus_ace3_pro_6.1.75_v.xml
2026-08-19T12:54:56.6334799Z   OP_ANDROID_VERSION: android14
2026-08-19T12:54:56.6335028Z   OP_KERNEL_VERSION: 6.1
2026-08-19T12:54:56.6335242Z   OP_OS_VERSION: A15
2026-08-19T12:54:56.6335449Z   OP_LTO: thin
2026-08-19T12:54:56.6335637Z   OP_ZYC_COMPILER: 
2026-08-19T12:54:56.6335979Z   OP_C_COMPILER: kernel_platform/prebuilts/clang/host/linux-x86/clang-r487747c/bin
2026-08-19T12:54:56.6336371Z   OP_RUST_COMPILER: 
2026-08-19T12:54:56.6336579Z   OP_BINDGEN: 
2026-08-19T12:54:56.6336772Z   OP_RUST_BUILD: false
2026-08-19T12:54:56.6336993Z   OP_DISK_CLEANUP: false
2026-08-19T12:54:56.6337208Z   OP_HMBIRD: false
2026-08-19T12:54:56.6337567Z   OP_SUSFS: true
2026-08-19T12:54:56.6337768Z   OP_OPT: true
2026-08-19T12:54:56.6337954Z   OP_DS: true
2026-08-19T12:54:56.6338148Z   OP_BBG: true
2026-08-19T12:54:56.6338339Z   OP_BBR: true
2026-08-19T12:54:56.6338528Z   OP_BBR3: true
2026-08-19T12:54:56.6338720Z   OP_TTL: true
2026-08-19T12:54:56.6339068Z   OP_IP_SET: true
2026-08-19T12:54:56.6339266Z   OP_UNICODE: true
2026-08-19T12:54:56.6339464Z   OP_NTSYNC: true
2026-08-19T12:54:56.6341341Z   OP_BLACKLIST_MODULES: kernelsu,oplus_security_guard,oplus_qr_scan,oplus_score,oplus_vip_task,oplus_dns_cache,oplus_network_linkpower_module,oplus_data_module,oplus_secure_harden,oplus_security_keventupload,oplus_secure_guard_new,oplus_secure_guard,coresight_tpda,coresight_tgu,coresight_trace_noc,coresight_cti,coresight_qmi,coresight_dummy,coresight_remote_etm,coresight_tpdm,coresight_uetm,coresight_stm,coresight_tmc_sec,f_fs_ipc_log,qcom_iommu_debug,qti_battery_debug,rdbg,stm_heartbeat,stm_p_ost,stm_core,stm_ftrace,stm_console,spmi_pmic_arb_debug
2026-08-19T12:54:56.6343220Z   OP_UNAME: OP-WILD
2026-08-19T12:54:56.6343443Z   CONFIG: OP-ACE-3-PRO-6.1.75
2026-08-19T12:54:56.6343691Z   REPO: /usr/local/bin/repo
2026-08-19T12:54:56.6344120Z   CONFIG_FOLDER: /home/runner/work/OnePlus_KernelSU_SUSFS/OnePlus_KernelSU_SUSFS/OP-ACE-3-PRO-6.1.75
2026-08-19T12:54:56.6344803Z   ARTIFACTS_FOLDER: /home/runner/work/OnePlus_KernelSU_SUSFS/OnePlus_KernelSU_SUSFS/OP-ACE-3-PRO-6.1.75/artifacts
2026-08-19T12:54:56.6345556Z   KERNEL_PLATFORM_FOLDER: /home/runner/work/OnePlus_KernelSU_SUSFS/OnePlus_KernelSU_SUSFS/OP-ACE-3-PRO-6.1.75/kernel_platform
2026-08-19T12:54:56.6346496Z   COMMON_KERNEL_FOLDER: /home/runner/work/OnePlus_KernelSU_SUSFS/OnePlus_KernelSU_SUSFS/OP-ACE-3-PRO-6.1.75/kernel_platform/common
2026-08-19T12:54:56.6347315Z   MSM_KERNEL_FOLDER: /home/runner/work/OnePlus_KernelSU_SUSFS/OnePlus_KernelSU_SUSFS/OP-ACE-3-PRO-6.1.75/kernel_platform/msm-kernel
2026-08-19T12:54:56.6348066Z   AK3_FOLDER: /home/runner/work/OnePlus_KernelSU_SUSFS/OnePlus_KernelSU_SUSFS/OP-ACE-3-PRO-6.1.75/AnyKernel3
2026-08-19T12:54:56.6348735Z   DEBUG_ARTIFACTS_FOLDER: /home/runner/work/OnePlus_KernelSU_SUSFS/OnePlus_KernelSU_SUSFS/debug_artifacts
2026-08-19T12:54:56.6349546Z   KERNEL_PATCHES_FOLDER: /home/runner/work/OnePlus_KernelSU_SUSFS/OnePlus_KernelSU_SUSFS/kernel_patches
2026-08-19T12:54:56.6350154Z   SUSFS_FOLDER: /home/runner/work/OnePlus_KernelSU_SUSFS/OnePlus_KernelSU_SUSFS/susfs4ksu
2026-08-19T12:54:56.6350814Z   KSU_FOLDER: /home/runner/work/OnePlus_KernelSU_SUSFS/OnePlus_KernelSU_SUSFS/OP-ACE-3-PRO-6.1.75/kernel_platform/KernelSU
2026-08-19T12:54:56.6351599Z   KSUN_FOLDER: /home/runner/work/OnePlus_KernelSU_SUSFS/OnePlus_KernelSU_SUSFS/OP-ACE-3-PRO-6.1.75/kernel_platform/KernelSU-Next
2026-08-19T12:54:56.6352169Z   DEBUG_ZIP_NAME: debug_OP-ACE-3-PRO-6.1.75_A15.zip
2026-08-19T12:54:56.6352458Z ##[endgroup]
2026-08-19T12:54:56.6413593Z ##[group]Get kernel version
2026-08-19T12:54:56.6533602Z ✅ Detected: android14-6.1.75
2026-08-19T12:54:56.6534027Z    SUSFS Branch: gki-android14-6.1
2026-08-19T12:54:56.6534711Z ##[endgroup]
2026-08-19T12:54:56.6540214Z ##[end-action id=build.__run_8;outcome=success;conclusion=success;duration_ms=28]
2026-08-19T12:54:56.6542469Z ##[start-action display=🏷️ Set Build Identity (Hardcoded);id=build.__run_9]
2026-08-19T12:54:56.6556927Z ##[group]Run set -euo pipefail
2026-08-19T12:54:56.6557220Z [36;1mset -euo pipefail[0m
2026-08-19T12:54:56.6557481Z [36;1mecho "::group::Set build user/host"[0m
2026-08-19T12:54:56.6557765Z [36;1m        [0m
2026-08-19T12:54:56.6557984Z [36;1mBUILD_USER="OnePlus"[0m
2026-08-19T12:54:56.6558261Z [36;1mBUILD_HOST="ubuntu-build"[0m
2026-08-19T12:54:56.6558517Z [36;1m[0m
2026-08-19T12:54:56.6558766Z [36;1mecho "BUILD_USER=$BUILD_USER" >> "$GITHUB_ENV"[0m
2026-08-19T12:54:56.6559367Z [36;1mecho "BUILD_HOST=$BUILD_HOST" >> "$GITHUB_ENV"[0m
2026-08-19T12:54:56.6559651Z [36;1m[0m
2026-08-19T12:54:56.6559842Z [36;1mecho ""[0m
2026-08-19T12:54:56.6560077Z [36;1mecho "✅ Build identity configured:"[0m
2026-08-19T12:54:56.6560536Z [36;1mecho "   User: $BUILD_USER"[0m
2026-08-19T12:54:56.6560799Z [36;1mecho "   Host: $BUILD_HOST"[0m
2026-08-19T12:54:56.6561056Z [36;1mecho "::endgroup::"[0m
2026-08-19T12:54:56.6597303Z shell: /usr/bin/bash --noprofile --norc -e -o pipefail {0}
2026-08-19T12:54:56.6597642Z env:
2026-08-19T12:54:56.6597983Z   CCACHE_DIR: /home/runner/work/OnePlus_KernelSU_SUSFS/OnePlus_KernelSU_SUSFS/.ccache
2026-08-19T12:54:56.6598396Z   CCACHE_MAXSIZE: 12G
2026-08-19T12:54:56.6598631Z   CCACHE_COMPILERCHECK: content
2026-08-19T12:54:56.6599239Z   CCACHE_BASEDIR: /home/runner/work/OnePlus_KernelSU_SUSFS/OnePlus_KernelSU_SUSFS
2026-08-19T12:54:56.6599697Z   CCACHE_NOHASHDIR: true
2026-08-19T12:54:56.6599950Z   CCACHE_IGNOREOPTIONS: --sysroot*
2026-08-19T12:54:56.6600213Z   CCACHE_COMPRESSION: true
2026-08-19T12:54:56.6600449Z   CCACHE_COMPRESSION_LEVEL: 3
2026-08-19T12:54:56.6600689Z   CCACHE_DIRECT: true
2026-08-19T12:54:56.6600915Z   CCACHE_FILE_CLONE: true
2026-08-19T12:54:56.6601140Z   CCACHE_INODE_CACHE: true
2026-08-19T12:54:56.6601378Z   CCACHE_IS_KERNEL_COMPILING: true
2026-08-19T12:54:56.6601627Z   CCACHE_UMASK: 002
2026-08-19T12:54:56.6602085Z   CCACHE_SLOPPINESS: file_macro,time_macros,include_file_mtime,include_file_ctime,pch_defines,system_headers,locale
2026-08-19T12:54:56.6602594Z   ACTION_REPO: 
2026-08-19T12:54:56.6602801Z   ACTION_REF: 
2026-08-19T12:54:56.6603016Z   OP_MODEL: OP-ACE-3-PRO-6.1.75
2026-08-19T12:54:56.6603263Z   OP_SOC: pineapple
2026-08-19T12:54:56.6603474Z   OP_BRANCH: wild/sm8650
2026-08-19T12:54:56.6603723Z   OP_MANIFEST: oneplus_ace3_pro_6.1.75_v.xml
2026-08-19T12:54:56.6604202Z   OP_ANDROID_VERSION: android14
2026-08-19T12:54:56.6604435Z   OP_KERNEL_VERSION: 6.1
2026-08-19T12:54:56.6604648Z   OP_OS_VERSION: A15
2026-08-19T12:54:56.6604859Z   OP_LTO: thin
2026-08-19T12:54:56.6605051Z   OP_ZYC_COMPILER: 
2026-08-19T12:54:56.6605398Z   OP_C_COMPILER: kernel_platform/prebuilts/clang/host/linux-x86/clang-r487747c/bin
2026-08-19T12:54:56.6605791Z   OP_RUST_COMPILER: 
2026-08-19T12:54:56.6605997Z   OP_BINDGEN: 
2026-08-19T12:54:56.6606191Z   OP_RUST_BUILD: false
2026-08-19T12:54:56.6606413Z   OP_DISK_CLEANUP: false
2026-08-19T12:54:56.6606629Z   OP_HMBIRD: false
2026-08-19T12:54:56.6606841Z   OP_SUSFS: true
2026-08-19T12:54:56.6607041Z   OP_OPT: true
2026-08-19T12:54:56.6607238Z   OP_DS: true
2026-08-19T12:54:56.6607428Z   OP_BBG: true
2026-08-19T12:54:56.6607619Z   OP_BBR: true
2026-08-19T12:54:56.6607807Z   OP_BBR3: true
2026-08-19T12:54:56.6607999Z   OP_TTL: true
2026-08-19T12:54:56.6608189Z   OP_IP_SET: true
2026-08-19T12:54:56.6608400Z   OP_UNICODE: true
2026-08-19T12:54:56.6608602Z   OP_NTSYNC: true
2026-08-19T12:54:56.6610643Z   OP_BLACKLIST_MODULES: kernelsu,oplus_security_guard,oplus_qr_scan,oplus_score,oplus_vip_task,oplus_dns_cache,oplus_network_linkpower_module,oplus_data_module,oplus_secure_harden,oplus_security_keventupload,oplus_secure_guard_new,oplus_secure_guard,coresight_tpda,coresight_tgu,coresight_trace_noc,coresight_cti,coresight_qmi,coresight_dummy,coresight_remote_etm,coresight_tpdm,coresight_uetm,coresight_stm,coresight_tmc_sec,f_fs_ipc_log,qcom_iommu_debug,qti_battery_debug,rdbg,stm_heartbeat,stm_p_ost,stm_core,stm_ftrace,stm_console,spmi_pmic_arb_debug
2026-08-19T12:54:56.6612514Z   OP_UNAME: OP-WILD
2026-08-19T12:54:56.6612741Z   CONFIG: OP-ACE-3-PRO-6.1.75
2026-08-19T12:54:56.6612991Z   REPO: /usr/local/bin/repo
2026-08-19T12:54:56.6613432Z   CONFIG_FOLDER: /home/runner/work/OnePlus_KernelSU_SUSFS/OnePlus_KernelSU_SUSFS/OP-ACE-3-PRO-6.1.75
2026-08-19T12:54:56.6614121Z   ARTIFACTS_FOLDER: /home/runner/work/OnePlus_KernelSU_SUSFS/OnePlus_KernelSU_SUSFS/OP-ACE-3-PRO-6.1.75/artifacts
2026-08-19T12:54:56.6614897Z   KERNEL_PLATFORM_FOLDER: /home/runner/work/OnePlus_KernelSU_SUSFS/OnePlus_KernelSU_SUSFS/OP-ACE-3-PRO-6.1.75/kernel_platform
2026-08-19T12:54:56.6615708Z   COMMON_KERNEL_FOLDER: /home/runner/work/OnePlus_KernelSU_SUSFS/OnePlus_KernelSU_SUSFS/OP-ACE-3-PRO-6.1.75/kernel_platform/common
2026-08-19T12:54:56.6616670Z   MSM_KERNEL_FOLDER: /home/runner/work/OnePlus_KernelSU_SUSFS/OnePlus_KernelSU_SUSFS/OP-ACE-3-PRO-6.1.75/kernel_platform/msm-kernel
2026-08-19T12:54:56.6617435Z   AK3_FOLDER: /home/runner/work/OnePlus_KernelSU_SUSFS/OnePlus_KernelSU_SUSFS/OP-ACE-3-PRO-6.1.75/AnyKernel3
2026-08-19T12:54:56.6618106Z   DEBUG_ARTIFACTS_FOLDER: /home/runner/work/OnePlus_KernelSU_SUSFS/OnePlus_KernelSU_SUSFS/debug_artifacts
2026-08-19T12:54:56.6618756Z   KERNEL_PATCHES_FOLDER: /home/runner/work/OnePlus_KernelSU_SUSFS/OnePlus_KernelSU_SUSFS/kernel_patches
2026-08-19T12:54:56.6619512Z   SUSFS_FOLDER: /home/runner/work/OnePlus_KernelSU_SUSFS/OnePlus_KernelSU_SUSFS/susfs4ksu
2026-08-19T12:54:56.6620184Z   KSU_FOLDER: /home/runner/work/OnePlus_KernelSU_SUSFS/OnePlus_KernelSU_SUSFS/OP-ACE-3-PRO-6.1.75/kernel_platform/KernelSU
2026-08-19T12:54:56.6620966Z   KSUN_FOLDER: /home/runner/work/OnePlus_KernelSU_SUSFS/OnePlus_KernelSU_SUSFS/OP-ACE-3-PRO-6.1.75/kernel_platform/KernelSU-Next
2026-08-19T12:54:56.6621535Z   DEBUG_ZIP_NAME: debug_OP-ACE-3-PRO-6.1.75_A15.zip
2026-08-19T12:54:56.6621846Z   ANDROID_VER: android14
2026-08-19T12:54:56.6622075Z   KERNEL_VER: 6.1
2026-08-19T12:54:56.6622279Z   TKERNEL_VER: 6.1.75
2026-08-19T12:54:56.6622505Z   KERNEL_FULL_VER: android14-6.1.75
2026-08-19T12:54:56.6622778Z   SUSFS_KERNEL_BRANCH: gki-android14-6.1
2026-08-19T12:54:56.6623045Z ##[endgroup]
2026-08-19T12:54:56.6682308Z ##[group]Set build user/host
2026-08-19T12:54:56.6682584Z 
2026-08-19T12:54:56.6682912Z ✅ Build identity configured:
2026-08-19T12:54:56.6683279Z    User: OnePlus
2026-08-19T12:54:56.6683588Z    Host: ubuntu-build
2026-08-19T12:54:56.6684702Z ##[endgroup]
2026-08-19T12:54:56.6690729Z ##[end-action id=build.__run_9;outcome=success;conclusion=success;duration_ms=14]
2026-08-19T12:54:56.6692803Z ##[start-action display=Check or Detect Clang;id=build.__run_10]
2026-08-19T12:54:56.6706740Z ##[group]Run # Check or Detect Clang
2026-08-19T12:54:56.6707099Z [36;1m# Check or Detect Clang[0m
2026-08-19T12:54:56.6707365Z [36;1mset -euo pipefail[0m
2026-08-19T12:54:56.6707629Z [36;1mecho "::group::Detect Clang"[0m
2026-08-19T12:54:56.6707895Z [36;1mCLANG_FOUND=false[0m
2026-08-19T12:54:56.6708118Z [36;1mCLANG_BIN=""[0m
2026-08-19T12:54:56.6708336Z [36;1m[0m
2026-08-19T12:54:56.6708550Z [36;1mif [ -n "$OP_ZYC_COMPILER" ]; then[0m
2026-08-19T12:54:56.6709287Z [36;1m  # Priority 1: User explicitly wants ZyC compiler[0m
2026-08-19T12:54:56.6709728Z [36;1m  echo "OP_ZYC_COMPILER detected as download link: $OP_ZYC_COMPILER"[0m
2026-08-19T12:54:56.6710128Z [36;1m  [0m
2026-08-19T12:54:56.6710356Z [36;1m  ZYC_DIR="$CONFIG_FOLDER/compiler/zyc"[0m
2026-08-19T12:54:56.6710697Z [36;1m  TEMP_TAR="$CONFIG_FOLDER/compiler.tar.gz"[0m
2026-08-19T12:54:56.6711003Z [36;1m  mkdir -p "$ZYC_DIR"[0m
2026-08-19T12:54:56.6711243Z [36;1m  [0m
2026-08-19T12:54:56.6711468Z [36;1m  echo "Downloading ZyC Clang from link..."[0m
2026-08-19T12:54:56.6711744Z [36;1m  [0m
2026-08-19T12:54:56.6711935Z [36;1m  max_retries=5[0m
2026-08-19T12:54:56.6712158Z [36;1m  attempt=1[0m
2026-08-19T12:54:56.6712380Z [36;1m  download_success=false[0m
2026-08-19T12:54:56.6712620Z [36;1m  [0m
2026-08-19T12:54:56.6712841Z [36;1m  while [ $attempt -le $max_retries ]; do[0m
2026-08-19T12:54:56.6713185Z [36;1m    echo "Download attempt $attempt/$max_retries..."[0m
2026-08-19T12:54:56.6713493Z [36;1m    [0m
2026-08-19T12:54:56.6713927Z [36;1m    if curl -L --fail --retry 3 --retry-delay 5 --connect-timeout 60 -o "$TEMP_TAR" "$OP_ZYC_COMPILER"; then[0m
2026-08-19T12:54:56.6714428Z [36;1m        echo "Download successful."[0m
2026-08-19T12:54:56.6714720Z [36;1m        download_success=true[0m
2026-08-19T12:54:56.6714977Z [36;1m        break[0m
2026-08-19T12:54:56.6715189Z [36;1m    else[0m
2026-08-19T12:54:56.6715440Z [36;1m        echo "Download failed (attempt $attempt)."[0m
2026-08-19T12:54:56.6715766Z [36;1m        rm -f "$TEMP_TAR" 2>/dev/null[0m
2026-08-19T12:54:56.6716082Z [36;1m        if [ $attempt -eq $max_retries ]; then[0m
2026-08-19T12:54:56.6716683Z [36;1m            echo "Error: Failed to download ZyC Clang after $max_retries attempts."[0m
2026-08-19T12:54:56.6717085Z [36;1m            break[0m
2026-08-19T12:54:56.6717315Z [36;1m        fi[0m
2026-08-19T12:54:56.6717544Z [36;1m        attempt=$((attempt + 1))[0m
2026-08-19T12:54:56.6717817Z [36;1m        sleep 8[0m
2026-08-19T12:54:56.6718033Z [36;1m    fi[0m
2026-08-19T12:54:56.6718229Z [36;1m  done[0m
2026-08-19T12:54:56.6718418Z [36;1m[0m
2026-08-19T12:54:56.6718638Z [36;1m  if [ "$download_success" = true ]; then[0m
2026-08-19T12:54:56.6719154Z [36;1m    # Extract[0m
2026-08-19T12:54:56.6719518Z [36;1m    echo "Extracting to $ZYC_DIR ..."[0m
2026-08-19T12:54:56.6720040Z [36;1m    if tar -xzf "$TEMP_TAR" -C "$ZYC_DIR" 2>/dev/null; then[0m
2026-08-19T12:54:56.6720385Z [36;1m      # Symlink extraction fix[0m
2026-08-19T12:54:56.6720709Z [36;1m      tar -xzf "$TEMP_TAR" -C "$ZYC_DIR" 2>/dev/null || true[0m
2026-08-19T12:54:56.6721028Z [36;1m      # Cleanup[0m
2026-08-19T12:54:56.6721259Z [36;1m      rm -f "$TEMP_TAR"[0m
2026-08-19T12:54:56.6721496Z [36;1m      [0m
2026-08-19T12:54:56.6721704Z [36;1m      # Verify clang exists[0m
2026-08-19T12:54:56.6721977Z [36;1m      if [ -x "$ZYC_DIR/bin/clang" ]; then[0m
2026-08-19T12:54:56.6722267Z [36;1m          CLANG_BIN="$ZYC_DIR/bin"[0m
2026-08-19T12:54:56.6722537Z [36;1m          CLANG_FOUND=true[0m
2026-08-19T12:54:56.6722869Z [36;1m          echo "ZyC Clang successfully downloaded and extracted."[0m
2026-08-19T12:54:56.6723239Z [36;1m          echo "Using: $CLANG_BIN/clang"[0m
2026-08-19T12:54:56.6723652Z [36;1m      else[0m
2026-08-19T12:54:56.6724025Z [36;1m          echo "Warning: Extraction done, but clang binary not found at $ZYC_DIR/bin/clang"[0m
2026-08-19T12:54:56.6724452Z [36;1m      fi[0m
2026-08-19T12:54:56.6724659Z [36;1m    else[0m
2026-08-19T12:54:56.6724925Z [36;1m        echo "Error: Failed to extract the tar.gz file."[0m
2026-08-19T12:54:56.6725256Z [36;1m        rm -f "$TEMP_TAR"[0m
2026-08-19T12:54:56.6725505Z [36;1m    fi[0m
2026-08-19T12:54:56.6725704Z [36;1m  fi[0m
2026-08-19T12:54:56.6725904Z [36;1m[0m
2026-08-19T12:54:56.6726121Z [36;1melif [ -n "$OP_C_COMPILER" ]; then[0m
2026-08-19T12:54:56.6726458Z [36;1m  # Priority 2: User specified a custom C compiler[0m
2026-08-19T12:54:56.6726835Z [36;1m  if [ -x "$CONFIG_FOLDER/$OP_C_COMPILER/clang" ]; then[0m
2026-08-19T12:54:56.6727194Z [36;1m    CLANG_BIN="$CONFIG_FOLDER/$OP_C_COMPILER"[0m
2026-08-19T12:54:56.6727495Z [36;1m    CLANG_FOUND=true[0m
2026-08-19T12:54:56.6727728Z [36;1m  else[0m
2026-08-19T12:54:56.6728179Z [36;1m    echo "Warning: OP_C_COMPILER='$OP_C_COMPILER' but clang binary not found at $CONFIG_FOLDER/$OP_C_COMPILER/clang"[0m
2026-08-19T12:54:56.6728674Z [36;1m  fi[0m
2026-08-19T12:54:56.6729080Z [36;1mfi[0m
2026-08-19T12:54:56.6729269Z [36;1m[0m
2026-08-19T12:54:56.6729478Z [36;1mif [ "$CLANG_FOUND" = false ]; then[0m
2026-08-19T12:54:56.6729968Z [36;1m  # Priority 3: Auto-detect from prebuilts (when both variables are empty / user clang not found)[0m
2026-08-19T12:54:56.6730620Z [36;1m  for base in "$KERNEL_PLATFORM_FOLDER/prebuilts" "$KERNEL_PLATFORM_FOLDER/prebuilts-master"; do[0m
2026-08-19T12:54:56.6731117Z [36;1m    [ -d "$base/clang/host/linux-x86" ] || continue[0m
2026-08-19T12:54:56.6731609Z [36;1m    latest=$(ls -d "$base/clang/host/linux-x86/clang-r"* 2>/dev/null | sort -V | tail -n1 || true)[0m
2026-08-19T12:54:56.6732096Z [36;1m    if [ -n "$latest" ] && [ -x "$latest/bin/clang" ]; then[0m
2026-08-19T12:54:56.6732423Z [36;1m      CLANG_BIN="$latest/bin"[0m
2026-08-19T12:54:56.6732700Z [36;1m      CLANG_FOUND=true[0m
2026-08-19T12:54:56.6732945Z [36;1m      break[0m
2026-08-19T12:54:56.6733153Z [36;1m    fi[0m
2026-08-19T12:54:56.6733341Z [36;1m  done[0m
2026-08-19T12:54:56.6733527Z [36;1mfi[0m
2026-08-19T12:54:56.6733714Z [36;1m[0m
2026-08-19T12:54:56.6734014Z [36;1mif [ "$CLANG_FOUND" = false ] && command -v clang >/dev/null 2>&1; then[0m
2026-08-19T12:54:56.6734587Z [36;1m  # Priority 4: Fallback to system-installed clang[0m
2026-08-19T12:54:56.6734951Z [36;1m  CLANG_BIN="$(dirname "$(command -v clang)")"[0m
2026-08-19T12:54:56.6735255Z [36;1m  CLANG_FOUND=true[0m
2026-08-19T12:54:56.6735498Z [36;1m  echo "Using system clang."[0m
2026-08-19T12:54:56.6735748Z [36;1mfi[0m
2026-08-19T12:54:56.6735932Z [36;1m[0m
2026-08-19T12:54:56.6736231Z [36;1m[ "$CLANG_FOUND" = true ] || { echo "::error::No clang toolchain found"; exit 1; }[0m
2026-08-19T12:54:56.6736596Z [36;1m[0m
2026-08-19T12:54:56.6736838Z [36;1mecho "CLANG_BIN_PATH=$CLANG_BIN" >> "$GITHUB_ENV"[0m
2026-08-19T12:54:56.6737137Z [36;1m[0m
2026-08-19T12:54:56.6737401Z [36;1mCLANG_VERSION="$("$CLANG_BIN/clang" --version | head -n1)"[0m
2026-08-19T12:54:56.6737798Z [36;1mecho "CLANG_VERSION=$CLANG_VERSION" >> "$GITHUB_ENV"[0m
2026-08-19T12:54:56.6738109Z [36;1m[0m
2026-08-19T12:54:56.6738311Z [36;1mecho "Derive Clang fingerprint"[0m
2026-08-19T12:54:56.6738568Z [36;1m[0m
2026-08-19T12:54:56.6739105Z [36;1mshort="$("${CLANG_BIN}/clang" --version | sed -n '1s/.*clang-r\([0-9.]\+\).*/\1/p')"[0m
2026-08-19T12:54:56.6739490Z [36;1m[0m
2026-08-19T12:54:56.6739681Z [36;1mif [ -z "$short" ]; then[0m
2026-08-19T12:54:56.6740018Z [36;1m  short="$("${CLANG_BIN}/clang" --version | sha256sum | cut -c1-8)"[0m
2026-08-19T12:54:56.6740474Z [36;1m  echo "⚠️ Could not extract clang-r version, using hash: $short"[0m
2026-08-19T12:54:56.6740838Z [36;1melse[0m
2026-08-19T12:54:56.6741083Z [36;1m  echo "✅ Clang version fingerprint: $short"[0m
2026-08-19T12:54:56.6741513Z [36;1mfi[0m
2026-08-19T12:54:56.6741699Z [36;1m[0m
2026-08-19T12:54:56.6741947Z [36;1mecho "CLANG_VERSION_SHORT=$short" >> "$GITHUB_ENV"[0m
2026-08-19T12:54:56.6742272Z [36;1mecho "$CLANG_BIN" >> $GITHUB_PATH[0m
2026-08-19T12:54:56.6742607Z [36;1mecho "LIBCLANG_PATH=$CLANG_BIN/../lib" >> "$GITHUB_ENV"[0m
2026-08-19T12:54:56.6742924Z [36;1m[0m
2026-08-19T12:54:56.6743142Z [36;1mecho "✅ Detected Clang: $CLANG_VERSION"[0m
2026-08-19T12:54:56.6743445Z [36;1mecho "::endgroup::"[0m
2026-08-19T12:54:56.6779060Z shell: /usr/bin/bash --noprofile --norc -e -o pipefail {0}
2026-08-19T12:54:56.6779389Z env:
2026-08-19T12:54:56.6779731Z   CCACHE_DIR: /home/runner/work/OnePlus_KernelSU_SUSFS/OnePlus_KernelSU_SUSFS/.ccache
2026-08-19T12:54:56.6780140Z   CCACHE_MAXSIZE: 12G
2026-08-19T12:54:56.6780371Z   CCACHE_COMPILERCHECK: content
2026-08-19T12:54:56.6780744Z   CCACHE_BASEDIR: /home/runner/work/OnePlus_KernelSU_SUSFS/OnePlus_KernelSU_SUSFS
2026-08-19T12:54:56.6781134Z   CCACHE_NOHASHDIR: true
2026-08-19T12:54:56.6781387Z   CCACHE_IGNOREOPTIONS: --sysroot*
2026-08-19T12:54:56.6781648Z   CCACHE_COMPRESSION: true
2026-08-19T12:54:56.6781885Z   CCACHE_COMPRESSION_LEVEL: 3
2026-08-19T12:54:56.6782127Z   CCACHE_DIRECT: true
2026-08-19T12:54:56.6782342Z   CCACHE_FILE_CLONE: true
2026-08-19T12:54:56.6782567Z   CCACHE_INODE_CACHE: true
2026-08-19T12:54:56.6782797Z   CCACHE_IS_KERNEL_COMPILING: true
2026-08-19T12:54:56.6783051Z   CCACHE_UMASK: 002
2026-08-19T12:54:56.6783512Z   CCACHE_SLOPPINESS: file_macro,time_macros,include_file_mtime,include_file_ctime,pch_defines,system_headers,locale
2026-08-19T12:54:56.6784009Z   ACTION_REPO: 
2026-08-19T12:54:56.6784205Z   ACTION_REF: 
2026-08-19T12:54:56.6784421Z   OP_MODEL: OP-ACE-3-PRO-6.1.75
2026-08-19T12:54:56.6784665Z   OP_SOC: pineapple
2026-08-19T12:54:56.6784877Z   OP_BRANCH: wild/sm8650
2026-08-19T12:54:56.6785125Z   OP_MANIFEST: oneplus_ace3_pro_6.1.75_v.xml
2026-08-19T12:54:56.6785413Z   OP_ANDROID_VERSION: android14
2026-08-19T12:54:56.6785647Z   OP_KERNEL_VERSION: 6.1
2026-08-19T12:54:56.6785873Z   OP_OS_VERSION: A15
2026-08-19T12:54:56.6786081Z   OP_LTO: thin
2026-08-19T12:54:56.6786274Z   OP_ZYC_COMPILER: 
2026-08-19T12:54:56.6786616Z   OP_C_COMPILER: kernel_platform/prebuilts/clang/host/linux-x86/clang-r487747c/bin
2026-08-19T12:54:56.6787010Z   OP_RUST_COMPILER: 
2026-08-19T12:54:56.6787215Z   OP_BINDGEN: 
2026-08-19T12:54:56.6787411Z   OP_RUST_BUILD: false
2026-08-19T12:54:56.6787631Z   OP_DISK_CLEANUP: false
2026-08-19T12:54:56.6788003Z   OP_HMBIRD: false
2026-08-19T12:54:56.6788206Z   OP_SUSFS: true
2026-08-19T12:54:56.6788403Z   OP_OPT: true
2026-08-19T12:54:56.6788591Z   OP_DS: true
2026-08-19T12:54:56.6788962Z   OP_BBG: true
2026-08-19T12:54:56.6789160Z   OP_BBR: true
2026-08-19T12:54:56.6789351Z   OP_BBR3: true
2026-08-19T12:54:56.6789548Z   OP_TTL: true
2026-08-19T12:54:56.6789737Z   OP_IP_SET: true
2026-08-19T12:54:56.6789944Z   OP_UNICODE: true
2026-08-19T12:54:56.6790158Z   OP_NTSYNC: true
2026-08-19T12:54:56.6792020Z   OP_BLACKLIST_MODULES: kernelsu,oplus_security_guard,oplus_qr_scan,oplus_score,oplus_vip_task,oplus_dns_cache,oplus_network_linkpower_module,oplus_data_module,oplus_secure_harden,oplus_security_keventupload,oplus_secure_guard_new,oplus_secure_guard,coresight_tpda,coresight_tgu,coresight_trace_noc,coresight_cti,coresight_qmi,coresight_dummy,coresight_remote_etm,coresight_tpdm,coresight_uetm,coresight_stm,coresight_tmc_sec,f_fs_ipc_log,qcom_iommu_debug,qti_battery_debug,rdbg,stm_heartbeat,stm_p_ost,stm_core,stm_ftrace,stm_console,spmi_pmic_arb_debug
2026-08-19T12:54:56.6793892Z   OP_UNAME: OP-WILD
2026-08-19T12:54:56.6794115Z   CONFIG: OP-ACE-3-PRO-6.1.75
2026-08-19T12:54:56.6794366Z   REPO: /usr/local/bin/repo
2026-08-19T12:54:56.6812052Z   CONFIG_FOLDER: /home/runner/work/OnePlus_KernelSU_SUSFS/OnePlus_KernelSU_SUSFS/OP-ACE-3-PRO-6.1.75
2026-08-19T12:54:56.6812838Z   ARTIFACTS_FOLDER: /home/runner/work/OnePlus_KernelSU_SUSFS/OnePlus_KernelSU_SUSFS/OP-ACE-3-PRO-6.1.75/artifacts
2026-08-19T12:54:56.6813615Z   KERNEL_PLATFORM_FOLDER: /home/runner/work/OnePlus_KernelSU_SUSFS/OnePlus_KernelSU_SUSFS/OP-ACE-3-PRO-6.1.75/kernel_platform
2026-08-19T12:54:56.6814615Z   COMMON_KERNEL_FOLDER: /home/runner/work/OnePlus_KernelSU_SUSFS/OnePlus_KernelSU_SUSFS/OP-ACE-3-PRO-6.1.75/kernel_platform/common
2026-08-19T12:54:56.6815455Z   MSM_KERNEL_FOLDER: /home/runner/work/OnePlus_KernelSU_SUSFS/OnePlus_KernelSU_SUSFS/OP-ACE-3-PRO-6.1.75/kernel_platform/msm-kernel
2026-08-19T12:54:56.6816226Z   AK3_FOLDER: /home/runner/work/OnePlus_KernelSU_SUSFS/OnePlus_KernelSU_SUSFS/OP-ACE-3-PRO-6.1.75/AnyKernel3
2026-08-19T12:54:56.6816911Z   DEBUG_ARTIFACTS_FOLDER: /home/runner/work/OnePlus_KernelSU_SUSFS/OnePlus_KernelSU_SUSFS/debug_artifacts
2026-08-19T12:54:56.6817569Z   KERNEL_PATCHES_FOLDER: /home/runner/work/OnePlus_KernelSU_SUSFS/OnePlus_KernelSU_SUSFS/kernel_patches
2026-08-19T12:54:56.6818170Z   SUSFS_FOLDER: /home/runner/work/OnePlus_KernelSU_SUSFS/OnePlus_KernelSU_SUSFS/susfs4ksu
2026-08-19T12:54:56.6818982Z   KSU_FOLDER: /home/runner/work/OnePlus_KernelSU_SUSFS/OnePlus_KernelSU_SUSFS/OP-ACE-3-PRO-6.1.75/kernel_platform/KernelSU
2026-08-19T12:54:56.6819773Z   KSUN_FOLDER: /home/runner/work/OnePlus_KernelSU_SUSFS/OnePlus_KernelSU_SUSFS/OP-ACE-3-PRO-6.1.75/kernel_platform/KernelSU-Next
2026-08-19T12:54:56.6820341Z   DEBUG_ZIP_NAME: debug_OP-ACE-3-PRO-6.1.75_A15.zip
2026-08-19T12:54:56.6820636Z   ANDROID_VER: android14
2026-08-19T12:54:56.6820857Z   KERNEL_VER: 6.1
2026-08-19T12:54:56.6821059Z   TKERNEL_VER: 6.1.75
2026-08-19T12:54:56.6821286Z   KERNEL_FULL_VER: android14-6.1.75
2026-08-19T12:54:56.6821562Z   SUSFS_KERNEL_BRANCH: gki-android14-6.1
2026-08-19T12:54:56.6821824Z   BUILD_USER: OnePlus
2026-08-19T12:54:56.6822034Z   BUILD_HOST: ubuntu-build
2026-08-19T12:54:56.6822259Z ##[endgroup]
2026-08-19T12:54:56.6881364Z ##[group]Detect Clang
2026-08-19T12:54:56.7000807Z Derive Clang fingerprint
2026-08-19T12:54:56.7215019Z ⚠️ Could not extract clang-r version, using hash: 4e90edd6
2026-08-19T12:54:56.7216732Z ✅ Detected Clang: Android (10087095, +pgo, +bolt, +lto, -mlgo, based on r487747c) clang version 17.0.2 (https://android.googlesource.com/toolchain/llvm-project d9f89f4d16663d5012e5c09495f3b30ece3d2362)
2026-08-19T12:54:56.7218640Z ##[endgroup]
2026-08-19T12:54:56.7224467Z ##[end-action id=build.__run_10;outcome=success;conclusion=success;duration_ms=53]
2026-08-19T12:54:56.7226978Z ##[start-action display=Check or Detect Rust & bindgen;id=build.__run_11]
2026-08-19T12:54:56.7246121Z ##[end-action id=build.__run_11;outcome=skipped;conclusion=skipped;duration_ms=0]
2026-08-19T12:54:56.7248211Z ##[start-action display=Install bindgen only (no rustc);id=build.__run_12]
2026-08-19T12:54:56.7254056Z ##[end-action id=build.__run_12;outcome=skipped;conclusion=skipped;duration_ms=0]
2026-08-19T12:54:56.7255960Z ##[start-action display=Test Rust & bindgen;id=build.__run_13]
2026-08-19T12:54:56.7259358Z ##[end-action id=build.__run_13;outcome=skipped;conclusion=skipped;duration_ms=0]
2026-08-19T12:54:56.7261187Z ##[start-action display=Restore ccache cache;id=build.restore-ccache-cache]
2026-08-19T12:54:56.7282016Z ##[end-action id=build.restore-ccache-cache;outcome=skipped;conclusion=skipped;duration_ms=0]
2026-08-19T12:54:56.7284104Z ##[start-action display=Check and Prepare Caches;id=build.__run_14]
2026-08-19T12:54:56.7299973Z ##[group]Run echo "::group::Check ccache"
2026-08-19T12:54:56.7300308Z [36;1mecho "::group::Check ccache"[0m
2026-08-19T12:54:56.7300590Z [36;1mset -euo pipefail[0m
2026-08-19T12:54:56.7300818Z [36;1m[0m
2026-08-19T12:54:56.7301056Z [36;1mecho "/usr/lib/ccache" >> $GITHUB_PATH[0m
2026-08-19T12:54:56.7301345Z [36;1m[0m
2026-08-19T12:54:56.7301559Z [36;1mecho "Current ccache configuration:"[0m
2026-08-19T12:54:56.7301858Z [36;1mccache -p[0m
2026-08-19T12:54:56.7302072Z [36;1m[0m
2026-08-19T12:54:56.7302487Z [36;1mif [ -d "$CCACHE_DIR" ] && find "$CCACHE_DIR" -maxdepth 2 -type f -print -quit 2>/dev/null | grep -q .; then[0m
2026-08-19T12:54:56.7302982Z [36;1m  echo "✅ Restored cache found"[0m
2026-08-19T12:54:56.7303254Z [36;1m  echo ""[0m
2026-08-19T12:54:56.7303671Z [36;1m  echo "Pre-build cache statistics:"[0m
2026-08-19T12:54:56.7303962Z [36;1m  ccache -s | head -n 20[0m
2026-08-19T12:54:56.7304208Z [36;1m  [0m
2026-08-19T12:54:56.7304458Z [36;1m  echo "Updating atime to achive cache eviction"[0m
2026-08-19T12:54:56.7305108Z [36;1m  find /home/runner/work/OnePlus_KernelSU_SUSFS/OnePlus_KernelSU_SUSFS/.ccache -type f -exec touch -t $(date -d "1 day ago" +%Y%m%d%H%M) {} +[0m
2026-08-19T12:54:56.7305696Z [36;1melse[0m
2026-08-19T12:54:56.7305963Z [36;1m  echo "⚠️ No existing cache - building from scratch"[0m
2026-08-19T12:54:56.7306433Z [36;1m  echo "Cache will be populated for future builds"[0m
2026-08-19T12:54:56.7306743Z [36;1mfi[0m
2026-08-19T12:54:56.7306931Z [36;1m[0m
2026-08-19T12:54:56.7307122Z [36;1mccache -z[0m
2026-08-19T12:54:56.7307350Z [36;1mrm -f "$CCACHE_DIR/ccache.log"[0m
2026-08-19T12:54:56.7307606Z [36;1m[0m
2026-08-19T12:54:56.7307817Z [36;1m# Blacklist Risky files from ccache[0m
2026-08-19T12:54:56.7308229Z [36;1msed -i '1i // CI_RUN_ID: 32255087305' "$COMMON_KERNEL_FOLDER/kernel/configs.c"[0m
2026-08-19T12:54:56.7308721Z [36;1msed -i '1i // ccache:disable' "$COMMON_KERNEL_FOLDER/kernel/configs.c"[0m
2026-08-19T12:54:56.7309239Z [36;1m[0m
2026-08-19T12:54:56.7309609Z [36;1mif head -n 1 "$COMMON_KERNEL_FOLDER/kernel/configs.c" | grep -q "// ccache:disable"; then[0m
2026-08-19T12:54:56.7310106Z [36;1m    echo "Success: ccache is disabled for this file!"[0m
2026-08-19T12:54:56.7310417Z [36;1melse[0m
2026-08-19T12:54:56.7310687Z [36;1m    echo "Error: Modification failed or line is missing."[0m
2026-08-19T12:54:56.7311000Z [36;1mfi[0m
2026-08-19T12:54:56.7311185Z [36;1m[0m
2026-08-19T12:54:56.7311381Z [36;1mecho "::endgroup::"[0m
2026-08-19T12:54:56.7352491Z shell: /usr/bin/bash --noprofile --norc -e -o pipefail {0}
2026-08-19T12:54:56.7352833Z env:
2026-08-19T12:54:56.7353173Z   CCACHE_DIR: /home/runner/work/OnePlus_KernelSU_SUSFS/OnePlus_KernelSU_SUSFS/.ccache
2026-08-19T12:54:56.7353589Z   CCACHE_MAXSIZE: 12G
2026-08-19T12:54:56.7353823Z   CCACHE_COMPILERCHECK: content
2026-08-19T12:54:56.7354197Z   CCACHE_BASEDIR: /home/runner/work/OnePlus_KernelSU_SUSFS/OnePlus_KernelSU_SUSFS
2026-08-19T12:54:56.7354586Z   CCACHE_NOHASHDIR: true
2026-08-19T12:54:56.7354830Z   CCACHE_IGNOREOPTIONS: --sysroot*
2026-08-19T12:54:56.7355089Z   CCACHE_COMPRESSION: true
2026-08-19T12:54:56.7355326Z   CCACHE_COMPRESSION_LEVEL: 3
2026-08-19T12:54:56.7355726Z   CCACHE_DIRECT: true
2026-08-19T12:54:56.7355943Z   CCACHE_FILE_CLONE: true
2026-08-19T12:54:56.7356168Z   CCACHE_INODE_CACHE: true
2026-08-19T12:54:56.7356397Z   CCACHE_IS_KERNEL_COMPILING: true
2026-08-19T12:54:56.7356642Z   CCACHE_UMASK: 002
2026-08-19T12:54:56.7357097Z   CCACHE_SLOPPINESS: file_macro,time_macros,include_file_mtime,include_file_ctime,pch_defines,system_headers,locale
2026-08-19T12:54:56.7357603Z   ACTION_REPO: 
2026-08-19T12:54:56.7357804Z   ACTION_REF: 
2026-08-19T12:54:56.7358016Z   OP_MODEL: OP-ACE-3-PRO-6.1.75
2026-08-19T12:54:56.7358261Z   OP_SOC: pineapple
2026-08-19T12:54:56.7358481Z   OP_BRANCH: wild/sm8650
2026-08-19T12:54:56.7358734Z   OP_MANIFEST: oneplus_ace3_pro_6.1.75_v.xml
2026-08-19T12:54:56.7359167Z   OP_ANDROID_VERSION: android14
2026-08-19T12:54:56.7359410Z   OP_KERNEL_VERSION: 6.1
2026-08-19T12:54:56.7359632Z   OP_OS_VERSION: A15
2026-08-19T12:54:56.7359840Z   OP_LTO: thin
2026-08-19T12:54:56.7360039Z   OP_ZYC_COMPILER: 
2026-08-19T12:54:56.7360391Z   OP_C_COMPILER: kernel_platform/prebuilts/clang/host/linux-x86/clang-r487747c/bin
2026-08-19T12:54:56.7360785Z   OP_RUST_COMPILER: 
2026-08-19T12:54:56.7360988Z   OP_BINDGEN: 
2026-08-19T12:54:56.7361186Z   OP_RUST_BUILD: false
2026-08-19T12:54:56.7361409Z   OP_DISK_CLEANUP: false
2026-08-19T12:54:56.7361625Z   OP_HMBIRD: false
2026-08-19T12:54:56.7361825Z   OP_SUSFS: true
2026-08-19T12:54:56.7362017Z   OP_OPT: true
2026-08-19T12:54:56.7362203Z   OP_DS: true
2026-08-19T12:54:56.7362394Z   OP_BBG: true
2026-08-19T12:54:56.7362584Z   OP_BBR: true
2026-08-19T12:54:56.7362916Z   OP_BBR3: true
2026-08-19T12:54:56.7363108Z   OP_TTL: true
2026-08-19T12:54:56.7363295Z   OP_IP_SET: true
2026-08-19T12:54:56.7363497Z   OP_UNICODE: true
2026-08-19T12:54:56.7363693Z   OP_NTSYNC: true
2026-08-19T12:54:56.7365547Z   OP_BLACKLIST_MODULES: kernelsu,oplus_security_guard,oplus_qr_scan,oplus_score,oplus_vip_task,oplus_dns_cache,oplus_network_linkpower_module,oplus_data_module,oplus_secure_harden,oplus_security_keventupload,oplus_secure_guard_new,oplus_secure_guard,coresight_tpda,coresight_tgu,coresight_trace_noc,coresight_cti,coresight_qmi,coresight_dummy,coresight_remote_etm,coresight_tpdm,coresight_uetm,coresight_stm,coresight_tmc_sec,f_fs_ipc_log,qcom_iommu_debug,qti_battery_debug,rdbg,stm_heartbeat,stm_p_ost,stm_core,stm_ftrace,stm_console,spmi_pmic_arb_debug
2026-08-19T12:54:56.7367410Z   OP_UNAME: OP-WILD
2026-08-19T12:54:56.7367641Z   CONFIG: OP-ACE-3-PRO-6.1.75
2026-08-19T12:54:56.7367888Z   REPO: /usr/local/bin/repo
2026-08-19T12:54:56.7368317Z   CONFIG_FOLDER: /home/runner/work/OnePlus_KernelSU_SUSFS/OnePlus_KernelSU_SUSFS/OP-ACE-3-PRO-6.1.75
2026-08-19T12:54:56.7369107Z   ARTIFACTS_FOLDER: /home/runner/work/OnePlus_KernelSU_SUSFS/OnePlus_KernelSU_SUSFS/OP-ACE-3-PRO-6.1.75/artifacts
2026-08-19T12:54:56.7369862Z   KERNEL_PLATFORM_FOLDER: /home/runner/work/OnePlus_KernelSU_SUSFS/OnePlus_KernelSU_SUSFS/OP-ACE-3-PRO-6.1.75/kernel_platform
2026-08-19T12:54:56.7370669Z   COMMON_KERNEL_FOLDER: /home/runner/work/OnePlus_KernelSU_SUSFS/OnePlus_KernelSU_SUSFS/OP-ACE-3-PRO-6.1.75/kernel_platform/common
2026-08-19T12:54:56.7371480Z   MSM_KERNEL_FOLDER: /home/runner/work/OnePlus_KernelSU_SUSFS/OnePlus_KernelSU_SUSFS/OP-ACE-3-PRO-6.1.75/kernel_platform/msm-kernel
2026-08-19T12:54:56.7372224Z   AK3_FOLDER: /home/runner/work/OnePlus_KernelSU_SUSFS/OnePlus_KernelSU_SUSFS/OP-ACE-3-PRO-6.1.75/AnyKernel3
2026-08-19T12:54:56.7372886Z   DEBUG_ARTIFACTS_FOLDER: /home/runner/work/OnePlus_KernelSU_SUSFS/OnePlus_KernelSU_SUSFS/debug_artifacts
2026-08-19T12:54:56.7373532Z   KERNEL_PATCHES_FOLDER: /home/runner/work/OnePlus_KernelSU_SUSFS/OnePlus_KernelSU_SUSFS/kernel_patches
2026-08-19T12:54:56.7374137Z   SUSFS_FOLDER: /home/runner/work/OnePlus_KernelSU_SUSFS/OnePlus_KernelSU_SUSFS/susfs4ksu
2026-08-19T12:54:56.7374793Z   KSU_FOLDER: /home/runner/work/OnePlus_KernelSU_SUSFS/OnePlus_KernelSU_SUSFS/OP-ACE-3-PRO-6.1.75/kernel_platform/KernelSU
2026-08-19T12:54:56.7375709Z   KSUN_FOLDER: /home/runner/work/OnePlus_KernelSU_SUSFS/OnePlus_KernelSU_SUSFS/OP-ACE-3-PRO-6.1.75/kernel_platform/KernelSU-Next
2026-08-19T12:54:56.7376286Z   DEBUG_ZIP_NAME: debug_OP-ACE-3-PRO-6.1.75_A15.zip
2026-08-19T12:54:56.7376582Z   ANDROID_VER: android14
2026-08-19T12:54:56.7376803Z   KERNEL_VER: 6.1
2026-08-19T12:54:56.7377008Z   TKERNEL_VER: 6.1.75
2026-08-19T12:54:56.7377229Z   KERNEL_FULL_VER: android14-6.1.75
2026-08-19T12:54:56.7377501Z   SUSFS_KERNEL_BRANCH: gki-android14-6.1
2026-08-19T12:54:56.7377764Z   BUILD_USER: OnePlus
2026-08-19T12:54:56.7377981Z   BUILD_HOST: ubuntu-build
2026-08-19T12:54:56.7378644Z   CLANG_BIN_PATH: /home/runner/work/OnePlus_KernelSU_SUSFS/OnePlus_KernelSU_SUSFS/OP-ACE-3-PRO-6.1.75/kernel_platform/prebuilts/clang/host/linux-x86/clang-r487747c/bin
2026-08-19T12:54:56.7379927Z   CLANG_VERSION: Android (10087095, +pgo, +bolt, +lto, -mlgo, based on r487747c) clang version 17.0.2 (https://android.googlesource.com/toolchain/llvm-project d9f89f4d16663d5012e5c09495f3b30ece3d2362)
2026-08-19T12:54:56.7380668Z   CLANG_VERSION_SHORT: 4e90edd6
2026-08-19T12:54:56.7381342Z   LIBCLANG_PATH: /home/runner/work/OnePlus_KernelSU_SUSFS/OnePlus_KernelSU_SUSFS/OP-ACE-3-PRO-6.1.75/kernel_platform/prebuilts/clang/host/linux-x86/clang-r487747c/bin/../lib
2026-08-19T12:54:56.7382009Z ##[endgroup]
2026-08-19T12:54:56.7445245Z ##[group]Check ccache
2026-08-19T12:54:56.7445612Z Current ccache configuration:
2026-08-19T12:54:56.7467161Z (default) absolute_paths_in_stderr = false
2026-08-19T12:54:56.7467881Z (environment) base_dir = /home/runner/work/OnePlus_KernelSU_SUSFS/OnePlus_KernelSU_SUSFS
2026-08-19T12:54:56.7468973Z (environment) cache_dir = /home/runner/work/OnePlus_KernelSU_SUSFS/OnePlus_KernelSU_SUSFS/.ccache
2026-08-19T12:54:56.7469933Z (default) compiler = 
2026-08-19T12:54:56.7470285Z (environment) compiler_check = content
2026-08-19T12:54:56.7470708Z (default) compiler_type = auto
2026-08-19T12:54:56.7471090Z (default) compression = true
2026-08-19T12:54:56.7471377Z (default) compression_level = 0
2026-08-19T12:54:56.7471626Z (default) cpp_extension = 
2026-08-19T12:54:56.7471857Z (default) debug = false
2026-08-19T12:54:56.7472114Z (default) debug_dir = 
2026-08-19T12:54:56.7472444Z (default) debug_level = 2
2026-08-19T12:54:56.7472796Z (default) depend_mode = false
2026-08-19T12:54:56.7473171Z (environment) direct_mode = true
2026-08-19T12:54:56.7473549Z (default) disable = false
2026-08-19T12:54:56.7473895Z (default) extra_files_to_hash = 
2026-08-19T12:54:56.7474264Z (default) file_clone = false
2026-08-19T12:54:56.7474628Z (default) hard_link = false
2026-08-19T12:54:56.7475016Z (environment) hash_dir = false
2026-08-19T12:54:56.7475377Z (default) ignore_headers_in_manifest = 
2026-08-19T12:54:56.7475827Z (environment) ignore_options = --sysroot*
2026-08-19T12:54:56.7476257Z (default) inode_cache = true
2026-08-19T12:54:56.7476639Z (default) keep_comments_cpp = false
2026-08-19T12:54:56.7477026Z (default) log_file = 
2026-08-19T12:54:56.7477343Z (default) max_files = 0
2026-08-19T12:54:56.7477686Z (environment) max_size = 12.0 GB
2026-08-19T12:54:56.7478225Z (default) msvc_dep_prefix = Note: including file:
2026-08-19T12:54:56.7478719Z (default) namespace = 
2026-08-19T12:54:56.7479294Z (default) path = 
2026-08-19T12:54:56.7479635Z (default) pch_external_checksum = false
2026-08-19T12:54:56.7480059Z (default) prefix_command = 
2026-08-19T12:54:56.7480429Z (default) prefix_command_cpp = 
2026-08-19T12:54:56.7480813Z (default) read_only = false
2026-08-19T12:54:56.7481176Z (default) read_only_direct = false
2026-08-19T12:54:56.7481567Z (default) recache = false
2026-08-19T12:54:56.7481913Z (default) remote_only = false
2026-08-19T12:54:56.7482294Z (default) remote_storage = 
2026-08-19T12:54:56.7482646Z (default) reshare = false
2026-08-19T12:54:56.7482998Z (default) run_second_cpp = true
2026-08-19T12:54:56.7483772Z (environment) sloppiness = include_file_ctime, include_file_mtime, locale, pch_defines, system_headers, time_macros
2026-08-19T12:54:56.7484576Z (default) stats = true
2026-08-19T12:54:56.7484909Z (default) stats_log = 
2026-08-19T12:54:56.7485515Z (default) temporary_dir = /run/user/1001/ccache-tmp
2026-08-19T12:54:56.7486003Z (environment) umask = 002
2026-08-19T12:54:56.7490809Z ⚠️ No existing cache - building from scratch
2026-08-19T12:54:56.7491318Z Cache will be populated for future builds
2026-08-19T12:54:56.7933617Z Statistics zeroed
2026-08-19T12:54:56.8000402Z Success: ccache is disabled for this file!
2026-08-19T12:54:56.8001262Z ##[endgroup]
2026-08-19T12:54:56.8007901Z ##[end-action id=build.__run_14;outcome=success;conclusion=success;duration_ms=72]
2026-08-19T12:54:56.8010552Z ##[start-action display=Fetch SusFS and Other Dependencies;id=build.__run_15]
2026-08-19T12:54:56.8036126Z ##[group]Run echo "::group::Fetch dependencies"
2026-08-19T12:54:56.8036704Z [36;1mecho "::group::Fetch dependencies"[0m
2026-08-19T12:54:56.8037003Z [36;1mset -euo pipefail[0m
2026-08-19T12:54:56.8037311Z [36;1mecho "Fetching SusFS and other dependencies..."[0m
2026-08-19T12:54:56.8037636Z [36;1m[0m
2026-08-19T12:54:56.8037818Z [36;1m[0m
2026-08-19T12:54:56.8038032Z [36;1mif [ "true" = true ]; then[0m
2026-08-19T12:54:56.8038322Z [36;1m  # Determine SUSFS branch/commit to use[0m
2026-08-19T12:54:56.8038700Z [36;1m  SUSFS_INPUT="e287d59066380bf6de4396532d4a42edf4408701"[0m
2026-08-19T12:54:56.8039350Z [36;1m  [0m
2026-08-19T12:54:56.8039605Z [36;1m  # Default SUSFS branches for each kernel version[0m
2026-08-19T12:54:56.8039937Z [36;1m  declare -A DEFAULT_SUSFS=([0m
2026-08-19T12:54:56.8040258Z [36;1m    ["android12-5.10"]="gki-android12-5.10"[0m
2026-08-19T12:54:56.8040570Z [36;1m    ["android13-5.15"]="gki-android13-5.15"[0m
2026-08-19T12:54:56.8041067Z [36;1m    ["android14-6.1"]="gki-android14-6.1"[0m
2026-08-19T12:54:56.8041366Z [36;1m    ["android15-6.6"]="gki-android15-6.6"[0m
2026-08-19T12:54:56.8041669Z [36;1m    ["android16-6.12"]="gki-android16-6.12"[0m
2026-08-19T12:54:56.8041936Z [36;1m  )[0m
2026-08-19T12:54:56.8042122Z [36;1m  [0m
2026-08-19T12:54:56.8042336Z [36;1m  # Determine which SUSFS ref to use[0m
2026-08-19T12:54:56.8042641Z [36;1m  KERNEL_KEY="android14-6.1"[0m
2026-08-19T12:54:56.8042920Z [36;1m  if [ -z "$SUSFS_INPUT" ]; then[0m
2026-08-19T12:54:56.8043209Z [36;1m    # use kernel-specific default[0m
2026-08-19T12:54:56.8043582Z [36;1m    SUSFS_BRANCH="${DEFAULT_SUSFS[$KERNEL_KEY]:-gki-android15-6.6}"[0m
2026-08-19T12:54:56.8044071Z [36;1m    echo "ℹ️  Using default SUSFS branch for $KERNEL_KEY: $SUSFS_BRANCH"[0m
2026-08-19T12:54:56.8044458Z [36;1m  else[0m
2026-08-19T12:54:56.8044725Z [36;1m    # 40-char hash or branch/commit passed directly[0m
2026-08-19T12:54:56.8045066Z [36;1m    SUSFS_BRANCH="$SUSFS_INPUT"[0m
2026-08-19T12:54:56.8045394Z [36;1m    echo "🔧 Using resolved SUSFS ref: $SUSFS_BRANCH"[0m
2026-08-19T12:54:56.8045704Z [36;1m  fi[0m
2026-08-19T12:54:56.8045897Z [36;1mfi[0m
2026-08-19T12:54:56.8046084Z [36;1m[0m
2026-08-19T12:54:56.8046286Z [36;1mretry_fetch_archive() {[0m
2026-08-19T12:54:56.8046543Z [36;1m  local url="$1"[0m
2026-08-19T12:54:56.8046787Z [36;1m  local branch="${2:-main}"[0m
2026-08-19T12:54:56.8047059Z [36;1m  local max_attempts=3[0m
2026-08-19T12:54:56.8047307Z [36;1m  local attempt=1[0m
2026-08-19T12:54:56.8047530Z [36;1m  [0m
2026-08-19T12:54:56.8047754Z [36;1m  local repo_name=$(basename "$url" .git)[0m
2026-08-19T12:54:56.8048101Z [36;1m  local safe_branch=$(echo "$branch" | tr '/' '_')[0m
2026-08-19T12:54:56.8048486Z [36;1m  local archive_name="${repo_name}_${safe_branch}.tar.gz"[0m
2026-08-19T12:54:56.8048965Z [36;1m  local shm_path="/dev/shm/$archive_name"[0m
2026-08-19T12:54:56.8049245Z [36;1m  [0m
2026-08-19T12:54:56.8049489Z [36;1m  local nproc=$(nproc 2>/dev/null || echo 4)[0m
2026-08-19T12:54:56.8049766Z [36;1m  [0m
2026-08-19T12:54:56.8050021Z [36;1m  local aria_log_flags="--quiet --summary-interval=0"[0m
2026-08-19T12:54:56.8050350Z [36;1m  if [ "false" = "true" ]; then[0m
2026-08-19T12:54:56.8050735Z [36;1m      aria_log_flags="--summary-interval=5" # Show progress every 5s in debug[0m
2026-08-19T12:54:56.8051113Z [36;1m  fi[0m
2026-08-19T12:54:56.8051455Z [36;1m  [0m
2026-08-19T12:54:56.8051653Z [36;1m  local aria2_headers=([0m
2026-08-19T12:54:56.8052202Z [36;1m    "--header=User-Agent: Mozilla/5.0 (Windows NT 10.0; Win64; x64) AppleWebKit/537.36 (KHTML, like Gecko) Chrome/120.0.0.0 Safari/537.36"[0m
2026-08-19T12:54:56.8052751Z [36;1m    "--header=Accept: */*"[0m
2026-08-19T12:54:56.8053029Z [36;1m    "--header=Connection: keep-alive"[0m
2026-08-19T12:54:56.8053302Z [36;1m  )[0m
2026-08-19T12:54:56.8053485Z [36;1m  [0m
2026-08-19T12:54:56.8053678Z [36;1m  local download_url=""[0m
2026-08-19T12:54:56.8053953Z [36;1m  if [[ "$url" == *"github.com"* ]]; then[0m
2026-08-19T12:54:56.8054327Z [36;1m      download_url="${url%.git}/archive/refs/heads/${branch}.tar.gz"[0m
2026-08-19T12:54:56.8054711Z [36;1m  elif [[ "$url" == *"gitlab.com"* ]]; then[0m
2026-08-19T12:54:56.8055118Z [36;1m      download_url="${url%.git}/-/archive/${branch}/${repo_name}-${branch}.tar.gz"[0m
2026-08-19T12:54:56.8055498Z [36;1m  else[0m
2026-08-19T12:54:56.8055756Z [36;1m      echo "::error::Unsupported host: $url"[0m
2026-08-19T12:54:56.8056047Z [36;1m      return 1[0m
2026-08-19T12:54:56.8056265Z [36;1m  fi[0m
2026-08-19T12:54:56.8056477Z [36;1m  [0m
2026-08-19T12:54:56.8056716Z [36;1m  while [ $attempt -le $max_attempts ]; do[0m
2026-08-19T12:54:56.8057170Z [36;1m      echo " Attempt $attempt/$max_attempts: High-speed fetch for $repo_name ($branch)"[0m
2026-08-19T12:54:56.8057580Z [36;1m      [0m
2026-08-19T12:54:56.8058204Z [36;1m      if aria2c -x16 -s16 -j16 -k1M --retry-wait=2 --max-tries=5 -d "/dev/shm" -o "$archive_name" --allow-overwrite=true "${aria2_headers[@]}" $aria_log_flags "$download_url"; then[0m
2026-08-19T12:54:56.8059246Z [36;1m          mkdir -p "$repo_name"[0m
2026-08-19T12:54:56.8059796Z [36;1m          if tar -I "pigz -p $nproc -b 256" -x --record-size=1M -f "$shm_path" -C "$repo_name" --strip-components=1 --no-same-owner; then[0m
2026-08-19T12:54:56.8060369Z [36;1m              echo "✅ Success: $repo_name synced"[0m
2026-08-19T12:54:56.8060676Z [36;1m              rm -f "$shm_path"[0m
2026-08-19T12:54:56.8060935Z [36;1m              return 0[0m
2026-08-19T12:54:56.8061172Z [36;1m          fi[0m
2026-08-19T12:54:56.8061382Z [36;1m      fi[0m
2026-08-19T12:54:56.8061576Z [36;1m      [0m
2026-08-19T12:54:56.8061883Z [36;1m      echo "⚠️ Attempt $attempt failed, clearing RAM and retrying..."[0m
2026-08-19T12:54:56.8062297Z [36;1m      rm -rf "$repo_name" "$shm_path" 2>/dev/null[0m
2026-08-19T12:54:56.8062589Z [36;1m      sleep 5[0m
2026-08-19T12:54:56.8062830Z [36;1m      attempt=$((attempt + 1))[0m
2026-08-19T12:54:56.8063085Z [36;1m  done[0m
2026-08-19T12:54:56.8063275Z [36;1m  [0m
2026-08-19T12:54:56.8063513Z [36;1m  echo "::error::All attempts failed for $url"[0m
2026-08-19T12:54:56.8063807Z [36;1m  return 1[0m
2026-08-19T12:54:56.8064011Z [36;1m}[0m
2026-08-19T12:54:56.8064192Z [36;1m[0m
2026-08-19T12:54:56.8064381Z [36;1mretry_clone() {[0m
2026-08-19T12:54:56.8064614Z [36;1m  local url="$1"[0m
2026-08-19T12:54:56.8064853Z [36;1m  local branch="${2:-main}"[0m
2026-08-19T12:54:56.8065113Z [36;1m  local depth="${3:-1}"[0m
2026-08-19T12:54:56.8065386Z [36;1m  local dir="$(basename "$url" .git)"[0m
2026-08-19T12:54:56.8065668Z [36;1m  local max_attempts=3[0m
2026-08-19T12:54:56.8065914Z [36;1m  local attempt=1[0m
2026-08-19T12:54:56.8066141Z [36;1m  [0m
2026-08-19T12:54:56.8066352Z [36;1m  # Build git clone args[0m
2026-08-19T12:54:56.8066642Z [36;1m  local clone_args=(--branch "$branch")[0m
2026-08-19T12:54:56.8066989Z [36;1m  if [ "$depth" != "0" ] && [ -n "$depth" ]; then[0m
2026-08-19T12:54:56.8067310Z [36;1m    clone_args+=(--depth "$depth")[0m
2026-08-19T12:54:56.8067578Z [36;1m  fi[0m
2026-08-19T12:54:56.8067780Z [36;1m  [0m
2026-08-19T12:54:56.8068007Z [36;1m  while [ $attempt -le $max_attempts ]; do[0m
2026-08-19T12:54:56.8068481Z [36;1m    echo "🔄 Attempt $attempt/$max_attempts: cloning $url ($branch)${depth:+ [depth=$depth]}"[0m
2026-08-19T12:54:56.8069160Z [36;1m    [0m
2026-08-19T12:54:56.8069370Z [36;1m    # Clone with dynamic args[0m
2026-08-19T12:54:56.8069677Z [36;1m    git clone "${clone_args[@]}" "$url" "$dir" && {[0m
2026-08-19T12:54:56.8069991Z [36;1m      echo "✅ Success"[0m
2026-08-19T12:54:56.8070239Z [36;1m      return 0[0m
2026-08-19T12:54:56.8070455Z [36;1m    }[0m
2026-08-19T12:54:56.8070646Z [36;1m    [0m
2026-08-19T12:54:56.8070869Z [36;1m    echo "❌ Failed, cleaning up..."[0m
2026-08-19T12:54:56.8071160Z [36;1m    rm -rf "$dir" 2>/dev/null[0m
2026-08-19T12:54:56.8071439Z [36;1m    sleep $((attempt++ * 5))[0m
2026-08-19T12:54:56.8071687Z [36;1m  done[0m
2026-08-19T12:54:56.8071888Z [36;1m  [0m
2026-08-19T12:54:56.8072097Z [36;1m  echo "💥 All attempts failed"[0m
2026-08-19T12:54:56.8072360Z [36;1m  return 1[0m
2026-08-19T12:54:56.8072565Z [36;1m}[0m
2026-08-19T12:54:56.8072746Z [36;1m[0m
2026-08-19T12:54:56.8073084Z [36;1mretry_clone "https://github.com/WildKernels/kernel_patches.git" "main" "1"[0m
2026-08-19T12:54:56.8073480Z [36;1m[0m
2026-08-19T12:54:56.8073677Z [36;1mif [ "true" = true ]; then[0m
2026-08-19T12:54:56.8073980Z [36;1m  echo "Using SUSFS branch/commit: $SUSFS_BRANCH"[0m
2026-08-19T12:54:56.8074473Z [36;1m  if ! retry_fetch_archive "https://gitlab.com/simonpunk/susfs4ksu.git" "$SUSFS_BRANCH"; then[0m
2026-08-19T12:54:56.8075036Z [36;1m    echo "::error::Failed to fetch SUSFS archive after multiple attempts"[0m
2026-08-19T12:54:56.8075402Z [36;1m    exit 1[0m
2026-08-19T12:54:56.8075604Z [36;1m  fi[0m
2026-08-19T12:54:56.8076000Z [36;1m  echo "SUSFS_COMMIT_SHA=$SUSFS_BRANCH" >> $GITHUB_ENV[0m
2026-08-19T12:54:56.8076312Z [36;1mfi[0m
2026-08-19T12:54:56.8076518Z [36;1mecho "✅ Dependencies cloned"[0m
2026-08-19T12:54:56.8076786Z [36;1mecho "::endgroup::"[0m
2026-08-19T12:54:56.8120650Z shell: /usr/bin/bash --noprofile --norc -e -o pipefail {0}
2026-08-19T12:54:56.8121001Z env:
2026-08-19T12:54:56.8121364Z   CCACHE_DIR: /home/runner/work/OnePlus_KernelSU_SUSFS/OnePlus_KernelSU_SUSFS/.ccache
2026-08-19T12:54:56.8121793Z   CCACHE_MAXSIZE: 12G
2026-08-19T12:54:56.8122033Z   CCACHE_COMPILERCHECK: content
2026-08-19T12:54:56.8122424Z   CCACHE_BASEDIR: /home/runner/work/OnePlus_KernelSU_SUSFS/OnePlus_KernelSU_SUSFS
2026-08-19T12:54:56.8122830Z   CCACHE_NOHASHDIR: true
2026-08-19T12:54:56.8123082Z   CCACHE_IGNOREOPTIONS: --sysroot*
2026-08-19T12:54:56.8123351Z   CCACHE_COMPRESSION: true
2026-08-19T12:54:56.8123587Z   CCACHE_COMPRESSION_LEVEL: 3
2026-08-19T12:54:56.8123820Z   CCACHE_DIRECT: true
2026-08-19T12:54:56.8124042Z   CCACHE_FILE_CLONE: true
2026-08-19T12:54:56.8124264Z   CCACHE_INODE_CACHE: true
2026-08-19T12:54:56.8124493Z   CCACHE_IS_KERNEL_COMPILING: true
2026-08-19T12:54:56.8124737Z   CCACHE_UMASK: 002
2026-08-19T12:54:56.8125211Z   CCACHE_SLOPPINESS: file_macro,time_macros,include_file_mtime,include_file_ctime,pch_defines,system_headers,locale
2026-08-19T12:54:56.8125715Z   ACTION_REPO: 
2026-08-19T12:54:56.8125914Z   ACTION_REF: 
2026-08-19T12:54:56.8126137Z   OP_MODEL: OP-ACE-3-PRO-6.1.75
2026-08-19T12:54:56.8126384Z   OP_SOC: pineapple
2026-08-19T12:54:56.8126589Z   OP_BRANCH: wild/sm8650
2026-08-19T12:54:56.8126832Z   OP_MANIFEST: oneplus_ace3_pro_6.1.75_v.xml
2026-08-19T12:54:56.8127113Z   OP_ANDROID_VERSION: android14
2026-08-19T12:54:56.8127342Z   OP_KERNEL_VERSION: 6.1
2026-08-19T12:54:56.8127561Z   OP_OS_VERSION: A15
2026-08-19T12:54:56.8127763Z   OP_LTO: thin
2026-08-19T12:54:56.8127960Z   OP_ZYC_COMPILER: 
2026-08-19T12:54:56.8128305Z   OP_C_COMPILER: kernel_platform/prebuilts/clang/host/linux-x86/clang-r487747c/bin
2026-08-19T12:54:56.8128697Z   OP_RUST_COMPILER: 
2026-08-19T12:54:56.8129023Z   OP_BINDGEN: 
2026-08-19T12:54:56.8129223Z   OP_RUST_BUILD: false
2026-08-19T12:54:56.8129437Z   OP_DISK_CLEANUP: false
2026-08-19T12:54:56.8129655Z   OP_HMBIRD: false
2026-08-19T12:54:56.8129850Z   OP_SUSFS: true
2026-08-19T12:54:56.8130044Z   OP_OPT: true
2026-08-19T12:54:56.8130230Z   OP_DS: true
2026-08-19T12:54:56.8130418Z   OP_BBG: true
2026-08-19T12:54:56.8130754Z   OP_BBR: true
2026-08-19T12:54:56.8130947Z   OP_BBR3: true
2026-08-19T12:54:56.8131145Z   OP_TTL: true
2026-08-19T12:54:56.8131333Z   OP_IP_SET: true
2026-08-19T12:54:56.8131536Z   OP_UNICODE: true
2026-08-19T12:54:56.8131734Z   OP_NTSYNC: true
2026-08-19T12:54:56.8133570Z   OP_BLACKLIST_MODULES: kernelsu,oplus_security_guard,oplus_qr_scan,oplus_score,oplus_vip_task,oplus_dns_cache,oplus_network_linkpower_module,oplus_data_module,oplus_secure_harden,oplus_security_keventupload,oplus_secure_guard_new,oplus_secure_guard,coresight_tpda,coresight_tgu,coresight_trace_noc,coresight_cti,coresight_qmi,coresight_dummy,coresight_remote_etm,coresight_tpdm,coresight_uetm,coresight_stm,coresight_tmc_sec,f_fs_ipc_log,qcom_iommu_debug,qti_battery_debug,rdbg,stm_heartbeat,stm_p_ost,stm_core,stm_ftrace,stm_console,spmi_pmic_arb_debug
2026-08-19T12:54:56.8135435Z   OP_UNAME: OP-WILD
2026-08-19T12:54:56.8135655Z   CONFIG: OP-ACE-3-PRO-6.1.75
2026-08-19T12:54:56.8135910Z   REPO: /usr/local/bin/repo
2026-08-19T12:54:56.8136352Z   CONFIG_FOLDER: /home/runner/work/OnePlus_KernelSU_SUSFS/OnePlus_KernelSU_SUSFS/OP-ACE-3-PRO-6.1.75
2026-08-19T12:54:56.8137038Z   ARTIFACTS_FOLDER: /home/runner/work/OnePlus_KernelSU_SUSFS/OnePlus_KernelSU_SUSFS/OP-ACE-3-PRO-6.1.75/artifacts
2026-08-19T12:54:56.8137789Z   KERNEL_PLATFORM_FOLDER: /home/runner/work/OnePlus_KernelSU_SUSFS/OnePlus_KernelSU_SUSFS/OP-ACE-3-PRO-6.1.75/kernel_platform
2026-08-19T12:54:56.8138590Z   COMMON_KERNEL_FOLDER: /home/runner/work/OnePlus_KernelSU_SUSFS/OnePlus_KernelSU_SUSFS/OP-ACE-3-PRO-6.1.75/kernel_platform/common
2026-08-19T12:54:56.8139786Z   MSM_KERNEL_FOLDER: /home/runner/work/OnePlus_KernelSU_SUSFS/OnePlus_KernelSU_SUSFS/OP-ACE-3-PRO-6.1.75/kernel_platform/msm-kernel
2026-08-19T12:54:56.8140542Z   AK3_FOLDER: /home/runner/work/OnePlus_KernelSU_SUSFS/OnePlus_KernelSU_SUSFS/OP-ACE-3-PRO-6.1.75/AnyKernel3
2026-08-19T12:54:56.8141211Z   DEBUG_ARTIFACTS_FOLDER: /home/runner/work/OnePlus_KernelSU_SUSFS/OnePlus_KernelSU_SUSFS/debug_artifacts
2026-08-19T12:54:56.8141866Z   KERNEL_PATCHES_FOLDER: /home/runner/work/OnePlus_KernelSU_SUSFS/OnePlus_KernelSU_SUSFS/kernel_patches
2026-08-19T12:54:56.8142472Z   SUSFS_FOLDER: /home/runner/work/OnePlus_KernelSU_SUSFS/OnePlus_KernelSU_SUSFS/susfs4ksu
2026-08-19T12:54:56.8143129Z   KSU_FOLDER: /home/runner/work/OnePlus_KernelSU_SUSFS/OnePlus_KernelSU_SUSFS/OP-ACE-3-PRO-6.1.75/kernel_platform/KernelSU
2026-08-19T12:54:56.8143913Z   KSUN_FOLDER: /home/runner/work/OnePlus_KernelSU_SUSFS/OnePlus_KernelSU_SUSFS/OP-ACE-3-PRO-6.1.75/kernel_platform/KernelSU-Next
2026-08-19T12:54:56.8144490Z   DEBUG_ZIP_NAME: debug_OP-ACE-3-PRO-6.1.75_A15.zip
2026-08-19T12:54:56.8144790Z   ANDROID_VER: android14
2026-08-19T12:54:56.8145013Z   KERNEL_VER: 6.1
2026-08-19T12:54:56.8145219Z   TKERNEL_VER: 6.1.75
2026-08-19T12:54:56.8145448Z   KERNEL_FULL_VER: android14-6.1.75
2026-08-19T12:54:56.8145723Z   SUSFS_KERNEL_BRANCH: gki-android14-6.1
2026-08-19T12:54:56.8145990Z   BUILD_USER: OnePlus
2026-08-19T12:54:56.8146206Z   BUILD_HOST: ubuntu-build
2026-08-19T12:54:56.8146841Z   CLANG_BIN_PATH: /home/runner/work/OnePlus_KernelSU_SUSFS/OnePlus_KernelSU_SUSFS/OP-ACE-3-PRO-6.1.75/kernel_platform/prebuilts/clang/host/linux-x86/clang-r487747c/bin
2026-08-19T12:54:56.8147989Z   CLANG_VERSION: Android (10087095, +pgo, +bolt, +lto, -mlgo, based on r487747c) clang version 17.0.2 (https://android.googlesource.com/toolchain/llvm-project d9f89f4d16663d5012e5c09495f3b30ece3d2362)
2026-08-19T12:54:56.8148715Z   CLANG_VERSION_SHORT: 4e90edd6
2026-08-19T12:54:56.8149474Z   LIBCLANG_PATH: /home/runner/work/OnePlus_KernelSU_SUSFS/OnePlus_KernelSU_SUSFS/OP-ACE-3-PRO-6.1.75/kernel_platform/prebuilts/clang/host/linux-x86/clang-r487747c/bin/../lib
2026-08-19T12:54:56.8150153Z ##[endgroup]
2026-08-19T12:54:56.8214546Z ##[group]Fetch dependencies
2026-08-19T12:54:56.8214971Z Fetching SusFS and other dependencies...
2026-08-19T12:54:56.8216277Z 🔧 Using resolved SUSFS ref: e287d59066380bf6de4396532d4a42edf4408701
2026-08-19T12:54:56.8234252Z 🔄 Attempt 1/3: cloning https://github.com/WildKernels/kernel_patches.git (main) [depth=1]
2026-08-19T12:54:56.8248008Z Cloning into 'kernel_patches'...
2026-08-19T12:54:57.9977327Z ✅ Success
2026-08-19T12:54:57.9977851Z Using SUSFS branch/commit: e287d59066380bf6de4396532d4a42edf4408701
2026-08-19T12:54:58.0030324Z  Attempt 1/3: High-speed fetch for susfs4ksu (e287d59066380bf6de4396532d4a42edf4408701)
2026-08-19T12:54:58.2190645Z ✅ Success: susfs4ksu synced
2026-08-19T12:54:58.2203768Z ✅ Dependencies cloned
2026-08-19T12:54:58.2205000Z ##[endgroup]
2026-08-19T12:54:58.2212367Z ##[end-action id=build.__run_15;outcome=success;conclusion=success;duration_ms=1420]
2026-08-19T12:54:58.2214956Z ##[start-action display=Clean Up ABI Protected Exports;id=build.__run_16]
2026-08-19T12:54:58.2251320Z ##[group]Run echo "::group::Clean Up ABI Protected Exports"
2026-08-19T12:54:58.2251753Z [36;1mecho "::group::Clean Up ABI Protected Exports"[0m
2026-08-19T12:54:58.2252078Z [36;1mset -euo pipefail[0m
2026-08-19T12:54:58.2252331Z [36;1mcd "$KERNEL_PLATFORM_FOLDER"[0m
2026-08-19T12:54:58.2252689Z [36;1mrm -f common/android/abi_gki_protected_exports_* || true[0m
2026-08-19T12:54:58.2253185Z [36;1msed -i 's/protected_modules = \[.*\]/protected_modules = []/' common/modules.bzl || true[0m
2026-08-19T12:54:58.2253629Z [36;1mecho "::endgroup::"[0m
2026-08-19T12:54:58.2296422Z shell: /usr/bin/bash --noprofile --norc -e -o pipefail {0}
2026-08-19T12:54:58.2296765Z env:
2026-08-19T12:54:58.2297109Z   CCACHE_DIR: /home/runner/work/OnePlus_KernelSU_SUSFS/OnePlus_KernelSU_SUSFS/.ccache
2026-08-19T12:54:58.2297705Z   CCACHE_MAXSIZE: 12G
2026-08-19T12:54:58.2297938Z   CCACHE_COMPILERCHECK: content
2026-08-19T12:54:58.2298310Z   CCACHE_BASEDIR: /home/runner/work/OnePlus_KernelSU_SUSFS/OnePlus_KernelSU_SUSFS
2026-08-19T12:54:58.2298697Z   CCACHE_NOHASHDIR: true
2026-08-19T12:54:58.2299225Z   CCACHE_IGNOREOPTIONS: --sysroot*
2026-08-19T12:54:58.2299485Z   CCACHE_COMPRESSION: true
2026-08-19T12:54:58.2299721Z   CCACHE_COMPRESSION_LEVEL: 3
2026-08-19T12:54:58.2299987Z   CCACHE_DIRECT: true
2026-08-19T12:54:58.2300202Z   CCACHE_FILE_CLONE: true
2026-08-19T12:54:58.2300428Z   CCACHE_INODE_CACHE: true
2026-08-19T12:54:58.2300658Z   CCACHE_IS_KERNEL_COMPILING: true
2026-08-19T12:54:58.2300908Z   CCACHE_UMASK: 002
2026-08-19T12:54:58.2301359Z   CCACHE_SLOPPINESS: file_macro,time_macros,include_file_mtime,include_file_ctime,pch_defines,system_headers,locale
2026-08-19T12:54:58.2301862Z   ACTION_REPO: 
2026-08-19T12:54:58.2302056Z   ACTION_REF: 
2026-08-19T12:54:58.2302267Z   OP_MODEL: OP-ACE-3-PRO-6.1.75
2026-08-19T12:54:58.2302515Z   OP_SOC: pineapple
2026-08-19T12:54:58.2302720Z   OP_BRANCH: wild/sm8650
2026-08-19T12:54:58.2302968Z   OP_MANIFEST: oneplus_ace3_pro_6.1.75_v.xml
2026-08-19T12:54:58.2303267Z   OP_ANDROID_VERSION: android14
2026-08-19T12:54:58.2303505Z   OP_KERNEL_VERSION: 6.1
2026-08-19T12:54:58.2303718Z   OP_OS_VERSION: A15
2026-08-19T12:54:58.2303922Z   OP_LTO: thin
2026-08-19T12:54:58.2304118Z   OP_ZYC_COMPILER: 
2026-08-19T12:54:58.2304478Z   OP_C_COMPILER: kernel_platform/prebuilts/clang/host/linux-x86/clang-r487747c/bin
2026-08-19T12:54:58.2304870Z   OP_RUST_COMPILER: 
2026-08-19T12:54:58.2305073Z   OP_BINDGEN: 
2026-08-19T12:54:58.2305269Z   OP_RUST_BUILD: false
2026-08-19T12:54:58.2305487Z   OP_DISK_CLEANUP: false
2026-08-19T12:54:58.2305725Z   OP_HMBIRD: false
2026-08-19T12:54:58.2305929Z   OP_SUSFS: true
2026-08-19T12:54:58.2306124Z   OP_OPT: true
2026-08-19T12:54:58.2306304Z   OP_DS: true
2026-08-19T12:54:58.2306507Z   OP_BBG: true
2026-08-19T12:54:58.2306705Z   OP_BBR: true
2026-08-19T12:54:58.2306904Z   OP_BBR3: true
2026-08-19T12:54:58.2307106Z   OP_TTL: true
2026-08-19T12:54:58.2307294Z   OP_IP_SET: true
2026-08-19T12:54:58.2307497Z   OP_UNICODE: true
2026-08-19T12:54:58.2307697Z   OP_NTSYNC: true
2026-08-19T12:54:58.2309907Z   OP_BLACKLIST_MODULES: kernelsu,oplus_security_guard,oplus_qr_scan,oplus_score,oplus_vip_task,oplus_dns_cache,oplus_network_linkpower_module,oplus_data_module,oplus_secure_harden,oplus_security_keventupload,oplus_secure_guard_new,oplus_secure_guard,coresight_tpda,coresight_tgu,coresight_trace_noc,coresight_cti,coresight_qmi,coresight_dummy,coresight_remote_etm,coresight_tpdm,coresight_uetm,coresight_stm,coresight_tmc_sec,f_fs_ipc_log,qcom_iommu_debug,qti_battery_debug,rdbg,stm_heartbeat,stm_p_ost,stm_core,stm_ftrace,stm_console,spmi_pmic_arb_debug
2026-08-19T12:54:58.2311814Z   OP_UNAME: OP-WILD
2026-08-19T12:54:58.2312043Z   CONFIG: OP-ACE-3-PRO-6.1.75
2026-08-19T12:54:58.2312292Z   REPO: /usr/local/bin/repo
2026-08-19T12:54:58.2312724Z   CONFIG_FOLDER: /home/runner/work/OnePlus_KernelSU_SUSFS/OnePlus_KernelSU_SUSFS/OP-ACE-3-PRO-6.1.75
2026-08-19T12:54:58.2313411Z   ARTIFACTS_FOLDER: /home/runner/work/OnePlus_KernelSU_SUSFS/OnePlus_KernelSU_SUSFS/OP-ACE-3-PRO-6.1.75/artifacts
2026-08-19T12:54:58.2314177Z   KERNEL_PLATFORM_FOLDER: /home/runner/work/OnePlus_KernelSU_SUSFS/OnePlus_KernelSU_SUSFS/OP-ACE-3-PRO-6.1.75/kernel_platform
2026-08-19T12:54:58.2314988Z   COMMON_KERNEL_FOLDER: /home/runner/work/OnePlus_KernelSU_SUSFS/OnePlus_KernelSU_SUSFS/OP-ACE-3-PRO-6.1.75/kernel_platform/common
2026-08-19T12:54:58.2315802Z   MSM_KERNEL_FOLDER: /home/runner/work/OnePlus_KernelSU_SUSFS/OnePlus_KernelSU_SUSFS/OP-ACE-3-PRO-6.1.75/kernel_platform/msm-kernel
2026-08-19T12:54:58.2316545Z   AK3_FOLDER: /home/runner/work/OnePlus_KernelSU_SUSFS/OnePlus_KernelSU_SUSFS/OP-ACE-3-PRO-6.1.75/AnyKernel3
2026-08-19T12:54:58.2317219Z   DEBUG_ARTIFACTS_FOLDER: /home/runner/work/OnePlus_KernelSU_SUSFS/OnePlus_KernelSU_SUSFS/debug_artifacts
2026-08-19T12:54:58.2317864Z   KERNEL_PATCHES_FOLDER: /home/runner/work/OnePlus_KernelSU_SUSFS/OnePlus_KernelSU_SUSFS/kernel_patches
2026-08-19T12:54:58.2318602Z   SUSFS_FOLDER: /home/runner/work/OnePlus_KernelSU_SUSFS/OnePlus_KernelSU_SUSFS/susfs4ksu
2026-08-19T12:54:58.2319435Z   KSU_FOLDER: /home/runner/work/OnePlus_KernelSU_SUSFS/OnePlus_KernelSU_SUSFS/OP-ACE-3-PRO-6.1.75/kernel_platform/KernelSU
2026-08-19T12:54:58.2320229Z   KSUN_FOLDER: /home/runner/work/OnePlus_KernelSU_SUSFS/OnePlus_KernelSU_SUSFS/OP-ACE-3-PRO-6.1.75/kernel_platform/KernelSU-Next
2026-08-19T12:54:58.2320808Z   DEBUG_ZIP_NAME: debug_OP-ACE-3-PRO-6.1.75_A15.zip
2026-08-19T12:54:58.2321128Z   ANDROID_VER: android14
2026-08-19T12:54:58.2321358Z   KERNEL_VER: 6.1
2026-08-19T12:54:58.2321565Z   TKERNEL_VER: 6.1.75
2026-08-19T12:54:58.2321790Z   KERNEL_FULL_VER: android14-6.1.75
2026-08-19T12:54:58.2322063Z   SUSFS_KERNEL_BRANCH: gki-android14-6.1
2026-08-19T12:54:58.2322331Z   BUILD_USER: OnePlus
2026-08-19T12:54:58.2322543Z   BUILD_HOST: ubuntu-build
2026-08-19T12:54:58.2323217Z   CLANG_BIN_PATH: /home/runner/work/OnePlus_KernelSU_SUSFS/OnePlus_KernelSU_SUSFS/OP-ACE-3-PRO-6.1.75/kernel_platform/prebuilts/clang/host/linux-x86/clang-r487747c/bin
2026-08-19T12:54:58.2324397Z   CLANG_VERSION: Android (10087095, +pgo, +bolt, +lto, -mlgo, based on r487747c) clang version 17.0.2 (https://android.googlesource.com/toolchain/llvm-project d9f89f4d16663d5012e5c09495f3b30ece3d2362)
2026-08-19T12:54:58.2325143Z   CLANG_VERSION_SHORT: 4e90edd6
2026-08-19T12:54:58.2325830Z   LIBCLANG_PATH: /home/runner/work/OnePlus_KernelSU_SUSFS/OnePlus_KernelSU_SUSFS/OP-ACE-3-PRO-6.1.75/kernel_platform/prebuilts/clang/host/linux-x86/clang-r487747c/bin/../lib
2026-08-19T12:54:58.2326568Z   SUSFS_COMMIT_SHA: e287d59066380bf6de4396532d4a42edf4408701
2026-08-19T12:54:58.2326884Z ##[endgroup]
2026-08-19T12:54:58.2396652Z ##[group]Clean Up ABI Protected Exports
2026-08-19T12:54:58.2426592Z ##[endgroup]
2026-08-19T12:54:58.2433372Z ##[end-action id=build.__run_16;outcome=success;conclusion=success;duration_ms=21]
2026-08-19T12:54:58.2435428Z ##[start-action display=Add KernelSU Next;id=build.__run_17]
2026-08-19T12:54:58.2453734Z ##[group]Run set -euo pipefail
2026-08-19T12:54:58.2454055Z [36;1mset -euo pipefail[0m
2026-08-19T12:54:58.2454362Z [36;1mecho "::group::Add KernelSU Next"[0m
2026-08-19T12:54:58.2454656Z [36;1mcd "$KERNEL_PLATFORM_FOLDER"[0m
2026-08-19T12:54:58.2454936Z [36;1mecho "Adding KernelSU Next..."[0m
2026-08-19T12:54:58.2455275Z [36;1mKSU_INPUT="234f6e040fcbca18b16d2398e1aa225712ec99ad"[0m
2026-08-19T12:54:58.2455785Z [36;1mif [ -z "$KSU_INPUT" ]; then[0m
2026-08-19T12:54:58.2456440Z [36;1m  curl --fail --location --proto '=https' -LSs "https://raw.githubusercontent.com/KernelSU-Next/KernelSU-Next/next/kernel/setup.sh" | bash -[0m
2026-08-19T12:54:58.2457047Z [36;1melse[0m
2026-08-19T12:54:58.2457623Z [36;1m  curl --fail --location --proto '=https' -LSs "https://raw.githubusercontent.com/KernelSU-Next/KernelSU-Next/next/kernel/setup.sh" | bash -s "$KSU_INPUT"[0m
2026-08-19T12:54:58.2458272Z [36;1mfi[0m
2026-08-19T12:54:58.2458520Z [36;1mgit submodule update --init --recursive[0m
2026-08-19T12:54:58.2459031Z [36;1mcd KernelSU-Next/kernel[0m
2026-08-19T12:54:58.2459281Z [36;1m[0m
2026-08-19T12:54:58.2459537Z [36;1mCOMMITS_COUNT=$(/usr/bin/git rev-list --count HEAD)[0m
2026-08-19T12:54:58.2459849Z [36;1m[0m
2026-08-19T12:54:58.2460056Z [36;1mif [ $COMMITS_COUNT -lt 2684 ]; then[0m
2026-08-19T12:54:58.2460340Z [36;1m  BASE_VERSION=10200[0m
2026-08-19T12:54:58.2460588Z [36;1melse[0m
2026-08-19T12:54:58.2460794Z [36;1m  BASE_VERSION=30000[0m
2026-08-19T12:54:58.2461016Z [36;1mfi[0m
2026-08-19T12:54:58.2461204Z [36;1m[0m
2026-08-19T12:54:58.2461461Z [36;1mKSU_VERSION=$(expr $COMMITS_COUNT "+" $BASE_VERSION)[0m
2026-08-19T12:54:58.2461900Z [36;1msed -i "s/DKSU_VERSION=11998/DKSU_VERSION=${KSU_VERSION}/" Makefile[0m
2026-08-19T12:54:58.2462263Z [36;1m[0m
2026-08-19T12:54:58.2462465Z [36;1mif [ -f ksu.c ]; then[0m
2026-08-19T12:54:58.2462999Z [36;1m  sed -i 's/#if defined(CONFIG_STACKPROTECTOR) && (defined(CONFIG_ARM64) && !defined(CONFIG_STACKPROTECTOR_PER_TASK))/#if 0/' ksu.c[0m
2026-08-19T12:54:58.2463674Z [36;1mfi[0m
2026-08-19T12:54:58.2463861Z [36;1m[0m
2026-08-19T12:54:58.2464124Z [36;1mif [[ "$KSU_VERSION" -gt 33095 ]] && [[ "6.1" == "6.12" ]]; then[0m
2026-08-19T12:54:58.2464858Z [36;1m  sed -i 's|ccflags-y += -I$(KSU_KERNEL_DIR) -I$(KSU_KERNEL_DIR)/include|ccflags-y += -I$(KSU_KERNEL_DIR) -I$(KSU_KERNEL_DIR)/include -I$(KSU_KERNEL_DIR)/include/uapi|' Kbuild[0m
2026-08-19T12:54:58.2465533Z [36;1m  sed -i 's|$(src)|$(abspath $(src))|' Kbuild[0m
2026-08-19T12:54:58.2465916Z [36;1m  sed -i 's|$(srctree)/$(src)|$(abspath $(srctree)/$(src))|' Kbuild[0m
2026-08-19T12:54:58.2466246Z [36;1mfi[0m
2026-08-19T12:54:58.2466426Z [36;1m[0m
2026-08-19T12:54:58.2466633Z [36;1mif [ "$KSU_VERSION" -lt 12884 ]; then[0m
2026-08-19T12:54:58.2466940Z [36;1m  echo "NEED_HOOKS=true" >> $GITHUB_ENV[0m
2026-08-19T12:54:58.2467216Z [36;1melse[0m
2026-08-19T12:54:58.2467443Z [36;1m  echo "NEED_HOOKS=false" >> $GITHUB_ENV[0m
2026-08-19T12:54:58.2467732Z [36;1mfi[0m
2026-08-19T12:54:58.2467907Z [36;1m[0m
2026-08-19T12:54:58.2468087Z [36;1mcd ..[0m
2026-08-19T12:54:58.2468310Z [36;1mKSU_COMMIT_SHA=$(git rev-parse HEAD)[0m
2026-08-19T12:54:58.2468661Z [36;1mecho "KSU_COMMIT_SHA=$KSU_COMMIT_SHA" >> $GITHUB_ENV[0m
2026-08-19T12:54:58.2469208Z [36;1m[0m
2026-08-19T12:54:58.2469404Z [36;1m[0m
2026-08-19T12:54:58.2469627Z [36;1mecho "Add KSUN Configuration Settings"[0m
2026-08-19T12:54:58.2470015Z [36;1mcat >> "$COMMON_KERNEL_FOLDER/arch/arm64/configs/gki_defconfig" <<EOF[0m
2026-08-19T12:54:58.2470376Z [36;1mCONFIG_KSU=y[0m
2026-08-19T12:54:58.2470609Z [36;1mCONFIG_KSU_KPROBES_HOOK=n[0m
2026-08-19T12:54:58.2470856Z [36;1mEOF[0m
2026-08-19T12:54:58.2471045Z [36;1m[0m
2026-08-19T12:54:58.2471319Z [36;1mecho "KSUN" >> "${ARTIFACTS_FOLDER}/${OP_MODEL}_${OP_OS_VERSION}.txt"[0m
2026-08-19T12:54:58.2471779Z [36;1mecho "$KSU_VERSION" >> "${ARTIFACTS_FOLDER}/${OP_MODEL}_${OP_OS_VERSION}.txt"[0m
2026-08-19T12:54:58.2472216Z [36;1mecho "KSUVER=$KSU_VERSION" >> $GITHUB_ENV[0m
2026-08-19T12:54:58.2472546Z [36;1mecho "KernelSU Next Version: $KSU_VERSION"[0m
2026-08-19T12:54:58.2472937Z [36;1mecho "✅ KernelSU Next added (commit: ${KSU_COMMIT_SHA:0:8})"[0m
2026-08-19T12:54:58.2473309Z [36;1mecho "::endgroup::"[0m
2026-08-19T12:54:58.2512474Z shell: /usr/bin/bash --noprofile --norc -e -o pipefail {0}
2026-08-19T12:54:58.2512809Z env:
2026-08-19T12:54:58.2513287Z   CCACHE_DIR: /home/runner/work/OnePlus_KernelSU_SUSFS/OnePlus_KernelSU_SUSFS/.ccache
2026-08-19T12:54:58.2513715Z   CCACHE_MAXSIZE: 12G
2026-08-19T12:54:58.2513950Z   CCACHE_COMPILERCHECK: content
2026-08-19T12:54:58.2514326Z   CCACHE_BASEDIR: /home/runner/work/OnePlus_KernelSU_SUSFS/OnePlus_KernelSU_SUSFS
2026-08-19T12:54:58.2514721Z   CCACHE_NOHASHDIR: true
2026-08-19T12:54:58.2514966Z   CCACHE_IGNOREOPTIONS: --sysroot*
2026-08-19T12:54:58.2515225Z   CCACHE_COMPRESSION: true
2026-08-19T12:54:58.2515462Z   CCACHE_COMPRESSION_LEVEL: 3
2026-08-19T12:54:58.2515709Z   CCACHE_DIRECT: true
2026-08-19T12:54:58.2515920Z   CCACHE_FILE_CLONE: true
2026-08-19T12:54:58.2516143Z   CCACHE_INODE_CACHE: true
2026-08-19T12:54:58.2516374Z   CCACHE_IS_KERNEL_COMPILING: true
2026-08-19T12:54:58.2516615Z   CCACHE_UMASK: 002
2026-08-19T12:54:58.2517068Z   CCACHE_SLOPPINESS: file_macro,time_macros,include_file_mtime,include_file_ctime,pch_defines,system_headers,locale
2026-08-19T12:54:58.2517562Z   ACTION_REPO: 
2026-08-19T12:54:58.2517765Z   ACTION_REF: 
2026-08-19T12:54:58.2517977Z   OP_MODEL: OP-ACE-3-PRO-6.1.75
2026-08-19T12:54:58.2518214Z   OP_SOC: pineapple
2026-08-19T12:54:58.2518418Z   OP_BRANCH: wild/sm8650
2026-08-19T12:54:58.2518661Z   OP_MANIFEST: oneplus_ace3_pro_6.1.75_v.xml
2026-08-19T12:54:58.2519219Z   OP_ANDROID_VERSION: android14
2026-08-19T12:54:58.2519597Z   OP_KERNEL_VERSION: 6.1
2026-08-19T12:54:58.2519886Z   OP_OS_VERSION: A15
2026-08-19T12:54:58.2520094Z   OP_LTO: thin
2026-08-19T12:54:58.2520300Z   OP_ZYC_COMPILER: 
2026-08-19T12:54:58.2520805Z   OP_C_COMPILER: kernel_platform/prebuilts/clang/host/linux-x86/clang-r487747c/bin
2026-08-19T12:54:58.2521200Z   OP_RUST_COMPILER: 
2026-08-19T12:54:58.2521406Z   OP_BINDGEN: 
2026-08-19T12:54:58.2521604Z   OP_RUST_BUILD: false
2026-08-19T12:54:58.2521821Z   OP_DISK_CLEANUP: false
2026-08-19T12:54:58.2522039Z   OP_HMBIRD: false
2026-08-19T12:54:58.2522241Z   OP_SUSFS: true
2026-08-19T12:54:58.2522439Z   OP_OPT: true
2026-08-19T12:54:58.2522625Z   OP_DS: true
2026-08-19T12:54:58.2522820Z   OP_BBG: true
2026-08-19T12:54:58.2523006Z   OP_BBR: true
2026-08-19T12:54:58.2523194Z   OP_BBR3: true
2026-08-19T12:54:58.2523385Z   OP_TTL: true
2026-08-19T12:54:58.2523571Z   OP_IP_SET: true
2026-08-19T12:54:58.2523770Z   OP_UNICODE: true
2026-08-19T12:54:58.2523966Z   OP_NTSYNC: true
2026-08-19T12:54:58.2525803Z   OP_BLACKLIST_MODULES: kernelsu,oplus_security_guard,oplus_qr_scan,oplus_score,oplus_vip_task,oplus_dns_cache,oplus_network_linkpower_module,oplus_data_module,oplus_secure_harden,oplus_security_keventupload,oplus_secure_guard_new,oplus_secure_guard,coresight_tpda,coresight_tgu,coresight_trace_noc,coresight_cti,coresight_qmi,coresight_dummy,coresight_remote_etm,coresight_tpdm,coresight_uetm,coresight_stm,coresight_tmc_sec,f_fs_ipc_log,qcom_iommu_debug,qti_battery_debug,rdbg,stm_heartbeat,stm_p_ost,stm_core,stm_ftrace,stm_console,spmi_pmic_arb_debug
2026-08-19T12:54:58.2527693Z   OP_UNAME: OP-WILD
2026-08-19T12:54:58.2527911Z   CONFIG: OP-ACE-3-PRO-6.1.75
2026-08-19T12:54:58.2528162Z   REPO: /usr/local/bin/repo
2026-08-19T12:54:58.2528592Z   CONFIG_FOLDER: /home/runner/work/OnePlus_KernelSU_SUSFS/OnePlus_KernelSU_SUSFS/OP-ACE-3-PRO-6.1.75
2026-08-19T12:54:58.2529464Z   ARTIFACTS_FOLDER: /home/runner/work/OnePlus_KernelSU_SUSFS/OnePlus_KernelSU_SUSFS/OP-ACE-3-PRO-6.1.75/artifacts
2026-08-19T12:54:58.2530223Z   KERNEL_PLATFORM_FOLDER: /home/runner/work/OnePlus_KernelSU_SUSFS/OnePlus_KernelSU_SUSFS/OP-ACE-3-PRO-6.1.75/kernel_platform
2026-08-19T12:54:58.2531027Z   COMMON_KERNEL_FOLDER: /home/runner/work/OnePlus_KernelSU_SUSFS/OnePlus_KernelSU_SUSFS/OP-ACE-3-PRO-6.1.75/kernel_platform/common
2026-08-19T12:54:58.2531857Z   MSM_KERNEL_FOLDER: /home/runner/work/OnePlus_KernelSU_SUSFS/OnePlus_KernelSU_SUSFS/OP-ACE-3-PRO-6.1.75/kernel_platform/msm-kernel
2026-08-19T12:54:58.2532610Z   AK3_FOLDER: /home/runner/work/OnePlus_KernelSU_SUSFS/OnePlus_KernelSU_SUSFS/OP-ACE-3-PRO-6.1.75/AnyKernel3
2026-08-19T12:54:58.2533408Z   DEBUG_ARTIFACTS_FOLDER: /home/runner/work/OnePlus_KernelSU_SUSFS/OnePlus_KernelSU_SUSFS/debug_artifacts
2026-08-19T12:54:58.2534064Z   KERNEL_PATCHES_FOLDER: /home/runner/work/OnePlus_KernelSU_SUSFS/OnePlus_KernelSU_SUSFS/kernel_patches
2026-08-19T12:54:58.2534661Z   SUSFS_FOLDER: /home/runner/work/OnePlus_KernelSU_SUSFS/OnePlus_KernelSU_SUSFS/susfs4ksu
2026-08-19T12:54:58.2535319Z   KSU_FOLDER: /home/runner/work/OnePlus_KernelSU_SUSFS/OnePlus_KernelSU_SUSFS/OP-ACE-3-PRO-6.1.75/kernel_platform/KernelSU
2026-08-19T12:54:58.2536098Z   KSUN_FOLDER: /home/runner/work/OnePlus_KernelSU_SUSFS/OnePlus_KernelSU_SUSFS/OP-ACE-3-PRO-6.1.75/kernel_platform/KernelSU-Next
2026-08-19T12:54:58.2536669Z   DEBUG_ZIP_NAME: debug_OP-ACE-3-PRO-6.1.75_A15.zip
2026-08-19T12:54:58.2536965Z   ANDROID_VER: android14
2026-08-19T12:54:58.2537185Z   KERNEL_VER: 6.1
2026-08-19T12:54:58.2537390Z   TKERNEL_VER: 6.1.75
2026-08-19T12:54:58.2537616Z   KERNEL_FULL_VER: android14-6.1.75
2026-08-19T12:54:58.2537889Z   SUSFS_KERNEL_BRANCH: gki-android14-6.1
2026-08-19T12:54:58.2538155Z   BUILD_USER: OnePlus
2026-08-19T12:54:58.2538374Z   BUILD_HOST: ubuntu-build
2026-08-19T12:54:58.2539182Z   CLANG_BIN_PATH: /home/runner/work/OnePlus_KernelSU_SUSFS/OnePlus_KernelSU_SUSFS/OP-ACE-3-PRO-6.1.75/kernel_platform/prebuilts/clang/host/linux-x86/clang-r487747c/bin
2026-08-19T12:54:58.2540330Z   CLANG_VERSION: Android (10087095, +pgo, +bolt, +lto, -mlgo, based on r487747c) clang version 17.0.2 (https://android.googlesource.com/toolchain/llvm-project d9f89f4d16663d5012e5c09495f3b30ece3d2362)
2026-08-19T12:54:58.2541102Z   CLANG_VERSION_SHORT: 4e90edd6
2026-08-19T12:54:58.2541934Z   LIBCLANG_PATH: /home/runner/work/OnePlus_KernelSU_SUSFS/OnePlus_KernelSU_SUSFS/OP-ACE-3-PRO-6.1.75/kernel_platform/prebuilts/clang/host/linux-x86/clang-r487747c/bin/../lib
2026-08-19T12:54:58.2542676Z   SUSFS_COMMIT_SHA: e287d59066380bf6de4396532d4a42edf4408701
2026-08-19T12:54:58.2543004Z ##[endgroup]
2026-08-19T12:54:58.2606267Z ##[group]Add KernelSU Next
2026-08-19T12:54:58.2606662Z Adding KernelSU Next...
2026-08-19T12:54:58.4117804Z [+] Setting up KernelSU-Next...
2026-08-19T12:54:58.4134309Z Cloning into 'KernelSU-Next'...
2026-08-19T12:54:59.7955294Z [+] Repository cloned.
2026-08-19T12:54:59.8358415Z No local changes to save
2026-08-19T12:54:59.8361703Z [-] Stashed current changes.
2026-08-19T12:55:00.0415667Z Already up to date.
2026-08-19T12:55:00.0422503Z [+] Repository updated.
2026-08-19T12:55:00.0469263Z Note: switching to '234f6e040fcbca18b16d2398e1aa225712ec99ad'.
2026-08-19T12:55:00.0469877Z 
2026-08-19T12:55:00.0470288Z You are in 'detached HEAD' state. You can look around, make experimental
2026-08-19T12:55:00.0471119Z changes and commit them, and you can discard any commits you make in this
2026-08-19T12:55:00.0471889Z state without impacting any branches by switching back to a branch.
2026-08-19T12:55:00.0472340Z 
2026-08-19T12:55:00.0472632Z If you want to create a new branch to retain commits you create, you may
2026-08-19T12:55:00.0473341Z do so (now or later) by using -c with the switch command. Example:
2026-08-19T12:55:00.0473773Z 
2026-08-19T12:55:00.0473937Z   git switch -c <new-branch-name>
2026-08-19T12:55:00.0474204Z 
2026-08-19T12:55:00.0474355Z Or undo this operation with:
2026-08-19T12:55:00.0474599Z 
2026-08-19T12:55:00.0474729Z   git switch -
2026-08-19T12:55:00.0474911Z 
2026-08-19T12:55:00.0475246Z Turn off this advice by setting config variable advice.detachedHead to false
2026-08-19T12:55:00.0475734Z 
2026-08-19T12:55:00.0476480Z HEAD is now at 234f6e04 refactor(kernel): Drop v1 signature verification (https://github.com/tiann/KernelSU/pull/3628)
2026-08-19T12:55:00.0477446Z [-] Checked out 234f6e040fcbca18b16d2398e1aa225712ec99ad.
2026-08-19T12:55:00.0509276Z [+] Symlink created.
2026-08-19T12:55:00.0524881Z [+] Modified Makefile.
2026-08-19T12:55:00.0556472Z [+] Modified Kconfig.
2026-08-19T12:55:00.0556824Z [+] Done.
2026-08-19T12:55:00.6594060Z Add KSUN Configuration Settings
2026-08-19T12:55:00.6607598Z KernelSU Next Version: 33239
2026-08-19T12:55:00.6608329Z ✅ KernelSU Next added (commit: 234f6e04)
2026-08-19T12:55:00.6609362Z ##[endgroup]
2026-08-19T12:55:00.6615933Z ##[end-action id=build.__run_17;outcome=success;conclusion=success;duration_ms=2417]
2026-08-19T12:55:00.6618234Z ##[start-action display=Add KernelSU;id=build.__run_18]
2026-08-19T12:55:00.6622196Z ##[end-action id=build.__run_18;outcome=skipped;conclusion=skipped;duration_ms=0]
2026-08-19T12:55:00.6623952Z ##[start-action display=Apply SUSFS Patches;id=build.__run_19]
2026-08-19T12:55:00.6643343Z ##[group]Run set -euo pipefail
2026-08-19T12:55:00.6644133Z [36;1mset -euo pipefail[0m
2026-08-19T12:55:00.6644452Z [36;1mecho "::group::Apply SUSFS patches"[0m
2026-08-19T12:55:00.6644787Z [36;1mcd "$KERNEL_PLATFORM_FOLDER"[0m
2026-08-19T12:55:00.6645074Z [36;1mecho "Applying SUSFS patches..."[0m
2026-08-19T12:55:00.6645465Z [36;1mcp "$SUSFS_FOLDER/kernel_patches/fs/"* "$COMMON_KERNEL_FOLDER/fs/"[0m
2026-08-19T12:55:00.6646011Z [36;1mcp "$SUSFS_FOLDER/kernel_patches/include/linux/"* "$COMMON_KERNEL_FOLDER/include/linux/"[0m
2026-08-19T12:55:00.6646482Z [36;1m[0m
2026-08-19T12:55:00.6646940Z [36;1msusfs_version=$(grep '#define SUSFS_VERSION' "$COMMON_KERNEL_FOLDER/include/linux/susfs.h" | awk -F'"' '{print $2}')[0m
2026-08-19T12:55:00.6647521Z [36;1mecho "SUSVER=$susfs_version" >> $GITHUB_ENV[0m
2026-08-19T12:55:00.6647950Z [36;1mecho "$susfs_version" >> "${ARTIFACTS_FOLDER}/${OP_MODEL}_${OP_OS_VERSION}.txt"[0m
2026-08-19T12:55:00.6648367Z [36;1mecho "SusFS Version: $susfs_version"[0m
2026-08-19T12:55:00.6648646Z [36;1m[0m
2026-08-19T12:55:00.6649913Z [36;1m# Function to compare semantic versions[0m
2026-08-19T12:55:00.6650574Z [36;1mversion_lte() {[0m
2026-08-19T12:55:00.6650882Z [36;1m  [ "$(printf '%s\n' "$2" "$1" | sort -V | head -n1)" = "$1" ][0m
2026-08-19T12:55:00.6651233Z [36;1m}[0m
2026-08-19T12:55:00.6651426Z [36;1m[0m
2026-08-19T12:55:00.6651669Z [36;1mif version_lte "${susfs_version:1}" "1.5.12"; then[0m
2026-08-19T12:55:00.6652008Z [36;1m  echo "NEED_HOOKS=true" >> $GITHUB_ENV[0m
2026-08-19T12:55:00.6652289Z [36;1melse[0m
2026-08-19T12:55:00.6652514Z [36;1m  echo "NEED_HOOKS=false" >> $GITHUB_ENV[0m
2026-08-19T12:55:00.6652793Z [36;1mfi[0m
2026-08-19T12:55:00.6652978Z [36;1m[0m
2026-08-19T12:55:00.6653175Z [36;1mcase "$susfs_version" in[0m
2026-08-19T12:55:00.6653424Z [36;1m  "v1.5.8")[0m
2026-08-19T12:55:00.6653653Z [36;1m    if [ "KSUN" = "KSUN" ]; then[0m
2026-08-19T12:55:00.6654176Z [36;1m      patch -p1 --forward --fuzz=3 < "$SUSFS_FOLDER/kernel_patches/KernelSU/10_enable_susfs_for_ksu.patch" || true[0m
2026-08-19T12:55:00.6654928Z [36;1m      patch -p1 --forward --fuzz=3 < "$KERNEL_PATCHES_FOLDER/next/susfs_fix_patches/$susfs_version/fix_apk_sign.c.patch"[0m
2026-08-19T12:55:00.6655676Z [36;1m      patch -p1 --forward --fuzz=3 < "$KERNEL_PATCHES_FOLDER/next/susfs_fix_patches/$susfs_version/fix_core_hook.c.patch"[0m
2026-08-19T12:55:00.6656461Z [36;1m      patch -p1 --forward --fuzz=3 < "$KERNEL_PATCHES_FOLDER/next/susfs_fix_patches/$susfs_version/fix_selinux.c.patch"[0m
2026-08-19T12:55:00.6657242Z [36;1m      patch -p1 --forward --fuzz=3 < "$KERNEL_PATCHES_FOLDER/next/susfs_fix_patches/$susfs_version/fix_ksud.c.patch"[0m
2026-08-19T12:55:00.6657756Z [36;1m    else[0m
2026-08-19T12:55:00.6657986Z [36;1m      cd "$KSU_FOLDER"[0m
2026-08-19T12:55:00.6658466Z [36;1m      patch -p1 --forward --fuzz=3 < "$SUSFS_FOLDER/kernel_patches/KernelSU/10_enable_susfs_for_ksu.patch"[0m
2026-08-19T12:55:00.6659050Z [36;1m    fi[0m
2026-08-19T12:55:00.6659248Z [36;1m    ;;[0m
2026-08-19T12:55:00.6659475Z [36;1m  "v1.5.9"|"v1.5.10"|"v1.5.11"|"v1.5.12")[0m
2026-08-19T12:55:00.6659777Z [36;1m    if [ "KSUN" = "KSUN" ]; then[0m
2026-08-19T12:55:00.6660045Z [36;1m      cd "$KSUN_FOLDER"[0m
2026-08-19T12:55:00.6660495Z [36;1m      patch -p1 --forward < "$SUSFS_FOLDER/kernel_patches/KernelSU/10_enable_susfs_for_ksu.patch" || true[0m
2026-08-19T12:55:00.6661128Z [36;1m      for file in $(find ./kernel -maxdepth 2 -name "*.rej" -printf "%f\n" | cut -d'.' -f1); do[0m
2026-08-19T12:55:00.6661768Z [36;1m        echo "Patching file: $file.c with fix_$file.c.patch"[0m
2026-08-19T12:55:00.6662354Z [36;1m        patch -p1 --forward < "$KERNEL_PATCHES_FOLDER/next/susfs_fix_patches/$susfs_version/fix_$file.c.patch"[0m
2026-08-19T12:55:00.6662846Z [36;1m      done[0m
2026-08-19T12:55:00.6663297Z [36;1m      patch -p1 --forward < "$KERNEL_PATCHES_FOLDER/next/susfs_fix_patches/$susfs_version/fix_kernel_compat.c.patch"[0m
2026-08-19T12:55:00.6663796Z [36;1m    else[0m
2026-08-19T12:55:00.6664034Z [36;1m      cd "$KSU_FOLDER"[0m
2026-08-19T12:55:00.6664466Z [36;1m      patch -p1 --forward < "$SUSFS_FOLDER/kernel_patches/KernelSU/10_enable_susfs_for_ksu.patch"[0m
2026-08-19T12:55:00.6664894Z [36;1m    fi[0m
2026-08-19T12:55:00.6665089Z [36;1m    ;;[0m
2026-08-19T12:55:00.6665283Z [36;1m  "v2.0.0")[0m
2026-08-19T12:55:00.6665511Z [36;1m    if [ "KSUN" = "KSUN" ]; then[0m
2026-08-19T12:55:00.6665781Z [36;1m      cd "$KSUN_FOLDER"[0m
2026-08-19T12:55:00.6666225Z [36;1m      patch -p1 --forward < "$SUSFS_FOLDER/kernel_patches/KernelSU/10_enable_susfs_for_ksu.patch" || true[0m
2026-08-19T12:55:00.6666837Z [36;1m      for file in $(find ./kernel -maxdepth 2 -name "*.rej" -exec basename {} .rej \;); do[0m
2026-08-19T12:55:00.6667298Z [36;1m        echo "Patching file: $file with fix_$file.patch"[0m
2026-08-19T12:55:00.6667827Z [36;1m        patch -p1 --forward < "$KERNEL_PATCHES_FOLDER/next/susfs_fix_patches/$susfs_version/fix_$file.patch"[0m
2026-08-19T12:55:00.6668290Z [36;1m      done[0m
2026-08-19T12:55:00.6668513Z [36;1m      echo "Patching Hook Mode!"[0m
2026-08-19T12:55:00.6669667Z [36;1m      patch -p1 --forward < "$KERNEL_PATCHES_FOLDER/next/susfs_fix_patches/$susfs_version/overwrite_hook_mode.patch"[0m
2026-08-19T12:55:00.6670255Z [36;1m      echo "Patching KSU_TOOLKIT Support for SusFS kernel!"[0m
2026-08-19T12:55:00.6670800Z [36;1m      patch -p1 --forward < "$KERNEL_PATCHES_FOLDER/next/susfs_fix_patches/$susfs_version/ksu_toolkit.patch"[0m
2026-08-19T12:55:00.6671304Z [36;1m      if [ "$KSUVER" -le 33095 ]; then[0m
2026-08-19T12:55:00.6671675Z [36;1m        echo "Patching Multi-manager Support for SusFS kernel!"[0m
2026-08-19T12:55:00.6672246Z [36;1m        patch -p1 --forward < "$KERNEL_PATCHES_FOLDER/next/susfs_fix_patches/$susfs_version/multi_manager.patch"[0m
2026-08-19T12:55:00.6672725Z [36;1m      fi[0m
2026-08-19T12:55:00.6673012Z [36;1m      if [ "$KSUVER" -ge 33068 ] && [ "$KSUVER" -lt 33070 ]; then[0m
2026-08-19T12:55:00.6673463Z [36;1m        echo "Patching Multi-manager sepolicy Support for SusFS kernel!"[0m
2026-08-19T12:55:00.6674077Z [36;1m        patch -p1 --forward < "$KERNEL_PATCHES_FOLDER/next/susfs_fix_patches/$susfs_version/multi_sepolicy_fix.patch"[0m
2026-08-19T12:55:00.6674564Z [36;1m      fi[0m
2026-08-19T12:55:00.6674761Z [36;1m    else[0m
2026-08-19T12:55:00.6674968Z [36;1m      cd "$KSU_FOLDER"[0m
2026-08-19T12:55:00.6675426Z [36;1m      patch -p1 --forward < "$SUSFS_FOLDER/kernel_patches/KernelSU/10_enable_susfs_for_ksu.patch" || true[0m
2026-08-19T12:55:00.6675884Z [36;1m    fi[0m
2026-08-19T12:55:00.6676081Z [36;1m    ;;[0m
2026-08-19T12:55:00.6676275Z [36;1m  "v2.1.0")[0m
2026-08-19T12:55:00.6676502Z [36;1m    if [ "KSUN" = "KSUN" ]; then[0m
2026-08-19T12:55:00.6676776Z [36;1m      cd "$KSUN_FOLDER"[0m
2026-08-19T12:55:00.6677223Z [36;1m      patch -p1 --forward < "$SUSFS_FOLDER/kernel_patches/KernelSU/10_enable_susfs_for_ksu.patch" || true[0m
2026-08-19T12:55:00.6677830Z [36;1m      for file in $(find ./kernel -maxdepth 2 -name "*.rej" -exec basename {} .rej \;); do[0m
2026-08-19T12:55:00.6678303Z [36;1m        echo "Patching file: $file with fix_$file.patch"[0m
2026-08-19T12:55:00.6679015Z [36;1m        patch -p1 --forward < "$KERNEL_PATCHES_FOLDER/next/susfs_fix_patches/$susfs_version/fix_$file.patch"[0m
2026-08-19T12:55:00.6679492Z [36;1m      done[0m
2026-08-19T12:55:00.6679725Z [36;1m      echo "Patching Hook Mode!"[0m
2026-08-19T12:55:00.6680370Z [36;1m      patch -p1 --forward < "$KERNEL_PATCHES_FOLDER/next/susfs_fix_patches/$susfs_version/overwrite_hook_mode.patch"[0m
2026-08-19T12:55:00.6680959Z [36;1m      echo "Patching KSU_TOOLKIT Support for SusFS kernel!"[0m
2026-08-19T12:55:00.6681506Z [36;1m      patch -p1 --forward < "$KERNEL_PATCHES_FOLDER/next/susfs_fix_patches/$susfs_version/ksu_toolkit.patch"[0m
2026-08-19T12:55:00.6681996Z [36;1m      if [ "$KSUVER" -le 33095 ]; then[0m
2026-08-19T12:55:00.6682353Z [36;1m        echo "Patching Multi-manager Support for SusFS kernel!"[0m
2026-08-19T12:55:00.6682922Z [36;1m        patch -p1 --forward < "$KERNEL_PATCHES_FOLDER/next/susfs_fix_patches/$susfs_version/multi_manager.patch"[0m
2026-08-19T12:55:00.6683405Z [36;1m      fi[0m
2026-08-19T12:55:00.6683684Z [36;1m      if [ "$KSUVER" -ge 33068 ] && [ "$KSUVER" -lt 33070 ]; then[0m
2026-08-19T12:55:00.6684136Z [36;1m        echo "Patching Multi-manager sepolicy Support for SusFS kernel!"[0m
2026-08-19T12:55:00.6684759Z [36;1m        patch -p1 --forward < "$KERNEL_PATCHES_FOLDER/next/susfs_fix_patches/$susfs_version/multi_sepolicy_fix.patch"[0m
2026-08-19T12:55:00.6685254Z [36;1m      fi[0m
2026-08-19T12:55:00.6685448Z [36;1m    else[0m
2026-08-19T12:55:00.6685650Z [36;1m      cd "$KSU_FOLDER"[0m
2026-08-19T12:55:00.6686097Z [36;1m      patch -p1 --forward < "$SUSFS_FOLDER/kernel_patches/KernelSU/10_enable_susfs_for_ksu.patch" || true[0m
2026-08-19T12:55:00.6686548Z [36;1m    fi[0m
2026-08-19T12:55:00.6686746Z [36;1m    ;;[0m
2026-08-19T12:55:00.6686934Z [36;1m  "v2.2.0")[0m
2026-08-19T12:55:00.6687163Z [36;1m    if [ "KSUN" = "KSUN" ]; then[0m
2026-08-19T12:55:00.6687557Z [36;1m      cd "$KSUN_FOLDER"[0m
2026-08-19T12:55:00.6687992Z [36;1m      patch -p1 --forward < "$SUSFS_FOLDER/kernel_patches/KernelSU/10_enable_susfs_for_ksu.patch" || true[0m
2026-08-19T12:55:00.6688592Z [36;1m      for file in $(find ./kernel -maxdepth 2 -name "*.rej" -exec basename {} .rej \;); do[0m
2026-08-19T12:55:00.6689170Z [36;1m        echo "Patching file: $file with fix_$file.patch"[0m
2026-08-19T12:55:00.6689700Z [36;1m        patch -p1 --forward < "$KERNEL_PATCHES_FOLDER/next/susfs_fix_patches/$susfs_version/fix_$file.patch"[0m
2026-08-19T12:55:00.6690164Z [36;1m      done[0m
2026-08-19T12:55:00.6690395Z [36;1m      echo "Patching Hook Mode!"[0m
2026-08-19T12:55:00.6690891Z [36;1m      patch -p1 --forward < "$KERNEL_PATCHES_FOLDER/next/susfs_fix_patches/$susfs_version/overwrite_hook_mode.patch"[0m
2026-08-19T12:55:00.6691468Z [36;1m      echo "Patching KSU_TOOLKIT Support for SusFS kernel!"[0m
2026-08-19T12:55:00.6692004Z [36;1m      patch -p1 --forward < "$KERNEL_PATCHES_FOLDER/next/susfs_fix_patches/$susfs_version/ksu_toolkit.patch"[0m
2026-08-19T12:55:00.6692464Z [36;1m    else[0m
2026-08-19T12:55:00.6692672Z [36;1m      cd "$KSU_FOLDER"[0m
2026-08-19T12:55:00.6693101Z [36;1m      patch -p1 --forward < "$SUSFS_FOLDER/kernel_patches/KernelSU/10_enable_susfs_for_ksu.patch" || true[0m
2026-08-19T12:55:00.6693541Z [36;1m    fi[0m
2026-08-19T12:55:00.6693734Z [36;1m    ;;[0m
2026-08-19T12:55:00.6693920Z [36;1m  *)[0m
2026-08-19T12:55:00.6694200Z [36;1m    echo "::error::Unsupported SUSFS version: $susfs_version"[0m
2026-08-19T12:55:00.6694537Z [36;1m    exit 1[0m
2026-08-19T12:55:00.6694735Z [36;1m    ;;[0m
2026-08-19T12:55:00.6694922Z [36;1mesac[0m
2026-08-19T12:55:00.6695109Z [36;1m[0m
2026-08-19T12:55:00.6695306Z [36;1mcd "$COMMON_KERNEL_FOLDER"[0m
2026-08-19T12:55:00.6695626Z [36;1mif [ "android14" = "android15" ] && [ "6.1" = "6.6" ]; then[0m
2026-08-19T12:55:00.6696045Z [36;1m  if ! grep -qxF '#include <trace/hooks/fs.h>' ./fs/namespace.c; then[0m
2026-08-19T12:55:00.6696557Z [36;1m    sed -i '/#include <trace\/hooks\/blk.h>/a #include <trace\/hooks\/fs.h>' ./fs/namespace.c[0m
2026-08-19T12:55:00.6696962Z [36;1m  fi[0m
2026-08-19T12:55:00.6697492Z [36;1m  if ! grep -qxF 'extern void __fold_filemap_fixup_entry(struct vma_iterator *iter, unsigned long *end);' ./include/linux/page_size_compat.h; then[0m
2026-08-19T12:55:00.6698353Z [36;1m    patch -p1 < "$KERNEL_PATCHES_FOLDER/common/backports/fold_fixup_entries.patch"[0m
2026-08-19T12:55:00.6698757Z [36;1m  fi[0m
2026-08-19T12:55:00.6699057Z [36;1mfi[0m
2026-08-19T12:55:00.6699239Z [36;1m[0m
2026-08-19T12:55:00.6699449Z [36;1m# Fake kernel patch to fix failures[0m
2026-08-19T12:55:00.6699732Z [36;1mfake_patched=0[0m
2026-08-19T12:55:00.6699964Z [36;1mfake_patched_expand=0[0m
2026-08-19T12:55:00.6700272Z [36;1mif [ "android14" = "android15" ] && [ "6.1" = "6.6" ]; then[0m
2026-08-19T12:55:00.6700778Z [36;1m  if ! grep -qxF $'\tunsigned int nr_subpages = __PAGE_SIZE / PAGE_SIZE;' ./fs/proc/task_mmu.c; then[0m
2026-08-19T12:55:00.6701280Z [36;1m    echo "nr_subpages Line not found. Fake Patching!"[0m
2026-08-19T12:55:00.6701997Z [36;1m    sed -i -e '/int ret = 0, copied = 0;/a \\tunsigned int nr_subpages \= __PAGE_SIZE \/ PAGE_SIZE;' -e '/int ret = 0, copied = 0;/a \\tpagemap_entry_t \*res = NULL;' ./fs/proc/task_mmu.c[0m
2026-08-19T12:55:00.6702636Z [36;1m    fake_patched=1[0m
2026-08-19T12:55:00.6702868Z [36;1m  fi[0m
2026-08-19T12:55:00.6703064Z [36;1m  [0m
2026-08-19T12:55:00.6703357Z [36;1m  if ! grep -qxF '#include <linux/dma-buf.h>' ./fs/proc/base.c; then[0m
2026-08-19T12:55:00.6703831Z [36;1m    echo "#include <linux/dma-buf.h> Line not found. Adding missing header"[0m
2026-08-19T12:55:00.6704391Z [36;1m    sed -i '/#include <linux\/cpufreq_times.h>/a #include <linux\/dma-buf.h>' ./fs/proc/base.c[0m
2026-08-19T12:55:00.6704812Z [36;1m  fi[0m
2026-08-19T12:55:00.6704998Z [36;1m  [0m
2026-08-19T12:55:00.6705412Z [36;1m  if ! grep -qxF '#include <linux/zswap.h>' ./mm/memory.c; then[0m
2026-08-19T12:55:00.6705859Z [36;1m    echo "#include <linux/zswap.h> Line not found. Adding missing header"[0m
2026-08-19T12:55:00.6706377Z [36;1m    sed -i '/#include <linux\/sched\/sysctl.h>/a #include <linux\/zswap.h>' ./mm/memory.c[0m
2026-08-19T12:55:00.6706774Z [36;1m  fi[0m
2026-08-19T12:55:00.6706957Z [36;1m  [0m
2026-08-19T12:55:00.6707424Z [36;1m  if grep -qF 'if (vma->vm_end > last_vma_end)' ./fs/proc/task_mmu.c && ! grep -qxF 'SUSFS_IS_INODE_SUS_MAP' ./fs/proc/task_mmu.c; then[0m
2026-08-19T12:55:00.6708085Z [36;1m    echo "Temporarily expand the last_vma_end if block to fix a matching issue."[0m
2026-08-19T12:55:00.6710118Z [36;1m    perl -i -0pe 's/\t\t\tif \(vma->vm_end > last_vma_end\)\n\t\t\t\tsmap_gather_stats\(vma, &mss, last_vma_end\);/\t\t\tif (vma->vm_end > last_vma_end) {\n\t\t\t\tsmap_gather_stats(vma, \&mss, last_vma_end);\n\t\t\t\tlast_vma_end = vma->vm_end;\n\t\t\t}/' ./fs/proc/task_mmu.c[0m
2026-08-19T12:55:00.6711033Z [36;1m    fake_patched_expand=1[0m
2026-08-19T12:55:00.6711295Z [36;1m  fi[0m
2026-08-19T12:55:00.6711494Z [36;1mfi[0m
2026-08-19T12:55:00.6711770Z [36;1mif [ "android14" = "android12" ] && [ "6.1" = "5.10" ]; then[0m
2026-08-19T12:55:00.6712201Z [36;1m  if ! grep -qxF $'\tif (!vma_pages(vma))' ./fs/proc/task_mmu.c; then[0m
2026-08-19T12:55:00.6712614Z [36;1m    echo "vma_pages Line not found. Fake Patching!"[0m
2026-08-19T12:55:00.6712937Z [36;1m    fake_patched=1[0m
2026-08-19T12:55:00.6713165Z [36;1m  fi[0m
2026-08-19T12:55:00.6713359Z [36;1mfi[0m
2026-08-19T12:55:00.6713610Z [36;1mif [ "android14" = "android13" ] && [ "6.1" = "5.15" ]; then[0m
2026-08-19T12:55:00.6714008Z [36;1m  if ! grep -qxF $'\tif (!vma_pages(vma))' ./fs/proc/task_mmu.c; then[0m
2026-08-19T12:55:00.6714393Z [36;1m    echo "vma_pages Line not found. Fake Patching!"[0m
2026-08-19T12:55:00.6714692Z [36;1m    fake_patched=1[0m
2026-08-19T12:55:00.6714911Z [36;1m  fi[0m
2026-08-19T12:55:00.6715099Z [36;1m  [0m
2026-08-19T12:55:00.6715382Z [36;1m  if grep -qxF '#include <linux/swap_slots.h>' ./mm/memory.c; then[0m
2026-08-19T12:55:00.6715813Z [36;1m    echo "#include swap_slots.h> Line found. Deleting header."[0m
2026-08-19T12:55:00.6716216Z [36;1m    sed -i '/#include <linux\/swap_slots.h>/d' ./mm/memory.c[0m
2026-08-19T12:55:00.6716540Z [36;1m    fake_patched=1[0m
2026-08-19T12:55:00.6716762Z [36;1m  fi[0m
2026-08-19T12:55:00.6717114Z [36;1mfi[0m
2026-08-19T12:55:00.6717299Z [36;1m[0m
2026-08-19T12:55:00.6717550Z [36;1mif [ "android14" = "android14" ] && [ "6.1" = "6.1" ]; then[0m
2026-08-19T12:55:00.6717946Z [36;1m  if ! grep -qxF $'\tif (!vma_pages(vma))' ./fs/proc/task_mmu.c; then[0m
2026-08-19T12:55:00.6718325Z [36;1m    echo "vma_pages Line not found. Fake Patching!"[0m
2026-08-19T12:55:00.6718629Z [36;1m    fake_patched=1[0m
2026-08-19T12:55:00.6718960Z [36;1m  fi[0m
2026-08-19T12:55:00.6719145Z [36;1m  [0m
2026-08-19T12:55:00.6719422Z [36;1m  if ! grep -qxF '#include <linux/dma-buf.h>' ./fs/proc/base.c; then[0m
2026-08-19T12:55:00.6719892Z [36;1m    echo "#include <linux/dma-buf.h> Line not found. Adding missing header"[0m
2026-08-19T12:55:00.6720446Z [36;1m    sed -i '/#include <linux\/cpufreq_times.h>/a #include <linux\/dma-buf.h>' ./fs/proc/base.c[0m
2026-08-19T12:55:00.6720873Z [36;1m  fi[0m
2026-08-19T12:55:00.6721056Z [36;1mfi[0m
2026-08-19T12:55:00.6721235Z [36;1m[0m
2026-08-19T12:55:00.6721611Z [36;1mpatch -p1 --forward < "$SUSFS_FOLDER/kernel_patches/50_add_susfs_in_gki-android14-6.1.patch"[0m
2026-08-19T12:55:00.6722044Z [36;1m[0m
2026-08-19T12:55:00.6722359Z [36;1m# SUSFS's OPEN_REDIRECT code unconditionally calls VMA_PAD_START(), which[0m
2026-08-19T12:55:00.6722851Z [36;1m# only exists on GKI branches that carry Google's page-size-migration[0m
2026-08-19T12:55:00.6723312Z [36;1m# feature (added to each android version's kernel/common branch at a[0m
2026-08-19T12:55:00.6723783Z [36;1m# different, sometime later, os_patch_level). Older os_patch_levels in[0m
2026-08-19T12:55:00.6724413Z [36;1m# our build matrix predate it, so fall back to a no-padding definition[0m
2026-08-19T12:55:00.6724902Z [36;1m# when the real header/macro isn't present. This is version-agnostic and[0m
2026-08-19T12:55:00.6725352Z [36;1m# a no-op wherever the real header already provides it.[0m
2026-08-19T12:55:00.6726055Z [36;1mif grep -q 'VMA_PAD_START(' ./fs/proc/task_mmu.c && ! grep -qE '#include <linux/pgsize_migration(_inline)?\.h>|define VMA_PAD_START' ./fs/proc/task_mmu.c; then[0m
2026-08-19T12:55:00.6726995Z [36;1m  sed -i '\|#include "internal.h"|a\\n#undef VMA_PAD_START\n#ifndef VMA_PAD_START\n#define VMA_PAD_START(vma) ((vma)->vm_end)\n#endif' fs/proc/task_mmu.c[0m
2026-08-19T12:55:00.6727690Z [36;1m  echo "Added VMA_PAD_START fallback definition to fs/proc/task_mmu.c"[0m
2026-08-19T12:55:00.6728048Z [36;1mfi[0m
2026-08-19T12:55:00.6728265Z [36;1m[0m
2026-08-19T12:55:00.6728466Z [36;1m# Revert Fake kernel patch[0m
2026-08-19T12:55:00.6728763Z [36;1mif [ "$fake_patched_expand" = 1 ]; then[0m
2026-08-19T12:55:00.6729217Z [36;1m  if [ "android14" = "android15" ] && [ "6.1" = "6.6" ]; then[0m
2026-08-19T12:55:00.6729819Z [36;1m    if grep -qF 'if (vma->vm_end > last_vma_end) {' ./fs/proc/task_mmu.c && ! grep -qxF 'SUSFS_IS_INODE_SUS_MAP' ./fs/proc/task_mmu.c; then[0m
2026-08-19T12:55:00.6730989Z [36;1m      perl -i -0pe 's/\t\t\tif \(vma->vm_end > last_vma_end\) \{\n\t\t\t\tsmap_gather_stats\(vma, &mss, last_vma_end\);\n\t\t\t\tlast_vma_end = vma->vm_end;\n\t\t\t\}/\t\t\tif (vma->vm_end > last_vma_end)\n\t\t\t\tsmap_gather_stats(vma, \&mss, last_vma_end);/' ./fs/proc/task_mmu.c[0m
2026-08-19T12:55:00.6731840Z [36;1m    fi[0m
2026-08-19T12:55:00.6732037Z [36;1m  fi[0m
2026-08-19T12:55:00.6732225Z [36;1mfi[0m
2026-08-19T12:55:00.6732406Z [36;1m[0m
2026-08-19T12:55:00.6732607Z [36;1mif [ "$fake_patched" = 1 ]; then[0m
2026-08-19T12:55:00.6732935Z [36;1m  if [ "android14" = "android15" ] && [ "6.1" = "6.6" ]; then[0m
2026-08-19T12:55:00.6752369Z [36;1m    if grep -qxF $'\tunsigned int nr_subpages = __PAGE_SIZE / PAGE_SIZE;' ./fs/proc/task_mmu.c; then[0m
2026-08-19T12:55:00.6752901Z [36;1m      echo "nr_subpages Line found. Revert Fake Patching!"[0m
2026-08-19T12:55:00.6753512Z [36;1m      sed -i -e '/unsigned int nr_subpages \= __PAGE_SIZE \/ PAGE_SIZE;/d' -e '/pagemap_entry_t \*res = NULL;/d' ./fs/proc/task_mmu.c[0m
2026-08-19T12:55:00.6754017Z [36;1m    fi[0m
2026-08-19T12:55:00.6754472Z [36;1m  fi[0m
2026-08-19T12:55:00.6754757Z [36;1m  if [ "android14" = "android12" ] && [ "6.1" = "5.10" ]; then[0m
2026-08-19T12:55:00.6755173Z [36;1m    if grep -qxF $'\t\t\tgoto show_pad;' ./fs/proc/task_mmu.c; then[0m
2026-08-19T12:55:00.6755576Z [36;1m      echo "vma_pages Line found. Revert Fake Patching!"[0m
2026-08-19T12:55:00.6755968Z [36;1m      sed -i -e 's/goto show_pad;/return 0;/' ./fs/proc/task_mmu.c[0m
2026-08-19T12:55:00.6756283Z [36;1m    fi[0m
2026-08-19T12:55:00.6756470Z [36;1m  fi[0m
2026-08-19T12:55:00.6756727Z [36;1m  if [ "android14" = "android13" ] && [ "6.1" = "5.15" ]; then[0m
2026-08-19T12:55:00.6757147Z [36;1m    if grep -qxF $'\t\t\tgoto show_pad;' ./fs/proc/task_mmu.c; then[0m
2026-08-19T12:55:00.6757522Z [36;1m      echo "vma_pages Line found. Revert Fake Patching!"[0m
2026-08-19T12:55:00.6757880Z [36;1m      sed -i -e 's/goto show_pad;/return 0;/' ./fs/proc/task_mmu.c[0m
2026-08-19T12:55:00.6758184Z [36;1m    fi[0m
2026-08-19T12:55:00.6758370Z [36;1m    [0m
2026-08-19T12:55:00.6758675Z [36;1m    if ! grep -qxF '#include <linux/swap_slots.h>' ./mm/memory.c; then[0m
2026-08-19T12:55:00.6759290Z [36;1m      echo "#include <linux/swap_slots.h> Line not found. Adding missing header"[0m
2026-08-19T12:55:00.6759847Z [36;1m      sed -i '/#include <linux\/vmalloc.h>/a #include <linux\/swap_slots.h>' ./mm/memory.c[0m
2026-08-19T12:55:00.6760243Z [36;1m    fi[0m
2026-08-19T12:55:00.6760429Z [36;1m  fi[0m
2026-08-19T12:55:00.6760682Z [36;1m  if [ "android14" = "android14" ] && [ "6.1" = "6.1" ]; then[0m
2026-08-19T12:55:00.6761240Z [36;1m    if grep -qxF $'\t\t\tgoto show_pad;' ./fs/proc/task_mmu.c; then[0m
2026-08-19T12:55:00.6761649Z [36;1m      echo "vma_pages Line found. Revert Fake Patching!"[0m
2026-08-19T12:55:00.6762044Z [36;1m      sed -i -e 's/goto show_pad;/return 0;/' ./fs/proc/task_mmu.c[0m
2026-08-19T12:55:00.6762368Z [36;1m    fi[0m
2026-08-19T12:55:00.6762559Z [36;1m  fi[0m
2026-08-19T12:55:00.6762745Z [36;1mfi[0m
2026-08-19T12:55:00.6762962Z [36;1mecho "✅ SUSFS patches applied"[0m
2026-08-19T12:55:00.6763235Z [36;1m[0m
2026-08-19T12:55:00.6763467Z [36;1mecho "Add SUSFS Configuration Settings"[0m
2026-08-19T12:55:00.6763862Z [36;1mcat >> "$COMMON_KERNEL_FOLDER/arch/arm64/configs/gki_defconfig" <<EOF[0m
2026-08-19T12:55:00.6764231Z [36;1mCONFIG_KSU_SUSFS=y[0m
2026-08-19T12:55:00.6764486Z [36;1mCONFIG_KSU_SUSFS_HAS_MAGIC_MOUNT=y[0m
2026-08-19T12:55:00.6764773Z [36;1mCONFIG_KSU_SUSFS_SUS_PATH=y[0m
2026-08-19T12:55:00.6765050Z [36;1mCONFIG_KSU_SUSFS_SUS_MOUNT=y[0m
2026-08-19T12:55:00.6765366Z [36;1mCONFIG_KSU_SUSFS_AUTO_ADD_SUS_KSU_DEFAULT_MOUNT=y[0m
2026-08-19T12:55:00.6765721Z [36;1mCONFIG_KSU_SUSFS_AUTO_ADD_SUS_BIND_MOUNT=y[0m
2026-08-19T12:55:00.6766016Z [36;1mCONFIG_KSU_SUSFS_SUS_KSTAT=y[0m
2026-08-19T12:55:00.6766281Z [36;1mCONFIG_KSU_SUSFS_SUS_OVERLAYFS=n[0m
2026-08-19T12:55:00.6766563Z [36;1mCONFIG_KSU_SUSFS_TRY_UMOUNT=y[0m
2026-08-19T12:55:00.6766907Z [36;1mCONFIG_KSU_SUSFS_AUTO_ADD_TRY_UMOUNT_FOR_BIND_MOUNT=y[0m
2026-08-19T12:55:00.6767252Z [36;1mCONFIG_KSU_SUSFS_SPOOF_UNAME=y[0m
2026-08-19T12:55:00.6767524Z [36;1mCONFIG_KSU_SUSFS_ENABLE_LOG=y[0m
2026-08-19T12:55:00.6767817Z [36;1mCONFIG_KSU_SUSFS_HIDE_KSU_SUSFS_SYMBOLS=y[0m
2026-08-19T12:55:00.6768201Z [36;1mCONFIG_KSU_SUSFS_SPOOF_CMDLINE_OR_BOOTCONFIG=y[0m
2026-08-19T12:55:00.6768530Z [36;1mCONFIG_KSU_SUSFS_OPEN_REDIRECT=y[0m
2026-08-19T12:55:00.6768935Z [36;1mCONFIG_KSU_SUSFS_SUS_MAP=y[0m
2026-08-19T12:55:00.6769203Z [36;1mCONFIG_KSU_SUSFS_SUS_SU=n[0m
2026-08-19T12:55:00.6769458Z [36;1mEOF[0m
2026-08-19T12:55:00.6769648Z [36;1m[0m
2026-08-19T12:55:00.6769849Z [36;1mecho "::endgroup::"[0m
2026-08-19T12:55:00.6812002Z shell: /usr/bin/bash --noprofile --norc -e -o pipefail {0}
2026-08-19T12:55:00.6812339Z env:
2026-08-19T12:55:00.6812688Z   CCACHE_DIR: /home/runner/work/OnePlus_KernelSU_SUSFS/OnePlus_KernelSU_SUSFS/.ccache
2026-08-19T12:55:00.6813101Z   CCACHE_MAXSIZE: 12G
2026-08-19T12:55:00.6813480Z   CCACHE_COMPILERCHECK: content
2026-08-19T12:55:00.6813860Z   CCACHE_BASEDIR: /home/runner/work/OnePlus_KernelSU_SUSFS/OnePlus_KernelSU_SUSFS
2026-08-19T12:55:00.6814252Z   CCACHE_NOHASHDIR: true
2026-08-19T12:55:00.6814493Z   CCACHE_IGNOREOPTIONS: --sysroot*
2026-08-19T12:55:00.6814758Z   CCACHE_COMPRESSION: true
2026-08-19T12:55:00.6814997Z   CCACHE_COMPRESSION_LEVEL: 3
2026-08-19T12:55:00.6815238Z   CCACHE_DIRECT: true
2026-08-19T12:55:00.6815454Z   CCACHE_FILE_CLONE: true
2026-08-19T12:55:00.6815680Z   CCACHE_INODE_CACHE: true
2026-08-19T12:55:00.6815917Z   CCACHE_IS_KERNEL_COMPILING: true
2026-08-19T12:55:00.6816158Z   CCACHE_UMASK: 002
2026-08-19T12:55:00.6816614Z   CCACHE_SLOPPINESS: file_macro,time_macros,include_file_mtime,include_file_ctime,pch_defines,system_headers,locale
2026-08-19T12:55:00.6817123Z   ACTION_REPO: 
2026-08-19T12:55:00.6817325Z   ACTION_REF: 
2026-08-19T12:55:00.6817542Z   OP_MODEL: OP-ACE-3-PRO-6.1.75
2026-08-19T12:55:00.6817784Z   OP_SOC: pineapple
2026-08-19T12:55:00.6817999Z   OP_BRANCH: wild/sm8650
2026-08-19T12:55:00.6818247Z   OP_MANIFEST: oneplus_ace3_pro_6.1.75_v.xml
2026-08-19T12:55:00.6818528Z   OP_ANDROID_VERSION: android14
2026-08-19T12:55:00.6818768Z   OP_KERNEL_VERSION: 6.1
2026-08-19T12:55:00.6819102Z   OP_OS_VERSION: A15
2026-08-19T12:55:00.6819312Z   OP_LTO: thin
2026-08-19T12:55:00.6819511Z   OP_ZYC_COMPILER: 
2026-08-19T12:55:00.6819855Z   OP_C_COMPILER: kernel_platform/prebuilts/clang/host/linux-x86/clang-r487747c/bin
2026-08-19T12:55:00.6820248Z   OP_RUST_COMPILER: 
2026-08-19T12:55:00.6820455Z   OP_BINDGEN: 
2026-08-19T12:55:00.6820790Z   OP_RUST_BUILD: false
2026-08-19T12:55:00.6821012Z   OP_DISK_CLEANUP: false
2026-08-19T12:55:00.6821230Z   OP_HMBIRD: false
2026-08-19T12:55:00.6821430Z   OP_SUSFS: true
2026-08-19T12:55:00.6821629Z   OP_OPT: true
2026-08-19T12:55:00.6821818Z   OP_DS: true
2026-08-19T12:55:00.6822012Z   OP_BBG: true
2026-08-19T12:55:00.6822207Z   OP_BBR: true
2026-08-19T12:55:00.6822398Z   OP_BBR3: true
2026-08-19T12:55:00.6822592Z   OP_TTL: true
2026-08-19T12:55:00.6822794Z   OP_IP_SET: true
2026-08-19T12:55:00.6823001Z   OP_UNICODE: true
2026-08-19T12:55:00.6823203Z   OP_NTSYNC: true
2026-08-19T12:55:00.6825045Z   OP_BLACKLIST_MODULES: kernelsu,oplus_security_guard,oplus_qr_scan,oplus_score,oplus_vip_task,oplus_dns_cache,oplus_network_linkpower_module,oplus_data_module,oplus_secure_harden,oplus_security_keventupload,oplus_secure_guard_new,oplus_secure_guard,coresight_tpda,coresight_tgu,coresight_trace_noc,coresight_cti,coresight_qmi,coresight_dummy,coresight_remote_etm,coresight_tpdm,coresight_uetm,coresight_stm,coresight_tmc_sec,f_fs_ipc_log,qcom_iommu_debug,qti_battery_debug,rdbg,stm_heartbeat,stm_p_ost,stm_core,stm_ftrace,stm_console,spmi_pmic_arb_debug
2026-08-19T12:55:00.6826918Z   OP_UNAME: OP-WILD
2026-08-19T12:55:00.6827152Z   CONFIG: OP-ACE-3-PRO-6.1.75
2026-08-19T12:55:00.6827407Z   REPO: /usr/local/bin/repo
2026-08-19T12:55:00.6827841Z   CONFIG_FOLDER: /home/runner/work/OnePlus_KernelSU_SUSFS/OnePlus_KernelSU_SUSFS/OP-ACE-3-PRO-6.1.75
2026-08-19T12:55:00.6828534Z   ARTIFACTS_FOLDER: /home/runner/work/OnePlus_KernelSU_SUSFS/OnePlus_KernelSU_SUSFS/OP-ACE-3-PRO-6.1.75/artifacts
2026-08-19T12:55:00.6829579Z   KERNEL_PLATFORM_FOLDER: /home/runner/work/OnePlus_KernelSU_SUSFS/OnePlus_KernelSU_SUSFS/OP-ACE-3-PRO-6.1.75/kernel_platform
2026-08-19T12:55:00.6830396Z   COMMON_KERNEL_FOLDER: /home/runner/work/OnePlus_KernelSU_SUSFS/OnePlus_KernelSU_SUSFS/OP-ACE-3-PRO-6.1.75/kernel_platform/common
2026-08-19T12:55:00.6831230Z   MSM_KERNEL_FOLDER: /home/runner/work/OnePlus_KernelSU_SUSFS/OnePlus_KernelSU_SUSFS/OP-ACE-3-PRO-6.1.75/kernel_platform/msm-kernel
2026-08-19T12:55:00.6831986Z   AK3_FOLDER: /home/runner/work/OnePlus_KernelSU_SUSFS/OnePlus_KernelSU_SUSFS/OP-ACE-3-PRO-6.1.75/AnyKernel3
2026-08-19T12:55:00.6832663Z   DEBUG_ARTIFACTS_FOLDER: /home/runner/work/OnePlus_KernelSU_SUSFS/OnePlus_KernelSU_SUSFS/debug_artifacts
2026-08-19T12:55:00.6833316Z   KERNEL_PATCHES_FOLDER: /home/runner/work/OnePlus_KernelSU_SUSFS/OnePlus_KernelSU_SUSFS/kernel_patches
2026-08-19T12:55:00.6834072Z   SUSFS_FOLDER: /home/runner/work/OnePlus_KernelSU_SUSFS/OnePlus_KernelSU_SUSFS/susfs4ksu
2026-08-19T12:55:00.6834745Z   KSU_FOLDER: /home/runner/work/OnePlus_KernelSU_SUSFS/OnePlus_KernelSU_SUSFS/OP-ACE-3-PRO-6.1.75/kernel_platform/KernelSU
2026-08-19T12:55:00.6835528Z   KSUN_FOLDER: /home/runner/work/OnePlus_KernelSU_SUSFS/OnePlus_KernelSU_SUSFS/OP-ACE-3-PRO-6.1.75/kernel_platform/KernelSU-Next
2026-08-19T12:55:00.6836098Z   DEBUG_ZIP_NAME: debug_OP-ACE-3-PRO-6.1.75_A15.zip
2026-08-19T12:55:00.6836395Z   ANDROID_VER: android14
2026-08-19T12:55:00.6836625Z   KERNEL_VER: 6.1
2026-08-19T12:55:00.6836830Z   TKERNEL_VER: 6.1.75
2026-08-19T12:55:00.6837062Z   KERNEL_FULL_VER: android14-6.1.75
2026-08-19T12:55:00.6837339Z   SUSFS_KERNEL_BRANCH: gki-android14-6.1
2026-08-19T12:55:00.6837609Z   BUILD_USER: OnePlus
2026-08-19T12:55:00.6837827Z   BUILD_HOST: ubuntu-build
2026-08-19T12:55:00.6838466Z   CLANG_BIN_PATH: /home/runner/work/OnePlus_KernelSU_SUSFS/OnePlus_KernelSU_SUSFS/OP-ACE-3-PRO-6.1.75/kernel_platform/prebuilts/clang/host/linux-x86/clang-r487747c/bin
2026-08-19T12:55:00.6839769Z   CLANG_VERSION: Android (10087095, +pgo, +bolt, +lto, -mlgo, based on r487747c) clang version 17.0.2 (https://android.googlesource.com/toolchain/llvm-project d9f89f4d16663d5012e5c09495f3b30ece3d2362)
2026-08-19T12:55:00.6840521Z   CLANG_VERSION_SHORT: 4e90edd6
2026-08-19T12:55:00.6841195Z   LIBCLANG_PATH: /home/runner/work/OnePlus_KernelSU_SUSFS/OnePlus_KernelSU_SUSFS/OP-ACE-3-PRO-6.1.75/kernel_platform/prebuilts/clang/host/linux-x86/clang-r487747c/bin/../lib
2026-08-19T12:55:00.6842083Z   SUSFS_COMMIT_SHA: e287d59066380bf6de4396532d4a42edf4408701
2026-08-19T12:55:00.6842398Z   NEED_HOOKS: false
2026-08-19T12:55:00.6842661Z   KSU_COMMIT_SHA: 234f6e040fcbca18b16d2398e1aa225712ec99ad
2026-08-19T12:55:00.6842963Z   KSUVER: 33239
2026-08-19T12:55:00.6843170Z ##[endgroup]
2026-08-19T12:55:00.6908112Z ##[group]Apply SUSFS patches
2026-08-19T12:55:00.6908517Z Applying SUSFS patches...
2026-08-19T12:55:00.6982927Z SusFS Version: v2.2.0
2026-08-19T12:55:00.7771020Z patching file kernel/Kbuild
2026-08-19T12:55:00.7771479Z Hunk #1 FAILED at 4.
2026-08-19T12:55:00.7771836Z Hunk #2 succeeded at 62 (offset 1 line).
2026-08-19T12:55:00.7779956Z 1 out of 2 hunks FAILED -- saving rejects to file kernel/Kbuild.rej
2026-08-19T12:55:00.7780729Z patching file kernel/Kconfig
2026-08-19T12:55:00.7781342Z patching file kernel/Makefile
2026-08-19T12:55:00.7781716Z patching file kernel/core/init.c
2026-08-19T12:55:00.7782080Z Hunk #1 FAILED at 6.
2026-08-19T12:55:00.7782376Z Hunk #2 succeeded at 12 with fuzz 1 (offset -1 lines).
2026-08-19T12:55:00.7782823Z Hunk #3 FAILED at 20.
2026-08-19T12:55:00.7783210Z Hunk #4 succeeded at 70 (offset 1 line).
2026-08-19T12:55:00.7783564Z Hunk #5 FAILED at 82.
2026-08-19T12:55:00.7783927Z Hunk #6 FAILED at 113.
2026-08-19T12:55:00.7784175Z Hunk #7 FAILED at 123.
2026-08-19T12:55:00.7784467Z Hunk #8 FAILED at 204.
2026-08-19T12:55:00.7784803Z 6 out of 8 hunks FAILED -- saving rejects to file kernel/core/init.c.rej
2026-08-19T12:55:00.7785291Z patching file kernel/feature/adb_root.c
2026-08-19T12:55:00.7785723Z patching file kernel/feature/adb_root.h
2026-08-19T12:55:00.7786162Z patching file kernel/feature/kernel_umount.c
2026-08-19T12:55:00.7786621Z Hunk #1 FAILED at 83.
2026-08-19T12:55:00.7787182Z 1 out of 1 hunk FAILED -- saving rejects to file kernel/feature/kernel_umount.c.rej
2026-08-19T12:55:00.7787821Z patching file kernel/feature/selinux_hide.c
2026-08-19T12:55:00.7788238Z patching file kernel/feature/sucompat.c
2026-08-19T12:55:00.7788987Z Hunk #3 FAILED at 24.
2026-08-19T12:55:00.7789337Z Hunk #4 succeeded at 65 with fuzz 1.
2026-08-19T12:55:00.7790484Z Hunk #5 FAILED at 79.
2026-08-19T12:55:00.7791850Z 2 out of 5 hunks FAILED -- saving rejects to file kernel/feature/sucompat.c.rej
2026-08-19T12:55:00.7792622Z patching file kernel/feature/sucompat.h
2026-08-19T12:55:00.7793325Z Hunk #1 succeeded at 3 with fuzz 2.
2026-08-19T12:55:00.7794154Z patching file kernel/hook/setuid_hook.c
2026-08-19T12:55:00.7795137Z Hunk #2 FAILED at 20.
2026-08-19T12:55:00.7795673Z 1 out of 2 hunks FAILED -- saving rejects to file kernel/hook/setuid_hook.c.rej
2026-08-19T12:55:00.7796487Z patching file kernel/hook/setuid_hook.h
2026-08-19T12:55:00.7797669Z patching file kernel/hook/syscall_event_bridge.c
2026-08-19T12:55:00.7799127Z patching file kernel/include/ksu.h
2026-08-19T12:55:00.7799976Z Hunk #1 succeeded at 9 with fuzz 1 (offset 1 line).
2026-08-19T12:55:00.7800539Z patching file kernel/policy/allowlist.c
2026-08-19T12:55:00.7801545Z Hunk #1 succeeded at 297 (offset 3 lines).
2026-08-19T12:55:00.7802560Z patching file kernel/policy/app_profile.c
2026-08-19T12:55:00.7802996Z Hunk #3 succeeded at 106 (offset 1 line).
2026-08-19T12:55:00.7803423Z Hunk #4 succeeded at 115 (offset 1 line).
2026-08-19T12:55:00.7803842Z Hunk #5 succeeded at 173 (offset 1 line).
2026-08-19T12:55:00.7804264Z Hunk #6 succeeded at 191 (offset 1 line).
2026-08-19T12:55:00.7804699Z patching file kernel/policy/app_profile.h
2026-08-19T12:55:00.7805262Z patching file kernel/policy/feature.h
2026-08-19T12:55:00.7806339Z patching file kernel/runtime/boot_event.c
2026-08-19T12:55:00.7806778Z Hunk #1 succeeded at 13 with fuzz 2.
2026-08-19T12:55:00.7807183Z Hunk #2 succeeded at 32 (offset 2 lines).
2026-08-19T12:55:00.7807615Z patching file kernel/runtime/ksud.h
2026-08-19T12:55:00.7809042Z patching file kernel/runtime/ksud_integration.c
2026-08-19T12:55:00.7812294Z patching file kernel/selinux/rules.c
2026-08-19T12:55:00.7812724Z Hunk #1 succeeded at 161 (offset 1 line).
2026-08-19T12:55:00.7813700Z patching file kernel/selinux/selinux.c
2026-08-19T12:55:00.7814535Z Hunk #1 succeeded at 226 (offset 6 lines).
2026-08-19T12:55:00.7815574Z patching file kernel/selinux/selinux.h
2026-08-19T12:55:00.7816741Z patching file kernel/sulog/event.c
2026-08-19T12:55:00.7817163Z Hunk #1 succeeded at 25 with fuzz 1.
2026-08-19T12:55:00.7817721Z Hunk #2 succeeded at 131 (offset 76 lines).
2026-08-19T12:55:00.7818161Z Hunk #3 succeeded at 180 (offset 76 lines).
2026-08-19T12:55:00.7819103Z Hunk #4 succeeded at 224 (offset 76 lines).
2026-08-19T12:55:00.7819697Z Hunk #5 succeeded at 244 (offset 76 lines).
2026-08-19T12:55:00.7820379Z Hunk #6 succeeded at 280 (offset 76 lines).
2026-08-19T12:55:00.7820909Z Hunk #7 succeeded at 292 (offset 76 lines).
2026-08-19T12:55:00.7821188Z Hunk #8 succeeded at 309 (offset 76 lines).
2026-08-19T12:55:00.7821583Z Hunk #9 succeeded at 374 (offset 76 lines).
2026-08-19T12:55:00.7822008Z patching file kernel/sulog/event.h
2026-08-19T12:55:00.7822661Z Hunk #2 succeeded at 13 with fuzz 2.
2026-08-19T12:55:00.7823090Z patching file kernel/supercall/dispatch.c
2026-08-19T12:55:00.7824133Z Hunk #1 succeeded at 5 (offset 1 line).
2026-08-19T12:55:00.7824663Z Hunk #2 succeeded at 19 (offset 1 line).
2026-08-19T12:55:00.7825048Z Hunk #3 succeeded at 54 (offset 5 lines).
2026-08-19T12:55:00.7825468Z Hunk #4 succeeded at 79 (offset 5 lines).
2026-08-19T12:55:00.7825864Z Hunk #5 succeeded at 105 (offset 5 lines).
2026-08-19T12:55:00.7826292Z Hunk #6 succeeded at 114 (offset 5 lines).
2026-08-19T12:55:00.7826675Z Hunk #7 succeeded at 361 (offset 5 lines).
2026-08-19T12:55:00.7827125Z Hunk #8 succeeded at 437 (offset 5 lines).
2026-08-19T12:55:00.7827519Z Hunk #9 succeeded at 472 (offset 5 lines).
2026-08-19T12:55:00.7827906Z patching file kernel/supercall/supercall.c
2026-08-19T12:55:00.7828265Z Hunk #1 FAILED at 77.
2026-08-19T12:55:00.7828742Z 1 out of 1 hunk FAILED -- saving rejects to file kernel/supercall/supercall.c.rej
2026-08-19T12:55:00.7829620Z patching file kernel/supercall/supercall.h
2026-08-19T12:55:00.7941244Z Patching file: setuid_hook.c with fix_setuid_hook.c.patch
2026-08-19T12:55:00.7950245Z patching file kernel/hook/setuid_hook.c
2026-08-19T12:55:00.7953549Z Patching file: Kbuild with fix_Kbuild.patch
2026-08-19T12:55:00.7963410Z patching file kernel/Kbuild
2026-08-19T12:55:00.7969753Z patching file kernel/Makefile
2026-08-19T12:55:00.7972536Z patching file kernel/feature/selinux_hide.c
2026-08-19T12:55:00.7973264Z patching file kernel/runtime/boot_event.c
2026-08-19T12:55:00.7973845Z Patching file: supercall.c with fix_supercall.c.patch
2026-08-19T12:55:00.7984658Z patching file kernel/supercall/supercall.c
2026-08-19T12:55:00.7988385Z Patching file: init.c with fix_init.c.patch
2026-08-19T12:55:00.7999580Z patching file kernel/core/init.c
2026-08-19T12:55:00.8001751Z Patching file: sucompat.c with fix_sucompat.c.patch
2026-08-19T12:55:00.8011390Z patching file kernel/feature/sucompat.c
2026-08-19T12:55:00.8015962Z Patching file: kernel_umount.c with fix_kernel_umount.c.patch
2026-08-19T12:55:00.8025110Z patching file kernel/feature/kernel_umount.c
2026-08-19T12:55:00.8028089Z Patching Hook Mode!
2026-08-19T12:55:00.8038601Z patching file kernel/supercall/dispatch.c
2026-08-19T12:55:00.8043323Z Patching KSU_TOOLKIT Support for SusFS kernel!
2026-08-19T12:55:00.8052697Z patching file kernel/feature/sucompat.c
2026-08-19T12:55:00.8054638Z patching file kernel/supercall/dispatch.c
2026-08-19T12:55:00.8090775Z #include <linux/dma-buf.h> Line not found. Adding missing header
2026-08-19T12:55:00.8127986Z patching file drivers/input/input.c
2026-08-19T12:55:00.8131281Z patching file fs/Makefile
2026-08-19T12:55:00.8131719Z Hunk #1 succeeded at 19 with fuzz 2 (offset 2 lines).
2026-08-19T12:55:00.8133058Z patching file fs/exec.c
2026-08-19T12:55:00.8133835Z Hunk #1 succeeded at 64 with fuzz 2.
2026-08-19T12:55:00.8136027Z Hunk #2 succeeded at 1872 (offset -34 lines).
2026-08-19T12:55:00.8136567Z Hunk #3 succeeded at 1893 (offset -34 lines).
2026-08-19T12:55:00.8140233Z patching file fs/namei.c
2026-08-19T12:55:00.8141619Z Hunk #2 succeeded at 1583 (offset -8 lines).
2026-08-19T12:55:00.8142109Z Hunk #3 succeeded at 1608 (offset -8 lines).
2026-08-19T12:55:00.8142568Z Hunk #4 succeeded at 1620 (offset -8 lines).
2026-08-19T12:55:00.8143016Z Hunk #5 succeeded at 1631 (offset -8 lines).
2026-08-19T12:55:00.8143466Z Hunk #6 succeeded at 1650 (offset -8 lines).
2026-08-19T12:55:00.8143938Z Hunk #7 succeeded at 1661 (offset -8 lines).
2026-08-19T12:55:00.8144442Z Hunk #8 succeeded at 1694 (offset -8 lines).
2026-08-19T12:55:00.8144901Z Hunk #9 succeeded at 1725 (offset -8 lines).
2026-08-19T12:55:00.8145370Z Hunk #10 succeeded at 1746 (offset -8 lines).
2026-08-19T12:55:00.8145852Z Hunk #11 succeeded at 1765 (offset -8 lines).
2026-08-19T12:55:00.8146322Z Hunk #12 succeeded at 2079 (offset -8 lines).
2026-08-19T12:55:00.8153083Z Hunk #13 succeeded at 2351 (offset -8 lines).
2026-08-19T12:55:00.8153611Z Hunk #14 succeeded at 2549 (offset -8 lines).
2026-08-19T12:55:00.8154103Z Hunk #20 succeeded at 5294 (offset -20 lines).
2026-08-19T12:55:00.8154594Z Hunk #21 succeeded at 5308 (offset -20 lines).
2026-08-19T12:55:00.8155063Z Hunk #22 succeeded at 5335 (offset -20 lines).
2026-08-19T12:55:00.8155506Z patching file fs/namespace.c
2026-08-19T12:55:00.8155925Z Hunk #2 succeeded at 146 (offset -9 lines).
2026-08-19T12:55:00.8156413Z Hunk #3 succeeded at 159 (offset -9 lines).
2026-08-19T12:55:00.8156856Z Hunk #4 succeeded at 227 (offset -9 lines).
2026-08-19T12:55:00.8157320Z Hunk #5 succeeded at 1161 (offset -5 lines).
2026-08-19T12:55:00.8157782Z Hunk #6 succeeded at 1261 (offset -5 lines).
2026-08-19T12:55:00.8158247Z Hunk #7 succeeded at 1314 (offset -5 lines).
2026-08-19T12:55:00.8159278Z Hunk #8 succeeded at 3688 (offset -27 lines).
2026-08-19T12:55:00.8169346Z Hunk #9 succeeded at 4933 (offset -32 lines).
2026-08-19T12:55:00.8169827Z patching file fs/notify/fdinfo.c
2026-08-19T12:55:00.8170273Z Hunk #3 succeeded at 87 (offset 2 lines).
2026-08-19T12:55:00.8170729Z Hunk #4 succeeded at 105 (offset 2 lines).
2026-08-19T12:55:00.8171167Z patching file fs/open.c
2026-08-19T12:55:00.8171531Z patching file fs/proc/base.c
2026-08-19T12:55:00.8171933Z Hunk #1 succeeded at 98 (offset -2 lines).
2026-08-19T12:55:00.8172413Z Hunk #2 succeeded at 1779 (offset -60 lines).
2026-08-19T12:55:00.8172888Z Hunk #3 succeeded at 1792 (offset -60 lines).
2026-08-19T12:55:00.8173360Z Hunk #4 succeeded at 2426 (offset -60 lines).
2026-08-19T12:55:00.8174016Z patching file fs/proc/bootconfig.c
2026-08-19T12:55:00.8174420Z patching file fs/proc/fd.c
2026-08-19T12:55:00.8174800Z patching file fs/proc/task_mmu.c
2026-08-19T12:55:00.8175268Z Hunk #4 succeeded at 955 with fuzz 2 (offset 34 lines).
2026-08-19T12:55:00.8175790Z Hunk #5 succeeded at 1096 (offset 106 lines).
2026-08-19T12:55:00.8176249Z Hunk #6 succeeded at 1166 (offset 106 lines).
2026-08-19T12:55:00.8176699Z Hunk #7 succeeded at 1904 (offset 104 lines).
2026-08-19T12:55:00.8177142Z Hunk #8 succeeded at 1916 (offset 104 lines).
2026-08-19T12:55:00.8177585Z patching file fs/proc_namespace.c
2026-08-19T12:55:00.8178005Z patching file fs/read_write.c
2026-08-19T12:55:00.8178392Z patching file fs/readdir.c
2026-08-19T12:55:00.8178754Z patching file fs/stat.c
2026-08-19T12:55:00.8181015Z patching file fs/statfs.c
2026-08-19T12:55:00.8182817Z patching file kernel/kallsyms.c
2026-08-19T12:55:00.8185031Z patching file kernel/reboot.c
2026-08-19T12:55:00.8185762Z Hunk #1 succeeded at 691 (offset -2 lines).
2026-08-19T12:55:00.8186348Z Hunk #2 succeeded at 709 (offset -2 lines).
2026-08-19T12:55:00.8187910Z patching file kernel/sys.c
2026-08-19T12:55:00.8194841Z patching file mm/memory.c
2026-08-19T12:55:00.8196625Z Hunk #1 succeeded at 79 with fuzz 1.
2026-08-19T12:55:00.8201999Z Hunk #2 succeeded at 7491 (offset 1554 lines).
2026-08-19T12:55:00.8203953Z patching file security/selinux/avc.c
2026-08-19T12:55:00.8209165Z patching file security/selinux/hooks.c
2026-08-19T12:55:00.8213374Z Hunk #2 succeeded at 6561 (offset -33 lines).
2026-08-19T12:55:00.8217817Z Hunk #3 succeeded at 7232 (offset -34 lines).
2026-08-19T12:55:00.8218505Z patching file security/selinux/selinuxfs.c
2026-08-19T12:55:00.8219149Z Hunk #4 succeeded at 747 (offset -1 lines).
2026-08-19T12:55:00.8219587Z Hunk #5 succeeded at 941 (offset -1 lines).
2026-08-19T12:55:00.8220024Z Hunk #6 succeeded at 1048 (offset -1 lines).
2026-08-19T12:55:00.8273552Z ✅ SUSFS patches applied
2026-08-19T12:55:00.8273943Z Add SUSFS Configuration Settings
2026-08-19T12:55:00.8287659Z ##[endgroup]
2026-08-19T12:55:00.8294969Z ##[end-action id=build.__run_19;outcome=success;conclusion=success;duration_ms=167]
2026-08-19T12:55:00.8297225Z ##[start-action display=Add BBG;id=build.__run_20]
2026-08-19T12:55:00.8314410Z ##[group]Run set -euo pipefail
2026-08-19T12:55:00.8314706Z [36;1mset -euo pipefail[0m
2026-08-19T12:55:00.8314958Z [36;1mecho "::group::Add BBG LSM"[0m
2026-08-19T12:55:00.8315235Z [36;1mcd "$KERNEL_PLATFORM_FOLDER"[0m
2026-08-19T12:55:00.8315505Z [36;1mecho "Adding BBG..."[0m
2026-08-19T12:55:00.8316009Z [36;1mif ! wget -O- https://github.com/vc-teahouse/Baseband-guard/raw/main/setup.sh | bash -s main; then[0m
2026-08-19T12:55:00.8316591Z [36;1m  echo "::warning::BBG setup script failed, continuing anyway"[0m
2026-08-19T12:55:00.8316941Z [36;1mfi[0m
2026-08-19T12:55:00.8317235Z [36;1mecho "CONFIG_BBG=y" >> common/arch/arm64/configs/gki_defconfig[0m
2026-08-19T12:55:00.8317886Z [36;1msed -i '/^config LSM$/,/^help$/{ /^[[:space:]]*default/ { /baseband_guard/! s/selinux/selinux,baseband_guard/ } }' common/security/Kconfig[0m
2026-08-19T12:55:00.8318451Z [36;1m[0m
2026-08-19T12:55:00.8318650Z [36;1mcase "$OP_BRANCH" in[0m
2026-08-19T12:55:00.8319080Z [36;1m  wild/sm8850|wild/sm8845)[0m
2026-08-19T12:55:00.8319394Z [36;1m    echo "Applying BBG efisp abl whitelist patch"[0m
2026-08-19T12:55:00.8320025Z [36;1m    patch -p1 < "$KERNEL_PATCHES_FOLDER/common/bbg/0001-Enable-abl-and-efisp-flashing-for-efisp-exploit-devices.patch"[0m
2026-08-19T12:55:00.8320576Z [36;1m  ;;[0m
2026-08-19T12:55:00.8320786Z [36;1mesac[0m
2026-08-19T12:55:00.8320975Z [36;1m[0m
2026-08-19T12:55:00.8321178Z [36;1mecho "✅ BBG LSM added"[0m
2026-08-19T12:55:00.8321435Z [36;1mecho "::endgroup::"[0m
2026-08-19T12:55:00.8363433Z shell: /usr/bin/bash --noprofile --norc -e -o pipefail {0}
2026-08-19T12:55:00.8363777Z env:
2026-08-19T12:55:00.8364118Z   CCACHE_DIR: /home/runner/work/OnePlus_KernelSU_SUSFS/OnePlus_KernelSU_SUSFS/.ccache
2026-08-19T12:55:00.8364548Z   CCACHE_MAXSIZE: 12G
2026-08-19T12:55:00.8364942Z   CCACHE_COMPILERCHECK: content
2026-08-19T12:55:00.8365337Z   CCACHE_BASEDIR: /home/runner/work/OnePlus_KernelSU_SUSFS/OnePlus_KernelSU_SUSFS
2026-08-19T12:55:00.8365738Z   CCACHE_NOHASHDIR: true
2026-08-19T12:55:00.8365985Z   CCACHE_IGNOREOPTIONS: --sysroot*
2026-08-19T12:55:00.8366248Z   CCACHE_COMPRESSION: true
2026-08-19T12:55:00.8366482Z   CCACHE_COMPRESSION_LEVEL: 3
2026-08-19T12:55:00.8366720Z   CCACHE_DIRECT: true
2026-08-19T12:55:00.8366938Z   CCACHE_FILE_CLONE: true
2026-08-19T12:55:00.8367161Z   CCACHE_INODE_CACHE: true
2026-08-19T12:55:00.8367402Z   CCACHE_IS_KERNEL_COMPILING: true
2026-08-19T12:55:00.8367647Z   CCACHE_UMASK: 002
2026-08-19T12:55:00.8368100Z   CCACHE_SLOPPINESS: file_macro,time_macros,include_file_mtime,include_file_ctime,pch_defines,system_headers,locale
2026-08-19T12:55:00.8368603Z   ACTION_REPO: 
2026-08-19T12:55:00.8368955Z   ACTION_REF: 
2026-08-19T12:55:00.8369171Z   OP_MODEL: OP-ACE-3-PRO-6.1.75
2026-08-19T12:55:00.8369413Z   OP_SOC: pineapple
2026-08-19T12:55:00.8369626Z   OP_BRANCH: wild/sm8650
2026-08-19T12:55:00.8369869Z   OP_MANIFEST: oneplus_ace3_pro_6.1.75_v.xml
2026-08-19T12:55:00.8370147Z   OP_ANDROID_VERSION: android14
2026-08-19T12:55:00.8370381Z   OP_KERNEL_VERSION: 6.1
2026-08-19T12:55:00.8370594Z   OP_OS_VERSION: A15
2026-08-19T12:55:00.8370801Z   OP_LTO: thin
2026-08-19T12:55:00.8370994Z   OP_ZYC_COMPILER: 
2026-08-19T12:55:00.8371339Z   OP_C_COMPILER: kernel_platform/prebuilts/clang/host/linux-x86/clang-r487747c/bin
2026-08-19T12:55:00.8371734Z   OP_RUST_COMPILER: 
2026-08-19T12:55:00.8372077Z   OP_BINDGEN: 
2026-08-19T12:55:00.8372272Z   OP_RUST_BUILD: false
2026-08-19T12:55:00.8372492Z   OP_DISK_CLEANUP: false
2026-08-19T12:55:00.8372707Z   OP_HMBIRD: false
2026-08-19T12:55:00.8372906Z   OP_SUSFS: true
2026-08-19T12:55:00.8373100Z   OP_OPT: true
2026-08-19T12:55:00.8373291Z   OP_DS: true
2026-08-19T12:55:00.8373493Z   OP_BBG: true
2026-08-19T12:55:00.8373689Z   OP_BBR: true
2026-08-19T12:55:00.8373879Z   OP_BBR3: true
2026-08-19T12:55:00.8374075Z   OP_TTL: true
2026-08-19T12:55:00.8374263Z   OP_IP_SET: true
2026-08-19T12:55:00.8374570Z   OP_UNICODE: true
2026-08-19T12:55:00.8374770Z   OP_NTSYNC: true
2026-08-19T12:55:00.8376616Z   OP_BLACKLIST_MODULES: kernelsu,oplus_security_guard,oplus_qr_scan,oplus_score,oplus_vip_task,oplus_dns_cache,oplus_network_linkpower_module,oplus_data_module,oplus_secure_harden,oplus_security_keventupload,oplus_secure_guard_new,oplus_secure_guard,coresight_tpda,coresight_tgu,coresight_trace_noc,coresight_cti,coresight_qmi,coresight_dummy,coresight_remote_etm,coresight_tpdm,coresight_uetm,coresight_stm,coresight_tmc_sec,f_fs_ipc_log,qcom_iommu_debug,qti_battery_debug,rdbg,stm_heartbeat,stm_p_ost,stm_core,stm_ftrace,stm_console,spmi_pmic_arb_debug
2026-08-19T12:55:00.8378493Z   OP_UNAME: OP-WILD
2026-08-19T12:55:00.8378712Z   CONFIG: OP-ACE-3-PRO-6.1.75
2026-08-19T12:55:00.8379965Z   REPO: /usr/local/bin/repo
2026-08-19T12:55:00.8380405Z   CONFIG_FOLDER: /home/runner/work/OnePlus_KernelSU_SUSFS/OnePlus_KernelSU_SUSFS/OP-ACE-3-PRO-6.1.75
2026-08-19T12:55:00.8381088Z   ARTIFACTS_FOLDER: /home/runner/work/OnePlus_KernelSU_SUSFS/OnePlus_KernelSU_SUSFS/OP-ACE-3-PRO-6.1.75/artifacts
2026-08-19T12:55:00.8381881Z   KERNEL_PLATFORM_FOLDER: /home/runner/work/OnePlus_KernelSU_SUSFS/OnePlus_KernelSU_SUSFS/OP-ACE-3-PRO-6.1.75/kernel_platform
2026-08-19T12:55:00.8382697Z   COMMON_KERNEL_FOLDER: /home/runner/work/OnePlus_KernelSU_SUSFS/OnePlus_KernelSU_SUSFS/OP-ACE-3-PRO-6.1.75/kernel_platform/common
2026-08-19T12:55:00.8383516Z   MSM_KERNEL_FOLDER: /home/runner/work/OnePlus_KernelSU_SUSFS/OnePlus_KernelSU_SUSFS/OP-ACE-3-PRO-6.1.75/kernel_platform/msm-kernel
2026-08-19T12:55:00.8384281Z   AK3_FOLDER: /home/runner/work/OnePlus_KernelSU_SUSFS/OnePlus_KernelSU_SUSFS/OP-ACE-3-PRO-6.1.75/AnyKernel3
2026-08-19T12:55:00.8384946Z   DEBUG_ARTIFACTS_FOLDER: /home/runner/work/OnePlus_KernelSU_SUSFS/OnePlus_KernelSU_SUSFS/debug_artifacts
2026-08-19T12:55:00.8385749Z   KERNEL_PATCHES_FOLDER: /home/runner/work/OnePlus_KernelSU_SUSFS/OnePlus_KernelSU_SUSFS/kernel_patches
2026-08-19T12:55:00.8386366Z   SUSFS_FOLDER: /home/runner/work/OnePlus_KernelSU_SUSFS/OnePlus_KernelSU_SUSFS/susfs4ksu
2026-08-19T12:55:00.8387030Z   KSU_FOLDER: /home/runner/work/OnePlus_KernelSU_SUSFS/OnePlus_KernelSU_SUSFS/OP-ACE-3-PRO-6.1.75/kernel_platform/KernelSU
2026-08-19T12:55:00.8387817Z   KSUN_FOLDER: /home/runner/work/OnePlus_KernelSU_SUSFS/OnePlus_KernelSU_SUSFS/OP-ACE-3-PRO-6.1.75/kernel_platform/KernelSU-Next
2026-08-19T12:55:00.8388387Z   DEBUG_ZIP_NAME: debug_OP-ACE-3-PRO-6.1.75_A15.zip
2026-08-19T12:55:00.8388691Z   ANDROID_VER: android14
2026-08-19T12:55:00.8389131Z   KERNEL_VER: 6.1
2026-08-19T12:55:00.8389337Z   TKERNEL_VER: 6.1.75
2026-08-19T12:55:00.8389565Z   KERNEL_FULL_VER: android14-6.1.75
2026-08-19T12:55:00.8389838Z   SUSFS_KERNEL_BRANCH: gki-android14-6.1
2026-08-19T12:55:00.8390100Z   BUILD_USER: OnePlus
2026-08-19T12:55:00.8390313Z   BUILD_HOST: ubuntu-build
2026-08-19T12:55:00.8390955Z   CLANG_BIN_PATH: /home/runner/work/OnePlus_KernelSU_SUSFS/OnePlus_KernelSU_SUSFS/OP-ACE-3-PRO-6.1.75/kernel_platform/prebuilts/clang/host/linux-x86/clang-r487747c/bin
2026-08-19T12:55:00.8392111Z   CLANG_VERSION: Android (10087095, +pgo, +bolt, +lto, -mlgo, based on r487747c) clang version 17.0.2 (https://android.googlesource.com/toolchain/llvm-project d9f89f4d16663d5012e5c09495f3b30ece3d2362)
2026-08-19T12:55:00.8392841Z   CLANG_VERSION_SHORT: 4e90edd6
2026-08-19T12:55:00.8393502Z   LIBCLANG_PATH: /home/runner/work/OnePlus_KernelSU_SUSFS/OnePlus_KernelSU_SUSFS/OP-ACE-3-PRO-6.1.75/kernel_platform/prebuilts/clang/host/linux-x86/clang-r487747c/bin/../lib
2026-08-19T12:55:00.8394392Z   SUSFS_COMMIT_SHA: e287d59066380bf6de4396532d4a42edf4408701
2026-08-19T12:55:00.8394704Z   NEED_HOOKS: false
2026-08-19T12:55:00.8394967Z   KSU_COMMIT_SHA: 234f6e040fcbca18b16d2398e1aa225712ec99ad
2026-08-19T12:55:00.8395269Z   KSUVER: 33239
2026-08-19T12:55:00.8395470Z   SUSVER: v2.2.0
2026-08-19T12:55:00.8395673Z ##[endgroup]
2026-08-19T12:55:00.8458912Z ##[group]Add BBG LSM
2026-08-19T12:55:00.8459170Z Adding BBG...
2026-08-19T12:55:00.8702813Z --2026-08-19 12:55:00--  https://github.com/vc-teahouse/Baseband-guard/raw/main/setup.sh
2026-08-19T12:55:00.8920192Z Resolving github.com (github.com)... 140.82.114.4
2026-08-19T12:55:00.9085558Z Connecting to github.com (github.com)|140.82.114.4|:443... connected.
2026-08-19T12:55:01.0795303Z HTTP request sent, awaiting response... 302 Found
2026-08-19T12:55:01.0796289Z Location: https://raw.githubusercontent.com/vc-teahouse/Baseband-guard/main/setup.sh [following]
2026-08-19T12:55:01.0797255Z --2026-08-19 12:55:01--  https://raw.githubusercontent.com/vc-teahouse/Baseband-guard/main/setup.sh
2026-08-19T12:55:01.0803572Z Resolving raw.githubusercontent.com (raw.githubusercontent.com)... 185.199.108.133, 185.199.110.133, 185.199.111.133, ...
2026-08-19T12:55:01.0821940Z Connecting to raw.githubusercontent.com (raw.githubusercontent.com)|185.199.108.133|:443... connected.
2026-08-19T12:55:01.1560550Z HTTP request sent, awaiting response... 200 OK
2026-08-19T12:55:01.1561112Z Length: 7284 (7.1K) [text/plain]
2026-08-19T12:55:01.1562170Z Saving to: ‘STDOUT’
2026-08-19T12:55:01.1579299Z 
2026-08-19T12:55:01.1579609Z      0K .......                                               100% 78.3M=0s
2026-08-19T12:55:01.1579998Z 
2026-08-19T12:55:01.1580229Z 2026-08-19 12:55:01 (78.3 MB/s) - written to stdout [7284/7284]
2026-08-19T12:55:01.1580612Z 
2026-08-19T12:55:01.1628182Z [+] Setting up Baseband-guard
2026-08-19T12:55:01.1645696Z Cloning into '/home/runner/work/OnePlus_KernelSU_SUSFS/OnePlus_KernelSU_SUSFS/OP-ACE-3-PRO-6.1.75/kernel_platform/Baseband-guard'...
2026-08-19T12:55:01.6761213Z  - repo ready
2026-08-19T12:55:01.6792187Z  - symlink created
2026-08-19T12:55:01.6808183Z  - Makefile updated
2026-08-19T12:55:01.6882188Z  - Kconfig updated
2026-08-19T12:55:01.6897492Z Modern LSM infrastructure detected (GKI/Modern Kernel). Skipping Selinux patch.
2026-08-19T12:55:01.6898188Z BBG will use standard LSM blob management.
2026-08-19T12:55:01.6898620Z [+] Done.
2026-08-19T12:55:01.6920561Z 
2026-08-19T12:55:01.6920912Z Please manually set your defconfig, select one append to your defconfig:
2026-08-19T12:55:01.6921427Z 
2026-08-19T12:55:01.6945039Z if DEFAULT_SECURITY_SMACK enabled:
2026-08-19T12:55:01.6946055Z CONFIG_LSM=landlock,lockdown,yama,loadpin,safesetid,integrity,smack,selinux,tomoyo,apparmor,bpf,baseband_guard
2026-08-19T12:55:01.6946923Z 
2026-08-19T12:55:01.6947091Z if DEFAULT_SECURITY_APPARMOR enabled:
2026-08-19T12:55:01.6947751Z CONFIG_LSM=landlock,lockdown,yama,loadpin,safesetid,integrity,apparmor,selinux,smack,tomoyo,bpf,baseband_guard
2026-08-19T12:55:01.6948241Z 
2026-08-19T12:55:01.6948352Z if DEFAULT_SECURITY_TOMOYO enabled:
2026-08-19T12:55:01.6949004Z CONFIG_LSM=landlock,lockdown,yama,loadpin,safesetid,integrity,tomoyo,bpf,baseband_guard
2026-08-19T12:55:01.6949389Z 
2026-08-19T12:55:01.6949519Z if DEFAULT_SECURITY_DAC enabled:
2026-08-19T12:55:01.6949929Z CONFIG_LSM=landlock,lockdown,yama,loadpin,safesetid,integrity,bpf,baseband_guard
2026-08-19T12:55:01.6950363Z 
2026-08-19T12:55:01.6950474Z else:
2026-08-19T12:55:01.6951250Z CONFIG_LSM=landlock,lockdown,yama,loadpin,safesetid,integrity,selinux,smack,tomoyo,apparmor,bpf,baseband_guard
2026-08-19T12:55:01.6952111Z 
2026-08-19T12:55:01.6972550Z ✅ BBG LSM added
2026-08-19T12:55:01.6973236Z ##[endgroup]
2026-08-19T12:55:01.6980863Z ##[end-action id=build.__run_20;outcome=success;conclusion=success;duration_ms=868]
2026-08-19T12:55:01.6983207Z ##[start-action display=Apply KSU Hooks;id=build.__run_21]
2026-08-19T12:55:01.6986854Z ##[end-action id=build.__run_21;outcome=skipped;conclusion=skipped;duration_ms=0]
2026-08-19T12:55:01.6989002Z ##[start-action display=Apply Other Patches;id=build.__run_22]
2026-08-19T12:55:01.7005943Z ##[group]Run set -euo pipefail
2026-08-19T12:55:01.7006311Z [36;1mset -euo pipefail[0m
2026-08-19T12:55:01.7006583Z [36;1mecho "::group::Apply Other patches"[0m
2026-08-19T12:55:01.7006888Z [36;1mcd "$COMMON_KERNEL_FOLDER"[0m
2026-08-19T12:55:01.7007171Z [36;1mKERNEL_VERSION="6.1"[0m
2026-08-19T12:55:01.7007418Z [36;1mMIN_VERSION="5.16"[0m
2026-08-19T12:55:01.7007869Z [36;1mif [ "$(printf '%s\n' "$KERNEL_VERSION" "$MIN_VERSION" | sort -V | head -n1)" = "$KERNEL_VERSION" ]; then[0m
2026-08-19T12:55:01.7008349Z [36;1m  echo "Patching ptrace!"[0m
2026-08-19T12:55:01.7008698Z [36;1m  patch -p1 -F 3 < "$KERNEL_PATCHES_FOLDER/gki_ptrace.patch"[0m
2026-08-19T12:55:01.7009398Z [36;1melse[0m
2026-08-19T12:55:01.7009670Z [36;1m  echo "Kernel >= $MIN_VERSION, skipping ptrace patch"[0m
2026-08-19T12:55:01.7009991Z [36;1mfi[0m
2026-08-19T12:55:01.7010180Z [36;1m[0m
2026-08-19T12:55:01.7010386Z [36;1mif [ "$OP_HMBIRD" = true ]; then[0m
2026-08-19T12:55:01.7010665Z [36;1m  echo "Patching hmbird!"[0m
2026-08-19T12:55:01.7011019Z [36;1m  HMBIRD_MODEL=$(echo "$OP_MODEL" | sed 's/-[0-9]\+\.[0-9]\+\.[0-9]\+$//')[0m
2026-08-19T12:55:01.7011421Z [36;1m  case "$OP_MODEL" in[0m
2026-08-19T12:55:01.7012155Z [36;1m    OP-ACE-5-ULTRA-6.6.50|OP-ACE-5-PRO-6.6.30|OP13-6.6.30|OP13-CPH-6.6.56|OP13T-6.6.89|OP13-6.6.89|OP-ACE-5-PRO-6.6.89|OP-PAD-2-PRO-6.6.89|OP-PAD-3-SM8750-6.6.89|OP-ACE-5-ULTRA-6.6.89|OP-ACE-6-6.6.89)[0m
2026-08-19T12:55:01.7013020Z [36;1m      FENGCHI_DIR="$KERNEL_PATCHES_FOLDER/oneplus/hmbird/deprecated" ;;[0m
2026-08-19T12:55:01.7013388Z [36;1m    *)[0m
2026-08-19T12:55:01.7013666Z [36;1m      FENGCHI_DIR="$KERNEL_PATCHES_FOLDER/oneplus/hmbird" ;;[0m
2026-08-19T12:55:01.7013996Z [36;1m  esac[0m
2026-08-19T12:55:01.7014311Z [36;1m  dos2unix "$FENGCHI_DIR/fengchi_${HMBIRD_MODEL}_${OP_OS_VERSION}.patch"[0m
2026-08-19T12:55:01.7014821Z [36;1m  patch -p1 -F 3 < "$FENGCHI_DIR/fengchi_${HMBIRD_MODEL}_${OP_OS_VERSION}.patch"[0m
2026-08-19T12:55:01.7015324Z [36;1m  dos2unix "$KERNEL_PATCHES_FOLDER/oneplus/hmbird/overwriter.patch"[0m
2026-08-19T12:55:01.7015820Z [36;1m  patch -p1 -F 3 < "$KERNEL_PATCHES_FOLDER/oneplus/hmbird/overwriter.patch"[0m
2026-08-19T12:55:01.7016323Z [36;1m  chmod +x ./drivers/of/overwriter/overwrite_configs/convert_configs.sh[0m
2026-08-19T12:55:01.7016996Z [36;1m  dos2unix "$KERNEL_PATCHES_FOLDER/oneplus/hmbird/hmbird_config.patch"[0m
2026-08-19T12:55:01.7017515Z [36;1m  patch -p1 -F 3 < "$KERNEL_PATCHES_FOLDER/oneplus/hmbird/hmbird_config.patch"[0m
2026-08-19T12:55:01.7017894Z [36;1melse[0m
2026-08-19T12:55:01.7018165Z [36;1m  echo "Hmbird not enabled, skipping fengchi patch"[0m
2026-08-19T12:55:01.7018477Z [36;1mfi[0m
2026-08-19T12:55:01.7018665Z [36;1m[0m
2026-08-19T12:55:01.7019164Z [36;1mecho "Patching module intercept and overlay mechanism"[0m
2026-08-19T12:55:01.7019928Z [36;1mpatch -p1 < "$KERNEL_PATCHES_FOLDER/oneplus/module_overlay/0001-module-Add-module-intercept-and-overlay-mechanism-$ANDROID_VER-$KERNEL_VER.patch"[0m
2026-08-19T12:55:01.7020690Z [36;1mif [ -d "$COMMON_KERNEL_FOLDER/kernel/module/module_overlay/" ]; then[0m
2026-08-19T12:55:01.7021133Z [36;1m  chmod +x ./kernel/module/module_overlay/convert_overlay.sh[0m
2026-08-19T12:55:01.7021564Z [36;1melif [ -d "$COMMON_KERNEL_FOLDER/kernel/module_overlay/" ]; then[0m
2026-08-19T12:55:01.7021972Z [36;1m  chmod +x ./kernel/module_overlay/convert_overlay.sh[0m
2026-08-19T12:55:01.7022309Z [36;1mfi[0m
2026-08-19T12:55:01.7022499Z [36;1m[0m
2026-08-19T12:55:01.7022698Z [36;1mcopied_modules=""[0m
2026-08-19T12:55:01.7022943Z [36;1mSOC="${OP_BRANCH#*/}"[0m
2026-08-19T12:55:01.7023169Z [36;1m[0m
2026-08-19T12:55:01.7023367Z [36;1mdeclare -A selected_file=()[0m
2026-08-19T12:55:01.7023649Z [36;1mdeclare -A selected_priority=()[0m
2026-08-19T12:55:01.7023922Z [36;1mselected_count=0[0m
2026-08-19T12:55:01.7024314Z [36;1m[0m
2026-08-19T12:55:01.7024552Z [36;1m# Define suffixes in order of priority (1 to 7)[0m
2026-08-19T12:55:01.7024870Z [36;1msuffixes=([0m
2026-08-19T12:55:01.7025151Z [36;1m  "_${OP_MODEL}_${OP_OS_VERSION}_${KERNEL_FULL_VER}.ko"[0m
2026-08-19T12:55:01.7025513Z [36;1m  "_${SOC}_${OP_OS_VERSION}_${KERNEL_FULL_VER}.ko"[0m
2026-08-19T12:55:01.7025840Z [36;1m  "_${OP_MODEL}_${OP_OS_VERSION}.ko"[0m
2026-08-19T12:55:01.7026142Z [36;1m  "_${SOC}_${OP_OS_VERSION}.ko"[0m
2026-08-19T12:55:01.7026410Z [36;1m  "_${OP_MODEL}.ko"[0m
2026-08-19T12:55:01.7026643Z [36;1m  "_${SOC}.ko"[0m
2026-08-19T12:55:01.7026875Z [36;1m  "_${KERNEL_FULL_VER}.ko"[0m
2026-08-19T12:55:01.7027118Z [36;1m)[0m
2026-08-19T12:55:01.7038720Z [36;1m[0m
2026-08-19T12:55:01.7039218Z [36;1mwhile IFS= read -r -d '' file; do[0m
2026-08-19T12:55:01.7039554Z [36;1m  filename="${file##*/}"[0m
2026-08-19T12:55:01.7039828Z [36;1m  module_name=""[0m
2026-08-19T12:55:01.7040069Z [36;1m  priority=0[0m
2026-08-19T12:55:01.7040309Z [36;1m  [0m
2026-08-19T12:55:01.7040594Z [36;1m  exact_module_name=$(modinfo -F name "$file" 2>/dev/null)[0m
2026-08-19T12:55:01.7040933Z [36;1m[0m
2026-08-19T12:55:01.7041240Z [36;1m  # Evaluate priorities by iterating through the ordered suffixes[0m
2026-08-19T12:55:01.7041621Z [36;1m  for i in "${!suffixes[@]}"; do[0m
2026-08-19T12:55:01.7041900Z [36;1m    suffix="${suffixes[$i]}"[0m
2026-08-19T12:55:01.7042193Z [36;1m    if [[ "$filename" == *"$suffix" ]]; then[0m
2026-08-19T12:55:01.7042509Z [36;1m      extracted_name="${filename%"$suffix"}"[0m
2026-08-19T12:55:01.7042843Z [36;1m      extracted_normalized="${extracted_name//-/_}"[0m
2026-08-19T12:55:01.7043152Z [36;1m[0m
2026-08-19T12:55:01.7043431Z [36;1m      if [[ "$extracted_normalized" == "$exact_module_name" ]]; then[0m
2026-08-19T12:55:01.7043817Z [36;1m        module_name="$extracted_name"[0m
2026-08-19T12:55:01.7044105Z [36;1m        priority=$((i + 1))[0m
2026-08-19T12:55:01.7044358Z [36;1m      fi[0m
2026-08-19T12:55:01.7044555Z [36;1m      [0m
2026-08-19T12:55:01.7044827Z [36;1m      break # Match found, stop checking lower priorities[0m
2026-08-19T12:55:01.7045148Z [36;1m    fi[0m
2026-08-19T12:55:01.7045334Z [36;1m  done[0m
2026-08-19T12:55:01.7045518Z [36;1m  [0m
2026-08-19T12:55:01.7045772Z [36;1m  # File did not match any supported naming pattern.[0m
2026-08-19T12:55:01.7046109Z [36;1m  [[ -n "$module_name" ]] || continue[0m
2026-08-19T12:55:01.7046567Z [36;1m[0m
2026-08-19T12:55:01.7046846Z [36;1m  if [[ -z "${selected_priority[$module_name]+exists}" ]]; then[0m
2026-08-19T12:55:01.7047190Z [36;1m    echo "New module: $file"[0m
2026-08-19T12:55:01.7047476Z [36;1m    selected_file["$module_name"]="$file"[0m
2026-08-19T12:55:01.7047814Z [36;1m    selected_priority["$module_name"]="$priority"[0m
2026-08-19T12:55:01.7048150Z [36;1m    selected_count=$((selected_count + 1))[0m
2026-08-19T12:55:01.7048511Z [36;1m  elif (( priority < selected_priority["$module_name"] )); then[0m
2026-08-19T12:55:01.7049151Z [36;1m    echo "Existing module: $file ; replace with a higher-priority variant."[0m
2026-08-19T12:55:01.7049580Z [36;1m    selected_file["$module_name"]="$file"[0m
2026-08-19T12:55:01.7049911Z [36;1m    selected_priority["$module_name"]="$priority"[0m
2026-08-19T12:55:01.7050205Z [36;1m  fi[0m
2026-08-19T12:55:01.7050633Z [36;1mdone < <(find "$KERNEL_PATCHES_FOLDER/oneplus/module_overlay/modules/" -type f -name '*.ko' -print0)[0m
2026-08-19T12:55:01.7051105Z [36;1m[0m
2026-08-19T12:55:01.7051321Z [36;1mif (( selected_count == 0 )); then[0m
2026-08-19T12:55:01.7051638Z [36;1m  echo "No matching kernel modules found."[0m
2026-08-19T12:55:01.7051914Z [36;1mfi[0m
2026-08-19T12:55:01.7052096Z [36;1m[0m
2026-08-19T12:55:01.7052326Z [36;1mfor module_name in "${!selected_file[@]}"; do[0m
2026-08-19T12:55:01.7052653Z [36;1m  file="${selected_file[$module_name]}"[0m
2026-08-19T12:55:01.7052983Z [36;1m  priority="${selected_priority[$module_name]}"[0m
2026-08-19T12:55:01.7053523Z [36;1m  echo "Copying module '$module_name' priority=$priority: $file"[0m
2026-08-19T12:55:01.7053871Z [36;1m[0m
2026-08-19T12:55:01.7054066Z [36;1m  dest_path=""[0m
2026-08-19T12:55:01.7054421Z [36;1m  if [ -d "$COMMON_KERNEL_FOLDER/kernel/module/module_overlay/modules/" ]; then[0m
2026-08-19T12:55:01.7054991Z [36;1m    dest_path="$COMMON_KERNEL_FOLDER/kernel/module/module_overlay/modules/${module_name}.ko"[0m
2026-08-19T12:55:01.7055536Z [36;1m  elif [ -d "$COMMON_KERNEL_FOLDER/kernel/module_overlay/modules/" ]; then[0m
2026-08-19T12:55:01.7056050Z [36;1m    dest_path="$COMMON_KERNEL_FOLDER/kernel/module_overlay/modules/${module_name}.ko"[0m
2026-08-19T12:55:01.7056461Z [36;1m  fi[0m
2026-08-19T12:55:01.7056658Z [36;1m  [0m
2026-08-19T12:55:01.7056866Z [36;1m  if [ -z "$dest_path" ]; then[0m
2026-08-19T12:55:01.7057147Z [36;1m    cp -v -- "$file" "$dest_path"[0m
2026-08-19T12:55:01.7057413Z [36;1m  fi[0m
2026-08-19T12:55:01.7057598Z [36;1m  [0m
2026-08-19T12:55:01.7057814Z [36;1m  if [ -z "$copied_modules" ]; then[0m
2026-08-19T12:55:01.7058108Z [36;1m    copied_modules="$dest_path"[0m
2026-08-19T12:55:01.7058385Z [36;1m  else[0m
2026-08-19T12:55:01.7058642Z [36;1m    copied_modules="$copied_modules:$dest_path"[0m
2026-08-19T12:55:01.7059118Z [36;1m  fi[0m
2026-08-19T12:55:01.7059311Z [36;1mdone[0m
2026-08-19T12:55:01.7059498Z [36;1m[0m
2026-08-19T12:55:01.7059780Z [36;1mccache --set-config=extra_files_to_hash="$copied_modules"[0m
2026-08-19T12:55:01.7060124Z [36;1m[0m
2026-08-19T12:55:01.7060332Z [36;1mecho "✅ Other patches applied"[0m
2026-08-19T12:55:01.7060612Z [36;1mecho "::endgroup::"[0m
2026-08-19T12:55:01.7103188Z shell: /usr/bin/bash --noprofile --norc -e -o pipefail {0}
2026-08-19T12:55:01.7103532Z env:
2026-08-19T12:55:01.7103882Z   CCACHE_DIR: /home/runner/work/OnePlus_KernelSU_SUSFS/OnePlus_KernelSU_SUSFS/.ccache
2026-08-19T12:55:01.7104304Z   CCACHE_MAXSIZE: 12G
2026-08-19T12:55:01.7104543Z   CCACHE_COMPILERCHECK: content
2026-08-19T12:55:01.7104935Z   CCACHE_BASEDIR: /home/runner/work/OnePlus_KernelSU_SUSFS/OnePlus_KernelSU_SUSFS
2026-08-19T12:55:01.7105326Z   CCACHE_NOHASHDIR: true
2026-08-19T12:55:01.7105566Z   CCACHE_IGNOREOPTIONS: --sysroot*
2026-08-19T12:55:01.7105831Z   CCACHE_COMPRESSION: true
2026-08-19T12:55:01.7106068Z   CCACHE_COMPRESSION_LEVEL: 3
2026-08-19T12:55:01.7106305Z   CCACHE_DIRECT: true
2026-08-19T12:55:01.7106523Z   CCACHE_FILE_CLONE: true
2026-08-19T12:55:01.7106895Z   CCACHE_INODE_CACHE: true
2026-08-19T12:55:01.7107131Z   CCACHE_IS_KERNEL_COMPILING: true
2026-08-19T12:55:01.7107372Z   CCACHE_UMASK: 002
2026-08-19T12:55:01.7107826Z   CCACHE_SLOPPINESS: file_macro,time_macros,include_file_mtime,include_file_ctime,pch_defines,system_headers,locale
2026-08-19T12:55:01.7108332Z   ACTION_REPO: 
2026-08-19T12:55:01.7108533Z   ACTION_REF: 
2026-08-19T12:55:01.7108743Z   OP_MODEL: OP-ACE-3-PRO-6.1.75
2026-08-19T12:55:01.7109214Z   OP_SOC: pineapple
2026-08-19T12:55:01.7109427Z   OP_BRANCH: wild/sm8650
2026-08-19T12:55:01.7109682Z   OP_MANIFEST: oneplus_ace3_pro_6.1.75_v.xml
2026-08-19T12:55:01.7109965Z   OP_ANDROID_VERSION: android14
2026-08-19T12:55:01.7110196Z   OP_KERNEL_VERSION: 6.1
2026-08-19T12:55:01.7110409Z   OP_OS_VERSION: A15
2026-08-19T12:55:01.7110613Z   OP_LTO: thin
2026-08-19T12:55:01.7110808Z   OP_ZYC_COMPILER: 
2026-08-19T12:55:01.7111156Z   OP_C_COMPILER: kernel_platform/prebuilts/clang/host/linux-x86/clang-r487747c/bin
2026-08-19T12:55:01.7111561Z   OP_RUST_COMPILER: 
2026-08-19T12:55:01.7111768Z   OP_BINDGEN: 
2026-08-19T12:55:01.7111964Z   OP_RUST_BUILD: false
2026-08-19T12:55:01.7112180Z   OP_DISK_CLEANUP: false
2026-08-19T12:55:01.7112399Z   OP_HMBIRD: false
2026-08-19T12:55:01.7112596Z   OP_SUSFS: true
2026-08-19T12:55:01.7112793Z   OP_OPT: true
2026-08-19T12:55:01.7112985Z   OP_DS: true
2026-08-19T12:55:01.7113173Z   OP_BBG: true
2026-08-19T12:55:01.7113359Z   OP_BBR: true
2026-08-19T12:55:01.7113542Z   OP_BBR3: true
2026-08-19T12:55:01.7113731Z   OP_TTL: true
2026-08-19T12:55:01.7114073Z   OP_IP_SET: true
2026-08-19T12:55:01.7114277Z   OP_UNICODE: true
2026-08-19T12:55:01.7114477Z   OP_NTSYNC: true
2026-08-19T12:55:01.7116338Z   OP_BLACKLIST_MODULES: kernelsu,oplus_security_guard,oplus_qr_scan,oplus_score,oplus_vip_task,oplus_dns_cache,oplus_network_linkpower_module,oplus_data_module,oplus_secure_harden,oplus_security_keventupload,oplus_secure_guard_new,oplus_secure_guard,coresight_tpda,coresight_tgu,coresight_trace_noc,coresight_cti,coresight_qmi,coresight_dummy,coresight_remote_etm,coresight_tpdm,coresight_uetm,coresight_stm,coresight_tmc_sec,f_fs_ipc_log,qcom_iommu_debug,qti_battery_debug,rdbg,stm_heartbeat,stm_p_ost,stm_core,stm_ftrace,stm_console,spmi_pmic_arb_debug
2026-08-19T12:55:01.7118287Z   OP_UNAME: OP-WILD
2026-08-19T12:55:01.7118513Z   CONFIG: OP-ACE-3-PRO-6.1.75
2026-08-19T12:55:01.7118762Z   REPO: /usr/local/bin/repo
2026-08-19T12:55:01.7119409Z   CONFIG_FOLDER: /home/runner/work/OnePlus_KernelSU_SUSFS/OnePlus_KernelSU_SUSFS/OP-ACE-3-PRO-6.1.75
2026-08-19T12:55:01.7120104Z   ARTIFACTS_FOLDER: /home/runner/work/OnePlus_KernelSU_SUSFS/OnePlus_KernelSU_SUSFS/OP-ACE-3-PRO-6.1.75/artifacts
2026-08-19T12:55:01.7120858Z   KERNEL_PLATFORM_FOLDER: /home/runner/work/OnePlus_KernelSU_SUSFS/OnePlus_KernelSU_SUSFS/OP-ACE-3-PRO-6.1.75/kernel_platform
2026-08-19T12:55:01.7121659Z   COMMON_KERNEL_FOLDER: /home/runner/work/OnePlus_KernelSU_SUSFS/OnePlus_KernelSU_SUSFS/OP-ACE-3-PRO-6.1.75/kernel_platform/common
2026-08-19T12:55:01.7122491Z   MSM_KERNEL_FOLDER: /home/runner/work/OnePlus_KernelSU_SUSFS/OnePlus_KernelSU_SUSFS/OP-ACE-3-PRO-6.1.75/kernel_platform/msm-kernel
2026-08-19T12:55:01.7123238Z   AK3_FOLDER: /home/runner/work/OnePlus_KernelSU_SUSFS/OnePlus_KernelSU_SUSFS/OP-ACE-3-PRO-6.1.75/AnyKernel3
2026-08-19T12:55:01.7123901Z   DEBUG_ARTIFACTS_FOLDER: /home/runner/work/OnePlus_KernelSU_SUSFS/OnePlus_KernelSU_SUSFS/debug_artifacts
2026-08-19T12:55:01.7124548Z   KERNEL_PATCHES_FOLDER: /home/runner/work/OnePlus_KernelSU_SUSFS/OnePlus_KernelSU_SUSFS/kernel_patches
2026-08-19T12:55:01.7125151Z   SUSFS_FOLDER: /home/runner/work/OnePlus_KernelSU_SUSFS/OnePlus_KernelSU_SUSFS/susfs4ksu
2026-08-19T12:55:01.7125809Z   KSU_FOLDER: /home/runner/work/OnePlus_KernelSU_SUSFS/OnePlus_KernelSU_SUSFS/OP-ACE-3-PRO-6.1.75/kernel_platform/KernelSU
2026-08-19T12:55:01.7126592Z   KSUN_FOLDER: /home/runner/work/OnePlus_KernelSU_SUSFS/OnePlus_KernelSU_SUSFS/OP-ACE-3-PRO-6.1.75/kernel_platform/KernelSU-Next
2026-08-19T12:55:01.7127297Z   DEBUG_ZIP_NAME: debug_OP-ACE-3-PRO-6.1.75_A15.zip
2026-08-19T12:55:01.7127595Z   ANDROID_VER: android14
2026-08-19T12:55:01.7127820Z   KERNEL_VER: 6.1
2026-08-19T12:55:01.7128024Z   TKERNEL_VER: 6.1.75
2026-08-19T12:55:01.7128254Z   KERNEL_FULL_VER: android14-6.1.75
2026-08-19T12:55:01.7128532Z   SUSFS_KERNEL_BRANCH: gki-android14-6.1
2026-08-19T12:55:01.7128925Z   BUILD_USER: OnePlus
2026-08-19T12:55:01.7129140Z   BUILD_HOST: ubuntu-build
2026-08-19T12:55:01.7129773Z   CLANG_BIN_PATH: /home/runner/work/OnePlus_KernelSU_SUSFS/OnePlus_KernelSU_SUSFS/OP-ACE-3-PRO-6.1.75/kernel_platform/prebuilts/clang/host/linux-x86/clang-r487747c/bin
2026-08-19T12:55:01.7130927Z   CLANG_VERSION: Android (10087095, +pgo, +bolt, +lto, -mlgo, based on r487747c) clang version 17.0.2 (https://android.googlesource.com/toolchain/llvm-project d9f89f4d16663d5012e5c09495f3b30ece3d2362)
2026-08-19T12:55:01.7131660Z   CLANG_VERSION_SHORT: 4e90edd6
2026-08-19T12:55:01.7132326Z   LIBCLANG_PATH: /home/runner/work/OnePlus_KernelSU_SUSFS/OnePlus_KernelSU_SUSFS/OP-ACE-3-PRO-6.1.75/kernel_platform/prebuilts/clang/host/linux-x86/clang-r487747c/bin/../lib
2026-08-19T12:55:01.7133057Z   SUSFS_COMMIT_SHA: e287d59066380bf6de4396532d4a42edf4408701
2026-08-19T12:55:01.7133371Z   NEED_HOOKS: false
2026-08-19T12:55:01.7133625Z   KSU_COMMIT_SHA: 234f6e040fcbca18b16d2398e1aa225712ec99ad
2026-08-19T12:55:01.7133923Z   KSUVER: 33239
2026-08-19T12:55:01.7134120Z   SUSVER: v2.2.0
2026-08-19T12:55:01.7134323Z ##[endgroup]
2026-08-19T12:55:01.7198056Z ##[group]Apply Other patches
2026-08-19T12:55:01.7223308Z Kernel >= 5.16, skipping ptrace patch
2026-08-19T12:55:01.7224062Z Hmbird not enabled, skipping fengchi patch
2026-08-19T12:55:01.7224434Z Patching module intercept and overlay mechanism
2026-08-19T12:55:01.7234750Z patching file kernel/module/Makefile
2026-08-19T12:55:01.7235243Z Hunk #1 succeeded at 21 (offset -1 lines).
2026-08-19T12:55:01.7236964Z patching file kernel/module/main.c
2026-08-19T12:55:01.7239559Z Hunk #2 succeeded at 2766 (offset -5 lines).
2026-08-19T12:55:01.7241012Z patching file kernel/module/module_overlay/Makefile
2026-08-19T12:55:01.7242238Z patching file kernel/module/module_overlay/convert_overlay.sh
2026-08-19T12:55:01.7243673Z patching file kernel/module/module_overlay/module_intercept.c
2026-08-19T12:55:01.7245441Z patching file kernel/module/module_overlay/modules/.gitkeep
2026-08-19T12:55:01.7246283Z patching file kernel/module/module_overlay/overlay_files.h
2026-08-19T12:55:01.7308170Z No matching kernel modules found.
2026-08-19T12:55:01.7334436Z ✅ Other patches applied
2026-08-19T12:55:01.7335157Z ##[endgroup]
2026-08-19T12:55:01.7341726Z ##[end-action id=build.__run_22;outcome=success;conclusion=success;duration_ms=35]
2026-08-19T12:55:01.7344042Z ##[start-action display=Apply Optimisation Patches;id=build.__run_23]
2026-08-19T12:55:01.7362155Z ##[group]Run set -euo pipefail
2026-08-19T12:55:01.7362490Z [36;1mset -euo pipefail[0m
2026-08-19T12:55:01.7362818Z [36;1mecho "::group::Apply Optimisation patches"[0m
2026-08-19T12:55:01.7363150Z [36;1mcd "$COMMON_KERNEL_FOLDER"[0m
2026-08-19T12:55:01.7363419Z [36;1mKERNEL_VERSION="6.1"[0m
2026-08-19T12:55:01.7363672Z [36;1mMIN_VERSION="5.16"[0m
2026-08-19T12:55:01.7364083Z [36;1mpatch -p1 --forward < "$KERNEL_PATCHES_FOLDER/common/optimized_mem_operations.patch"[0m
2026-08-19T12:55:01.7364661Z [36;1mpatch -p1 --forward < "$KERNEL_PATCHES_FOLDER/common/file_struct_8bytes_align.patch"[0m
2026-08-19T12:55:01.7365209Z [36;1mpatch -p1 --forward < "$KERNEL_PATCHES_FOLDER/common/reduce_cache_pressure.patch"[0m
2026-08-19T12:55:01.7365619Z [36;1m[0m
2026-08-19T12:55:01.7365954Z [36;1mpatch -p1 --forward < "$KERNEL_PATCHES_FOLDER/common/mem_opt_prefetch.patch"[0m
2026-08-19T12:55:01.7366336Z [36;1m[0m
2026-08-19T12:55:01.7366719Z [36;1mif [ "$(printf '%s\n' "$KERNEL_VERSION" "$MIN_VERSION" | sort -V | tail -n1)" = "$KERNEL_VERSION" ]; then[0m
2026-08-19T12:55:01.7367296Z [36;1m  patch -p1 --forward < "$KERNEL_PATCHES_FOLDER/common/optimise_memcmp.patch"[0m
2026-08-19T12:55:01.7368012Z [36;1melif [ "$(printf '%s\n' "$KERNEL_VERSION" "5.11" | sort -V | tail -n1)" = "$KERNEL_VERSION" ]; then[0m
2026-08-19T12:55:01.7369411Z [36;1m  sed -e 's/SYM_FUNC_START(__pi_memcmp)/SYM_FUNC_START_WEAK_PI(memcmp)/' -e 's/SYM_FUNC_END(__pi_memcmp)/SYM_FUNC_END_PI(memcmp)/' -e 's/SYM_FUNC_ALIAS_WEAK(memcmp, __pi_memcmp)/EXPORT_SYMBOL_NOKASAN(memcmp)/' "$KERNEL_PATCHES_FOLDER/common/optimise_memcmp.patch" | patch -p1 --forward[0m
2026-08-19T12:55:01.7370428Z [36;1melse[0m
2026-08-19T12:55:01.7370686Z [36;1m  echo "Optimised memcmp patch not found!"[0m
2026-08-19T12:55:01.7370987Z [36;1mfi[0m
2026-08-19T12:55:01.7371337Z [36;1mpatch -p1 --forward < "$KERNEL_PATCHES_FOLDER/common/minimise_wakeup_time.patch"[0m
2026-08-19T12:55:01.7371863Z [36;1mpatch -p1 --forward < "$KERNEL_PATCHES_FOLDER/common/int_sqrt.patch"[0m
2026-08-19T12:55:01.7372305Z [36;1mif [ "$OP_BBR" = "false" ] && [ "$OP_BBR3" = "false" ]; then[0m
2026-08-19T12:55:01.7372771Z [36;1m  patch -p1 --forward < "$KERNEL_PATCHES_FOLDER/common/force_tcp_nodelay.patch"[0m
2026-08-19T12:55:01.7373162Z [36;1mfi[0m
2026-08-19T12:55:01.7373530Z [36;1mpatch -p1 --forward < "$KERNEL_PATCHES_FOLDER/common/reduce_gc_thread_sleep_time.patch"[0m
2026-08-19T12:55:01.7374125Z [36;1mpatch -p1 --forward < "$KERNEL_PATCHES_FOLDER/common/add_timeout_wakelocks_globally.patch"[0m
2026-08-19T12:55:01.7374690Z [36;1m# CUSTOM REVERT: restore persistent sysfs wakelocks (screen-off VPN access)[0m
2026-08-19T12:55:01.7375239Z [36;1msed -i 's/__pm_wakeup_event(wl->ws, 500)/__pm_stay_awake(wl->ws)/' kernel/power/wakelock.c[0m
2026-08-19T12:55:01.7376070Z [36;1mgrep -q '__pm_stay_awake(wl->ws)' kernel/power/wakelock.c || { echo '::error::wakelock revert failed'; exit 1; }[0m
2026-08-19T12:55:01.7376604Z [36;1mecho "CUSTOM: persistent wakelocks restored"[0m
2026-08-19T12:55:01.7377062Z [36;1mpatch -p1 --forward < "$KERNEL_PATCHES_FOLDER/common/f2fs_reduce_congestion.patch"[0m
2026-08-19T12:55:01.7377608Z [36;1mpatch -p1 --forward < "$KERNEL_PATCHES_FOLDER/common/reduce_freeze_timeout.patch"[0m
2026-08-19T12:55:01.7378001Z [36;1m[0m
2026-08-19T12:55:01.7378391Z [36;1mif [ "$(printf '%s\n' "$KERNEL_VERSION" "$MIN_VERSION" | sort -V | head -n1)" = "$KERNEL_VERSION" ]; then[0m
2026-08-19T12:55:01.7379162Z [36;1m  patch -p1 --forward < "$KERNEL_PATCHES_FOLDER/common/clear_page_16bytes_align.patch"[0m
2026-08-19T12:55:01.7379574Z [36;1melse[0m
2026-08-19T12:55:01.7380212Z [36;1m  cat "$KERNEL_PATCHES_FOLDER/common/clear_page_16bytes_align.patch" | sed -e 's/SYM_FUNC_START_PI(clear_page)/SYM_FUNC_START_PI(__pi_clear_page)/' | patch -p1 -F3 --forward[0m
2026-08-19T12:55:01.7380874Z [36;1mfi[0m
2026-08-19T12:55:01.7381063Z [36;1m[0m
2026-08-19T12:55:01.7381324Z [36;1mecho "Patching add_limitation_scaling_min_freq.patch"[0m
2026-08-19T12:55:01.7381831Z [36;1mpatch -p1 --forward < "$KERNEL_PATCHES_FOLDER/common/add_limitation_scaling_min_freq.patch"[0m
2026-08-19T12:55:01.7382354Z [36;1mecho "Patching re_write_limitation_scaling_min_freq.patch"[0m
2026-08-19T12:55:01.7382913Z [36;1mpatch -p1 --forward < "$KERNEL_PATCHES_FOLDER/common/re_write_limitation_scaling_min_freq.patch"[0m
2026-08-19T12:55:01.7383419Z [36;1mecho "Patching adjust_cpu_scan_order.patch"[0m
2026-08-19T12:55:01.7383853Z [36;1mpatch -p1 --forward < "$KERNEL_PATCHES_FOLDER/common/adjust_cpu_scan_order.patch"[0m
2026-08-19T12:55:01.7384334Z [36;1mecho "Patching avoid_extra_s2idle_wake_attempts.patch"[0m
2026-08-19T12:55:01.7384837Z [36;1mpatch -p1 --forward < "$KERNEL_PATCHES_FOLDER/common/avoid_extra_s2idle_wake_attempts.patch"[0m
2026-08-19T12:55:01.7385326Z [36;1mecho "Patching disable_cache_hot_buddy.patch"[0m
2026-08-19T12:55:01.7385776Z [36;1mpatch -p1 --forward < "$KERNEL_PATCHES_FOLDER/common/disable_cache_hot_buddy.patch"[0m
2026-08-19T12:55:01.7386250Z [36;1mecho "Patching f2fs_enlarge_min_fsync_blocks.patch"[0m
2026-08-19T12:55:01.7386725Z [36;1mpatch -p1 --forward < "$KERNEL_PATCHES_FOLDER/common/f2fs_enlarge_min_fsync_blocks.patch"[0m
2026-08-19T12:55:01.7387363Z [36;1mecho "Patching increase_ext4_default_commit_age.patch"[0m
2026-08-19T12:55:01.7387862Z [36;1mpatch -p1 --forward < "$KERNEL_PATCHES_FOLDER/common/increase_ext4_default_commit_age.patch"[0m
2026-08-19T12:55:01.7388334Z [36;1mecho "Patching increase_sk_mem_packets.patch"[0m
2026-08-19T12:55:01.7388761Z [36;1mpatch -p1 --forward < "$KERNEL_PATCHES_FOLDER/common/increase_sk_mem_packets.patch"[0m
2026-08-19T12:55:01.7389394Z [36;1mecho "Patching reduce_pci_pme_wakeups.patch"[0m
2026-08-19T12:55:01.7389842Z [36;1mpatch -p1 --forward < "$KERNEL_PATCHES_FOLDER/common/reduce_pci_pme_wakeups.patch"[0m
2026-08-19T12:55:01.7390292Z [36;1mecho "Patching silence_irq_cpu_logspam.patch"[0m
2026-08-19T12:55:01.7390726Z [36;1mpatch -p1 --forward < "$KERNEL_PATCHES_FOLDER/common/silence_irq_cpu_logspam.patch"[0m
2026-08-19T12:55:01.7391160Z [36;1mecho "Patching silence_system_logspam.patch"[0m
2026-08-19T12:55:01.7391582Z [36;1mpatch -p1 --forward < "$KERNEL_PATCHES_FOLDER/common/silence_system_logspam.patch"[0m
2026-08-19T12:55:01.7392037Z [36;1mecho "Patching use_unlikely_wrap_cpufreq.patch"[0m
2026-08-19T12:55:01.7392494Z [36;1mpatch -p1 --forward < "$KERNEL_PATCHES_FOLDER/common/use_unlikely_wrap_cpufreq.patch"[0m
2026-08-19T12:55:01.7392901Z [36;1m[0m
2026-08-19T12:55:01.7393135Z [36;1mecho "✅ Optimisation Patches applied"[0m
2026-08-19T12:55:01.7393445Z [36;1mecho "::endgroup::"[0m
2026-08-19T12:55:01.7433746Z shell: /usr/bin/bash --noprofile --norc -e -o pipefail {0}
2026-08-19T12:55:01.7434085Z env:
2026-08-19T12:55:01.7434434Z   CCACHE_DIR: /home/runner/work/OnePlus_KernelSU_SUSFS/OnePlus_KernelSU_SUSFS/.ccache
2026-08-19T12:55:01.7435003Z   CCACHE_MAXSIZE: 12G
2026-08-19T12:55:01.7435235Z   CCACHE_COMPILERCHECK: content
2026-08-19T12:55:01.7435615Z   CCACHE_BASEDIR: /home/runner/work/OnePlus_KernelSU_SUSFS/OnePlus_KernelSU_SUSFS
2026-08-19T12:55:01.7436009Z   CCACHE_NOHASHDIR: true
2026-08-19T12:55:01.7436259Z   CCACHE_IGNOREOPTIONS: --sysroot*
2026-08-19T12:55:01.7436524Z   CCACHE_COMPRESSION: true
2026-08-19T12:55:01.7436778Z   CCACHE_COMPRESSION_LEVEL: 3
2026-08-19T12:55:01.7437020Z   CCACHE_DIRECT: true
2026-08-19T12:55:01.7437243Z   CCACHE_FILE_CLONE: true
2026-08-19T12:55:01.7437467Z   CCACHE_INODE_CACHE: true
2026-08-19T12:55:01.7437699Z   CCACHE_IS_KERNEL_COMPILING: true
2026-08-19T12:55:01.7437944Z   CCACHE_UMASK: 002
2026-08-19T12:55:01.7438410Z   CCACHE_SLOPPINESS: file_macro,time_macros,include_file_mtime,include_file_ctime,pch_defines,system_headers,locale
2026-08-19T12:55:01.7439126Z   ACTION_REPO: 
2026-08-19T12:55:01.7439335Z   ACTION_REF: 
2026-08-19T12:55:01.7439553Z   OP_MODEL: OP-ACE-3-PRO-6.1.75
2026-08-19T12:55:01.7439796Z   OP_SOC: pineapple
2026-08-19T12:55:01.7440008Z   OP_BRANCH: wild/sm8650
2026-08-19T12:55:01.7440256Z   OP_MANIFEST: oneplus_ace3_pro_6.1.75_v.xml
2026-08-19T12:55:01.7440538Z   OP_ANDROID_VERSION: android14
2026-08-19T12:55:01.7440789Z   OP_KERNEL_VERSION: 6.1
2026-08-19T12:55:01.7441003Z   OP_OS_VERSION: A15
2026-08-19T12:55:01.7441209Z   OP_LTO: thin
2026-08-19T12:55:01.7441407Z   OP_ZYC_COMPILER: 
2026-08-19T12:55:01.7441752Z   OP_C_COMPILER: kernel_platform/prebuilts/clang/host/linux-x86/clang-r487747c/bin
2026-08-19T12:55:01.7442148Z   OP_RUST_COMPILER: 
2026-08-19T12:55:01.7442353Z   OP_BINDGEN: 
2026-08-19T12:55:01.7442550Z   OP_RUST_BUILD: false
2026-08-19T12:55:01.7442766Z   OP_DISK_CLEANUP: false
2026-08-19T12:55:01.7442985Z   OP_HMBIRD: false
2026-08-19T12:55:01.7443183Z   OP_SUSFS: true
2026-08-19T12:55:01.7443376Z   OP_OPT: true
2026-08-19T12:55:01.7443562Z   OP_DS: true
2026-08-19T12:55:01.7443754Z   OP_BBG: true
2026-08-19T12:55:01.7443944Z   OP_BBR: true
2026-08-19T12:55:01.7444133Z   OP_BBR3: true
2026-08-19T12:55:01.7444328Z   OP_TTL: true
2026-08-19T12:55:01.7444520Z   OP_IP_SET: true
2026-08-19T12:55:01.7444721Z   OP_UNICODE: true
2026-08-19T12:55:01.7444920Z   OP_NTSYNC: true
2026-08-19T12:55:01.7446920Z   OP_BLACKLIST_MODULES: kernelsu,oplus_security_guard,oplus_qr_scan,oplus_score,oplus_vip_task,oplus_dns_cache,oplus_network_linkpower_module,oplus_data_module,oplus_secure_harden,oplus_security_keventupload,oplus_secure_guard_new,oplus_secure_guard,coresight_tpda,coresight_tgu,coresight_trace_noc,coresight_cti,coresight_qmi,coresight_dummy,coresight_remote_etm,coresight_tpdm,coresight_uetm,coresight_stm,coresight_tmc_sec,f_fs_ipc_log,qcom_iommu_debug,qti_battery_debug,rdbg,stm_heartbeat,stm_p_ost,stm_core,stm_ftrace,stm_console,spmi_pmic_arb_debug
2026-08-19T12:55:01.7448987Z   OP_UNAME: OP-WILD
2026-08-19T12:55:01.7449212Z   CONFIG: OP-ACE-3-PRO-6.1.75
2026-08-19T12:55:01.7449480Z   REPO: /usr/local/bin/repo
2026-08-19T12:55:01.7449914Z   CONFIG_FOLDER: /home/runner/work/OnePlus_KernelSU_SUSFS/OnePlus_KernelSU_SUSFS/OP-ACE-3-PRO-6.1.75
2026-08-19T12:55:01.7450608Z   ARTIFACTS_FOLDER: /home/runner/work/OnePlus_KernelSU_SUSFS/OnePlus_KernelSU_SUSFS/OP-ACE-3-PRO-6.1.75/artifacts
2026-08-19T12:55:01.7451370Z   KERNEL_PLATFORM_FOLDER: /home/runner/work/OnePlus_KernelSU_SUSFS/OnePlus_KernelSU_SUSFS/OP-ACE-3-PRO-6.1.75/kernel_platform
2026-08-19T12:55:01.7452175Z   COMMON_KERNEL_FOLDER: /home/runner/work/OnePlus_KernelSU_SUSFS/OnePlus_KernelSU_SUSFS/OP-ACE-3-PRO-6.1.75/kernel_platform/common
2026-08-19T12:55:01.7452992Z   MSM_KERNEL_FOLDER: /home/runner/work/OnePlus_KernelSU_SUSFS/OnePlus_KernelSU_SUSFS/OP-ACE-3-PRO-6.1.75/kernel_platform/msm-kernel
2026-08-19T12:55:01.7453736Z   AK3_FOLDER: /home/runner/work/OnePlus_KernelSU_SUSFS/OnePlus_KernelSU_SUSFS/OP-ACE-3-PRO-6.1.75/AnyKernel3
2026-08-19T12:55:01.7454400Z   DEBUG_ARTIFACTS_FOLDER: /home/runner/work/OnePlus_KernelSU_SUSFS/OnePlus_KernelSU_SUSFS/debug_artifacts
2026-08-19T12:55:01.7455193Z   KERNEL_PATCHES_FOLDER: /home/runner/work/OnePlus_KernelSU_SUSFS/OnePlus_KernelSU_SUSFS/kernel_patches
2026-08-19T12:55:01.7455794Z   SUSFS_FOLDER: /home/runner/work/OnePlus_KernelSU_SUSFS/OnePlus_KernelSU_SUSFS/susfs4ksu
2026-08-19T12:55:01.7456452Z   KSU_FOLDER: /home/runner/work/OnePlus_KernelSU_SUSFS/OnePlus_KernelSU_SUSFS/OP-ACE-3-PRO-6.1.75/kernel_platform/KernelSU
2026-08-19T12:55:01.7457238Z   KSUN_FOLDER: /home/runner/work/OnePlus_KernelSU_SUSFS/OnePlus_KernelSU_SUSFS/OP-ACE-3-PRO-6.1.75/kernel_platform/KernelSU-Next
2026-08-19T12:55:01.7457807Z   DEBUG_ZIP_NAME: debug_OP-ACE-3-PRO-6.1.75_A15.zip
2026-08-19T12:55:01.7458108Z   ANDROID_VER: android14
2026-08-19T12:55:01.7458348Z   KERNEL_VER: 6.1
2026-08-19T12:55:01.7458561Z   TKERNEL_VER: 6.1.75
2026-08-19T12:55:01.7458938Z   KERNEL_FULL_VER: android14-6.1.75
2026-08-19T12:55:01.7459222Z   SUSFS_KERNEL_BRANCH: gki-android14-6.1
2026-08-19T12:55:01.7459491Z   BUILD_USER: OnePlus
2026-08-19T12:55:01.7459710Z   BUILD_HOST: ubuntu-build
2026-08-19T12:55:01.7460344Z   CLANG_BIN_PATH: /home/runner/work/OnePlus_KernelSU_SUSFS/OnePlus_KernelSU_SUSFS/OP-ACE-3-PRO-6.1.75/kernel_platform/prebuilts/clang/host/linux-x86/clang-r487747c/bin
2026-08-19T12:55:01.7461512Z   CLANG_VERSION: Android (10087095, +pgo, +bolt, +lto, -mlgo, based on r487747c) clang version 17.0.2 (https://android.googlesource.com/toolchain/llvm-project d9f89f4d16663d5012e5c09495f3b30ece3d2362)
2026-08-19T12:55:01.7462251Z   CLANG_VERSION_SHORT: 4e90edd6
2026-08-19T12:55:01.7462915Z   LIBCLANG_PATH: /home/runner/work/OnePlus_KernelSU_SUSFS/OnePlus_KernelSU_SUSFS/OP-ACE-3-PRO-6.1.75/kernel_platform/prebuilts/clang/host/linux-x86/clang-r487747c/bin/../lib
2026-08-19T12:55:01.7463649Z   SUSFS_COMMIT_SHA: e287d59066380bf6de4396532d4a42edf4408701
2026-08-19T12:55:01.7463962Z   NEED_HOOKS: false
2026-08-19T12:55:01.7464224Z   KSU_COMMIT_SHA: 234f6e040fcbca18b16d2398e1aa225712ec99ad
2026-08-19T12:55:01.7464526Z   KSUVER: 33239
2026-08-19T12:55:01.7464741Z   SUSVER: v2.2.0
2026-08-19T12:55:01.7464946Z ##[endgroup]
2026-08-19T12:55:01.7530267Z ##[group]Apply Optimisation patches
2026-08-19T12:55:01.7541141Z patching file lib/string.c
2026-08-19T12:55:01.7541564Z Hunk #1 succeeded at 29 (offset -5 lines).
2026-08-19T12:55:01.7546810Z Hunk #2 succeeded at 632 (offset -179 lines).
2026-08-19T12:55:01.7547296Z Hunk #3 succeeded at 736 (offset -179 lines).
2026-08-19T12:55:01.7547988Z Hunk #4 succeeded at 754 (offset -179 lines).
2026-08-19T12:55:01.7548429Z Hunk #5 succeeded at 825 (offset -179 lines).
2026-08-19T12:55:01.7559123Z patching file include/linux/fs.h
2026-08-19T12:55:01.7559971Z Hunk #1 succeeded at 981 (offset -53 lines).
2026-08-19T12:55:01.7582363Z patching file fs/dcache.c
2026-08-19T12:55:01.7596669Z patching file arch/arm64/lib/copy_template.S
2026-08-19T12:55:01.7632762Z patching file arch/arm64/lib/memcmp.S
2026-08-19T12:55:01.7645621Z patching file kernel/time/alarmtimer.c
2026-08-19T12:55:01.7646089Z Hunk #1 succeeded at 281 (offset 1 line).
2026-08-19T12:55:01.7658366Z patching file lib/math/int_sqrt.c
2026-08-19T12:55:01.7670687Z patching file fs/f2fs/gc.h
2026-08-19T12:55:01.7682864Z patching file kernel/power/wakelock.c
2026-08-19T12:55:01.7683326Z Hunk #1 succeeded at 238 (offset -3 lines).
2026-08-19T12:55:01.7719882Z CUSTOM: persistent wakelocks restored
2026-08-19T12:55:01.7731385Z patching file fs/f2fs/f2fs.h
2026-08-19T12:55:01.7732096Z Hunk #1 succeeded at 633 (offset 37 lines).
2026-08-19T12:55:01.7746913Z patching file kernel/power/main.c
2026-08-19T12:55:01.7749331Z Hunk #1 succeeded at 853 (offset -69 lines).
2026-08-19T12:55:01.7752060Z patching file kernel/power/process.c
2026-08-19T12:55:01.7793432Z patching file arch/arm64/lib/clear_page.S
2026-08-19T12:55:01.7793763Z Hunk #1 succeeded at 14 with fuzz 3.
2026-08-19T12:55:01.7796470Z Patching add_limitation_scaling_min_freq.patch
2026-08-19T12:55:01.7807263Z patching file drivers/cpufreq/cpufreq.c
2026-08-19T12:55:01.7807847Z Hunk #2 succeeded at 719 (offset -11 lines).
2026-08-19T12:55:01.7808573Z Hunk #3 succeeded at 769 (offset -19 lines).
2026-08-19T12:55:01.7813171Z Hunk #4 succeeded at 973 (offset -32 lines).
2026-08-19T12:55:01.7813701Z Hunk #5 succeeded at 983 with fuzz 2 (offset -33 lines).
2026-08-19T12:55:01.7814262Z Hunk #6 succeeded at 2616 (offset -69 lines).
2026-08-19T12:55:01.7814983Z Patching re_write_limitation_scaling_min_freq.patch
2026-08-19T12:55:01.7825211Z patching file drivers/cpufreq/cpufreq.c
2026-08-19T12:55:01.7831791Z Hunk #2 succeeded at 739 (offset -11 lines).
2026-08-19T12:55:01.7832296Z Hunk #3 succeeded at 797 (offset -19 lines).
2026-08-19T12:55:01.7832773Z Hunk #4 succeeded at 2634 (offset -69 lines).
2026-08-19T12:55:01.7833246Z Patching adjust_cpu_scan_order.patch
2026-08-19T12:55:01.7847959Z patching file kernel/sched/fair.c
2026-08-19T12:55:01.7853042Z Hunk #1 succeeded at 6892 (offset -876 lines).
2026-08-19T12:55:01.7865591Z Patching avoid_extra_s2idle_wake_attempts.patch
2026-08-19T12:55:01.7869772Z patching file drivers/base/power/wakeup.c
2026-08-19T12:55:01.7870682Z Hunk #1 succeeded at 943 (offset 8 lines).
2026-08-19T12:55:01.7873762Z Patching disable_cache_hot_buddy.patch
2026-08-19T12:55:01.7883843Z patching file kernel/sched/features.h
2026-08-19T12:55:01.7884384Z Hunk #1 succeeded at 30 with fuzz 1 (offset -14 lines).
2026-08-19T12:55:01.7887051Z Patching f2fs_enlarge_min_fsync_blocks.patch
2026-08-19T12:55:01.7896724Z patching file fs/f2fs/segment.h
2026-08-19T12:55:01.7897573Z Hunk #1 succeeded at 754 (offset -23 lines).
2026-08-19T12:55:01.7900994Z Patching increase_ext4_default_commit_age.patch
2026-08-19T12:55:01.7911125Z patching file include/linux/jbd2.h
2026-08-19T12:55:01.7915505Z Patching increase_sk_mem_packets.patch
2026-08-19T12:55:01.7926880Z patching file include/net/sock.h
2026-08-19T12:55:01.7930717Z Hunk #1 succeeded at 2959 with fuzz 2 (offset -71 lines).
2026-08-19T12:55:01.7934335Z Patching reduce_pci_pme_wakeups.patch
2026-08-19T12:55:01.7946790Z patching file drivers/pci/pci.c
2026-08-19T12:55:01.7949540Z Hunk #1 succeeded at 62 with fuzz 2 (offset 2 lines).
2026-08-19T12:55:01.7957233Z Patching silence_irq_cpu_logspam.patch
2026-08-19T12:55:01.7966415Z patching file kernel/irq/cpuhotplug.c
2026-08-19T12:55:01.7969184Z Hunk #1 succeeded at 131 with fuzz 2 (offset -16 lines).
2026-08-19T12:55:01.7969726Z Patching silence_system_logspam.patch
2026-08-19T12:55:01.7982107Z patching file kernel/printk/printk.c
2026-08-19T12:55:01.7982805Z Hunk #1 succeeded at 711 (offset -86 lines).
2026-08-19T12:55:01.7988033Z Patching use_unlikely_wrap_cpufreq.patch
2026-08-19T12:55:01.7998427Z patching file drivers/cpufreq/cpufreq.c
2026-08-19T12:55:01.8004315Z ✅ Optimisation Patches applied
2026-08-19T12:55:01.8005050Z ##[endgroup]
2026-08-19T12:55:01.8012483Z ##[end-action id=build.__run_23;outcome=success;conclusion=success;duration_ms=66]
2026-08-19T12:55:01.8014833Z ##[start-action display=Apply NTSync Patch;id=build.__run_24]
2026-08-19T12:55:01.8030946Z ##[group]Run set -euo pipefail
2026-08-19T12:55:01.8031268Z [36;1mset -euo pipefail[0m
2026-08-19T12:55:01.8031547Z [36;1mecho "::group::Apply NTSync patch"[0m
2026-08-19T12:55:01.8031843Z [36;1mcd "$COMMON_KERNEL_FOLDER"[0m
2026-08-19T12:55:01.8032172Z [36;1mNTSYNC_FOLDER="$KERNEL_PATCHES_FOLDER/common/ntsync"[0m
2026-08-19T12:55:01.8032535Z [36;1mGKI_KEY="${ANDROID_VER}-${KERNEL_VER}"[0m
2026-08-19T12:55:01.8032874Z [36;1mBRANCH_SUFFIX=$(basename "$OP_BRANCH")[0m
2026-08-19T12:55:01.8033144Z [36;1m[0m
2026-08-19T12:55:01.8033347Z [36;1mNTSYNC_PATCH=""[0m
2026-08-19T12:55:01.8033597Z [36;1mcase "$OP_MODEL" in[0m
2026-08-19T12:55:01.8033954Z [36;1m  OP10r|OP-ACE-2-5.10.209|OP-ACE-2V-5.10.209|OP-PAD-MT6983-5.10.209|\[0m
2026-08-19T12:55:01.8034447Z [36;1m  OP10pro-5.10.209|OP10t-5.10.209|OP-ACE-5.10.209|OP11r-5.10.209|\[0m
2026-08-19T12:55:01.8034847Z [36;1m  OP-NORD-3-5.10.209|OP-ACE-RACE-5.10.209)[0m
2026-08-19T12:55:01.8035167Z [36;1m    if [[ "$OP_OS_VERSION" == "A15" ]]; then[0m
2026-08-19T12:55:01.8035559Z [36;1m      NTSYNC_PATCH="$NTSYNC_FOLDER/ntsync_compat_android12-5.10_A14.patch"[0m
2026-08-19T12:55:01.8036104Z [36;1m    fi[0m
2026-08-19T12:55:01.8036295Z [36;1m    ;;[0m
2026-08-19T12:55:01.8036480Z [36;1mesac[0m
2026-08-19T12:55:01.8036696Z [36;1mif [ -n "$NTSYNC_PATCH" ]; then[0m
2026-08-19T12:55:01.8036979Z [36;1m  if [ ! -f "$NTSYNC_PATCH" ]; then[0m
2026-08-19T12:55:01.8037423Z [36;1m    echo "::error::NTSync compat patch not found for ${OP_MODEL}: $(basename $NTSYNC_PATCH)"[0m
2026-08-19T12:55:01.8037859Z [36;1m    exit 1[0m
2026-08-19T12:55:01.8038059Z [36;1m  fi[0m
2026-08-19T12:55:01.8038404Z [36;1melif [ -f "$NTSYNC_FOLDER/ntsync_compat_${GKI_KEY}_${OP_OS_VERSION}.patch" ]; then[0m
2026-08-19T12:55:01.8039186Z [36;1m  NTSYNC_PATCH="$NTSYNC_FOLDER/ntsync_compat_${GKI_KEY}_${OP_OS_VERSION}.patch"[0m
2026-08-19T12:55:01.8039702Z [36;1melif [ -f "$NTSYNC_FOLDER/ntsync_compat_${GKI_KEY}.patch" ]; then[0m
2026-08-19T12:55:01.8040143Z [36;1m  NTSYNC_PATCH="$NTSYNC_FOLDER/ntsync_compat_${GKI_KEY}.patch"[0m
2026-08-19T12:55:01.8040490Z [36;1melse[0m
2026-08-19T12:55:01.8040911Z [36;1m  echo "::error::NTSync patch not found for ${GKI_KEY} (Model: ${OP_MODEL}, Android Version: ${OP_OS_VERSION})"[0m
2026-08-19T12:55:01.8041373Z [36;1m  exit 1[0m
2026-08-19T12:55:01.8041572Z [36;1mfi[0m
2026-08-19T12:55:01.8041757Z [36;1m[0m
2026-08-19T12:55:01.8041989Z [36;1mecho "Using patch: $(basename $NTSYNC_PATCH)"[0m
2026-08-19T12:55:01.8042395Z [36;1mif [ "$ANDROID_VER" = "android16" ] && [ "$KERNEL_VER" = "6.12" ]; then[0m
2026-08-19T12:55:01.8042846Z [36;1m  echo "Removing pre-existing ntsync files for android16-6.12"[0m
2026-08-19T12:55:01.8043214Z [36;1m  rm -f include/uapi/linux/ntsync.h[0m
2026-08-19T12:55:01.8043506Z [36;1m  rm -f drivers/misc/ntsync.c[0m
2026-08-19T12:55:01.8043757Z [36;1mfi[0m
2026-08-19T12:55:01.8043936Z [36;1m[0m
2026-08-19T12:55:01.8044158Z [36;1mecho "Patching $(basename $NTSYNC_PATCH)!"[0m
2026-08-19T12:55:01.8044483Z [36;1mpatch -p1 --forward < "$NTSYNC_PATCH"[0m
2026-08-19T12:55:01.8044785Z [36;1mecho "Patching ntsync_base!"[0m
2026-08-19T12:55:01.8045125Z [36;1mpatch -p1 --forward < "$NTSYNC_FOLDER/ntsync_base.patch"[0m
2026-08-19T12:55:01.8045563Z [36;1mcat >> "$COMMON_KERNEL_FOLDER/arch/arm64/configs/gki_defconfig" <<EOF[0m
2026-08-19T12:55:01.8045936Z [36;1mCONFIG_NTSYNC=y[0m
2026-08-19T12:55:01.8046158Z [36;1mEOF[0m
2026-08-19T12:55:01.8046374Z [36;1mecho "✅ NTSync patch applied"[0m
2026-08-19T12:55:01.8046805Z [36;1mecho "::endgroup::"[0m
2026-08-19T12:55:01.8088729Z shell: /usr/bin/bash --noprofile --norc -e -o pipefail {0}
2026-08-19T12:55:01.8089363Z env:
2026-08-19T12:55:01.8089712Z   CCACHE_DIR: /home/runner/work/OnePlus_KernelSU_SUSFS/OnePlus_KernelSU_SUSFS/.ccache
2026-08-19T12:55:01.8090128Z   CCACHE_MAXSIZE: 12G
2026-08-19T12:55:01.8090360Z   CCACHE_COMPILERCHECK: content
2026-08-19T12:55:01.8090733Z   CCACHE_BASEDIR: /home/runner/work/OnePlus_KernelSU_SUSFS/OnePlus_KernelSU_SUSFS
2026-08-19T12:55:01.8091124Z   CCACHE_NOHASHDIR: true
2026-08-19T12:55:01.8091383Z   CCACHE_IGNOREOPTIONS: --sysroot*
2026-08-19T12:55:01.8091641Z   CCACHE_COMPRESSION: true
2026-08-19T12:55:01.8091911Z   CCACHE_COMPRESSION_LEVEL: 3
2026-08-19T12:55:01.8092146Z   CCACHE_DIRECT: true
2026-08-19T12:55:01.8092357Z   CCACHE_FILE_CLONE: true
2026-08-19T12:55:01.8092576Z   CCACHE_INODE_CACHE: true
2026-08-19T12:55:01.8092806Z   CCACHE_IS_KERNEL_COMPILING: true
2026-08-19T12:55:01.8093061Z   CCACHE_UMASK: 002
2026-08-19T12:55:01.8093529Z   CCACHE_SLOPPINESS: file_macro,time_macros,include_file_mtime,include_file_ctime,pch_defines,system_headers,locale
2026-08-19T12:55:01.8094028Z   ACTION_REPO: 
2026-08-19T12:55:01.8094226Z   ACTION_REF: 
2026-08-19T12:55:01.8094442Z   OP_MODEL: OP-ACE-3-PRO-6.1.75
2026-08-19T12:55:01.8094685Z   OP_SOC: pineapple
2026-08-19T12:55:01.8094894Z   OP_BRANCH: wild/sm8650
2026-08-19T12:55:01.8095140Z   OP_MANIFEST: oneplus_ace3_pro_6.1.75_v.xml
2026-08-19T12:55:01.8095423Z   OP_ANDROID_VERSION: android14
2026-08-19T12:55:01.8095657Z   OP_KERNEL_VERSION: 6.1
2026-08-19T12:55:01.8096031Z   OP_OS_VERSION: A15
2026-08-19T12:55:01.8096234Z   OP_LTO: thin
2026-08-19T12:55:01.8096425Z   OP_ZYC_COMPILER: 
2026-08-19T12:55:01.8096769Z   OP_C_COMPILER: kernel_platform/prebuilts/clang/host/linux-x86/clang-r487747c/bin
2026-08-19T12:55:01.8097163Z   OP_RUST_COMPILER: 
2026-08-19T12:55:01.8097363Z   OP_BINDGEN: 
2026-08-19T12:55:01.8097554Z   OP_RUST_BUILD: false
2026-08-19T12:55:01.8097768Z   OP_DISK_CLEANUP: false
2026-08-19T12:55:01.8097990Z   OP_HMBIRD: false
2026-08-19T12:55:01.8098188Z   OP_SUSFS: true
2026-08-19T12:55:01.8098381Z   OP_OPT: true
2026-08-19T12:55:01.8098562Z   OP_DS: true
2026-08-19T12:55:01.8098753Z   OP_BBG: true
2026-08-19T12:55:01.8099179Z   OP_BBR: true
2026-08-19T12:55:01.8099372Z   OP_BBR3: true
2026-08-19T12:55:01.8099563Z   OP_TTL: true
2026-08-19T12:55:01.8099751Z   OP_IP_SET: true
2026-08-19T12:55:01.8099949Z   OP_UNICODE: true
2026-08-19T12:55:01.8100145Z   OP_NTSYNC: true
2026-08-19T12:55:01.8101990Z   OP_BLACKLIST_MODULES: kernelsu,oplus_security_guard,oplus_qr_scan,oplus_score,oplus_vip_task,oplus_dns_cache,oplus_network_linkpower_module,oplus_data_module,oplus_secure_harden,oplus_security_keventupload,oplus_secure_guard_new,oplus_secure_guard,coresight_tpda,coresight_tgu,coresight_trace_noc,coresight_cti,coresight_qmi,coresight_dummy,coresight_remote_etm,coresight_tpdm,coresight_uetm,coresight_stm,coresight_tmc_sec,f_fs_ipc_log,qcom_iommu_debug,qti_battery_debug,rdbg,stm_heartbeat,stm_p_ost,stm_core,stm_ftrace,stm_console,spmi_pmic_arb_debug
2026-08-19T12:55:01.8103873Z   OP_UNAME: OP-WILD
2026-08-19T12:55:01.8104091Z   CONFIG: OP-ACE-3-PRO-6.1.75
2026-08-19T12:55:01.8104335Z   REPO: /usr/local/bin/repo
2026-08-19T12:55:01.8104767Z   CONFIG_FOLDER: /home/runner/work/OnePlus_KernelSU_SUSFS/OnePlus_KernelSU_SUSFS/OP-ACE-3-PRO-6.1.75
2026-08-19T12:55:01.8105470Z   ARTIFACTS_FOLDER: /home/runner/work/OnePlus_KernelSU_SUSFS/OnePlus_KernelSU_SUSFS/OP-ACE-3-PRO-6.1.75/artifacts
2026-08-19T12:55:01.8106224Z   KERNEL_PLATFORM_FOLDER: /home/runner/work/OnePlus_KernelSU_SUSFS/OnePlus_KernelSU_SUSFS/OP-ACE-3-PRO-6.1.75/kernel_platform
2026-08-19T12:55:01.8107035Z   COMMON_KERNEL_FOLDER: /home/runner/work/OnePlus_KernelSU_SUSFS/OnePlus_KernelSU_SUSFS/OP-ACE-3-PRO-6.1.75/kernel_platform/common
2026-08-19T12:55:01.8107873Z   MSM_KERNEL_FOLDER: /home/runner/work/OnePlus_KernelSU_SUSFS/OnePlus_KernelSU_SUSFS/OP-ACE-3-PRO-6.1.75/kernel_platform/msm-kernel
2026-08-19T12:55:01.8108943Z   AK3_FOLDER: /home/runner/work/OnePlus_KernelSU_SUSFS/OnePlus_KernelSU_SUSFS/OP-ACE-3-PRO-6.1.75/AnyKernel3
2026-08-19T12:55:01.8109642Z   DEBUG_ARTIFACTS_FOLDER: /home/runner/work/OnePlus_KernelSU_SUSFS/OnePlus_KernelSU_SUSFS/debug_artifacts
2026-08-19T12:55:01.8110307Z   KERNEL_PATCHES_FOLDER: /home/runner/work/OnePlus_KernelSU_SUSFS/OnePlus_KernelSU_SUSFS/kernel_patches
2026-08-19T12:55:01.8110909Z   SUSFS_FOLDER: /home/runner/work/OnePlus_KernelSU_SUSFS/OnePlus_KernelSU_SUSFS/susfs4ksu
2026-08-19T12:55:01.8111591Z   KSU_FOLDER: /home/runner/work/OnePlus_KernelSU_SUSFS/OnePlus_KernelSU_SUSFS/OP-ACE-3-PRO-6.1.75/kernel_platform/KernelSU
2026-08-19T12:55:01.8112381Z   KSUN_FOLDER: /home/runner/work/OnePlus_KernelSU_SUSFS/OnePlus_KernelSU_SUSFS/OP-ACE-3-PRO-6.1.75/kernel_platform/KernelSU-Next
2026-08-19T12:55:01.8112954Z   DEBUG_ZIP_NAME: debug_OP-ACE-3-PRO-6.1.75_A15.zip
2026-08-19T12:55:01.8113254Z   ANDROID_VER: android14
2026-08-19T12:55:01.8113477Z   KERNEL_VER: 6.1
2026-08-19T12:55:01.8113682Z   TKERNEL_VER: 6.1.75
2026-08-19T12:55:01.8113910Z   KERNEL_FULL_VER: android14-6.1.75
2026-08-19T12:55:01.8114186Z   SUSFS_KERNEL_BRANCH: gki-android14-6.1
2026-08-19T12:55:01.8114448Z   BUILD_USER: OnePlus
2026-08-19T12:55:01.8114661Z   BUILD_HOST: ubuntu-build
2026-08-19T12:55:01.8115293Z   CLANG_BIN_PATH: /home/runner/work/OnePlus_KernelSU_SUSFS/OnePlus_KernelSU_SUSFS/OP-ACE-3-PRO-6.1.75/kernel_platform/prebuilts/clang/host/linux-x86/clang-r487747c/bin
2026-08-19T12:55:01.8116468Z   CLANG_VERSION: Android (10087095, +pgo, +bolt, +lto, -mlgo, based on r487747c) clang version 17.0.2 (https://android.googlesource.com/toolchain/llvm-project d9f89f4d16663d5012e5c09495f3b30ece3d2362)
2026-08-19T12:55:01.8117357Z   CLANG_VERSION_SHORT: 4e90edd6
2026-08-19T12:55:01.8118045Z   LIBCLANG_PATH: /home/runner/work/OnePlus_KernelSU_SUSFS/OnePlus_KernelSU_SUSFS/OP-ACE-3-PRO-6.1.75/kernel_platform/prebuilts/clang/host/linux-x86/clang-r487747c/bin/../lib
2026-08-19T12:55:01.8118925Z   SUSFS_COMMIT_SHA: e287d59066380bf6de4396532d4a42edf4408701
2026-08-19T12:55:01.8119289Z   NEED_HOOKS: false
2026-08-19T12:55:01.8119552Z   KSU_COMMIT_SHA: 234f6e040fcbca18b16d2398e1aa225712ec99ad
2026-08-19T12:55:01.8119852Z   KSUVER: 33239
2026-08-19T12:55:01.8120049Z   SUSVER: v2.2.0
2026-08-19T12:55:01.8120252Z ##[endgroup]
2026-08-19T12:55:01.8194690Z ##[group]Apply NTSync patch
2026-08-19T12:55:01.8222873Z Using patch: ntsync_compat_android14-6.1.patch
2026-08-19T12:55:01.8235937Z Patching ntsync_compat_android14-6.1.patch!
2026-08-19T12:55:01.8245518Z patching file drivers/misc/Kconfig
2026-08-19T12:55:01.8246920Z patching file drivers/misc/Makefile
2026-08-19T12:55:01.8251015Z Patching ntsync_base!
2026-08-19T12:55:01.8260373Z patching file drivers/misc/ntsync.c
2026-08-19T12:55:01.8264764Z patching file include/uapi/linux/ntsync.h
2026-08-19T12:55:01.8280527Z ✅ NTSync patch applied
2026-08-19T12:55:01.8281168Z ##[endgroup]
2026-08-19T12:55:01.8287657Z ##[end-action id=build.__run_24;outcome=success;conclusion=success;duration_ms=27]
2026-08-19T12:55:01.8289964Z ##[start-action display=Apply Unicode Fix Patch;id=build.__run_25]
2026-08-19T12:55:01.8306590Z ##[group]Run set -euo pipefail
2026-08-19T12:55:01.8306884Z [36;1mset -euo pipefail[0m
2026-08-19T12:55:01.8307163Z [36;1mecho "::group::Apply Unicode Fix patch"[0m
2026-08-19T12:55:01.8307477Z [36;1mcd "$COMMON_KERNEL_FOLDER"[0m
2026-08-19T12:55:01.8307743Z [36;1mKERNEL_VERSION="6.1"[0m
2026-08-19T12:55:01.8307990Z [36;1mMIN_VERSION="5.16"[0m
2026-08-19T12:55:01.8308217Z [36;1m[0m
2026-08-19T12:55:01.8308424Z [36;1mecho "Patching unicode!"[0m
2026-08-19T12:55:01.8309271Z [36;1mif [ "$(printf '%s\n' "$KERNEL_VERSION" "$MIN_VERSION" | sort -V | head -n1)" = "$KERNEL_VERSION" ]; then[0m
2026-08-19T12:55:01.8309945Z [36;1m    patch -p1 --forward < "$KERNEL_PATCHES_FOLDER/common/unicode_bypass_fix_6.1-.patch"[0m
2026-08-19T12:55:01.8310372Z [36;1melse[0m
2026-08-19T12:55:01.8310727Z [36;1m    patch -p1 --forward < "$KERNEL_PATCHES_FOLDER/common/unicode_bypass_fix_6.1+.patch"[0m
2026-08-19T12:55:01.8311284Z [36;1mfi[0m
2026-08-19T12:55:01.8349899Z shell: /usr/bin/bash --noprofile --norc -e -o pipefail {0}
2026-08-19T12:55:01.8350245Z env:
2026-08-19T12:55:01.8350594Z   CCACHE_DIR: /home/runner/work/OnePlus_KernelSU_SUSFS/OnePlus_KernelSU_SUSFS/.ccache
2026-08-19T12:55:01.8351039Z   CCACHE_MAXSIZE: 12G
2026-08-19T12:55:01.8351277Z   CCACHE_COMPILERCHECK: content
2026-08-19T12:55:01.8351659Z   CCACHE_BASEDIR: /home/runner/work/OnePlus_KernelSU_SUSFS/OnePlus_KernelSU_SUSFS
2026-08-19T12:55:01.8352055Z   CCACHE_NOHASHDIR: true
2026-08-19T12:55:01.8352301Z   CCACHE_IGNOREOPTIONS: --sysroot*
2026-08-19T12:55:01.8352568Z   CCACHE_COMPRESSION: true
2026-08-19T12:55:01.8352801Z   CCACHE_COMPRESSION_LEVEL: 3
2026-08-19T12:55:01.8353037Z   CCACHE_DIRECT: true
2026-08-19T12:55:01.8353256Z   CCACHE_FILE_CLONE: true
2026-08-19T12:55:01.8353478Z   CCACHE_INODE_CACHE: true
2026-08-19T12:55:01.8353708Z   CCACHE_IS_KERNEL_COMPILING: true
2026-08-19T12:55:01.8353957Z   CCACHE_UMASK: 002
2026-08-19T12:55:01.8354422Z   CCACHE_SLOPPINESS: file_macro,time_macros,include_file_mtime,include_file_ctime,pch_defines,system_headers,locale
2026-08-19T12:55:01.8354934Z   ACTION_REPO: 
2026-08-19T12:55:01.8355135Z   ACTION_REF: 
2026-08-19T12:55:01.8355353Z   OP_MODEL: OP-ACE-3-PRO-6.1.75
2026-08-19T12:55:01.8355610Z   OP_SOC: pineapple
2026-08-19T12:55:01.8355825Z   OP_BRANCH: wild/sm8650
2026-08-19T12:55:01.8356075Z   OP_MANIFEST: oneplus_ace3_pro_6.1.75_v.xml
2026-08-19T12:55:01.8356358Z   OP_ANDROID_VERSION: android14
2026-08-19T12:55:01.8356596Z   OP_KERNEL_VERSION: 6.1
2026-08-19T12:55:01.8356969Z   OP_OS_VERSION: A15
2026-08-19T12:55:01.8357177Z   OP_LTO: thin
2026-08-19T12:55:01.8357377Z   OP_ZYC_COMPILER: 
2026-08-19T12:55:01.8357733Z   OP_C_COMPILER: kernel_platform/prebuilts/clang/host/linux-x86/clang-r487747c/bin
2026-08-19T12:55:01.8358134Z   OP_RUST_COMPILER: 
2026-08-19T12:55:01.8358345Z   OP_BINDGEN: 
2026-08-19T12:55:01.8358547Z   OP_RUST_BUILD: false
2026-08-19T12:55:01.8358767Z   OP_DISK_CLEANUP: false
2026-08-19T12:55:01.8359155Z   OP_HMBIRD: false
2026-08-19T12:55:01.8359356Z   OP_SUSFS: true
2026-08-19T12:55:01.8359550Z   OP_OPT: true
2026-08-19T12:55:01.8359736Z   OP_DS: true
2026-08-19T12:55:01.8359926Z   OP_BBG: true
2026-08-19T12:55:01.8360116Z   OP_BBR: true
2026-08-19T12:55:01.8360305Z   OP_BBR3: true
2026-08-19T12:55:01.8360498Z   OP_TTL: true
2026-08-19T12:55:01.8360688Z   OP_IP_SET: true
2026-08-19T12:55:01.8360888Z   OP_UNICODE: true
2026-08-19T12:55:01.8361089Z   OP_NTSYNC: true
2026-08-19T12:55:01.8362953Z   OP_BLACKLIST_MODULES: kernelsu,oplus_security_guard,oplus_qr_scan,oplus_score,oplus_vip_task,oplus_dns_cache,oplus_network_linkpower_module,oplus_data_module,oplus_secure_harden,oplus_security_keventupload,oplus_secure_guard_new,oplus_secure_guard,coresight_tpda,coresight_tgu,coresight_trace_noc,coresight_cti,coresight_qmi,coresight_dummy,coresight_remote_etm,coresight_tpdm,coresight_uetm,coresight_stm,coresight_tmc_sec,f_fs_ipc_log,qcom_iommu_debug,qti_battery_debug,rdbg,stm_heartbeat,stm_p_ost,stm_core,stm_ftrace,stm_console,spmi_pmic_arb_debug
2026-08-19T12:55:01.8364833Z   OP_UNAME: OP-WILD
2026-08-19T12:55:01.8365054Z   CONFIG: OP-ACE-3-PRO-6.1.75
2026-08-19T12:55:01.8365302Z   REPO: /usr/local/bin/repo
2026-08-19T12:55:01.8365733Z   CONFIG_FOLDER: /home/runner/work/OnePlus_KernelSU_SUSFS/OnePlus_KernelSU_SUSFS/OP-ACE-3-PRO-6.1.75
2026-08-19T12:55:01.8366421Z   ARTIFACTS_FOLDER: /home/runner/work/OnePlus_KernelSU_SUSFS/OnePlus_KernelSU_SUSFS/OP-ACE-3-PRO-6.1.75/artifacts
2026-08-19T12:55:01.8367178Z   KERNEL_PLATFORM_FOLDER: /home/runner/work/OnePlus_KernelSU_SUSFS/OnePlus_KernelSU_SUSFS/OP-ACE-3-PRO-6.1.75/kernel_platform
2026-08-19T12:55:01.8367987Z   COMMON_KERNEL_FOLDER: /home/runner/work/OnePlus_KernelSU_SUSFS/OnePlus_KernelSU_SUSFS/OP-ACE-3-PRO-6.1.75/kernel_platform/common
2026-08-19T12:55:01.8368932Z   MSM_KERNEL_FOLDER: /home/runner/work/OnePlus_KernelSU_SUSFS/OnePlus_KernelSU_SUSFS/OP-ACE-3-PRO-6.1.75/kernel_platform/msm-kernel
2026-08-19T12:55:01.8369821Z   AK3_FOLDER: /home/runner/work/OnePlus_KernelSU_SUSFS/OnePlus_KernelSU_SUSFS/OP-ACE-3-PRO-6.1.75/AnyKernel3
2026-08-19T12:55:01.8370500Z   DEBUG_ARTIFACTS_FOLDER: /home/runner/work/OnePlus_KernelSU_SUSFS/OnePlus_KernelSU_SUSFS/debug_artifacts
2026-08-19T12:55:01.8371161Z   KERNEL_PATCHES_FOLDER: /home/runner/work/OnePlus_KernelSU_SUSFS/OnePlus_KernelSU_SUSFS/kernel_patches
2026-08-19T12:55:01.8371763Z   SUSFS_FOLDER: /home/runner/work/OnePlus_KernelSU_SUSFS/OnePlus_KernelSU_SUSFS/susfs4ksu
2026-08-19T12:55:01.8372430Z   KSU_FOLDER: /home/runner/work/OnePlus_KernelSU_SUSFS/OnePlus_KernelSU_SUSFS/OP-ACE-3-PRO-6.1.75/kernel_platform/KernelSU
2026-08-19T12:55:01.8373223Z   KSUN_FOLDER: /home/runner/work/OnePlus_KernelSU_SUSFS/OnePlus_KernelSU_SUSFS/OP-ACE-3-PRO-6.1.75/kernel_platform/KernelSU-Next
2026-08-19T12:55:01.8373797Z   DEBUG_ZIP_NAME: debug_OP-ACE-3-PRO-6.1.75_A15.zip
2026-08-19T12:55:01.8374097Z   ANDROID_VER: android14
2026-08-19T12:55:01.8374323Z   KERNEL_VER: 6.1
2026-08-19T12:55:01.8374525Z   TKERNEL_VER: 6.1.75
2026-08-19T12:55:01.8374752Z   KERNEL_FULL_VER: android14-6.1.75
2026-08-19T12:55:01.8375032Z   SUSFS_KERNEL_BRANCH: gki-android14-6.1
2026-08-19T12:55:01.8375299Z   BUILD_USER: OnePlus
2026-08-19T12:55:01.8375512Z   BUILD_HOST: ubuntu-build
2026-08-19T12:55:01.8376147Z   CLANG_BIN_PATH: /home/runner/work/OnePlus_KernelSU_SUSFS/OnePlus_KernelSU_SUSFS/OP-ACE-3-PRO-6.1.75/kernel_platform/prebuilts/clang/host/linux-x86/clang-r487747c/bin
2026-08-19T12:55:01.8377304Z   CLANG_VERSION: Android (10087095, +pgo, +bolt, +lto, -mlgo, based on r487747c) clang version 17.0.2 (https://android.googlesource.com/toolchain/llvm-project d9f89f4d16663d5012e5c09495f3b30ece3d2362)
2026-08-19T12:55:01.8378167Z   CLANG_VERSION_SHORT: 4e90edd6
2026-08-19T12:55:01.8378958Z   LIBCLANG_PATH: /home/runner/work/OnePlus_KernelSU_SUSFS/OnePlus_KernelSU_SUSFS/OP-ACE-3-PRO-6.1.75/kernel_platform/prebuilts/clang/host/linux-x86/clang-r487747c/bin/../lib
2026-08-19T12:55:01.8379706Z   SUSFS_COMMIT_SHA: e287d59066380bf6de4396532d4a42edf4408701
2026-08-19T12:55:01.8380027Z   NEED_HOOKS: false
2026-08-19T12:55:01.8380300Z   KSU_COMMIT_SHA: 234f6e040fcbca18b16d2398e1aa225712ec99ad
2026-08-19T12:55:01.8380600Z   KSUVER: 33239
2026-08-19T12:55:01.8380796Z   SUSVER: v2.2.0
2026-08-19T12:55:01.8380996Z ##[endgroup]
2026-08-19T12:55:01.8442893Z ##[group]Apply Unicode Fix patch
2026-08-19T12:55:01.8443292Z Patching unicode!
2026-08-19T12:55:01.8476328Z patching file fs/unicode/utf8-norm.c
2026-08-19T12:55:01.8486048Z ##[end-action id=build.__run_25;outcome=success;conclusion=success;duration_ms=19]
2026-08-19T12:55:01.8487974Z ##[start-action display=Add Tmpfs Support;id=build.__run_26]
2026-08-19T12:55:01.8501843Z ##[group]Run set -euo pipefail
2026-08-19T12:55:01.8502125Z [36;1mset -euo pipefail[0m
2026-08-19T12:55:01.8502373Z [36;1mecho "Add Tmpfs Support"[0m
2026-08-19T12:55:01.8502743Z [36;1mcat >> "$COMMON_KERNEL_FOLDER/arch/arm64/configs/gki_defconfig" <<EOF[0m
2026-08-19T12:55:01.8503121Z [36;1mCONFIG_TMPFS_XATTR=y[0m
2026-08-19T12:55:01.8503365Z [36;1mCONFIG_TMPFS_POSIX_ACL=y[0m
2026-08-19T12:55:01.8503615Z [36;1mEOF[0m
2026-08-19T12:55:01.8542063Z shell: /usr/bin/bash --noprofile --norc -e -o pipefail {0}
2026-08-19T12:55:01.8542404Z env:
2026-08-19T12:55:01.8542744Z   CCACHE_DIR: /home/runner/work/OnePlus_KernelSU_SUSFS/OnePlus_KernelSU_SUSFS/.ccache
2026-08-19T12:55:01.8543186Z   CCACHE_MAXSIZE: 12G
2026-08-19T12:55:01.8543419Z   CCACHE_COMPILERCHECK: content
2026-08-19T12:55:01.8543792Z   CCACHE_BASEDIR: /home/runner/work/OnePlus_KernelSU_SUSFS/OnePlus_KernelSU_SUSFS
2026-08-19T12:55:01.8544193Z   CCACHE_NOHASHDIR: true
2026-08-19T12:55:01.8544440Z   CCACHE_IGNOREOPTIONS: --sysroot*
2026-08-19T12:55:01.8544699Z   CCACHE_COMPRESSION: true
2026-08-19T12:55:01.8544936Z   CCACHE_COMPRESSION_LEVEL: 3
2026-08-19T12:55:01.8545182Z   CCACHE_DIRECT: true
2026-08-19T12:55:01.8545401Z   CCACHE_FILE_CLONE: true
2026-08-19T12:55:01.8545625Z   CCACHE_INODE_CACHE: true
2026-08-19T12:55:01.8545868Z   CCACHE_IS_KERNEL_COMPILING: true
2026-08-19T12:55:01.8546118Z   CCACHE_UMASK: 002
2026-08-19T12:55:01.8546745Z   CCACHE_SLOPPINESS: file_macro,time_macros,include_file_mtime,include_file_ctime,pch_defines,system_headers,locale
2026-08-19T12:55:01.8547265Z   ACTION_REPO: 
2026-08-19T12:55:01.8547468Z   ACTION_REF: 
2026-08-19T12:55:01.8547685Z   OP_MODEL: OP-ACE-3-PRO-6.1.75
2026-08-19T12:55:01.8547929Z   OP_SOC: pineapple
2026-08-19T12:55:01.8548139Z   OP_BRANCH: wild/sm8650
2026-08-19T12:55:01.8548388Z   OP_MANIFEST: oneplus_ace3_pro_6.1.75_v.xml
2026-08-19T12:55:01.8548671Z   OP_ANDROID_VERSION: android14
2026-08-19T12:55:01.8549131Z   OP_KERNEL_VERSION: 6.1
2026-08-19T12:55:01.8549346Z   OP_OS_VERSION: A15
2026-08-19T12:55:01.8549555Z   OP_LTO: thin
2026-08-19T12:55:01.8549753Z   OP_ZYC_COMPILER: 
2026-08-19T12:55:01.8550102Z   OP_C_COMPILER: kernel_platform/prebuilts/clang/host/linux-x86/clang-r487747c/bin
2026-08-19T12:55:01.8550500Z   OP_RUST_COMPILER: 
2026-08-19T12:55:01.8550703Z   OP_BINDGEN: 
2026-08-19T12:55:01.8550898Z   OP_RUST_BUILD: false
2026-08-19T12:55:01.8551122Z   OP_DISK_CLEANUP: false
2026-08-19T12:55:01.8551341Z   OP_HMBIRD: false
2026-08-19T12:55:01.8551540Z   OP_SUSFS: true
2026-08-19T12:55:01.8551739Z   OP_OPT: true
2026-08-19T12:55:01.8551926Z   OP_DS: true
2026-08-19T12:55:01.8552112Z   OP_BBG: true
2026-08-19T12:55:01.8552301Z   OP_BBR: true
2026-08-19T12:55:01.8552489Z   OP_BBR3: true
2026-08-19T12:55:01.8552679Z   OP_TTL: true
2026-08-19T12:55:01.8552864Z   OP_IP_SET: true
2026-08-19T12:55:01.8553065Z   OP_UNICODE: true
2026-08-19T12:55:01.8553262Z   OP_NTSYNC: true
2026-08-19T12:55:01.8555113Z   OP_BLACKLIST_MODULES: kernelsu,oplus_security_guard,oplus_qr_scan,oplus_score,oplus_vip_task,oplus_dns_cache,oplus_network_linkpower_module,oplus_data_module,oplus_secure_harden,oplus_security_keventupload,oplus_secure_guard_new,oplus_secure_guard,coresight_tpda,coresight_tgu,coresight_trace_noc,coresight_cti,coresight_qmi,coresight_dummy,coresight_remote_etm,coresight_tpdm,coresight_uetm,coresight_stm,coresight_tmc_sec,f_fs_ipc_log,qcom_iommu_debug,qti_battery_debug,rdbg,stm_heartbeat,stm_p_ost,stm_core,stm_ftrace,stm_console,spmi_pmic_arb_debug
2026-08-19T12:55:01.8557122Z   OP_UNAME: OP-WILD
2026-08-19T12:55:01.8557341Z   CONFIG: OP-ACE-3-PRO-6.1.75
2026-08-19T12:55:01.8557584Z   REPO: /usr/local/bin/repo
2026-08-19T12:55:01.8558012Z   CONFIG_FOLDER: /home/runner/work/OnePlus_KernelSU_SUSFS/OnePlus_KernelSU_SUSFS/OP-ACE-3-PRO-6.1.75
2026-08-19T12:55:01.8558686Z   ARTIFACTS_FOLDER: /home/runner/work/OnePlus_KernelSU_SUSFS/OnePlus_KernelSU_SUSFS/OP-ACE-3-PRO-6.1.75/artifacts
2026-08-19T12:55:01.8559617Z   KERNEL_PLATFORM_FOLDER: /home/runner/work/OnePlus_KernelSU_SUSFS/OnePlus_KernelSU_SUSFS/OP-ACE-3-PRO-6.1.75/kernel_platform
2026-08-19T12:55:01.8560429Z   COMMON_KERNEL_FOLDER: /home/runner/work/OnePlus_KernelSU_SUSFS/OnePlus_KernelSU_SUSFS/OP-ACE-3-PRO-6.1.75/kernel_platform/common
2026-08-19T12:55:01.8561258Z   MSM_KERNEL_FOLDER: /home/runner/work/OnePlus_KernelSU_SUSFS/OnePlus_KernelSU_SUSFS/OP-ACE-3-PRO-6.1.75/kernel_platform/msm-kernel
2026-08-19T12:55:01.8562008Z   AK3_FOLDER: /home/runner/work/OnePlus_KernelSU_SUSFS/OnePlus_KernelSU_SUSFS/OP-ACE-3-PRO-6.1.75/AnyKernel3
2026-08-19T12:55:01.8562675Z   DEBUG_ARTIFACTS_FOLDER: /home/runner/work/OnePlus_KernelSU_SUSFS/OnePlus_KernelSU_SUSFS/debug_artifacts
2026-08-19T12:55:01.8563322Z   KERNEL_PATCHES_FOLDER: /home/runner/work/OnePlus_KernelSU_SUSFS/OnePlus_KernelSU_SUSFS/kernel_patches
2026-08-19T12:55:01.8563926Z   SUSFS_FOLDER: /home/runner/work/OnePlus_KernelSU_SUSFS/OnePlus_KernelSU_SUSFS/susfs4ksu
2026-08-19T12:55:01.8564585Z   KSU_FOLDER: /home/runner/work/OnePlus_KernelSU_SUSFS/OnePlus_KernelSU_SUSFS/OP-ACE-3-PRO-6.1.75/kernel_platform/KernelSU
2026-08-19T12:55:01.8565372Z   KSUN_FOLDER: /home/runner/work/OnePlus_KernelSU_SUSFS/OnePlus_KernelSU_SUSFS/OP-ACE-3-PRO-6.1.75/kernel_platform/KernelSU-Next
2026-08-19T12:55:01.8565938Z   DEBUG_ZIP_NAME: debug_OP-ACE-3-PRO-6.1.75_A15.zip
2026-08-19T12:55:01.8566235Z   ANDROID_VER: android14
2026-08-19T12:55:01.8566460Z   KERNEL_VER: 6.1
2026-08-19T12:55:01.8566663Z   TKERNEL_VER: 6.1.75
2026-08-19T12:55:01.8567043Z   KERNEL_FULL_VER: android14-6.1.75
2026-08-19T12:55:01.8567325Z   SUSFS_KERNEL_BRANCH: gki-android14-6.1
2026-08-19T12:55:01.8567596Z   BUILD_USER: OnePlus
2026-08-19T12:55:01.8567814Z   BUILD_HOST: ubuntu-build
2026-08-19T12:55:01.8568440Z   CLANG_BIN_PATH: /home/runner/work/OnePlus_KernelSU_SUSFS/OnePlus_KernelSU_SUSFS/OP-ACE-3-PRO-6.1.75/kernel_platform/prebuilts/clang/host/linux-x86/clang-r487747c/bin
2026-08-19T12:55:01.8569821Z   CLANG_VERSION: Android (10087095, +pgo, +bolt, +lto, -mlgo, based on r487747c) clang version 17.0.2 (https://android.googlesource.com/toolchain/llvm-project d9f89f4d16663d5012e5c09495f3b30ece3d2362)
2026-08-19T12:55:01.8570566Z   CLANG_VERSION_SHORT: 4e90edd6
2026-08-19T12:55:01.8571234Z   LIBCLANG_PATH: /home/runner/work/OnePlus_KernelSU_SUSFS/OnePlus_KernelSU_SUSFS/OP-ACE-3-PRO-6.1.75/kernel_platform/prebuilts/clang/host/linux-x86/clang-r487747c/bin/../lib
2026-08-19T12:55:01.8571974Z   SUSFS_COMMIT_SHA: e287d59066380bf6de4396532d4a42edf4408701
2026-08-19T12:55:01.8572293Z   NEED_HOOKS: false
2026-08-19T12:55:01.8572555Z   KSU_COMMIT_SHA: 234f6e040fcbca18b16d2398e1aa225712ec99ad
2026-08-19T12:55:01.8572854Z   KSUVER: 33239
2026-08-19T12:55:01.8573052Z   SUSVER: v2.2.0
2026-08-19T12:55:01.8573254Z ##[endgroup]
2026-08-19T12:55:01.8634828Z Add Tmpfs Support
2026-08-19T12:55:01.8653018Z ##[end-action id=build.__run_26;outcome=success;conclusion=success;duration_ms=16]
2026-08-19T12:55:01.8654919Z ##[start-action display=Add BBR;id=build.__run_27]
2026-08-19T12:55:01.8669955Z ##[group]Run set -euo pipefail
2026-08-19T12:55:01.8670374Z [36;1mset -euo pipefail[0m
2026-08-19T12:55:01.8670621Z [36;1mecho "Add BBR"[0m
2026-08-19T12:55:01.8670961Z [36;1mcat >> "$COMMON_KERNEL_FOLDER/arch/arm64/configs/gki_defconfig" <<EOF[0m
2026-08-19T12:55:01.8671356Z [36;1mCONFIG_TCP_CONG_ADVANCED=y[0m
2026-08-19T12:55:01.8671627Z [36;1mCONFIG_TCP_CONG_BBR=y[0m
2026-08-19T12:55:01.8671869Z [36;1mEOF[0m
2026-08-19T12:55:01.8709823Z shell: /usr/bin/bash --noprofile --norc -e -o pipefail {0}
2026-08-19T12:55:01.8710165Z env:
2026-08-19T12:55:01.8710514Z   CCACHE_DIR: /home/runner/work/OnePlus_KernelSU_SUSFS/OnePlus_KernelSU_SUSFS/.ccache
2026-08-19T12:55:01.8710928Z   CCACHE_MAXSIZE: 12G
2026-08-19T12:55:01.8711169Z   CCACHE_COMPILERCHECK: content
2026-08-19T12:55:01.8711544Z   CCACHE_BASEDIR: /home/runner/work/OnePlus_KernelSU_SUSFS/OnePlus_KernelSU_SUSFS
2026-08-19T12:55:01.8711945Z   CCACHE_NOHASHDIR: true
2026-08-19T12:55:01.8712187Z   CCACHE_IGNOREOPTIONS: --sysroot*
2026-08-19T12:55:01.8712458Z   CCACHE_COMPRESSION: true
2026-08-19T12:55:01.8712711Z   CCACHE_COMPRESSION_LEVEL: 3
2026-08-19T12:55:01.8712949Z   CCACHE_DIRECT: true
2026-08-19T12:55:01.8713164Z   CCACHE_FILE_CLONE: true
2026-08-19T12:55:01.8713392Z   CCACHE_INODE_CACHE: true
2026-08-19T12:55:01.8713624Z   CCACHE_IS_KERNEL_COMPILING: true
2026-08-19T12:55:01.8713872Z   CCACHE_UMASK: 002
2026-08-19T12:55:01.8714359Z   CCACHE_SLOPPINESS: file_macro,time_macros,include_file_mtime,include_file_ctime,pch_defines,system_headers,locale
2026-08-19T12:55:01.8714932Z   ACTION_REPO: 
2026-08-19T12:55:01.8715136Z   ACTION_REF: 
2026-08-19T12:55:01.8715358Z   OP_MODEL: OP-ACE-3-PRO-6.1.75
2026-08-19T12:55:01.8715609Z   OP_SOC: pineapple
2026-08-19T12:55:01.8715824Z   OP_BRANCH: wild/sm8650
2026-08-19T12:55:01.8716073Z   OP_MANIFEST: oneplus_ace3_pro_6.1.75_v.xml
2026-08-19T12:55:01.8716364Z   OP_ANDROID_VERSION: android14
2026-08-19T12:55:01.8716610Z   OP_KERNEL_VERSION: 6.1
2026-08-19T12:55:01.8716834Z   OP_OS_VERSION: A15
2026-08-19T12:55:01.8717052Z   OP_LTO: thin
2026-08-19T12:55:01.8717254Z   OP_ZYC_COMPILER: 
2026-08-19T12:55:01.8717611Z   OP_C_COMPILER: kernel_platform/prebuilts/clang/host/linux-x86/clang-r487747c/bin
2026-08-19T12:55:01.8718011Z   OP_RUST_COMPILER: 
2026-08-19T12:55:01.8718223Z   OP_BINDGEN: 
2026-08-19T12:55:01.8718426Z   OP_RUST_BUILD: false
2026-08-19T12:55:01.8718652Z   OP_DISK_CLEANUP: false
2026-08-19T12:55:01.8719117Z   OP_HMBIRD: false
2026-08-19T12:55:01.8719325Z   OP_SUSFS: true
2026-08-19T12:55:01.8719708Z   OP_OPT: true
2026-08-19T12:55:01.8719902Z   OP_DS: true
2026-08-19T12:55:01.8720095Z   OP_BBG: true
2026-08-19T12:55:01.8720284Z   OP_BBR: true
2026-08-19T12:55:01.8720474Z   OP_BBR3: true
2026-08-19T12:55:01.8720673Z   OP_TTL: true
2026-08-19T12:55:01.8720865Z   OP_IP_SET: true
2026-08-19T12:55:01.8721068Z   OP_UNICODE: true
2026-08-19T12:55:01.8721271Z   OP_NTSYNC: true
2026-08-19T12:55:01.8723111Z   OP_BLACKLIST_MODULES: kernelsu,oplus_security_guard,oplus_qr_scan,oplus_score,oplus_vip_task,oplus_dns_cache,oplus_network_linkpower_module,oplus_data_module,oplus_secure_harden,oplus_security_keventupload,oplus_secure_guard_new,oplus_secure_guard,coresight_tpda,coresight_tgu,coresight_trace_noc,coresight_cti,coresight_qmi,coresight_dummy,coresight_remote_etm,coresight_tpdm,coresight_uetm,coresight_stm,coresight_tmc_sec,f_fs_ipc_log,qcom_iommu_debug,qti_battery_debug,rdbg,stm_heartbeat,stm_p_ost,stm_core,stm_ftrace,stm_console,spmi_pmic_arb_debug
2026-08-19T12:55:01.8725019Z   OP_UNAME: OP-WILD
2026-08-19T12:55:01.8725247Z   CONFIG: OP-ACE-3-PRO-6.1.75
2026-08-19T12:55:01.8725497Z   REPO: /usr/local/bin/repo
2026-08-19T12:55:01.8725935Z   CONFIG_FOLDER: /home/runner/work/OnePlus_KernelSU_SUSFS/OnePlus_KernelSU_SUSFS/OP-ACE-3-PRO-6.1.75
2026-08-19T12:55:01.8726621Z   ARTIFACTS_FOLDER: /home/runner/work/OnePlus_KernelSU_SUSFS/OnePlus_KernelSU_SUSFS/OP-ACE-3-PRO-6.1.75/artifacts
2026-08-19T12:55:01.8727374Z   KERNEL_PLATFORM_FOLDER: /home/runner/work/OnePlus_KernelSU_SUSFS/OnePlus_KernelSU_SUSFS/OP-ACE-3-PRO-6.1.75/kernel_platform
2026-08-19T12:55:01.8728333Z   COMMON_KERNEL_FOLDER: /home/runner/work/OnePlus_KernelSU_SUSFS/OnePlus_KernelSU_SUSFS/OP-ACE-3-PRO-6.1.75/kernel_platform/common
2026-08-19T12:55:01.8729404Z   MSM_KERNEL_FOLDER: /home/runner/work/OnePlus_KernelSU_SUSFS/OnePlus_KernelSU_SUSFS/OP-ACE-3-PRO-6.1.75/kernel_platform/msm-kernel
2026-08-19T12:55:01.8730156Z   AK3_FOLDER: /home/runner/work/OnePlus_KernelSU_SUSFS/OnePlus_KernelSU_SUSFS/OP-ACE-3-PRO-6.1.75/AnyKernel3
2026-08-19T12:55:01.8730835Z   DEBUG_ARTIFACTS_FOLDER: /home/runner/work/OnePlus_KernelSU_SUSFS/OnePlus_KernelSU_SUSFS/debug_artifacts
2026-08-19T12:55:01.8731500Z   KERNEL_PATCHES_FOLDER: /home/runner/work/OnePlus_KernelSU_SUSFS/OnePlus_KernelSU_SUSFS/kernel_patches
2026-08-19T12:55:01.8732102Z   SUSFS_FOLDER: /home/runner/work/OnePlus_KernelSU_SUSFS/OnePlus_KernelSU_SUSFS/susfs4ksu
2026-08-19T12:55:01.8732764Z   KSU_FOLDER: /home/runner/work/OnePlus_KernelSU_SUSFS/OnePlus_KernelSU_SUSFS/OP-ACE-3-PRO-6.1.75/kernel_platform/KernelSU
2026-08-19T12:55:01.8733548Z   KSUN_FOLDER: /home/runner/work/OnePlus_KernelSU_SUSFS/OnePlus_KernelSU_SUSFS/OP-ACE-3-PRO-6.1.75/kernel_platform/KernelSU-Next
2026-08-19T12:55:01.8734120Z   DEBUG_ZIP_NAME: debug_OP-ACE-3-PRO-6.1.75_A15.zip
2026-08-19T12:55:01.8734424Z   ANDROID_VER: android14
2026-08-19T12:55:01.8734651Z   KERNEL_VER: 6.1
2026-08-19T12:55:01.8734858Z   TKERNEL_VER: 6.1.75
2026-08-19T12:55:01.8735092Z   KERNEL_FULL_VER: android14-6.1.75
2026-08-19T12:55:01.8735373Z   SUSFS_KERNEL_BRANCH: gki-android14-6.1
2026-08-19T12:55:01.8735643Z   BUILD_USER: OnePlus
2026-08-19T12:55:01.8735862Z   BUILD_HOST: ubuntu-build
2026-08-19T12:55:01.8736497Z   CLANG_BIN_PATH: /home/runner/work/OnePlus_KernelSU_SUSFS/OnePlus_KernelSU_SUSFS/OP-ACE-3-PRO-6.1.75/kernel_platform/prebuilts/clang/host/linux-x86/clang-r487747c/bin
2026-08-19T12:55:01.8737673Z   CLANG_VERSION: Android (10087095, +pgo, +bolt, +lto, -mlgo, based on r487747c) clang version 17.0.2 (https://android.googlesource.com/toolchain/llvm-project d9f89f4d16663d5012e5c09495f3b30ece3d2362)
2026-08-19T12:55:01.8738438Z   CLANG_VERSION_SHORT: 4e90edd6
2026-08-19T12:55:01.8739387Z   LIBCLANG_PATH: /home/runner/work/OnePlus_KernelSU_SUSFS/OnePlus_KernelSU_SUSFS/OP-ACE-3-PRO-6.1.75/kernel_platform/prebuilts/clang/host/linux-x86/clang-r487747c/bin/../lib
2026-08-19T12:55:01.8740167Z   SUSFS_COMMIT_SHA: e287d59066380bf6de4396532d4a42edf4408701
2026-08-19T12:55:01.8740486Z   NEED_HOOKS: false
2026-08-19T12:55:01.8740890Z   KSU_COMMIT_SHA: 234f6e040fcbca18b16d2398e1aa225712ec99ad
2026-08-19T12:55:01.8741197Z   KSUVER: 33239
2026-08-19T12:55:01.8741399Z   SUSVER: v2.2.0
2026-08-19T12:55:01.8741607Z ##[endgroup]
2026-08-19T12:55:01.8809370Z Add BBR
2026-08-19T12:55:01.8827890Z ##[end-action id=build.__run_27;outcome=success;conclusion=success;duration_ms=17]
2026-08-19T12:55:01.8830106Z ##[start-action display=Apply BBRv3;id=build.__run_28]
2026-08-19T12:55:01.8845912Z ##[group]Run set -euo pipefail
2026-08-19T12:55:01.8846202Z [36;1mset -euo pipefail[0m
2026-08-19T12:55:01.8846472Z [36;1mecho "::group::Apply BBRv3 patches"[0m
2026-08-19T12:55:01.8846780Z [36;1mcd "$COMMON_KERNEL_FOLDER"[0m
2026-08-19T12:55:01.8847143Z [36;1mcat >> "$COMMON_KERNEL_FOLDER/arch/arm64/configs/gki_defconfig" <<EOF[0m
2026-08-19T12:55:01.8847526Z [36;1mCONFIG_TCP_CONG_ADVANCED=y[0m
2026-08-19T12:55:01.8847791Z [36;1mCONFIG_TCP_CONG_BBR3=y[0m
2026-08-19T12:55:01.8848031Z [36;1mEOF[0m
2026-08-19T12:55:01.8848508Z [36;1mpatch -p1 < "$KERNEL_PATCHES_FOLDER/common/bbrv3/0001-net-tcp-backport-BBRv3-to-$ANDROID_VER-$KERNEL_VER.patch"[0m
2026-08-19T12:55:01.8849302Z [36;1m[0m
2026-08-19T12:55:01.8849571Z [36;1mif [ "android14" = "android12" ] && [ "6.1" = "5.10" ]; then[0m
2026-08-19T12:55:01.8850030Z [36;1m  if ! grep -qF 'int proc_dou8vec_minmax(' ./include/linux/sysctl.h; then[0m
2026-08-19T12:55:01.8850570Z [36;1m    patch -p1 < "$KERNEL_PATCHES_FOLDER/common/bbrv3/sysctl_add_proc_dou8vec_minmax.patch"[0m
2026-08-19T12:55:01.8851254Z [36;1m    patch -p1 < "$KERNEL_PATCHES_FOLDER/common/bbrv3/sysctl_fix_data-races_in_proc_dou8vec_minmax.patch"[0m
2026-08-19T12:55:01.8851908Z [36;1m  fi[0m
2026-08-19T12:55:01.8852102Z [36;1mfi[0m
2026-08-19T12:55:01.8852291Z [36;1m[0m
2026-08-19T12:55:01.8852503Z [36;1mecho "✅ BBRv3 patches applied"[0m
2026-08-19T12:55:01.8852788Z [36;1mecho "::endgroup::"[0m
2026-08-19T12:55:01.8890956Z shell: /usr/bin/bash --noprofile --norc -e -o pipefail {0}
2026-08-19T12:55:01.8891293Z env:
2026-08-19T12:55:01.8891640Z   CCACHE_DIR: /home/runner/work/OnePlus_KernelSU_SUSFS/OnePlus_KernelSU_SUSFS/.ccache
2026-08-19T12:55:01.8892052Z   CCACHE_MAXSIZE: 12G
2026-08-19T12:55:01.8892283Z   CCACHE_COMPILERCHECK: content
2026-08-19T12:55:01.8892658Z   CCACHE_BASEDIR: /home/runner/work/OnePlus_KernelSU_SUSFS/OnePlus_KernelSU_SUSFS
2026-08-19T12:55:01.8893046Z   CCACHE_NOHASHDIR: true
2026-08-19T12:55:01.8893286Z   CCACHE_IGNOREOPTIONS: --sysroot*
2026-08-19T12:55:01.8893546Z   CCACHE_COMPRESSION: true
2026-08-19T12:55:01.8893781Z   CCACHE_COMPRESSION_LEVEL: 3
2026-08-19T12:55:01.8894021Z   CCACHE_DIRECT: true
2026-08-19T12:55:01.8894233Z   CCACHE_FILE_CLONE: true
2026-08-19T12:55:01.8894455Z   CCACHE_INODE_CACHE: true
2026-08-19T12:55:01.8894684Z   CCACHE_IS_KERNEL_COMPILING: true
2026-08-19T12:55:01.8894922Z   CCACHE_UMASK: 002
2026-08-19T12:55:01.8895373Z   CCACHE_SLOPPINESS: file_macro,time_macros,include_file_mtime,include_file_ctime,pch_defines,system_headers,locale
2026-08-19T12:55:01.8895881Z   ACTION_REPO: 
2026-08-19T12:55:01.8896081Z   ACTION_REF: 
2026-08-19T12:55:01.8896300Z   OP_MODEL: OP-ACE-3-PRO-6.1.75
2026-08-19T12:55:01.8896552Z   OP_SOC: pineapple
2026-08-19T12:55:01.8896770Z   OP_BRANCH: wild/sm8650
2026-08-19T12:55:01.8897025Z   OP_MANIFEST: oneplus_ace3_pro_6.1.75_v.xml
2026-08-19T12:55:01.8897325Z   OP_ANDROID_VERSION: android14
2026-08-19T12:55:01.8897568Z   OP_KERNEL_VERSION: 6.1
2026-08-19T12:55:01.8897799Z   OP_OS_VERSION: A15
2026-08-19T12:55:01.8898014Z   OP_LTO: thin
2026-08-19T12:55:01.8898215Z   OP_ZYC_COMPILER: 
2026-08-19T12:55:01.8898570Z   OP_C_COMPILER: kernel_platform/prebuilts/clang/host/linux-x86/clang-r487747c/bin
2026-08-19T12:55:01.8899196Z   OP_RUST_COMPILER: 
2026-08-19T12:55:01.8899405Z   OP_BINDGEN: 
2026-08-19T12:55:01.8899607Z   OP_RUST_BUILD: false
2026-08-19T12:55:01.8899831Z   OP_DISK_CLEANUP: false
2026-08-19T12:55:01.8900057Z   OP_HMBIRD: false
2026-08-19T12:55:01.8900255Z   OP_SUSFS: true
2026-08-19T12:55:01.8900457Z   OP_OPT: true
2026-08-19T12:55:01.8900650Z   OP_DS: true
2026-08-19T12:55:01.8901003Z   OP_BBG: true
2026-08-19T12:55:01.8901195Z   OP_BBR: true
2026-08-19T12:55:01.8901390Z   OP_BBR3: true
2026-08-19T12:55:01.8901584Z   OP_TTL: true
2026-08-19T12:55:01.8901773Z   OP_IP_SET: true
2026-08-19T12:55:01.8901976Z   OP_UNICODE: true
2026-08-19T12:55:01.8902172Z   OP_NTSYNC: true
2026-08-19T12:55:01.8904021Z   OP_BLACKLIST_MODULES: kernelsu,oplus_security_guard,oplus_qr_scan,oplus_score,oplus_vip_task,oplus_dns_cache,oplus_network_linkpower_module,oplus_data_module,oplus_secure_harden,oplus_security_keventupload,oplus_secure_guard_new,oplus_secure_guard,coresight_tpda,coresight_tgu,coresight_trace_noc,coresight_cti,coresight_qmi,coresight_dummy,coresight_remote_etm,coresight_tpdm,coresight_uetm,coresight_stm,coresight_tmc_sec,f_fs_ipc_log,qcom_iommu_debug,qti_battery_debug,rdbg,stm_heartbeat,stm_p_ost,stm_core,stm_ftrace,stm_console,spmi_pmic_arb_debug
2026-08-19T12:55:01.8905904Z   OP_UNAME: OP-WILD
2026-08-19T12:55:01.8906125Z   CONFIG: OP-ACE-3-PRO-6.1.75
2026-08-19T12:55:01.8906377Z   REPO: /usr/local/bin/repo
2026-08-19T12:55:01.8906809Z   CONFIG_FOLDER: /home/runner/work/OnePlus_KernelSU_SUSFS/OnePlus_KernelSU_SUSFS/OP-ACE-3-PRO-6.1.75
2026-08-19T12:55:01.8907497Z   ARTIFACTS_FOLDER: /home/runner/work/OnePlus_KernelSU_SUSFS/OnePlus_KernelSU_SUSFS/OP-ACE-3-PRO-6.1.75/artifacts
2026-08-19T12:55:01.8908254Z   KERNEL_PLATFORM_FOLDER: /home/runner/work/OnePlus_KernelSU_SUSFS/OnePlus_KernelSU_SUSFS/OP-ACE-3-PRO-6.1.75/kernel_platform
2026-08-19T12:55:01.8909286Z   COMMON_KERNEL_FOLDER: /home/runner/work/OnePlus_KernelSU_SUSFS/OnePlus_KernelSU_SUSFS/OP-ACE-3-PRO-6.1.75/kernel_platform/common
2026-08-19T12:55:01.8910293Z   MSM_KERNEL_FOLDER: /home/runner/work/OnePlus_KernelSU_SUSFS/OnePlus_KernelSU_SUSFS/OP-ACE-3-PRO-6.1.75/kernel_platform/msm-kernel
2026-08-19T12:55:01.8911044Z   AK3_FOLDER: /home/runner/work/OnePlus_KernelSU_SUSFS/OnePlus_KernelSU_SUSFS/OP-ACE-3-PRO-6.1.75/AnyKernel3
2026-08-19T12:55:01.8911722Z   DEBUG_ARTIFACTS_FOLDER: /home/runner/work/OnePlus_KernelSU_SUSFS/OnePlus_KernelSU_SUSFS/debug_artifacts
2026-08-19T12:55:01.8912375Z   KERNEL_PATCHES_FOLDER: /home/runner/work/OnePlus_KernelSU_SUSFS/OnePlus_KernelSU_SUSFS/kernel_patches
2026-08-19T12:55:01.8912976Z   SUSFS_FOLDER: /home/runner/work/OnePlus_KernelSU_SUSFS/OnePlus_KernelSU_SUSFS/susfs4ksu
2026-08-19T12:55:01.8913638Z   KSU_FOLDER: /home/runner/work/OnePlus_KernelSU_SUSFS/OnePlus_KernelSU_SUSFS/OP-ACE-3-PRO-6.1.75/kernel_platform/KernelSU
2026-08-19T12:55:01.8914430Z   KSUN_FOLDER: /home/runner/work/OnePlus_KernelSU_SUSFS/OnePlus_KernelSU_SUSFS/OP-ACE-3-PRO-6.1.75/kernel_platform/KernelSU-Next
2026-08-19T12:55:01.8914999Z   DEBUG_ZIP_NAME: debug_OP-ACE-3-PRO-6.1.75_A15.zip
2026-08-19T12:55:01.8915299Z   ANDROID_VER: android14
2026-08-19T12:55:01.8915523Z   KERNEL_VER: 6.1
2026-08-19T12:55:01.8915730Z   TKERNEL_VER: 6.1.75
2026-08-19T12:55:01.8915962Z   KERNEL_FULL_VER: android14-6.1.75
2026-08-19T12:55:01.8916242Z   SUSFS_KERNEL_BRANCH: gki-android14-6.1
2026-08-19T12:55:01.8916509Z   BUILD_USER: OnePlus
2026-08-19T12:55:01.8916727Z   BUILD_HOST: ubuntu-build
2026-08-19T12:55:01.8917360Z   CLANG_BIN_PATH: /home/runner/work/OnePlus_KernelSU_SUSFS/OnePlus_KernelSU_SUSFS/OP-ACE-3-PRO-6.1.75/kernel_platform/prebuilts/clang/host/linux-x86/clang-r487747c/bin
2026-08-19T12:55:01.8918509Z   CLANG_VERSION: Android (10087095, +pgo, +bolt, +lto, -mlgo, based on r487747c) clang version 17.0.2 (https://android.googlesource.com/toolchain/llvm-project d9f89f4d16663d5012e5c09495f3b30ece3d2362)
2026-08-19T12:55:01.8919488Z   CLANG_VERSION_SHORT: 4e90edd6
2026-08-19T12:55:01.8920160Z   LIBCLANG_PATH: /home/runner/work/OnePlus_KernelSU_SUSFS/OnePlus_KernelSU_SUSFS/OP-ACE-3-PRO-6.1.75/kernel_platform/prebuilts/clang/host/linux-x86/clang-r487747c/bin/../lib
2026-08-19T12:55:01.8920918Z   SUSFS_COMMIT_SHA: e287d59066380bf6de4396532d4a42edf4408701
2026-08-19T12:55:01.8921246Z   NEED_HOOKS: false
2026-08-19T12:55:01.8921520Z   KSU_COMMIT_SHA: 234f6e040fcbca18b16d2398e1aa225712ec99ad
2026-08-19T12:55:01.8921842Z   KSUVER: 33239
2026-08-19T12:55:01.8922183Z   SUSVER: v2.2.0
2026-08-19T12:55:01.8922394Z ##[endgroup]
2026-08-19T12:55:01.8984105Z ##[group]Apply BBRv3 patches
2026-08-19T12:55:01.9006736Z patching file include/linux/tcp.h
2026-08-19T12:55:01.9009302Z patching file include/net/tcp.h
2026-08-19T12:55:01.9009842Z Hunk #1 succeeded at 53 (offset -3 lines).
2026-08-19T12:55:01.9010380Z Hunk #2 succeeded at 396 (offset -3 lines).
2026-08-19T12:55:01.9010921Z Hunk #3 succeeded at 751 (offset -20 lines).
2026-08-19T12:55:01.9011459Z Hunk #4 succeeded at 856 (offset -20 lines).
2026-08-19T12:55:01.9011991Z Hunk #5 succeeded at 935 (offset -20 lines).
2026-08-19T12:55:01.9012511Z Hunk #6 succeeded at 1064 (offset -20 lines).
2026-08-19T12:55:01.9013031Z Hunk #7 succeeded at 1089 (offset -20 lines).
2026-08-19T12:55:01.9013543Z Hunk #8 succeeded at 1128 (offset -20 lines).
2026-08-19T12:55:01.9014048Z Hunk #9 succeeded at 1222 (offset -20 lines).
2026-08-19T12:55:01.9014565Z Hunk #10 succeeded at 1261 (offset -20 lines).
2026-08-19T12:55:01.9015107Z Hunk #11 succeeded at 2261 (offset -20 lines).
2026-08-19T12:55:01.9015641Z patching file include/uapi/linux/inet_diag.h
2026-08-19T12:55:01.9016147Z patching file include/uapi/linux/rtnetlink.h
2026-08-19T12:55:01.9018032Z patching file net/ipv4/Kconfig
2026-08-19T12:55:01.9020086Z patching file net/ipv4/Makefile
2026-08-19T12:55:01.9021480Z patching file net/ipv4/sysctl_net_ipv4.c
2026-08-19T12:55:01.9026662Z patching file net/ipv4/tcp.c
2026-08-19T12:55:01.9029242Z Hunk #1 succeeded at 3183 (offset -37 lines).
2026-08-19T12:55:01.9031499Z patching file net/ipv4/tcp_bbr3.c
2026-08-19T12:55:01.9041486Z patching file net/ipv4/tcp_cong.c
2026-08-19T12:55:01.9046038Z patching file net/ipv4/tcp_input.c
2026-08-19T12:55:01.9046570Z Hunk #1 succeeded at 361 (offset -1 lines).
2026-08-19T12:55:01.9047112Z Hunk #2 succeeded at 372 (offset -1 lines).
2026-08-19T12:55:01.9047662Z Hunk #3 succeeded at 1091 (offset -17 lines).
2026-08-19T12:55:01.9048199Z Hunk #4 succeeded at 1483 (offset -8 lines).
2026-08-19T12:55:01.9049703Z Hunk #5 succeeded at 3722 (offset -61 lines).
2026-08-19T12:55:01.9050237Z Hunk #6 succeeded at 3740 (offset -61 lines).
2026-08-19T12:55:01.9050762Z Hunk #7 succeeded at 3751 (offset -61 lines).
2026-08-19T12:55:01.9051275Z Hunk #8 succeeded at 3864 (offset -72 lines).
2026-08-19T12:55:01.9051838Z Hunk #9 succeeded at 3939 with fuzz 1 (offset -63 lines).
2026-08-19T12:55:01.9052432Z Hunk #10 succeeded at 3963 (offset -63 lines).
2026-08-19T12:55:01.9052974Z Hunk #11 succeeded at 3983 (offset -64 lines).
2026-08-19T12:55:01.9053492Z Hunk #12 succeeded at 5563 (offset -76 lines).
2026-08-19T12:55:01.9056221Z patching file net/ipv4/tcp_ipv4.c
2026-08-19T12:55:01.9059115Z Hunk #1 succeeded at 3140 (offset -15 lines).
2026-08-19T12:55:01.9059702Z Hunk #2 succeeded at 3216 (offset -15 lines).
2026-08-19T12:55:01.9060680Z patching file net/ipv4/tcp_minisocks.c
2026-08-19T12:55:01.9075820Z Hunk #1 succeeded at 423 (offset 5 lines).
2026-08-19T12:55:01.9076464Z patching file net/ipv4/tcp_output.c
2026-08-19T12:55:01.9076932Z Hunk #1 succeeded at 322 (offset -3 lines).
2026-08-19T12:55:01.9077391Z Hunk #2 succeeded at 336 (offset -3 lines).
2026-08-19T12:55:01.9077832Z Hunk #3 succeeded at 376 (offset -3 lines).
2026-08-19T12:55:01.9078315Z Hunk #4 succeeded at 1535 (offset -5 lines).
2026-08-19T12:55:01.9078762Z Hunk #5 succeeded at 1612 (offset -5 lines).
2026-08-19T12:55:01.9079368Z Hunk #6 succeeded at 2886 (offset -3 lines).
2026-08-19T12:55:01.9079804Z patching file net/ipv4/tcp_plb.c
2026-08-19T12:55:01.9080206Z patching file net/ipv4/tcp_rate.c
2026-08-19T12:55:01.9090437Z ✅ BBRv3 patches applied
2026-08-19T12:55:01.9091058Z ##[endgroup]
2026-08-19T12:55:01.9096515Z ##[end-action id=build.__run_28;outcome=success;conclusion=success;duration_ms=26]
2026-08-19T12:55:01.9098532Z ##[start-action display=Enable Important Net Schedulers (qdisc);id=build.__run_29]
2026-08-19T12:55:01.9112521Z ##[group]Run set -euo pipefail
2026-08-19T12:55:01.9112814Z [36;1mset -euo pipefail[0m
2026-08-19T12:55:01.9113259Z [36;1mecho "Enable Important Net Schedulers (qdisc)"[0m
2026-08-19T12:55:01.9113690Z [36;1mcat >> "$COMMON_KERNEL_FOLDER/arch/arm64/configs/gki_defconfig" <<EOF[0m
2026-08-19T12:55:01.9114077Z [36;1mCONFIG_NET_SCH_FQ=y[0m
2026-08-19T12:55:01.9114323Z [36;1mCONFIG_NET_SCH_FQ_CODEL=y[0m
2026-08-19T12:55:01.9114584Z [36;1mCONFIG_NET_SCH_CAKE=y[0m
2026-08-19T12:55:01.9114827Z [36;1mCONFIG_NET_SCH_PIE=y[0m
2026-08-19T12:55:01.9115069Z [36;1mCONFIG_NET_SCH_FQ_PIE=y[0m
2026-08-19T12:55:01.9115311Z [36;1mEOF[0m
2026-08-19T12:55:01.9154183Z shell: /usr/bin/bash --noprofile --norc -e -o pipefail {0}
2026-08-19T12:55:01.9154531Z env:
2026-08-19T12:55:01.9154874Z   CCACHE_DIR: /home/runner/work/OnePlus_KernelSU_SUSFS/OnePlus_KernelSU_SUSFS/.ccache
2026-08-19T12:55:01.9155283Z   CCACHE_MAXSIZE: 12G
2026-08-19T12:55:01.9155518Z   CCACHE_COMPILERCHECK: content
2026-08-19T12:55:01.9155888Z   CCACHE_BASEDIR: /home/runner/work/OnePlus_KernelSU_SUSFS/OnePlus_KernelSU_SUSFS
2026-08-19T12:55:01.9156286Z   CCACHE_NOHASHDIR: true
2026-08-19T12:55:01.9156534Z   CCACHE_IGNOREOPTIONS: --sysroot*
2026-08-19T12:55:01.9156799Z   CCACHE_COMPRESSION: true
2026-08-19T12:55:01.9157039Z   CCACHE_COMPRESSION_LEVEL: 3
2026-08-19T12:55:01.9157277Z   CCACHE_DIRECT: true
2026-08-19T12:55:01.9157494Z   CCACHE_FILE_CLONE: true
2026-08-19T12:55:01.9157724Z   CCACHE_INODE_CACHE: true
2026-08-19T12:55:01.9157959Z   CCACHE_IS_KERNEL_COMPILING: true
2026-08-19T12:55:01.9158201Z   CCACHE_UMASK: 002
2026-08-19T12:55:01.9158655Z   CCACHE_SLOPPINESS: file_macro,time_macros,include_file_mtime,include_file_ctime,pch_defines,system_headers,locale
2026-08-19T12:55:01.9159427Z   ACTION_REPO: 
2026-08-19T12:55:01.9159630Z   ACTION_REF: 
2026-08-19T12:55:01.9159843Z   OP_MODEL: OP-ACE-3-PRO-6.1.75
2026-08-19T12:55:01.9160087Z   OP_SOC: pineapple
2026-08-19T12:55:01.9160297Z   OP_BRANCH: wild/sm8650
2026-08-19T12:55:01.9160543Z   OP_MANIFEST: oneplus_ace3_pro_6.1.75_v.xml
2026-08-19T12:55:01.9160825Z   OP_ANDROID_VERSION: android14
2026-08-19T12:55:01.9161060Z   OP_KERNEL_VERSION: 6.1
2026-08-19T12:55:01.9161276Z   OP_OS_VERSION: A15
2026-08-19T12:55:01.9161480Z   OP_LTO: thin
2026-08-19T12:55:01.9161668Z   OP_ZYC_COMPILER: 
2026-08-19T12:55:01.9162008Z   OP_C_COMPILER: kernel_platform/prebuilts/clang/host/linux-x86/clang-r487747c/bin
2026-08-19T12:55:01.9162400Z   OP_RUST_COMPILER: 
2026-08-19T12:55:01.9162599Z   OP_BINDGEN: 
2026-08-19T12:55:01.9162792Z   OP_RUST_BUILD: false
2026-08-19T12:55:01.9163006Z   OP_DISK_CLEANUP: false
2026-08-19T12:55:01.9163219Z   OP_HMBIRD: false
2026-08-19T12:55:01.9163424Z   OP_SUSFS: true
2026-08-19T12:55:01.9163614Z   OP_OPT: true
2026-08-19T12:55:01.9163798Z   OP_DS: true
2026-08-19T12:55:01.9163980Z   OP_BBG: true
2026-08-19T12:55:01.9164161Z   OP_BBR: true
2026-08-19T12:55:01.9164344Z   OP_BBR3: true
2026-08-19T12:55:01.9164531Z   OP_TTL: true
2026-08-19T12:55:01.9164713Z   OP_IP_SET: true
2026-08-19T12:55:01.9164913Z   OP_UNICODE: true
2026-08-19T12:55:01.9165108Z   OP_NTSYNC: true
2026-08-19T12:55:01.9166948Z   OP_BLACKLIST_MODULES: kernelsu,oplus_security_guard,oplus_qr_scan,oplus_score,oplus_vip_task,oplus_dns_cache,oplus_network_linkpower_module,oplus_data_module,oplus_secure_harden,oplus_security_keventupload,oplus_secure_guard_new,oplus_secure_guard,coresight_tpda,coresight_tgu,coresight_trace_noc,coresight_cti,coresight_qmi,coresight_dummy,coresight_remote_etm,coresight_tpdm,coresight_uetm,coresight_stm,coresight_tmc_sec,f_fs_ipc_log,qcom_iommu_debug,qti_battery_debug,rdbg,stm_heartbeat,stm_p_ost,stm_core,stm_ftrace,stm_console,spmi_pmic_arb_debug
2026-08-19T12:55:01.9169043Z   OP_UNAME: OP-WILD
2026-08-19T12:55:01.9169263Z   CONFIG: OP-ACE-3-PRO-6.1.75
2026-08-19T12:55:01.9169507Z   REPO: /usr/local/bin/repo
2026-08-19T12:55:01.9169937Z   CONFIG_FOLDER: /home/runner/work/OnePlus_KernelSU_SUSFS/OnePlus_KernelSU_SUSFS/OP-ACE-3-PRO-6.1.75
2026-08-19T12:55:01.9170620Z   ARTIFACTS_FOLDER: /home/runner/work/OnePlus_KernelSU_SUSFS/OnePlus_KernelSU_SUSFS/OP-ACE-3-PRO-6.1.75/artifacts
2026-08-19T12:55:01.9171510Z   KERNEL_PLATFORM_FOLDER: /home/runner/work/OnePlus_KernelSU_SUSFS/OnePlus_KernelSU_SUSFS/OP-ACE-3-PRO-6.1.75/kernel_platform
2026-08-19T12:55:01.9172339Z   COMMON_KERNEL_FOLDER: /home/runner/work/OnePlus_KernelSU_SUSFS/OnePlus_KernelSU_SUSFS/OP-ACE-3-PRO-6.1.75/kernel_platform/common
2026-08-19T12:55:01.9173151Z   MSM_KERNEL_FOLDER: /home/runner/work/OnePlus_KernelSU_SUSFS/OnePlus_KernelSU_SUSFS/OP-ACE-3-PRO-6.1.75/kernel_platform/msm-kernel
2026-08-19T12:55:01.9173894Z   AK3_FOLDER: /home/runner/work/OnePlus_KernelSU_SUSFS/OnePlus_KernelSU_SUSFS/OP-ACE-3-PRO-6.1.75/AnyKernel3
2026-08-19T12:55:01.9174611Z   DEBUG_ARTIFACTS_FOLDER: /home/runner/work/OnePlus_KernelSU_SUSFS/OnePlus_KernelSU_SUSFS/debug_artifacts
2026-08-19T12:55:01.9175423Z   KERNEL_PATCHES_FOLDER: /home/runner/work/OnePlus_KernelSU_SUSFS/OnePlus_KernelSU_SUSFS/kernel_patches
2026-08-19T12:55:01.9176151Z   SUSFS_FOLDER: /home/runner/work/OnePlus_KernelSU_SUSFS/OnePlus_KernelSU_SUSFS/susfs4ksu
2026-08-19T12:55:01.9176821Z   KSU_FOLDER: /home/runner/work/OnePlus_KernelSU_SUSFS/OnePlus_KernelSU_SUSFS/OP-ACE-3-PRO-6.1.75/kernel_platform/KernelSU
2026-08-19T12:55:01.9177606Z   KSUN_FOLDER: /home/runner/work/OnePlus_KernelSU_SUSFS/OnePlus_KernelSU_SUSFS/OP-ACE-3-PRO-6.1.75/kernel_platform/KernelSU-Next
2026-08-19T12:55:01.9178173Z   DEBUG_ZIP_NAME: debug_OP-ACE-3-PRO-6.1.75_A15.zip
2026-08-19T12:55:01.9178474Z   ANDROID_VER: android14
2026-08-19T12:55:01.9178697Z   KERNEL_VER: 6.1
2026-08-19T12:55:01.9179033Z   TKERNEL_VER: 6.1.75
2026-08-19T12:55:01.9179255Z   KERNEL_FULL_VER: android14-6.1.75
2026-08-19T12:55:01.9179670Z   SUSFS_KERNEL_BRANCH: gki-android14-6.1
2026-08-19T12:55:01.9179936Z   BUILD_USER: OnePlus
2026-08-19T12:55:01.9180142Z   BUILD_HOST: ubuntu-build
2026-08-19T12:55:01.9180776Z   CLANG_BIN_PATH: /home/runner/work/OnePlus_KernelSU_SUSFS/OnePlus_KernelSU_SUSFS/OP-ACE-3-PRO-6.1.75/kernel_platform/prebuilts/clang/host/linux-x86/clang-r487747c/bin
2026-08-19T12:55:01.9181925Z   CLANG_VERSION: Android (10087095, +pgo, +bolt, +lto, -mlgo, based on r487747c) clang version 17.0.2 (https://android.googlesource.com/toolchain/llvm-project d9f89f4d16663d5012e5c09495f3b30ece3d2362)
2026-08-19T12:55:01.9182662Z   CLANG_VERSION_SHORT: 4e90edd6
2026-08-19T12:55:01.9183326Z   LIBCLANG_PATH: /home/runner/work/OnePlus_KernelSU_SUSFS/OnePlus_KernelSU_SUSFS/OP-ACE-3-PRO-6.1.75/kernel_platform/prebuilts/clang/host/linux-x86/clang-r487747c/bin/../lib
2026-08-19T12:55:01.9184074Z   SUSFS_COMMIT_SHA: e287d59066380bf6de4396532d4a42edf4408701
2026-08-19T12:55:01.9184389Z   NEED_HOOKS: false
2026-08-19T12:55:01.9184641Z   KSU_COMMIT_SHA: 234f6e040fcbca18b16d2398e1aa225712ec99ad
2026-08-19T12:55:01.9184936Z   KSUVER: 33239
2026-08-19T12:55:01.9185127Z   SUSVER: v2.2.0
2026-08-19T12:55:01.9185320Z ##[endgroup]
2026-08-19T12:55:01.9246708Z Enable Important Net Schedulers (qdisc)
2026-08-19T12:55:01.9265218Z ##[end-action id=build.__run_29;outcome=success;conclusion=success;duration_ms=16]
2026-08-19T12:55:01.9267147Z ##[start-action display=Add TTL Target Support;id=build.__run_30]
2026-08-19T12:55:01.9282704Z ##[group]Run set -euo pipefail
2026-08-19T12:55:01.9282988Z [36;1mset -euo pipefail[0m
2026-08-19T12:55:01.9283245Z [36;1mecho "Add TTL Target Support"[0m
2026-08-19T12:55:01.9283627Z [36;1mcat >> "$COMMON_KERNEL_FOLDER/arch/arm64/configs/gki_defconfig" <<EOF[0m
2026-08-19T12:55:01.9284011Z [36;1mCONFIG_IP_NF_TARGET_TTL=y[0m
2026-08-19T12:55:01.9284271Z [36;1mCONFIG_IP6_NF_TARGET_HL=y[0m
2026-08-19T12:55:01.9284521Z [36;1mCONFIG_IP6_NF_MATCH_HL=y[0m
2026-08-19T12:55:01.9284765Z [36;1mEOF[0m
2026-08-19T12:55:01.9322772Z shell: /usr/bin/bash --noprofile --norc -e -o pipefail {0}
2026-08-19T12:55:01.9323113Z env:
2026-08-19T12:55:01.9323458Z   CCACHE_DIR: /home/runner/work/OnePlus_KernelSU_SUSFS/OnePlus_KernelSU_SUSFS/.ccache
2026-08-19T12:55:01.9323872Z   CCACHE_MAXSIZE: 12G
2026-08-19T12:55:01.9324108Z   CCACHE_COMPILERCHECK: content
2026-08-19T12:55:01.9324483Z   CCACHE_BASEDIR: /home/runner/work/OnePlus_KernelSU_SUSFS/OnePlus_KernelSU_SUSFS
2026-08-19T12:55:01.9325046Z   CCACHE_NOHASHDIR: true
2026-08-19T12:55:01.9325296Z   CCACHE_IGNOREOPTIONS: --sysroot*
2026-08-19T12:55:01.9325561Z   CCACHE_COMPRESSION: true
2026-08-19T12:55:01.9325799Z   CCACHE_COMPRESSION_LEVEL: 3
2026-08-19T12:55:01.9326037Z   CCACHE_DIRECT: true
2026-08-19T12:55:01.9326250Z   CCACHE_FILE_CLONE: true
2026-08-19T12:55:01.9326476Z   CCACHE_INODE_CACHE: true
2026-08-19T12:55:01.9326707Z   CCACHE_IS_KERNEL_COMPILING: true
2026-08-19T12:55:01.9326946Z   CCACHE_UMASK: 002
2026-08-19T12:55:01.9327403Z   CCACHE_SLOPPINESS: file_macro,time_macros,include_file_mtime,include_file_ctime,pch_defines,system_headers,locale
2026-08-19T12:55:01.9327919Z   ACTION_REPO: 
2026-08-19T12:55:01.9328121Z   ACTION_REF: 
2026-08-19T12:55:01.9328336Z   OP_MODEL: OP-ACE-3-PRO-6.1.75
2026-08-19T12:55:01.9328576Z   OP_SOC: pineapple
2026-08-19T12:55:01.9328977Z   OP_BRANCH: wild/sm8650
2026-08-19T12:55:01.9329236Z   OP_MANIFEST: oneplus_ace3_pro_6.1.75_v.xml
2026-08-19T12:55:01.9329518Z   OP_ANDROID_VERSION: android14
2026-08-19T12:55:01.9329758Z   OP_KERNEL_VERSION: 6.1
2026-08-19T12:55:01.9329973Z   OP_OS_VERSION: A15
2026-08-19T12:55:01.9330182Z   OP_LTO: thin
2026-08-19T12:55:01.9330377Z   OP_ZYC_COMPILER: 
2026-08-19T12:55:01.9330718Z   OP_C_COMPILER: kernel_platform/prebuilts/clang/host/linux-x86/clang-r487747c/bin
2026-08-19T12:55:01.9331105Z   OP_RUST_COMPILER: 
2026-08-19T12:55:01.9331306Z   OP_BINDGEN: 
2026-08-19T12:55:01.9331506Z   OP_RUST_BUILD: false
2026-08-19T12:55:01.9331724Z   OP_DISK_CLEANUP: false
2026-08-19T12:55:01.9331943Z   OP_HMBIRD: false
2026-08-19T12:55:01.9332296Z   OP_SUSFS: true
2026-08-19T12:55:01.9332495Z   OP_OPT: true
2026-08-19T12:55:01.9332683Z   OP_DS: true
2026-08-19T12:55:01.9332872Z   OP_BBG: true
2026-08-19T12:55:01.9333061Z   OP_BBR: true
2026-08-19T12:55:01.9333249Z   OP_BBR3: true
2026-08-19T12:55:01.9333447Z   OP_TTL: true
2026-08-19T12:55:01.9333634Z   OP_IP_SET: true
2026-08-19T12:55:01.9333843Z   OP_UNICODE: true
2026-08-19T12:55:01.9334048Z   OP_NTSYNC: true
2026-08-19T12:55:01.9335904Z   OP_BLACKLIST_MODULES: kernelsu,oplus_security_guard,oplus_qr_scan,oplus_score,oplus_vip_task,oplus_dns_cache,oplus_network_linkpower_module,oplus_data_module,oplus_secure_harden,oplus_security_keventupload,oplus_secure_guard_new,oplus_secure_guard,coresight_tpda,coresight_tgu,coresight_trace_noc,coresight_cti,coresight_qmi,coresight_dummy,coresight_remote_etm,coresight_tpdm,coresight_uetm,coresight_stm,coresight_tmc_sec,f_fs_ipc_log,qcom_iommu_debug,qti_battery_debug,rdbg,stm_heartbeat,stm_p_ost,stm_core,stm_ftrace,stm_console,spmi_pmic_arb_debug
2026-08-19T12:55:01.9337781Z   OP_UNAME: OP-WILD
2026-08-19T12:55:01.9338006Z   CONFIG: OP-ACE-3-PRO-6.1.75
2026-08-19T12:55:01.9338257Z   REPO: /usr/local/bin/repo
2026-08-19T12:55:01.9338686Z   CONFIG_FOLDER: /home/runner/work/OnePlus_KernelSU_SUSFS/OnePlus_KernelSU_SUSFS/OP-ACE-3-PRO-6.1.75
2026-08-19T12:55:01.9339593Z   ARTIFACTS_FOLDER: /home/runner/work/OnePlus_KernelSU_SUSFS/OnePlus_KernelSU_SUSFS/OP-ACE-3-PRO-6.1.75/artifacts
2026-08-19T12:55:01.9340361Z   KERNEL_PLATFORM_FOLDER: /home/runner/work/OnePlus_KernelSU_SUSFS/OnePlus_KernelSU_SUSFS/OP-ACE-3-PRO-6.1.75/kernel_platform
2026-08-19T12:55:01.9341177Z   COMMON_KERNEL_FOLDER: /home/runner/work/OnePlus_KernelSU_SUSFS/OnePlus_KernelSU_SUSFS/OP-ACE-3-PRO-6.1.75/kernel_platform/common
2026-08-19T12:55:01.9341996Z   MSM_KERNEL_FOLDER: /home/runner/work/OnePlus_KernelSU_SUSFS/OnePlus_KernelSU_SUSFS/OP-ACE-3-PRO-6.1.75/kernel_platform/msm-kernel
2026-08-19T12:55:01.9342744Z   AK3_FOLDER: /home/runner/work/OnePlus_KernelSU_SUSFS/OnePlus_KernelSU_SUSFS/OP-ACE-3-PRO-6.1.75/AnyKernel3
2026-08-19T12:55:01.9343416Z   DEBUG_ARTIFACTS_FOLDER: /home/runner/work/OnePlus_KernelSU_SUSFS/OnePlus_KernelSU_SUSFS/debug_artifacts
2026-08-19T12:55:01.9344065Z   KERNEL_PATCHES_FOLDER: /home/runner/work/OnePlus_KernelSU_SUSFS/OnePlus_KernelSU_SUSFS/kernel_patches
2026-08-19T12:55:01.9344667Z   SUSFS_FOLDER: /home/runner/work/OnePlus_KernelSU_SUSFS/OnePlus_KernelSU_SUSFS/susfs4ksu
2026-08-19T12:55:01.9345453Z   KSU_FOLDER: /home/runner/work/OnePlus_KernelSU_SUSFS/OnePlus_KernelSU_SUSFS/OP-ACE-3-PRO-6.1.75/kernel_platform/KernelSU
2026-08-19T12:55:01.9346275Z   KSUN_FOLDER: /home/runner/work/OnePlus_KernelSU_SUSFS/OnePlus_KernelSU_SUSFS/OP-ACE-3-PRO-6.1.75/kernel_platform/KernelSU-Next
2026-08-19T12:55:01.9346848Z   DEBUG_ZIP_NAME: debug_OP-ACE-3-PRO-6.1.75_A15.zip
2026-08-19T12:55:01.9347149Z   ANDROID_VER: android14
2026-08-19T12:55:01.9347376Z   KERNEL_VER: 6.1
2026-08-19T12:55:01.9347581Z   TKERNEL_VER: 6.1.75
2026-08-19T12:55:01.9347812Z   KERNEL_FULL_VER: android14-6.1.75
2026-08-19T12:55:01.9348095Z   SUSFS_KERNEL_BRANCH: gki-android14-6.1
2026-08-19T12:55:01.9348362Z   BUILD_USER: OnePlus
2026-08-19T12:55:01.9348575Z   BUILD_HOST: ubuntu-build
2026-08-19T12:55:01.9349458Z   CLANG_BIN_PATH: /home/runner/work/OnePlus_KernelSU_SUSFS/OnePlus_KernelSU_SUSFS/OP-ACE-3-PRO-6.1.75/kernel_platform/prebuilts/clang/host/linux-x86/clang-r487747c/bin
2026-08-19T12:55:01.9350643Z   CLANG_VERSION: Android (10087095, +pgo, +bolt, +lto, -mlgo, based on r487747c) clang version 17.0.2 (https://android.googlesource.com/toolchain/llvm-project d9f89f4d16663d5012e5c09495f3b30ece3d2362)
2026-08-19T12:55:01.9351397Z   CLANG_VERSION_SHORT: 4e90edd6
2026-08-19T12:55:01.9352083Z   LIBCLANG_PATH: /home/runner/work/OnePlus_KernelSU_SUSFS/OnePlus_KernelSU_SUSFS/OP-ACE-3-PRO-6.1.75/kernel_platform/prebuilts/clang/host/linux-x86/clang-r487747c/bin/../lib
2026-08-19T12:55:01.9352816Z   SUSFS_COMMIT_SHA: e287d59066380bf6de4396532d4a42edf4408701
2026-08-19T12:55:01.9353131Z   NEED_HOOKS: false
2026-08-19T12:55:01.9353532Z   KSU_COMMIT_SHA: 234f6e040fcbca18b16d2398e1aa225712ec99ad
2026-08-19T12:55:01.9353834Z   KSUVER: 33239
2026-08-19T12:55:01.9354031Z   SUSVER: v2.2.0
2026-08-19T12:55:01.9354232Z ##[endgroup]
2026-08-19T12:55:01.9416561Z Add TTL Target Support
2026-08-19T12:55:01.9434941Z ##[end-action id=build.__run_30;outcome=success;conclusion=success;duration_ms=16]
2026-08-19T12:55:01.9436936Z ##[start-action display=Add IP SET & IPv6_NAT Support;id=build.__run_31]
2026-08-19T12:55:01.9452835Z ##[group]Run set -euo pipefail
2026-08-19T12:55:01.9453135Z [36;1mset -euo pipefail[0m
2026-08-19T12:55:01.9453403Z [36;1mecho "Add IP SET & IPv6_NAT Support"[0m
2026-08-19T12:55:01.9453706Z [36;1mcd "$COMMON_KERNEL_FOLDER"[0m
2026-08-19T12:55:01.9453970Z [36;1mKERNEL_VERSION="6.1"[0m
2026-08-19T12:55:01.9454216Z [36;1m[0m
2026-08-19T12:55:01.9454523Z [36;1mif [[ "$KERNEL_VERSION" == "6.12" ]] || [[ "$OP_BRANCH" == wild/mt* ]]; then[0m
2026-08-19T12:55:01.9455060Z [36;1m  echo "::debug::Skipping CONFIG_BPF_STREAM_PARSER for $KERNEL_VERSION / $OP_BRANCH"[0m
2026-08-19T12:55:01.9455496Z [36;1melse[0m
2026-08-19T12:55:01.9455884Z [36;1m  echo "CONFIG_BPF_STREAM_PARSER=y" >> "$COMMON_KERNEL_FOLDER/arch/arm64/configs/gki_defconfig"[0m
2026-08-19T12:55:01.9456319Z [36;1mfi[0m
2026-08-19T12:55:01.9456504Z [36;1m[0m
2026-08-19T12:55:01.9456805Z [36;1mcat >> "$COMMON_KERNEL_FOLDER/arch/arm64/configs/gki_defconfig" <<EOF[0m
2026-08-19T12:55:01.9457186Z [36;1mCONFIG_IP_SET=y[0m
2026-08-19T12:55:01.9457425Z [36;1mCONFIG_IP_SET_MAX=65534[0m
2026-08-19T12:55:01.9457686Z [36;1mCONFIG_IP_SET_BITMAP_IP=y[0m
2026-08-19T12:55:01.9457950Z [36;1mCONFIG_IP_SET_BITMAP_IPMAC=y[0m
2026-08-19T12:55:01.9458214Z [36;1mCONFIG_IP_SET_BITMAP_PORT=y[0m
2026-08-19T12:55:01.9458472Z [36;1mCONFIG_IP_SET_HASH_IP=y[0m
2026-08-19T12:55:01.9458717Z [36;1mCONFIG_IP_SET_HASH_IPMARK=y[0m
2026-08-19T12:55:01.9459180Z [36;1mCONFIG_IP_SET_HASH_IPPORT=y[0m
2026-08-19T12:55:01.9459443Z [36;1mCONFIG_IP_SET_HASH_IPPORTIP=y[0m
2026-08-19T12:55:01.9459727Z [36;1mCONFIG_IP_SET_HASH_IPPORTNET=y[0m
2026-08-19T12:55:01.9460000Z [36;1mCONFIG_IP_SET_HASH_IPMAC=y[0m
2026-08-19T12:55:01.9460255Z [36;1mCONFIG_IP_SET_HASH_MAC=y[0m
2026-08-19T12:55:01.9460512Z [36;1mCONFIG_IP_SET_HASH_NETPORTNET=y[0m
2026-08-19T12:55:01.9460777Z [36;1mCONFIG_IP_SET_HASH_NET=y[0m
2026-08-19T12:55:01.9461015Z [36;1mCONFIG_IP_SET_HASH_NETNET=y[0m
2026-08-19T12:55:01.9461271Z [36;1mCONFIG_IP_SET_HASH_NETPORT=y[0m
2026-08-19T12:55:01.9461699Z [36;1mCONFIG_IP_SET_HASH_NETIFACE=y[0m
2026-08-19T12:55:01.9461969Z [36;1mCONFIG_IP_SET_LIST_SET=y[0m
2026-08-19T12:55:01.9462248Z [36;1mCONFIG_NETFILTER_XT_MATCH_ADDRTYPE=y[0m
2026-08-19T12:55:01.9462540Z [36;1mCONFIG_NETFILTER_XT_SET=y[0m
2026-08-19T12:55:01.9462799Z [36;1mCONFIG_IP6_NF_NAT=y[0m
2026-08-19T12:55:01.9463054Z [36;1mCONFIG_IP6_NF_TARGET_MASQUERADE=y[0m
2026-08-19T12:55:01.9463316Z [36;1mEOF[0m
2026-08-19T12:55:01.9501106Z shell: /usr/bin/bash --noprofile --norc -e -o pipefail {0}
2026-08-19T12:55:01.9501446Z env:
2026-08-19T12:55:01.9501791Z   CCACHE_DIR: /home/runner/work/OnePlus_KernelSU_SUSFS/OnePlus_KernelSU_SUSFS/.ccache
2026-08-19T12:55:01.9502206Z   CCACHE_MAXSIZE: 12G
2026-08-19T12:55:01.9502438Z   CCACHE_COMPILERCHECK: content
2026-08-19T12:55:01.9502808Z   CCACHE_BASEDIR: /home/runner/work/OnePlus_KernelSU_SUSFS/OnePlus_KernelSU_SUSFS
2026-08-19T12:55:01.9503196Z   CCACHE_NOHASHDIR: true
2026-08-19T12:55:01.9503446Z   CCACHE_IGNOREOPTIONS: --sysroot*
2026-08-19T12:55:01.9503714Z   CCACHE_COMPRESSION: true
2026-08-19T12:55:01.9503956Z   CCACHE_COMPRESSION_LEVEL: 3
2026-08-19T12:55:01.9504195Z   CCACHE_DIRECT: true
2026-08-19T12:55:01.9504414Z   CCACHE_FILE_CLONE: true
2026-08-19T12:55:01.9504647Z   CCACHE_INODE_CACHE: true
2026-08-19T12:55:01.9504882Z   CCACHE_IS_KERNEL_COMPILING: true
2026-08-19T12:55:01.9505125Z   CCACHE_UMASK: 002
2026-08-19T12:55:01.9505584Z   CCACHE_SLOPPINESS: file_macro,time_macros,include_file_mtime,include_file_ctime,pch_defines,system_headers,locale
2026-08-19T12:55:01.9506243Z   ACTION_REPO: 
2026-08-19T12:55:01.9506445Z   ACTION_REF: 
2026-08-19T12:55:01.9506667Z   OP_MODEL: OP-ACE-3-PRO-6.1.75
2026-08-19T12:55:01.9506910Z   OP_SOC: pineapple
2026-08-19T12:55:01.9507121Z   OP_BRANCH: wild/sm8650
2026-08-19T12:55:01.9507373Z   OP_MANIFEST: oneplus_ace3_pro_6.1.75_v.xml
2026-08-19T12:55:01.9507656Z   OP_ANDROID_VERSION: android14
2026-08-19T12:55:01.9507890Z   OP_KERNEL_VERSION: 6.1
2026-08-19T12:55:01.9508110Z   OP_OS_VERSION: A15
2026-08-19T12:55:01.9508318Z   OP_LTO: thin
2026-08-19T12:55:01.9508521Z   OP_ZYC_COMPILER: 
2026-08-19T12:55:01.9509081Z   OP_C_COMPILER: kernel_platform/prebuilts/clang/host/linux-x86/clang-r487747c/bin
2026-08-19T12:55:01.9509484Z   OP_RUST_COMPILER: 
2026-08-19T12:55:01.9509689Z   OP_BINDGEN: 
2026-08-19T12:55:01.9509888Z   OP_RUST_BUILD: false
2026-08-19T12:55:01.9510101Z   OP_DISK_CLEANUP: false
2026-08-19T12:55:01.9510322Z   OP_HMBIRD: false
2026-08-19T12:55:01.9510522Z   OP_SUSFS: true
2026-08-19T12:55:01.9510719Z   OP_OPT: true
2026-08-19T12:55:01.9510915Z   OP_DS: true
2026-08-19T12:55:01.9511106Z   OP_BBG: true
2026-08-19T12:55:01.9511296Z   OP_BBR: true
2026-08-19T12:55:01.9511490Z   OP_BBR3: true
2026-08-19T12:55:01.9511683Z   OP_TTL: true
2026-08-19T12:55:01.9511878Z   OP_IP_SET: true
2026-08-19T12:55:01.9512081Z   OP_UNICODE: true
2026-08-19T12:55:01.9512279Z   OP_NTSYNC: true
2026-08-19T12:55:01.9514136Z   OP_BLACKLIST_MODULES: kernelsu,oplus_security_guard,oplus_qr_scan,oplus_score,oplus_vip_task,oplus_dns_cache,oplus_network_linkpower_module,oplus_data_module,oplus_secure_harden,oplus_security_keventupload,oplus_secure_guard_new,oplus_secure_guard,coresight_tpda,coresight_tgu,coresight_trace_noc,coresight_cti,coresight_qmi,coresight_dummy,coresight_remote_etm,coresight_tpdm,coresight_uetm,coresight_stm,coresight_tmc_sec,f_fs_ipc_log,qcom_iommu_debug,qti_battery_debug,rdbg,stm_heartbeat,stm_p_ost,stm_core,stm_ftrace,stm_console,spmi_pmic_arb_debug
2026-08-19T12:55:01.9516009Z   OP_UNAME: OP-WILD
2026-08-19T12:55:01.9516235Z   CONFIG: OP-ACE-3-PRO-6.1.75
2026-08-19T12:55:01.9516486Z   REPO: /usr/local/bin/repo
2026-08-19T12:55:01.9516922Z   CONFIG_FOLDER: /home/runner/work/OnePlus_KernelSU_SUSFS/OnePlus_KernelSU_SUSFS/OP-ACE-3-PRO-6.1.75
2026-08-19T12:55:01.9517608Z   ARTIFACTS_FOLDER: /home/runner/work/OnePlus_KernelSU_SUSFS/OnePlus_KernelSU_SUSFS/OP-ACE-3-PRO-6.1.75/artifacts
2026-08-19T12:55:01.9518550Z   KERNEL_PLATFORM_FOLDER: /home/runner/work/OnePlus_KernelSU_SUSFS/OnePlus_KernelSU_SUSFS/OP-ACE-3-PRO-6.1.75/kernel_platform
2026-08-19T12:55:01.9519569Z   COMMON_KERNEL_FOLDER: /home/runner/work/OnePlus_KernelSU_SUSFS/OnePlus_KernelSU_SUSFS/OP-ACE-3-PRO-6.1.75/kernel_platform/common
2026-08-19T12:55:01.9520395Z   MSM_KERNEL_FOLDER: /home/runner/work/OnePlus_KernelSU_SUSFS/OnePlus_KernelSU_SUSFS/OP-ACE-3-PRO-6.1.75/kernel_platform/msm-kernel
2026-08-19T12:55:01.9521145Z   AK3_FOLDER: /home/runner/work/OnePlus_KernelSU_SUSFS/OnePlus_KernelSU_SUSFS/OP-ACE-3-PRO-6.1.75/AnyKernel3
2026-08-19T12:55:01.9521815Z   DEBUG_ARTIFACTS_FOLDER: /home/runner/work/OnePlus_KernelSU_SUSFS/OnePlus_KernelSU_SUSFS/debug_artifacts
2026-08-19T12:55:01.9522483Z   KERNEL_PATCHES_FOLDER: /home/runner/work/OnePlus_KernelSU_SUSFS/OnePlus_KernelSU_SUSFS/kernel_patches
2026-08-19T12:55:01.9523097Z   SUSFS_FOLDER: /home/runner/work/OnePlus_KernelSU_SUSFS/OnePlus_KernelSU_SUSFS/susfs4ksu
2026-08-19T12:55:01.9523770Z   KSU_FOLDER: /home/runner/work/OnePlus_KernelSU_SUSFS/OnePlus_KernelSU_SUSFS/OP-ACE-3-PRO-6.1.75/kernel_platform/KernelSU
2026-08-19T12:55:01.9524556Z   KSUN_FOLDER: /home/runner/work/OnePlus_KernelSU_SUSFS/OnePlus_KernelSU_SUSFS/OP-ACE-3-PRO-6.1.75/kernel_platform/KernelSU-Next
2026-08-19T12:55:01.9525130Z   DEBUG_ZIP_NAME: debug_OP-ACE-3-PRO-6.1.75_A15.zip
2026-08-19T12:55:01.9525434Z   ANDROID_VER: android14
2026-08-19T12:55:01.9525665Z   KERNEL_VER: 6.1
2026-08-19T12:55:01.9525871Z   TKERNEL_VER: 6.1.75
2026-08-19T12:55:01.9526100Z   KERNEL_FULL_VER: android14-6.1.75
2026-08-19T12:55:01.9526381Z   SUSFS_KERNEL_BRANCH: gki-android14-6.1
2026-08-19T12:55:01.9526782Z   BUILD_USER: OnePlus
2026-08-19T12:55:01.9527001Z   BUILD_HOST: ubuntu-build
2026-08-19T12:55:01.9527641Z   CLANG_BIN_PATH: /home/runner/work/OnePlus_KernelSU_SUSFS/OnePlus_KernelSU_SUSFS/OP-ACE-3-PRO-6.1.75/kernel_platform/prebuilts/clang/host/linux-x86/clang-r487747c/bin
2026-08-19T12:55:01.9528980Z   CLANG_VERSION: Android (10087095, +pgo, +bolt, +lto, -mlgo, based on r487747c) clang version 17.0.2 (https://android.googlesource.com/toolchain/llvm-project d9f89f4d16663d5012e5c09495f3b30ece3d2362)
2026-08-19T12:55:01.9529787Z   CLANG_VERSION_SHORT: 4e90edd6
2026-08-19T12:55:01.9530479Z   LIBCLANG_PATH: /home/runner/work/OnePlus_KernelSU_SUSFS/OnePlus_KernelSU_SUSFS/OP-ACE-3-PRO-6.1.75/kernel_platform/prebuilts/clang/host/linux-x86/clang-r487747c/bin/../lib
2026-08-19T12:55:01.9531224Z   SUSFS_COMMIT_SHA: e287d59066380bf6de4396532d4a42edf4408701
2026-08-19T12:55:01.9531536Z   NEED_HOOKS: false
2026-08-19T12:55:01.9531825Z   KSU_COMMIT_SHA: 234f6e040fcbca18b16d2398e1aa225712ec99ad
2026-08-19T12:55:01.9532135Z   KSUVER: 33239
2026-08-19T12:55:01.9532334Z   SUSVER: v2.2.0
2026-08-19T12:55:01.9532545Z ##[endgroup]
2026-08-19T12:55:01.9594425Z Add IP SET & IPv6_NAT Support
2026-08-19T12:55:01.9614325Z ##[end-action id=build.__run_31;outcome=success;conclusion=success;duration_ms=17]
2026-08-19T12:55:01.9616252Z ##[start-action display=Add Droidspaces support;id=build.__run_32]
2026-08-19T12:55:01.9632294Z ##[group]Run echo "::group::Add Droidspaces Support"
2026-08-19T12:55:01.9632684Z [36;1mecho "::group::Add Droidspaces Support"[0m
2026-08-19T12:55:01.9632998Z [36;1mset -euo pipefail[0m
2026-08-19T12:55:01.9633251Z [36;1mcd "$COMMON_KERNEL_FOLDER"[0m
2026-08-19T12:55:01.9633506Z [36;1m[0m
2026-08-19T12:55:01.9633796Z [36;1mecho "Applying patch to enable SYSVIPC without breaking ABI"[0m
2026-08-19T12:55:01.9634161Z [36;1mcase "$OP_BRANCH" in[0m
2026-08-19T12:55:01.9634407Z [36;1m  wild/sm8850|wild/sm8845)[0m
2026-08-19T12:55:01.9634902Z [36;1m    patch -p1 --forward < "$KERNEL_PATCHES_FOLDER/common/droidspaces/fix_sysvipc_kabi_a16-6.12.patch"[0m
2026-08-19T12:55:01.9635388Z [36;1m    ;;[0m
2026-08-19T12:55:01.9635604Z [36;1m  wild/sm8550|wild/sm7550)[0m
2026-08-19T12:55:01.9636054Z [36;1m    patch -p1 --forward < "$KERNEL_PATCHES_FOLDER/common/droidspaces/fix_sysvipc_kabi_1_2_3.patch"[0m
2026-08-19T12:55:01.9636501Z [36;1m    ;;[0m
2026-08-19T12:55:01.9636971Z [36;1m  wild/sm8450|wild/sm8475|wild/mt6895|wild/mt6983|wild/mt6789)[0m
2026-08-19T12:55:01.9637420Z [36;1m    if [ "$ANDROID_VER" = "android12" ] && [ "$KERNEL_VER" = "5.10" ]; then[0m
2026-08-19T12:55:01.9638031Z [36;1m      patch -p1 --forward < "$KERNEL_PATCHES_FOLDER/common/droidspaces/fix_sysvipc_kabi_bypass_a16-6.12_below.patch"[0m
2026-08-19T12:55:01.9638766Z [36;1m      patch -p1 --forward < "$KERNEL_PATCHES_FOLDER/common/droidspaces/fix_abi_padding_for_posix_mqueue.patch"[0m
2026-08-19T12:55:01.9639487Z [36;1m    else[0m
2026-08-19T12:55:01.9639881Z [36;1m      patch -p1 --forward < "$KERNEL_PATCHES_FOLDER/common/droidspaces/fix_sysvipc_kabi_6_7_8.patch"[0m
2026-08-19T12:55:01.9640338Z [36;1m    fi[0m
2026-08-19T12:55:01.9640530Z [36;1m    ;;[0m
2026-08-19T12:55:01.9640713Z [36;1m  *)[0m
2026-08-19T12:55:01.9641096Z [36;1m    patch -p1 --forward < "$KERNEL_PATCHES_FOLDER/common/droidspaces/fix_sysvipc_kabi_6_7_8.patch"[0m
2026-08-19T12:55:01.9641539Z [36;1m    ;;[0m
2026-08-19T12:55:01.9641728Z [36;1mesac[0m
2026-08-19T12:55:01.9641921Z [36;1m[0m
2026-08-19T12:55:01.9642202Z [36;1mecho "Patch to fix kernel panic caused by oplus_bsp_midas"[0m
2026-08-19T12:55:01.9642901Z [36;1mpatch -p1 --forward < "$KERNEL_PATCHES_FOLDER/common/droidspaces/0001-Return-ghost-task-if-task-is-null-and-is-requested-b.patch"[0m
2026-08-19T12:55:01.9643499Z [36;1m[0m
2026-08-19T12:55:01.9643800Z [36;1mcat >> "$COMMON_KERNEL_FOLDER/arch/arm64/configs/gki_defconfig" <<EOF[0m
2026-08-19T12:55:01.9644173Z [36;1mCONFIG_SYSVIPC=y[0m
2026-08-19T12:55:01.9644411Z [36;1mCONFIG_DEVTMPFS=y[0m
2026-08-19T12:55:01.9644793Z [36;1mCONFIG_PID_NS=y[0m
2026-08-19T12:55:01.9645026Z [36;1mCONFIG_POSIX_MQUEUE=y[0m
2026-08-19T12:55:01.9645299Z [36;1mCONFIG_NETFILTER_XT_TARGET_REJECT=y[0m
2026-08-19T12:55:01.9645594Z [36;1mCONFIG_NETFILTER_XT_TARGET_LOG=y[0m
2026-08-19T12:55:01.9645883Z [36;1mCONFIG_NETFILTER_XT_MATCH_RECENT=y[0m
2026-08-19T12:55:01.9646158Z [36;1mCONFIG_USER_NS=y[0m
2026-08-19T12:55:01.9646374Z [36;1mEOF[0m
2026-08-19T12:55:01.9646555Z [36;1m[0m
2026-08-19T12:55:01.9646748Z [36;1mif [ "false" = "true" ]; then[0m
2026-08-19T12:55:01.9647063Z [36;1m  echo "Add IPC NS missing symbols for rust binder"[0m
2026-08-19T12:55:01.9647540Z [36;1m  if ! grep -q 'EXPORT_SYMBOL.*put_ipc_ns' "$COMMON_KERNEL_FOLDER/ipc/namespace.c"; then[0m
2026-08-19T12:55:01.9648122Z [36;1m    echo -e '\nEXPORT_SYMBOL_GPL(put_ipc_ns);' >> "$COMMON_KERNEL_FOLDER/ipc/namespace.c"[0m
2026-08-19T12:55:01.9648527Z [36;1m  fi[0m
2026-08-19T12:55:01.9649048Z [36;1m  if ! grep -q 'EXPORT_SYMBOL.*init_ipc_ns' "$COMMON_KERNEL_FOLDER/ipc/msgutil.c"; then[0m
2026-08-19T12:55:01.9649623Z [36;1m    echo -e '\nEXPORT_SYMBOL_GPL(init_ipc_ns);' >> "$COMMON_KERNEL_FOLDER/ipc/msgutil.c"[0m
2026-08-19T12:55:01.9650018Z [36;1m  fi[0m
2026-08-19T12:55:01.9650206Z [36;1mfi[0m
2026-08-19T12:55:01.9650388Z [36;1m[0m
2026-08-19T12:55:01.9650607Z [36;1mecho "✅ Droidspaces Support applied"[0m
2026-08-19T12:55:01.9650908Z [36;1mecho "::endgroup::"[0m
2026-08-19T12:55:01.9689318Z shell: /usr/bin/bash --noprofile --norc -e -o pipefail {0}
2026-08-19T12:55:01.9689658Z env:
2026-08-19T12:55:01.9690001Z   CCACHE_DIR: /home/runner/work/OnePlus_KernelSU_SUSFS/OnePlus_KernelSU_SUSFS/.ccache
2026-08-19T12:55:01.9690413Z   CCACHE_MAXSIZE: 12G
2026-08-19T12:55:01.9690645Z   CCACHE_COMPILERCHECK: content
2026-08-19T12:55:01.9691016Z   CCACHE_BASEDIR: /home/runner/work/OnePlus_KernelSU_SUSFS/OnePlus_KernelSU_SUSFS
2026-08-19T12:55:01.9691403Z   CCACHE_NOHASHDIR: true
2026-08-19T12:55:01.9691642Z   CCACHE_IGNOREOPTIONS: --sysroot*
2026-08-19T12:55:01.9691908Z   CCACHE_COMPRESSION: true
2026-08-19T12:55:01.9692143Z   CCACHE_COMPRESSION_LEVEL: 3
2026-08-19T12:55:01.9692377Z   CCACHE_DIRECT: true
2026-08-19T12:55:01.9692590Z   CCACHE_FILE_CLONE: true
2026-08-19T12:55:01.9692810Z   CCACHE_INODE_CACHE: true
2026-08-19T12:55:01.9693038Z   CCACHE_IS_KERNEL_COMPILING: true
2026-08-19T12:55:01.9693277Z   CCACHE_UMASK: 002
2026-08-19T12:55:01.9693884Z   CCACHE_SLOPPINESS: file_macro,time_macros,include_file_mtime,include_file_ctime,pch_defines,system_headers,locale
2026-08-19T12:55:01.9694398Z   ACTION_REPO: 
2026-08-19T12:55:01.9694595Z   ACTION_REF: 
2026-08-19T12:55:01.9694808Z   OP_MODEL: OP-ACE-3-PRO-6.1.75
2026-08-19T12:55:01.9695061Z   OP_SOC: pineapple
2026-08-19T12:55:01.9695271Z   OP_BRANCH: wild/sm8650
2026-08-19T12:55:01.9695517Z   OP_MANIFEST: oneplus_ace3_pro_6.1.75_v.xml
2026-08-19T12:55:01.9695796Z   OP_ANDROID_VERSION: android14
2026-08-19T12:55:01.9696029Z   OP_KERNEL_VERSION: 6.1
2026-08-19T12:55:01.9696240Z   OP_OS_VERSION: A15
2026-08-19T12:55:01.9696446Z   OP_LTO: thin
2026-08-19T12:55:01.9696637Z   OP_ZYC_COMPILER: 
2026-08-19T12:55:01.9696983Z   OP_C_COMPILER: kernel_platform/prebuilts/clang/host/linux-x86/clang-r487747c/bin
2026-08-19T12:55:01.9697379Z   OP_RUST_COMPILER: 
2026-08-19T12:55:01.9697580Z   OP_BINDGEN: 
2026-08-19T12:55:01.9697779Z   OP_RUST_BUILD: false
2026-08-19T12:55:01.9697992Z   OP_DISK_CLEANUP: false
2026-08-19T12:55:01.9698206Z   OP_HMBIRD: false
2026-08-19T12:55:01.9698412Z   OP_SUSFS: true
2026-08-19T12:55:01.9698605Z   OP_OPT: true
2026-08-19T12:55:01.9698949Z   OP_DS: true
2026-08-19T12:55:01.9699193Z   OP_BBG: true
2026-08-19T12:55:01.9699393Z   OP_BBR: true
2026-08-19T12:55:01.9699578Z   OP_BBR3: true
2026-08-19T12:55:01.9699764Z   OP_TTL: true
2026-08-19T12:55:01.9699947Z   OP_IP_SET: true
2026-08-19T12:55:01.9700144Z   OP_UNICODE: true
2026-08-19T12:55:01.9700338Z   OP_NTSYNC: true
2026-08-19T12:55:01.9702196Z   OP_BLACKLIST_MODULES: kernelsu,oplus_security_guard,oplus_qr_scan,oplus_score,oplus_vip_task,oplus_dns_cache,oplus_network_linkpower_module,oplus_data_module,oplus_secure_harden,oplus_security_keventupload,oplus_secure_guard_new,oplus_secure_guard,coresight_tpda,coresight_tgu,coresight_trace_noc,coresight_cti,coresight_qmi,coresight_dummy,coresight_remote_etm,coresight_tpdm,coresight_uetm,coresight_stm,coresight_tmc_sec,f_fs_ipc_log,qcom_iommu_debug,qti_battery_debug,rdbg,stm_heartbeat,stm_p_ost,stm_core,stm_ftrace,stm_console,spmi_pmic_arb_debug
2026-08-19T12:55:01.9704273Z   OP_UNAME: OP-WILD
2026-08-19T12:55:01.9704504Z   CONFIG: OP-ACE-3-PRO-6.1.75
2026-08-19T12:55:01.9704752Z   REPO: /usr/local/bin/repo
2026-08-19T12:55:01.9705185Z   CONFIG_FOLDER: /home/runner/work/OnePlus_KernelSU_SUSFS/OnePlus_KernelSU_SUSFS/OP-ACE-3-PRO-6.1.75
2026-08-19T12:55:01.9705870Z   ARTIFACTS_FOLDER: /home/runner/work/OnePlus_KernelSU_SUSFS/OnePlus_KernelSU_SUSFS/OP-ACE-3-PRO-6.1.75/artifacts
2026-08-19T12:55:01.9706633Z   KERNEL_PLATFORM_FOLDER: /home/runner/work/OnePlus_KernelSU_SUSFS/OnePlus_KernelSU_SUSFS/OP-ACE-3-PRO-6.1.75/kernel_platform
2026-08-19T12:55:01.9707455Z   COMMON_KERNEL_FOLDER: /home/runner/work/OnePlus_KernelSU_SUSFS/OnePlus_KernelSU_SUSFS/OP-ACE-3-PRO-6.1.75/kernel_platform/common
2026-08-19T12:55:01.9708274Z   MSM_KERNEL_FOLDER: /home/runner/work/OnePlus_KernelSU_SUSFS/OnePlus_KernelSU_SUSFS/OP-ACE-3-PRO-6.1.75/kernel_platform/msm-kernel
2026-08-19T12:55:01.9709225Z   AK3_FOLDER: /home/runner/work/OnePlus_KernelSU_SUSFS/OnePlus_KernelSU_SUSFS/OP-ACE-3-PRO-6.1.75/AnyKernel3
2026-08-19T12:55:01.9709901Z   DEBUG_ARTIFACTS_FOLDER: /home/runner/work/OnePlus_KernelSU_SUSFS/OnePlus_KernelSU_SUSFS/debug_artifacts
2026-08-19T12:55:01.9710551Z   KERNEL_PATCHES_FOLDER: /home/runner/work/OnePlus_KernelSU_SUSFS/OnePlus_KernelSU_SUSFS/kernel_patches
2026-08-19T12:55:01.9711157Z   SUSFS_FOLDER: /home/runner/work/OnePlus_KernelSU_SUSFS/OnePlus_KernelSU_SUSFS/susfs4ksu
2026-08-19T12:55:01.9711820Z   KSU_FOLDER: /home/runner/work/OnePlus_KernelSU_SUSFS/OnePlus_KernelSU_SUSFS/OP-ACE-3-PRO-6.1.75/kernel_platform/KernelSU
2026-08-19T12:55:01.9712607Z   KSUN_FOLDER: /home/runner/work/OnePlus_KernelSU_SUSFS/OnePlus_KernelSU_SUSFS/OP-ACE-3-PRO-6.1.75/kernel_platform/KernelSU-Next
2026-08-19T12:55:01.9713190Z   DEBUG_ZIP_NAME: debug_OP-ACE-3-PRO-6.1.75_A15.zip
2026-08-19T12:55:01.9713489Z   ANDROID_VER: android14
2026-08-19T12:55:01.9713715Z   KERNEL_VER: 6.1
2026-08-19T12:55:01.9713923Z   TKERNEL_VER: 6.1.75
2026-08-19T12:55:01.9714149Z   KERNEL_FULL_VER: android14-6.1.75
2026-08-19T12:55:01.9714551Z   SUSFS_KERNEL_BRANCH: gki-android14-6.1
2026-08-19T12:55:01.9714822Z   BUILD_USER: OnePlus
2026-08-19T12:55:01.9715032Z   BUILD_HOST: ubuntu-build
2026-08-19T12:55:01.9715667Z   CLANG_BIN_PATH: /home/runner/work/OnePlus_KernelSU_SUSFS/OnePlus_KernelSU_SUSFS/OP-ACE-3-PRO-6.1.75/kernel_platform/prebuilts/clang/host/linux-x86/clang-r487747c/bin
2026-08-19T12:55:01.9716827Z   CLANG_VERSION: Android (10087095, +pgo, +bolt, +lto, -mlgo, based on r487747c) clang version 17.0.2 (https://android.googlesource.com/toolchain/llvm-project d9f89f4d16663d5012e5c09495f3b30ece3d2362)
2026-08-19T12:55:01.9717571Z   CLANG_VERSION_SHORT: 4e90edd6
2026-08-19T12:55:01.9718234Z   LIBCLANG_PATH: /home/runner/work/OnePlus_KernelSU_SUSFS/OnePlus_KernelSU_SUSFS/OP-ACE-3-PRO-6.1.75/kernel_platform/prebuilts/clang/host/linux-x86/clang-r487747c/bin/../lib
2026-08-19T12:55:01.9719166Z   SUSFS_COMMIT_SHA: e287d59066380bf6de4396532d4a42edf4408701
2026-08-19T12:55:01.9719477Z   NEED_HOOKS: false
2026-08-19T12:55:01.9719742Z   KSU_COMMIT_SHA: 234f6e040fcbca18b16d2398e1aa225712ec99ad
2026-08-19T12:55:01.9720043Z   KSUVER: 33239
2026-08-19T12:55:01.9720243Z   SUSVER: v2.2.0
2026-08-19T12:55:01.9720447Z ##[endgroup]
2026-08-19T12:55:01.9796716Z ##[group]Add Droidspaces Support
2026-08-19T12:55:01.9797193Z Applying patch to enable SYSVIPC without breaking ABI
2026-08-19T12:55:01.9808327Z patching file include/linux/sched.h
2026-08-19T12:55:01.9809697Z Hunk #1 succeeded at 1096 (offset 22 lines).
2026-08-19T12:55:01.9819513Z Hunk #2 succeeded at 1551 (offset 38 lines).
2026-08-19T12:55:01.9820782Z Patch to fix kernel panic caused by oplus_bsp_midas
2026-08-19T12:55:01.9830350Z patching file kernel/pid.c
2026-08-19T12:55:01.9830756Z Hunk #2 succeeded at 89 (offset -3 lines).
2026-08-19T12:55:01.9834733Z Hunk #3 succeeded at 446 (offset -3 lines).
2026-08-19T12:55:01.9835181Z Hunk #4 succeeded at 694 (offset 1 line).
2026-08-19T12:55:01.9848498Z ✅ Droidspaces Support applied
2026-08-19T12:55:01.9849230Z ##[endgroup]
2026-08-19T12:55:01.9854507Z ##[end-action id=build.__run_32;outcome=success;conclusion=success;duration_ms=23]
2026-08-19T12:55:01.9856430Z ##[start-action display=Add Build based configs;id=build.__run_33]
2026-08-19T12:55:01.9870802Z ##[group]Run set -euo pipefail
2026-08-19T12:55:01.9871085Z [36;1mset -euo pipefail[0m
2026-08-19T12:55:01.9871337Z [36;1mecho "Add Build based configs"[0m
2026-08-19T12:55:01.9871718Z [36;1mcat >> "$COMMON_KERNEL_FOLDER/arch/arm64/configs/gki_defconfig" <<EOF[0m
2026-08-19T12:55:01.9872127Z [36;1mCONFIG_CC_OPTIMIZE_FOR_PERFORMANCE=y[0m
2026-08-19T12:55:01.9872460Z [36;1mCONFIG_CC_OPTIMIZE_FOR_PERFORMANCE_O3=n[0m
2026-08-19T12:55:01.9872763Z [36;1mCONFIG_OPTIMIZE_INLINING=y[0m
2026-08-19T12:55:01.9873024Z [36;1mCONFIG_FRAME_WARN=0[0m
2026-08-19T12:55:01.9873266Z [36;1mCONFIG_TRACEPOINTS=y[0m
2026-08-19T12:55:01.9873502Z [36;1mEOF[0m
2026-08-19T12:55:01.9911557Z shell: /usr/bin/bash --noprofile --norc -e -o pipefail {0}
2026-08-19T12:55:01.9911895Z env:
2026-08-19T12:55:01.9912137Z   CCACHE_DIR: /home/runner/work/OnePlus_KernelSU_SUSFS/OnePlus_KernelSU_SUSFS/.ccache
2026-08-19T12:55:01.9912235Z   CCACHE_MAXSIZE: 12G
2026-08-19T12:55:01.9912332Z   CCACHE_COMPILERCHECK: content
2026-08-19T12:55:01.9912553Z   CCACHE_BASEDIR: /home/runner/work/OnePlus_KernelSU_SUSFS/OnePlus_KernelSU_SUSFS
2026-08-19T12:55:01.9912642Z   CCACHE_NOHASHDIR: true
2026-08-19T12:55:01.9912750Z   CCACHE_IGNOREOPTIONS: --sysroot*
2026-08-19T12:55:01.9912844Z   CCACHE_COMPRESSION: true
2026-08-19T12:55:01.9912933Z   CCACHE_COMPRESSION_LEVEL: 3
2026-08-19T12:55:01.9913025Z   CCACHE_DIRECT: true
2026-08-19T12:55:01.9913114Z   CCACHE_FILE_CLONE: true
2026-08-19T12:55:01.9913209Z   CCACHE_INODE_CACHE: true
2026-08-19T12:55:01.9913302Z   CCACHE_IS_KERNEL_COMPILING: true
2026-08-19T12:55:01.9913388Z   CCACHE_UMASK: 002
2026-08-19T12:55:01.9913723Z   CCACHE_SLOPPINESS: file_macro,time_macros,include_file_mtime,include_file_ctime,pch_defines,system_headers,locale
2026-08-19T12:55:01.9913812Z   ACTION_REPO: 
2026-08-19T12:55:01.9914063Z   ACTION_REF: 
2026-08-19T12:55:01.9914171Z   OP_MODEL: OP-ACE-3-PRO-6.1.75
2026-08-19T12:55:01.9914255Z   OP_SOC: pineapple
2026-08-19T12:55:01.9914348Z   OP_BRANCH: wild/sm8650
2026-08-19T12:55:01.9914459Z   OP_MANIFEST: oneplus_ace3_pro_6.1.75_v.xml
2026-08-19T12:55:01.9914557Z   OP_ANDROID_VERSION: android14
2026-08-19T12:55:01.9914641Z   OP_KERNEL_VERSION: 6.1
2026-08-19T12:55:01.9914730Z   OP_OS_VERSION: A15
2026-08-19T12:55:01.9914808Z   OP_LTO: thin
2026-08-19T12:55:01.9914903Z   OP_ZYC_COMPILER: 
2026-08-19T12:55:01.9915132Z   OP_C_COMPILER: kernel_platform/prebuilts/clang/host/linux-x86/clang-r487747c/bin
2026-08-19T12:55:01.9915225Z   OP_RUST_COMPILER: 
2026-08-19T12:55:01.9915305Z   OP_BINDGEN: 
2026-08-19T12:55:01.9915397Z   OP_RUST_BUILD: false
2026-08-19T12:55:01.9915481Z   OP_DISK_CLEANUP: false
2026-08-19T12:55:01.9915567Z   OP_HMBIRD: false
2026-08-19T12:55:01.9915652Z   OP_SUSFS: true
2026-08-19T12:55:01.9915732Z   OP_OPT: true
2026-08-19T12:55:01.9915814Z   OP_DS: true
2026-08-19T12:55:01.9915895Z   OP_BBG: true
2026-08-19T12:55:01.9915977Z   OP_BBR: true
2026-08-19T12:55:01.9916057Z   OP_BBR3: true
2026-08-19T12:55:01.9916138Z   OP_TTL: true
2026-08-19T12:55:01.9916218Z   OP_IP_SET: true
2026-08-19T12:55:01.9916303Z   OP_UNICODE: true
2026-08-19T12:55:01.9916384Z   OP_NTSYNC: true
2026-08-19T12:55:01.9918124Z   OP_BLACKLIST_MODULES: kernelsu,oplus_security_guard,oplus_qr_scan,oplus_score,oplus_vip_task,oplus_dns_cache,oplus_network_linkpower_module,oplus_data_module,oplus_secure_harden,oplus_security_keventupload,oplus_secure_guard_new,oplus_secure_guard,coresight_tpda,coresight_tgu,coresight_trace_noc,coresight_cti,coresight_qmi,coresight_dummy,coresight_remote_etm,coresight_tpdm,coresight_uetm,coresight_stm,coresight_tmc_sec,f_fs_ipc_log,qcom_iommu_debug,qti_battery_debug,rdbg,stm_heartbeat,stm_p_ost,stm_core,stm_ftrace,stm_console,spmi_pmic_arb_debug
2026-08-19T12:55:01.9918337Z   OP_UNAME: OP-WILD
2026-08-19T12:55:01.9918435Z   CONFIG: OP-ACE-3-PRO-6.1.75
2026-08-19T12:55:01.9918532Z   REPO: /usr/local/bin/repo
2026-08-19T12:55:01.9918927Z   CONFIG_FOLDER: /home/runner/work/OnePlus_KernelSU_SUSFS/OnePlus_KernelSU_SUSFS/OP-ACE-3-PRO-6.1.75
2026-08-19T12:55:01.9919259Z   ARTIFACTS_FOLDER: /home/runner/work/OnePlus_KernelSU_SUSFS/OnePlus_KernelSU_SUSFS/OP-ACE-3-PRO-6.1.75/artifacts
2026-08-19T12:55:01.9919614Z   KERNEL_PLATFORM_FOLDER: /home/runner/work/OnePlus_KernelSU_SUSFS/OnePlus_KernelSU_SUSFS/OP-ACE-3-PRO-6.1.75/kernel_platform
2026-08-19T12:55:01.9919981Z   COMMON_KERNEL_FOLDER: /home/runner/work/OnePlus_KernelSU_SUSFS/OnePlus_KernelSU_SUSFS/OP-ACE-3-PRO-6.1.75/kernel_platform/common
2026-08-19T12:55:01.9920351Z   MSM_KERNEL_FOLDER: /home/runner/work/OnePlus_KernelSU_SUSFS/OnePlus_KernelSU_SUSFS/OP-ACE-3-PRO-6.1.75/kernel_platform/msm-kernel
2026-08-19T12:55:01.9920650Z   AK3_FOLDER: /home/runner/work/OnePlus_KernelSU_SUSFS/OnePlus_KernelSU_SUSFS/OP-ACE-3-PRO-6.1.75/AnyKernel3
2026-08-19T12:55:01.9920943Z   DEBUG_ARTIFACTS_FOLDER: /home/runner/work/OnePlus_KernelSU_SUSFS/OnePlus_KernelSU_SUSFS/debug_artifacts
2026-08-19T12:55:01.9921214Z   KERNEL_PATCHES_FOLDER: /home/runner/work/OnePlus_KernelSU_SUSFS/OnePlus_KernelSU_SUSFS/kernel_patches
2026-08-19T12:55:01.9921453Z   SUSFS_FOLDER: /home/runner/work/OnePlus_KernelSU_SUSFS/OnePlus_KernelSU_SUSFS/susfs4ksu
2026-08-19T12:55:01.9921789Z   KSU_FOLDER: /home/runner/work/OnePlus_KernelSU_SUSFS/OnePlus_KernelSU_SUSFS/OP-ACE-3-PRO-6.1.75/kernel_platform/KernelSU
2026-08-19T12:55:01.9922147Z   KSUN_FOLDER: /home/runner/work/OnePlus_KernelSU_SUSFS/OnePlus_KernelSU_SUSFS/OP-ACE-3-PRO-6.1.75/kernel_platform/KernelSU-Next
2026-08-19T12:55:01.9922304Z   DEBUG_ZIP_NAME: debug_OP-ACE-3-PRO-6.1.75_A15.zip
2026-08-19T12:55:01.9922398Z   ANDROID_VER: android14
2026-08-19T12:55:01.9922480Z   KERNEL_VER: 6.1
2026-08-19T12:55:01.9922563Z   TKERNEL_VER: 6.1.75
2026-08-19T12:55:01.9922666Z   KERNEL_FULL_VER: android14-6.1.75
2026-08-19T12:55:01.9922771Z   SUSFS_KERNEL_BRANCH: gki-android14-6.1
2026-08-19T12:55:01.9922861Z   BUILD_USER: OnePlus
2026-08-19T12:55:01.9923078Z   BUILD_HOST: ubuntu-build
2026-08-19T12:55:01.9923584Z   CLANG_BIN_PATH: /home/runner/work/OnePlus_KernelSU_SUSFS/OnePlus_KernelSU_SUSFS/OP-ACE-3-PRO-6.1.75/kernel_platform/prebuilts/clang/host/linux-x86/clang-r487747c/bin
2026-08-19T12:55:01.9924168Z   CLANG_VERSION: Android (10087095, +pgo, +bolt, +lto, -mlgo, based on r487747c) clang version 17.0.2 (https://android.googlesource.com/toolchain/llvm-project d9f89f4d16663d5012e5c09495f3b30ece3d2362)
2026-08-19T12:55:01.9924270Z   CLANG_VERSION_SHORT: 4e90edd6
2026-08-19T12:55:01.9924782Z   LIBCLANG_PATH: /home/runner/work/OnePlus_KernelSU_SUSFS/OnePlus_KernelSU_SUSFS/OP-ACE-3-PRO-6.1.75/kernel_platform/prebuilts/clang/host/linux-x86/clang-r487747c/bin/../lib
2026-08-19T12:55:01.9924935Z   SUSFS_COMMIT_SHA: e287d59066380bf6de4396532d4a42edf4408701
2026-08-19T12:55:01.9925022Z   NEED_HOOKS: false
2026-08-19T12:55:01.9925159Z   KSU_COMMIT_SHA: 234f6e040fcbca18b16d2398e1aa225712ec99ad
2026-08-19T12:55:01.9925246Z   KSUVER: 33239
2026-08-19T12:55:01.9925328Z   SUSVER: v2.2.0
2026-08-19T12:55:01.9925417Z ##[endgroup]
2026-08-19T12:55:01.9988675Z Add Build based configs
2026-08-19T12:55:02.0007814Z ##[end-action id=build.__run_33;outcome=success;conclusion=success;duration_ms=15]
2026-08-19T12:55:02.0009748Z ##[start-action display=Add RUST build configs;id=build.__run_34]
2026-08-19T12:55:02.0012905Z ##[end-action id=build.__run_34;outcome=skipped;conclusion=skipped;duration_ms=0]
2026-08-19T12:55:02.0014474Z ##[start-action display=Save Build Metadata;id=build.save_metadata]
2026-08-19T12:55:02.0028243Z ##[group]Run set -euo pipefail
2026-08-19T12:55:02.0028381Z [36;1mset -euo pipefail[0m
2026-08-19T12:55:02.0028488Z [36;1mecho "Save Build Metadata"[0m
2026-08-19T12:55:02.0028581Z [36;1mcd "$ARTIFACTS_FOLDER"[0m
2026-08-19T12:55:02.0028759Z [36;1mecho "kernel_version=android14-6.1.75" >> "$GITHUB_OUTPUT"[0m
2026-08-19T12:55:02.0029171Z [36;1mecho "ksu_version=${KSUVER:-unknown}" >> "$GITHUB_OUTPUT"[0m
2026-08-19T12:55:02.0029303Z [36;1mecho "ksu_type=KSUN" >> "$GITHUB_OUTPUT"[0m
2026-08-19T12:55:02.0029548Z [36;1mecho "build_timestamp=${EFFECTIVE_BUILD_TIMESTAMP:-unknown}" >> "$GITHUB_OUTPUT"[0m
2026-08-19T12:55:02.0029639Z [36;1mif [ "true" = true ]; then[0m
2026-08-19T12:55:02.0029808Z [36;1m  echo "susfs_version=${SUSVER:-unknown}" >> "$GITHUB_OUTPUT"[0m
2026-08-19T12:55:02.0029886Z [36;1mfi[0m
2026-08-19T12:55:02.0067752Z shell: /usr/bin/bash --noprofile --norc -e -o pipefail {0}
2026-08-19T12:55:02.0067844Z env:
2026-08-19T12:55:02.0068084Z   CCACHE_DIR: /home/runner/work/OnePlus_KernelSU_SUSFS/OnePlus_KernelSU_SUSFS/.ccache
2026-08-19T12:55:02.0068188Z   CCACHE_MAXSIZE: 12G
2026-08-19T12:55:02.0068287Z   CCACHE_COMPILERCHECK: content
2026-08-19T12:55:02.0068511Z   CCACHE_BASEDIR: /home/runner/work/OnePlus_KernelSU_SUSFS/OnePlus_KernelSU_SUSFS
2026-08-19T12:55:02.0068601Z   CCACHE_NOHASHDIR: true
2026-08-19T12:55:02.0068709Z   CCACHE_IGNOREOPTIONS: --sysroot*
2026-08-19T12:55:02.0069044Z   CCACHE_COMPRESSION: true
2026-08-19T12:55:02.0069183Z   CCACHE_COMPRESSION_LEVEL: 3
2026-08-19T12:55:02.0069270Z   CCACHE_DIRECT: true
2026-08-19T12:55:02.0069363Z   CCACHE_FILE_CLONE: true
2026-08-19T12:55:02.0069450Z   CCACHE_INODE_CACHE: true
2026-08-19T12:55:02.0069554Z   CCACHE_IS_KERNEL_COMPILING: true
2026-08-19T12:55:02.0069642Z   CCACHE_UMASK: 002
2026-08-19T12:55:02.0069984Z   CCACHE_SLOPPINESS: file_macro,time_macros,include_file_mtime,include_file_ctime,pch_defines,system_headers,locale
2026-08-19T12:55:02.0070075Z   ACTION_REPO: 
2026-08-19T12:55:02.0070183Z   ACTION_REF: 
2026-08-19T12:55:02.0070294Z   OP_MODEL: OP-ACE-3-PRO-6.1.75
2026-08-19T12:55:02.0070381Z   OP_SOC: pineapple
2026-08-19T12:55:02.0070475Z   OP_BRANCH: wild/sm8650
2026-08-19T12:55:02.0070609Z   OP_MANIFEST: oneplus_ace3_pro_6.1.75_v.xml
2026-08-19T12:55:02.0070708Z   OP_ANDROID_VERSION: android14
2026-08-19T12:55:02.0070793Z   OP_KERNEL_VERSION: 6.1
2026-08-19T12:55:02.0070882Z   OP_OS_VERSION: A15
2026-08-19T12:55:02.0070962Z   OP_LTO: thin
2026-08-19T12:55:02.0071222Z   OP_ZYC_COMPILER: 
2026-08-19T12:55:02.0071449Z   OP_C_COMPILER: kernel_platform/prebuilts/clang/host/linux-x86/clang-r487747c/bin
2026-08-19T12:55:02.0071541Z   OP_RUST_COMPILER: 
2026-08-19T12:55:02.0071621Z   OP_BINDGEN: 
2026-08-19T12:55:02.0071713Z   OP_RUST_BUILD: false
2026-08-19T12:55:02.0071803Z   OP_DISK_CLEANUP: false
2026-08-19T12:55:02.0071891Z   OP_HMBIRD: false
2026-08-19T12:55:02.0071972Z   OP_SUSFS: true
2026-08-19T12:55:02.0072061Z   OP_OPT: true
2026-08-19T12:55:02.0072141Z   OP_DS: true
2026-08-19T12:55:02.0072233Z   OP_BBG: true
2026-08-19T12:55:02.0072313Z   OP_BBR: true
2026-08-19T12:55:02.0072401Z   OP_BBR3: true
2026-08-19T12:55:02.0072482Z   OP_TTL: true
2026-08-19T12:55:02.0072571Z   OP_IP_SET: true
2026-08-19T12:55:02.0072656Z   OP_UNICODE: true
2026-08-19T12:55:02.0072745Z   OP_NTSYNC: true
2026-08-19T12:55:02.0074476Z   OP_BLACKLIST_MODULES: kernelsu,oplus_security_guard,oplus_qr_scan,oplus_score,oplus_vip_task,oplus_dns_cache,oplus_network_linkpower_module,oplus_data_module,oplus_secure_harden,oplus_security_keventupload,oplus_secure_guard_new,oplus_secure_guard,coresight_tpda,coresight_tgu,coresight_trace_noc,coresight_cti,coresight_qmi,coresight_dummy,coresight_remote_etm,coresight_tpdm,coresight_uetm,coresight_stm,coresight_tmc_sec,f_fs_ipc_log,qcom_iommu_debug,qti_battery_debug,rdbg,stm_heartbeat,stm_p_ost,stm_core,stm_ftrace,stm_console,spmi_pmic_arb_debug
2026-08-19T12:55:02.0074564Z   OP_UNAME: OP-WILD
2026-08-19T12:55:02.0074670Z   CONFIG: OP-ACE-3-PRO-6.1.75
2026-08-19T12:55:02.0074760Z   REPO: /usr/local/bin/repo
2026-08-19T12:55:02.0075169Z   CONFIG_FOLDER: /home/runner/work/OnePlus_KernelSU_SUSFS/OnePlus_KernelSU_SUSFS/OP-ACE-3-PRO-6.1.75
2026-08-19T12:55:02.0075495Z   ARTIFACTS_FOLDER: /home/runner/work/OnePlus_KernelSU_SUSFS/OnePlus_KernelSU_SUSFS/OP-ACE-3-PRO-6.1.75/artifacts
2026-08-19T12:55:02.0075849Z   KERNEL_PLATFORM_FOLDER: /home/runner/work/OnePlus_KernelSU_SUSFS/OnePlus_KernelSU_SUSFS/OP-ACE-3-PRO-6.1.75/kernel_platform
2026-08-19T12:55:02.0076224Z   COMMON_KERNEL_FOLDER: /home/runner/work/OnePlus_KernelSU_SUSFS/OnePlus_KernelSU_SUSFS/OP-ACE-3-PRO-6.1.75/kernel_platform/common
2026-08-19T12:55:02.0076588Z   MSM_KERNEL_FOLDER: /home/runner/work/OnePlus_KernelSU_SUSFS/OnePlus_KernelSU_SUSFS/OP-ACE-3-PRO-6.1.75/kernel_platform/msm-kernel
2026-08-19T12:55:02.0076888Z   AK3_FOLDER: /home/runner/work/OnePlus_KernelSU_SUSFS/OnePlus_KernelSU_SUSFS/OP-ACE-3-PRO-6.1.75/AnyKernel3
2026-08-19T12:55:02.0077173Z   DEBUG_ARTIFACTS_FOLDER: /home/runner/work/OnePlus_KernelSU_SUSFS/OnePlus_KernelSU_SUSFS/debug_artifacts
2026-08-19T12:55:02.0077459Z   KERNEL_PATCHES_FOLDER: /home/runner/work/OnePlus_KernelSU_SUSFS/OnePlus_KernelSU_SUSFS/kernel_patches
2026-08-19T12:55:02.0077697Z   SUSFS_FOLDER: /home/runner/work/OnePlus_KernelSU_SUSFS/OnePlus_KernelSU_SUSFS/susfs4ksu
2026-08-19T12:55:02.0078034Z   KSU_FOLDER: /home/runner/work/OnePlus_KernelSU_SUSFS/OnePlus_KernelSU_SUSFS/OP-ACE-3-PRO-6.1.75/kernel_platform/KernelSU
2026-08-19T12:55:02.0078401Z   KSUN_FOLDER: /home/runner/work/OnePlus_KernelSU_SUSFS/OnePlus_KernelSU_SUSFS/OP-ACE-3-PRO-6.1.75/kernel_platform/KernelSU-Next
2026-08-19T12:55:02.0078528Z   DEBUG_ZIP_NAME: debug_OP-ACE-3-PRO-6.1.75_A15.zip
2026-08-19T12:55:02.0078624Z   ANDROID_VER: android14
2026-08-19T12:55:02.0078710Z   KERNEL_VER: 6.1
2026-08-19T12:55:02.0079131Z   TKERNEL_VER: 6.1.75
2026-08-19T12:55:02.0079245Z   KERNEL_FULL_VER: android14-6.1.75
2026-08-19T12:55:02.0079359Z   SUSFS_KERNEL_BRANCH: gki-android14-6.1
2026-08-19T12:55:02.0079443Z   BUILD_USER: OnePlus
2026-08-19T12:55:02.0079540Z   BUILD_HOST: ubuntu-build
2026-08-19T12:55:02.0080043Z   CLANG_BIN_PATH: /home/runner/work/OnePlus_KernelSU_SUSFS/OnePlus_KernelSU_SUSFS/OP-ACE-3-PRO-6.1.75/kernel_platform/prebuilts/clang/host/linux-x86/clang-r487747c/bin
2026-08-19T12:55:02.0080648Z   CLANG_VERSION: Android (10087095, +pgo, +bolt, +lto, -mlgo, based on r487747c) clang version 17.0.2 (https://android.googlesource.com/toolchain/llvm-project d9f89f4d16663d5012e5c09495f3b30ece3d2362)
2026-08-19T12:55:02.0080872Z   CLANG_VERSION_SHORT: 4e90edd6
2026-08-19T12:55:02.0081415Z   LIBCLANG_PATH: /home/runner/work/OnePlus_KernelSU_SUSFS/OnePlus_KernelSU_SUSFS/OP-ACE-3-PRO-6.1.75/kernel_platform/prebuilts/clang/host/linux-x86/clang-r487747c/bin/../lib
2026-08-19T12:55:02.0081572Z   SUSFS_COMMIT_SHA: e287d59066380bf6de4396532d4a42edf4408701
2026-08-19T12:55:02.0081654Z   NEED_HOOKS: false
2026-08-19T12:55:02.0081801Z   KSU_COMMIT_SHA: 234f6e040fcbca18b16d2398e1aa225712ec99ad
2026-08-19T12:55:02.0081889Z   KSUVER: 33239
2026-08-19T12:55:02.0081968Z   SUSVER: v2.2.0
2026-08-19T12:55:02.0082062Z ##[endgroup]
2026-08-19T12:55:02.0144027Z Save Build Metadata
2026-08-19T12:55:02.0154032Z ##[end-action id=build.save_metadata;outcome=success;conclusion=success;duration_ms=13]
2026-08-19T12:55:02.0156375Z ##[start-action display=Customize Kernel Branding;id=build.__run_35]
2026-08-19T12:55:02.0175972Z ##[group]Run set -euo pipefail
2026-08-19T12:55:02.0176144Z [36;1mset -euo pipefail[0m
2026-08-19T12:55:02.0176316Z [36;1mecho "Customize Kernel Branding"[0m
2026-08-19T12:55:02.0176471Z [36;1mcd "$COMMON_KERNEL_FOLDER"[0m
2026-08-19T12:55:02.0176603Z [36;1mmkdir -p out[0m
2026-08-19T12:55:02.0176854Z [36;1mCUSTOM_LOCALVERSION="-${ANDROID_VER}-${OP_UNAME}"[0m
2026-08-19T12:55:02.0177147Z [36;1mecho "CUSTOM_LOCALVERSION=$CUSTOM_LOCALVERSION" >> "$GITHUB_ENV"[0m
2026-08-19T12:55:02.0230522Z shell: /usr/bin/bash --noprofile --norc -e -o pipefail {0}
2026-08-19T12:55:02.0230652Z env:
2026-08-19T12:55:02.0231036Z   CCACHE_DIR: /home/runner/work/OnePlus_KernelSU_SUSFS/OnePlus_KernelSU_SUSFS/.ccache
2026-08-19T12:55:02.0231455Z   CCACHE_MAXSIZE: 12G
2026-08-19T12:55:02.0231601Z   CCACHE_COMPILERCHECK: content
2026-08-19T12:55:02.0231960Z   CCACHE_BASEDIR: /home/runner/work/OnePlus_KernelSU_SUSFS/OnePlus_KernelSU_SUSFS
2026-08-19T12:55:02.0232093Z   CCACHE_NOHASHDIR: true
2026-08-19T12:55:02.0232257Z   CCACHE_IGNOREOPTIONS: --sysroot*
2026-08-19T12:55:02.0232400Z   CCACHE_COMPRESSION: true
2026-08-19T12:55:02.0232560Z   CCACHE_COMPRESSION_LEVEL: 3
2026-08-19T12:55:02.0232687Z   CCACHE_DIRECT: true
2026-08-19T12:55:02.0232831Z   CCACHE_FILE_CLONE: true
2026-08-19T12:55:02.0232964Z   CCACHE_INODE_CACHE: true
2026-08-19T12:55:02.0233119Z   CCACHE_IS_KERNEL_COMPILING: true
2026-08-19T12:55:02.0233253Z   CCACHE_UMASK: 002
2026-08-19T12:55:02.0233827Z   CCACHE_SLOPPINESS: file_macro,time_macros,include_file_mtime,include_file_ctime,pch_defines,system_headers,locale
2026-08-19T12:55:02.0233966Z   ACTION_REPO: 
2026-08-19T12:55:02.0234092Z   ACTION_REF: 
2026-08-19T12:55:02.0234264Z   OP_MODEL: OP-ACE-3-PRO-6.1.75
2026-08-19T12:55:02.0234397Z   OP_SOC: pineapple
2026-08-19T12:55:02.0234542Z   OP_BRANCH: wild/sm8650
2026-08-19T12:55:02.0234719Z   OP_MANIFEST: oneplus_ace3_pro_6.1.75_v.xml
2026-08-19T12:55:02.0234872Z   OP_ANDROID_VERSION: android14
2026-08-19T12:55:02.0235003Z   OP_KERNEL_VERSION: 6.1
2026-08-19T12:55:02.0235138Z   OP_OS_VERSION: A15
2026-08-19T12:55:02.0235259Z   OP_LTO: thin
2026-08-19T12:55:02.0235400Z   OP_ZYC_COMPILER: 
2026-08-19T12:55:02.0235773Z   OP_C_COMPILER: kernel_platform/prebuilts/clang/host/linux-x86/clang-r487747c/bin
2026-08-19T12:55:02.0235911Z   OP_RUST_COMPILER: 
2026-08-19T12:55:02.0236031Z   OP_BINDGEN: 
2026-08-19T12:55:02.0236167Z   OP_RUST_BUILD: false
2026-08-19T12:55:02.0236299Z   OP_DISK_CLEANUP: false
2026-08-19T12:55:02.0236433Z   OP_HMBIRD: false
2026-08-19T12:55:02.0236552Z   OP_SUSFS: true
2026-08-19T12:55:02.0236683Z   OP_OPT: true
2026-08-19T12:55:02.0236800Z   OP_DS: true
2026-08-19T12:55:02.0236931Z   OP_BBG: true
2026-08-19T12:55:02.0237055Z   OP_BBR: true
2026-08-19T12:55:02.0237184Z   OP_BBR3: true
2026-08-19T12:55:02.0237301Z   OP_TTL: true
2026-08-19T12:55:02.0237432Z   OP_IP_SET: true
2026-08-19T12:55:02.0237556Z   OP_UNICODE: true
2026-08-19T12:55:02.0237685Z   OP_NTSYNC: true
2026-08-19T12:55:02.0241197Z   OP_BLACKLIST_MODULES: kernelsu,oplus_security_guard,oplus_qr_scan,oplus_score,oplus_vip_task,oplus_dns_cache,oplus_network_linkpower_module,oplus_data_module,oplus_secure_harden,oplus_security_keventupload,oplus_secure_guard_new,oplus_secure_guard,coresight_tpda,coresight_tgu,coresight_trace_noc,coresight_cti,coresight_qmi,coresight_dummy,coresight_remote_etm,coresight_tpdm,coresight_uetm,coresight_stm,coresight_tmc_sec,f_fs_ipc_log,qcom_iommu_debug,qti_battery_debug,rdbg,stm_heartbeat,stm_p_ost,stm_core,stm_ftrace,stm_console,spmi_pmic_arb_debug
2026-08-19T12:55:02.0241357Z   OP_UNAME: OP-WILD
2026-08-19T12:55:02.0241518Z   CONFIG: OP-ACE-3-PRO-6.1.75
2026-08-19T12:55:02.0241653Z   REPO: /usr/local/bin/repo
2026-08-19T12:55:02.0242140Z   CONFIG_FOLDER: /home/runner/work/OnePlus_KernelSU_SUSFS/OnePlus_KernelSU_SUSFS/OP-ACE-3-PRO-6.1.75
2026-08-19T12:55:02.0242669Z   ARTIFACTS_FOLDER: /home/runner/work/OnePlus_KernelSU_SUSFS/OnePlus_KernelSU_SUSFS/OP-ACE-3-PRO-6.1.75/artifacts
2026-08-19T12:55:02.0243281Z   KERNEL_PLATFORM_FOLDER: /home/runner/work/OnePlus_KernelSU_SUSFS/OnePlus_KernelSU_SUSFS/OP-ACE-3-PRO-6.1.75/kernel_platform
2026-08-19T12:55:02.0243912Z   COMMON_KERNEL_FOLDER: /home/runner/work/OnePlus_KernelSU_SUSFS/OnePlus_KernelSU_SUSFS/OP-ACE-3-PRO-6.1.75/kernel_platform/common
2026-08-19T12:55:02.0244530Z   MSM_KERNEL_FOLDER: /home/runner/work/OnePlus_KernelSU_SUSFS/OnePlus_KernelSU_SUSFS/OP-ACE-3-PRO-6.1.75/kernel_platform/msm-kernel
2026-08-19T12:55:02.0245033Z   AK3_FOLDER: /home/runner/work/OnePlus_KernelSU_SUSFS/OnePlus_KernelSU_SUSFS/OP-ACE-3-PRO-6.1.75/AnyKernel3
2026-08-19T12:55:02.0245516Z   DEBUG_ARTIFACTS_FOLDER: /home/runner/work/OnePlus_KernelSU_SUSFS/OnePlus_KernelSU_SUSFS/debug_artifacts
2026-08-19T12:55:02.0246275Z   KERNEL_PATCHES_FOLDER: /home/runner/work/OnePlus_KernelSU_SUSFS/OnePlus_KernelSU_SUSFS/kernel_patches
2026-08-19T12:55:02.0246660Z   SUSFS_FOLDER: /home/runner/work/OnePlus_KernelSU_SUSFS/OnePlus_KernelSU_SUSFS/susfs4ksu
2026-08-19T12:55:02.0247232Z   KSU_FOLDER: /home/runner/work/OnePlus_KernelSU_SUSFS/OnePlus_KernelSU_SUSFS/OP-ACE-3-PRO-6.1.75/kernel_platform/KernelSU
2026-08-19T12:55:02.0247859Z   KSUN_FOLDER: /home/runner/work/OnePlus_KernelSU_SUSFS/OnePlus_KernelSU_SUSFS/OP-ACE-3-PRO-6.1.75/kernel_platform/KernelSU-Next
2026-08-19T12:55:02.0248053Z   DEBUG_ZIP_NAME: debug_OP-ACE-3-PRO-6.1.75_A15.zip
2026-08-19T12:55:02.0248200Z   ANDROID_VER: android14
2026-08-19T12:55:02.0248324Z   KERNEL_VER: 6.1
2026-08-19T12:55:02.0248462Z   TKERNEL_VER: 6.1.75
2026-08-19T12:55:02.0248610Z   KERNEL_FULL_VER: android14-6.1.75
2026-08-19T12:55:02.0249027Z   SUSFS_KERNEL_BRANCH: gki-android14-6.1
2026-08-19T12:55:02.0249159Z   BUILD_USER: OnePlus
2026-08-19T12:55:02.0249303Z   BUILD_HOST: ubuntu-build
2026-08-19T12:55:02.0250152Z   CLANG_BIN_PATH: /home/runner/work/OnePlus_KernelSU_SUSFS/OnePlus_KernelSU_SUSFS/OP-ACE-3-PRO-6.1.75/kernel_platform/prebuilts/clang/host/linux-x86/clang-r487747c/bin
2026-08-19T12:55:02.0251167Z   CLANG_VERSION: Android (10087095, +pgo, +bolt, +lto, -mlgo, based on r487747c) clang version 17.0.2 (https://android.googlesource.com/toolchain/llvm-project d9f89f4d16663d5012e5c09495f3b30ece3d2362)
2026-08-19T12:55:02.0251324Z   CLANG_VERSION_SHORT: 4e90edd6
2026-08-19T12:55:02.0252200Z   LIBCLANG_PATH: /home/runner/work/OnePlus_KernelSU_SUSFS/OnePlus_KernelSU_SUSFS/OP-ACE-3-PRO-6.1.75/kernel_platform/prebuilts/clang/host/linux-x86/clang-r487747c/bin/../lib
2026-08-19T12:55:02.0252438Z   SUSFS_COMMIT_SHA: e287d59066380bf6de4396532d4a42edf4408701
2026-08-19T12:55:02.0252568Z   NEED_HOOKS: false
2026-08-19T12:55:02.0252799Z   KSU_COMMIT_SHA: 234f6e040fcbca18b16d2398e1aa225712ec99ad
2026-08-19T12:55:02.0252921Z   KSUVER: 33239
2026-08-19T12:55:02.0253049Z   SUSVER: v2.2.0
2026-08-19T12:55:02.0253175Z ##[endgroup]
2026-08-19T12:55:02.0336038Z Customize Kernel Branding
2026-08-19T12:55:02.0357862Z ##[end-action id=build.__run_35;outcome=success;conclusion=success;duration_ms=20]
2026-08-19T12:55:02.0359735Z ##[start-action display=Disable GPUEB;id=build.__run_36]
2026-08-19T12:55:02.0364694Z ##[end-action id=build.__run_36;outcome=skipped;conclusion=skipped;duration_ms=0]
2026-08-19T12:55:02.0366456Z ##[start-action display=Apply Fake config.gz patch;id=build.__run_37]
2026-08-19T12:55:02.0383171Z ##[group]Run set -euo pipefail
2026-08-19T12:55:02.0383468Z [36;1mset -euo pipefail[0m
2026-08-19T12:55:02.0383750Z [36;1mecho "Apply Fake config.gz patch"[0m
2026-08-19T12:55:02.0384051Z [36;1mcd "$COMMON_KERNEL_FOLDER"[0m
2026-08-19T12:55:02.0384412Z [36;1mpatch -p1 < "$KERNEL_PATCHES_FOLDER/common/fake_config.patch"[0m
2026-08-19T12:55:02.0384761Z [36;1m[0m
2026-08-19T12:55:02.0384961Z [36;1mOPTIONS=()[0m
2026-08-19T12:55:02.0385180Z [36;1m[0m
2026-08-19T12:55:02.0385430Z [36;1mif [ "$OP_BBR" = "true" ] || [ "$OP_BBR3" = "true" ]; then[0m
2026-08-19T12:55:02.0385799Z [36;1m  OPTIONS+=("CONFIG_TCP_CONG_ADVANCED")[0m
2026-08-19T12:55:02.0386084Z [36;1mfi[0m
2026-08-19T12:55:02.0386269Z [36;1m[0m
2026-08-19T12:55:02.0386474Z [36;1mif [ "$OP_IP_SET" = "true" ]; then[0m
2026-08-19T12:55:02.0386759Z [36;1m  OPTIONS+=("CONFIG_IP6_NF_NAT")[0m
2026-08-19T12:55:02.0387021Z [36;1mfi[0m
2026-08-19T12:55:02.0387204Z [36;1m[0m
2026-08-19T12:55:02.0387409Z [36;1mCONFIG_STRING="${OPTIONS[*]}"[0m
2026-08-19T12:55:02.0387750Z [36;1mecho "CONFIG_FAKE_DISABLE=${CONFIG_STRING}" >> $GITHUB_ENV[0m
2026-08-19T12:55:02.0426983Z shell: /usr/bin/bash --noprofile --norc -e -o pipefail {0}
2026-08-19T12:55:02.0427328Z env:
2026-08-19T12:55:02.0427673Z   CCACHE_DIR: /home/runner/work/OnePlus_KernelSU_SUSFS/OnePlus_KernelSU_SUSFS/.ccache
2026-08-19T12:55:02.0428090Z   CCACHE_MAXSIZE: 12G
2026-08-19T12:55:02.0428329Z   CCACHE_COMPILERCHECK: content
2026-08-19T12:55:02.0428702Z   CCACHE_BASEDIR: /home/runner/work/OnePlus_KernelSU_SUSFS/OnePlus_KernelSU_SUSFS
2026-08-19T12:55:02.0429441Z   CCACHE_NOHASHDIR: true
2026-08-19T12:55:02.0429680Z   CCACHE_IGNOREOPTIONS: --sysroot*
2026-08-19T12:55:02.0429938Z   CCACHE_COMPRESSION: true
2026-08-19T12:55:02.0430173Z   CCACHE_COMPRESSION_LEVEL: 3
2026-08-19T12:55:02.0430405Z   CCACHE_DIRECT: true
2026-08-19T12:55:02.0430620Z   CCACHE_FILE_CLONE: true
2026-08-19T12:55:02.0430844Z   CCACHE_INODE_CACHE: true
2026-08-19T12:55:02.0431077Z   CCACHE_IS_KERNEL_COMPILING: true
2026-08-19T12:55:02.0431317Z   CCACHE_UMASK: 002
2026-08-19T12:55:02.0431768Z   CCACHE_SLOPPINESS: file_macro,time_macros,include_file_mtime,include_file_ctime,pch_defines,system_headers,locale
2026-08-19T12:55:02.0432278Z   ACTION_REPO: 
2026-08-19T12:55:02.0432482Z   ACTION_REF: 
2026-08-19T12:55:02.0432701Z   OP_MODEL: OP-ACE-3-PRO-6.1.75
2026-08-19T12:55:02.0432941Z   OP_SOC: pineapple
2026-08-19T12:55:02.0433146Z   OP_BRANCH: wild/sm8650
2026-08-19T12:55:02.0433398Z   OP_MANIFEST: oneplus_ace3_pro_6.1.75_v.xml
2026-08-19T12:55:02.0433683Z   OP_ANDROID_VERSION: android14
2026-08-19T12:55:02.0433918Z   OP_KERNEL_VERSION: 6.1
2026-08-19T12:55:02.0434132Z   OP_OS_VERSION: A15
2026-08-19T12:55:02.0434338Z   OP_LTO: thin
2026-08-19T12:55:02.0434532Z   OP_ZYC_COMPILER: 
2026-08-19T12:55:02.0434881Z   OP_C_COMPILER: kernel_platform/prebuilts/clang/host/linux-x86/clang-r487747c/bin
2026-08-19T12:55:02.0435291Z   OP_RUST_COMPILER: 
2026-08-19T12:55:02.0435504Z   OP_BINDGEN: 
2026-08-19T12:55:02.0435699Z   OP_RUST_BUILD: false
2026-08-19T12:55:02.0435915Z   OP_DISK_CLEANUP: false
2026-08-19T12:55:02.0436152Z   OP_HMBIRD: false
2026-08-19T12:55:02.0436353Z   OP_SUSFS: true
2026-08-19T12:55:02.0436549Z   OP_OPT: true
2026-08-19T12:55:02.0436735Z   OP_DS: true
2026-08-19T12:55:02.0436922Z   OP_BBG: true
2026-08-19T12:55:02.0437116Z   OP_BBR: true
2026-08-19T12:55:02.0437303Z   OP_BBR3: true
2026-08-19T12:55:02.0437492Z   OP_TTL: true
2026-08-19T12:55:02.0437678Z   OP_IP_SET: true
2026-08-19T12:55:02.0437879Z   OP_UNICODE: true
2026-08-19T12:55:02.0438079Z   OP_NTSYNC: true
2026-08-19T12:55:02.0440302Z   OP_BLACKLIST_MODULES: kernelsu,oplus_security_guard,oplus_qr_scan,oplus_score,oplus_vip_task,oplus_dns_cache,oplus_network_linkpower_module,oplus_data_module,oplus_secure_harden,oplus_security_keventupload,oplus_secure_guard_new,oplus_secure_guard,coresight_tpda,coresight_tgu,coresight_trace_noc,coresight_cti,coresight_qmi,coresight_dummy,coresight_remote_etm,coresight_tpdm,coresight_uetm,coresight_stm,coresight_tmc_sec,f_fs_ipc_log,qcom_iommu_debug,qti_battery_debug,rdbg,stm_heartbeat,stm_p_ost,stm_core,stm_ftrace,stm_console,spmi_pmic_arb_debug
2026-08-19T12:55:02.0442193Z   OP_UNAME: OP-WILD
2026-08-19T12:55:02.0442417Z   CONFIG: OP-ACE-3-PRO-6.1.75
2026-08-19T12:55:02.0442666Z   REPO: /usr/local/bin/repo
2026-08-19T12:55:02.0443101Z   CONFIG_FOLDER: /home/runner/work/OnePlus_KernelSU_SUSFS/OnePlus_KernelSU_SUSFS/OP-ACE-3-PRO-6.1.75
2026-08-19T12:55:02.0443788Z   ARTIFACTS_FOLDER: /home/runner/work/OnePlus_KernelSU_SUSFS/OnePlus_KernelSU_SUSFS/OP-ACE-3-PRO-6.1.75/artifacts
2026-08-19T12:55:02.0444554Z   KERNEL_PLATFORM_FOLDER: /home/runner/work/OnePlus_KernelSU_SUSFS/OnePlus_KernelSU_SUSFS/OP-ACE-3-PRO-6.1.75/kernel_platform
2026-08-19T12:55:02.0445368Z   COMMON_KERNEL_FOLDER: /home/runner/work/OnePlus_KernelSU_SUSFS/OnePlus_KernelSU_SUSFS/OP-ACE-3-PRO-6.1.75/kernel_platform/common
2026-08-19T12:55:02.0446193Z   MSM_KERNEL_FOLDER: /home/runner/work/OnePlus_KernelSU_SUSFS/OnePlus_KernelSU_SUSFS/OP-ACE-3-PRO-6.1.75/kernel_platform/msm-kernel
2026-08-19T12:55:02.0446942Z   AK3_FOLDER: /home/runner/work/OnePlus_KernelSU_SUSFS/OnePlus_KernelSU_SUSFS/OP-ACE-3-PRO-6.1.75/AnyKernel3
2026-08-19T12:55:02.0447612Z   DEBUG_ARTIFACTS_FOLDER: /home/runner/work/OnePlus_KernelSU_SUSFS/OnePlus_KernelSU_SUSFS/debug_artifacts
2026-08-19T12:55:02.0448256Z   KERNEL_PATCHES_FOLDER: /home/runner/work/OnePlus_KernelSU_SUSFS/OnePlus_KernelSU_SUSFS/kernel_patches
2026-08-19T12:55:02.0449218Z   SUSFS_FOLDER: /home/runner/work/OnePlus_KernelSU_SUSFS/OnePlus_KernelSU_SUSFS/susfs4ksu
2026-08-19T12:55:02.0450019Z   KSU_FOLDER: /home/runner/work/OnePlus_KernelSU_SUSFS/OnePlus_KernelSU_SUSFS/OP-ACE-3-PRO-6.1.75/kernel_platform/KernelSU
2026-08-19T12:55:02.0450807Z   KSUN_FOLDER: /home/runner/work/OnePlus_KernelSU_SUSFS/OnePlus_KernelSU_SUSFS/OP-ACE-3-PRO-6.1.75/kernel_platform/KernelSU-Next
2026-08-19T12:55:02.0451377Z   DEBUG_ZIP_NAME: debug_OP-ACE-3-PRO-6.1.75_A15.zip
2026-08-19T12:55:02.0451683Z   ANDROID_VER: android14
2026-08-19T12:55:02.0451905Z   KERNEL_VER: 6.1
2026-08-19T12:55:02.0452112Z   TKERNEL_VER: 6.1.75
2026-08-19T12:55:02.0452342Z   KERNEL_FULL_VER: android14-6.1.75
2026-08-19T12:55:02.0452618Z   SUSFS_KERNEL_BRANCH: gki-android14-6.1
2026-08-19T12:55:02.0452884Z   BUILD_USER: OnePlus
2026-08-19T12:55:02.0453101Z   BUILD_HOST: ubuntu-build
2026-08-19T12:55:02.0453737Z   CLANG_BIN_PATH: /home/runner/work/OnePlus_KernelSU_SUSFS/OnePlus_KernelSU_SUSFS/OP-ACE-3-PRO-6.1.75/kernel_platform/prebuilts/clang/host/linux-x86/clang-r487747c/bin
2026-08-19T12:55:02.0454901Z   CLANG_VERSION: Android (10087095, +pgo, +bolt, +lto, -mlgo, based on r487747c) clang version 17.0.2 (https://android.googlesource.com/toolchain/llvm-project d9f89f4d16663d5012e5c09495f3b30ece3d2362)
2026-08-19T12:55:02.0455644Z   CLANG_VERSION_SHORT: 4e90edd6
2026-08-19T12:55:02.0456312Z   LIBCLANG_PATH: /home/runner/work/OnePlus_KernelSU_SUSFS/OnePlus_KernelSU_SUSFS/OP-ACE-3-PRO-6.1.75/kernel_platform/prebuilts/clang/host/linux-x86/clang-r487747c/bin/../lib
2026-08-19T12:55:02.0457048Z   SUSFS_COMMIT_SHA: e287d59066380bf6de4396532d4a42edf4408701
2026-08-19T12:55:02.0457359Z   NEED_HOOKS: false
2026-08-19T12:55:02.0457615Z   KSU_COMMIT_SHA: 234f6e040fcbca18b16d2398e1aa225712ec99ad
2026-08-19T12:55:02.0457916Z   KSUVER: 33239
2026-08-19T12:55:02.0458115Z   SUSVER: v2.2.0
2026-08-19T12:55:02.0458345Z   CUSTOM_LOCALVERSION: -android14-OP-WILD
2026-08-19T12:55:02.0458618Z ##[endgroup]
2026-08-19T12:55:02.0520966Z Apply Fake config.gz patch
2026-08-19T12:55:02.0531464Z patching file kernel/Makefile
2026-08-19T12:55:02.0531950Z Hunk #1 succeeded at 145 (offset -6 lines).
2026-08-19T12:55:02.0532403Z Hunk #2 succeeded at 154 (offset -6 lines).
2026-08-19T12:55:02.0542569Z ##[end-action id=build.__run_37;outcome=success;conclusion=success;duration_ms=17]
2026-08-19T12:55:02.0544495Z ##[start-action display=Disable Vendor / Kernel Modules;id=build.__run_38]
2026-08-19T12:55:02.0559500Z ##[group]Run set -euo pipefail
2026-08-19T12:55:02.0559947Z [36;1mset -euo pipefail[0m
2026-08-19T12:55:02.0560230Z [36;1mecho "Disabling Vendor / Kernel Modules"[0m
2026-08-19T12:55:02.0560540Z [36;1mcd "$COMMON_KERNEL_FOLDER"[0m
2026-08-19T12:55:02.0560791Z [36;1m[0m
2026-08-19T12:55:02.0561039Z [36;1m# Define modules that MUST NEVER be blacklisted[0m
2026-08-19T12:55:02.0561758Z [36;1mRISKY_MODULES=("coresight" "rust_binder" "msm_kgsl" "camera" "oplusboot" "rmnet_wlan" "rmnet_core" "msm_drm" "cnss2" "oplus_chg_v2" "reboot_mode" "rfkill" "bootloader_log")[0m
2026-08-19T12:55:02.0562413Z [36;1m[0m
2026-08-19T12:55:02.0562634Z [36;1mdeclare -a modules=()[0m
2026-08-19T12:55:02.0562955Z [36;1mIFS=',' read -ra ADDR <<< "$OP_BLACKLIST_MODULES"[0m
2026-08-19T12:55:02.0563280Z [36;1mfor mod in "${ADDR[@]}"; do[0m
2026-08-19T12:55:02.0563559Z [36;1m  [[ -n "$mod" ]] && modules+=("$mod")[0m
2026-08-19T12:55:02.0563841Z [36;1mdone[0m
2026-08-19T12:55:02.0564030Z [36;1m[0m
2026-08-19T12:55:02.0564280Z [36;1mif [ "$OP_BBR" = "true" ] || [ "$OP_BBR3" = "true" ]; then[0m
2026-08-19T12:55:02.0564678Z [36;1m  if [[ ! " ${modules[*]} " =~ " oplus_network_tuning " ]]; then[0m
2026-08-19T12:55:02.0565032Z [36;1m    modules+=("oplus_network_tuning")[0m
2026-08-19T12:55:02.0565308Z [36;1m  fi[0m
2026-08-19T12:55:02.0565568Z [36;1m  if [[ ! " ${modules[*]} " =~ " oplus_networks_tuning " ]]; then[0m
2026-08-19T12:55:02.0565921Z [36;1m    modules+=("oplus_networks_tuning")[0m
2026-08-19T12:55:02.0566191Z [36;1m  fi[0m
2026-08-19T12:55:02.0566374Z [36;1mfi[0m
2026-08-19T12:55:02.0566560Z [36;1m[0m
2026-08-19T12:55:02.0566940Z [36;1m# Safety Validation Loop (Filter out risky modules)[0m
2026-08-19T12:55:02.0567276Z [36;1mdeclare -a validated_modules=()[0m
2026-08-19T12:55:02.0567564Z [36;1mfor mod in "${modules[@]}"; do[0m
2026-08-19T12:55:02.0567834Z [36;1m  is_risky=false[0m
2026-08-19T12:55:02.0568054Z [36;1m  [0m
2026-08-19T12:55:02.0568304Z [36;1m  # Check if current module matches any risky module[0m
2026-08-19T12:55:02.0568649Z [36;1m  for risky in "${RISKY_MODULES[@]}"; do[0m
2026-08-19T12:55:02.0569110Z [36;1m    if [ "$mod" = "$risky" ]; then[0m
2026-08-19T12:55:02.0569383Z [36;1m      is_risky=true[0m
2026-08-19T12:55:02.0569756Z [36;1m      echo "⚠️ WARNING: Blocked attempt to blacklist protected module: $mod"[0m
2026-08-19T12:55:02.0570174Z [36;1m      break[0m
2026-08-19T12:55:02.0570385Z [36;1m    fi[0m
2026-08-19T12:55:02.0570575Z [36;1m  done[0m
2026-08-19T12:55:02.0570763Z [36;1m  [0m
2026-08-19T12:55:02.0570979Z [36;1m  # Only keep the module if it's safe[0m
2026-08-19T12:55:02.0571284Z [36;1m  if [ "$is_risky" = false ]; then[0m
2026-08-19T12:55:02.0571561Z [36;1m    validated_modules+=("$mod")[0m
2026-08-19T12:55:02.0571811Z [36;1m  fi[0m
2026-08-19T12:55:02.0572000Z [36;1mdone[0m
2026-08-19T12:55:02.0572182Z [36;1m[0m
2026-08-19T12:55:02.0572407Z [36;1mif [ ${#validated_modules[@]} -gt 0 ]; then[0m
2026-08-19T12:55:02.0572751Z [36;1m  RAW_JOINED=$(IFS=,; echo "${validated_modules[*]}")[0m
2026-08-19T12:55:02.0573088Z [36;1m  RESULT_LIST="\"${RAW_JOINED}\""[0m
2026-08-19T12:55:02.0573351Z [36;1melse[0m
2026-08-19T12:55:02.0573549Z [36;1m  RESULT_LIST='""'[0m
2026-08-19T12:55:02.0573862Z [36;1mfi[0m
2026-08-19T12:55:02.0574127Z [36;1m[0m
2026-08-19T12:55:02.0574552Z [36;1mecho "Disabling following kernel modules: ${RESULT_LIST}"[0m
2026-08-19T12:55:02.0574973Z [36;1m[0m
2026-08-19T12:55:02.0575479Z [36;1mecho "CONFIG_DEBLOAT_VENDOR_MODULES=${RESULT_LIST}" >> "$COMMON_KERNEL_FOLDER/arch/arm64/configs/gki_defconfig"[0m
2026-08-19T12:55:02.0576067Z [36;1m[0m
2026-08-19T12:55:02.0576263Z [36;1mKERNEL_VERSION="6.1"[0m
2026-08-19T12:55:02.0576596Z [36;1mMIN_VERSION="5.16"[0m
2026-08-19T12:55:02.0577037Z [36;1mif [ "$(printf '%s\n' "$KERNEL_VERSION" "$MIN_VERSION" | sort -V | head -n1)" = "$KERNEL_VERSION" ]; then[0m
2026-08-19T12:55:02.0577866Z [36;1m  patch -p1 < "$KERNEL_PATCHES_FOLDER/common/vendor_modules/0001-Support-conditional-vendor-modules-blacklisting-5.15-and-below.patch"[0m
2026-08-19T12:55:02.0578735Z [36;1melse[0m
2026-08-19T12:55:02.0579530Z [36;1m  patch -p1 < "$KERNEL_PATCHES_FOLDER/common/vendor_modules/0001-Support-conditional-vendor-modules-blacklisting-6.1-and-above.patch"[0m
2026-08-19T12:55:02.0580139Z [36;1mfi[0m
2026-08-19T12:55:02.0617965Z shell: /usr/bin/bash --noprofile --norc -e -o pipefail {0}
2026-08-19T12:55:02.0618302Z env:
2026-08-19T12:55:02.0618645Z   CCACHE_DIR: /home/runner/work/OnePlus_KernelSU_SUSFS/OnePlus_KernelSU_SUSFS/.ccache
2026-08-19T12:55:02.0619271Z   CCACHE_MAXSIZE: 12G
2026-08-19T12:55:02.0619512Z   CCACHE_COMPILERCHECK: content
2026-08-19T12:55:02.0619892Z   CCACHE_BASEDIR: /home/runner/work/OnePlus_KernelSU_SUSFS/OnePlus_KernelSU_SUSFS
2026-08-19T12:55:02.0620287Z   CCACHE_NOHASHDIR: true
2026-08-19T12:55:02.0620535Z   CCACHE_IGNOREOPTIONS: --sysroot*
2026-08-19T12:55:02.0620795Z   CCACHE_COMPRESSION: true
2026-08-19T12:55:02.0621029Z   CCACHE_COMPRESSION_LEVEL: 3
2026-08-19T12:55:02.0621262Z   CCACHE_DIRECT: true
2026-08-19T12:55:02.0621484Z   CCACHE_FILE_CLONE: true
2026-08-19T12:55:02.0621726Z   CCACHE_INODE_CACHE: true
2026-08-19T12:55:02.0621969Z   CCACHE_IS_KERNEL_COMPILING: true
2026-08-19T12:55:02.0622219Z   CCACHE_UMASK: 002
2026-08-19T12:55:02.0622676Z   CCACHE_SLOPPINESS: file_macro,time_macros,include_file_mtime,include_file_ctime,pch_defines,system_headers,locale
2026-08-19T12:55:02.0623176Z   ACTION_REPO: 
2026-08-19T12:55:02.0638290Z   ACTION_REF: 
2026-08-19T12:55:02.0638617Z   OP_MODEL: OP-ACE-3-PRO-6.1.75
2026-08-19T12:55:02.0639136Z   OP_SOC: pineapple
2026-08-19T12:55:02.0639576Z   OP_BRANCH: wild/sm8650
2026-08-19T12:55:02.0639832Z   OP_MANIFEST: oneplus_ace3_pro_6.1.75_v.xml
2026-08-19T12:55:02.0640125Z   OP_ANDROID_VERSION: android14
2026-08-19T12:55:02.0640360Z   OP_KERNEL_VERSION: 6.1
2026-08-19T12:55:02.0640574Z   OP_OS_VERSION: A15
2026-08-19T12:55:02.0640778Z   OP_LTO: thin
2026-08-19T12:55:02.0640972Z   OP_ZYC_COMPILER: 
2026-08-19T12:55:02.0641333Z   OP_C_COMPILER: kernel_platform/prebuilts/clang/host/linux-x86/clang-r487747c/bin
2026-08-19T12:55:02.0641739Z   OP_RUST_COMPILER: 
2026-08-19T12:55:02.0641946Z   OP_BINDGEN: 
2026-08-19T12:55:02.0642144Z   OP_RUST_BUILD: false
2026-08-19T12:55:02.0642365Z   OP_DISK_CLEANUP: false
2026-08-19T12:55:02.0642587Z   OP_HMBIRD: false
2026-08-19T12:55:02.0642794Z   OP_SUSFS: true
2026-08-19T12:55:02.0642987Z   OP_OPT: true
2026-08-19T12:55:02.0643171Z   OP_DS: true
2026-08-19T12:55:02.0643369Z   OP_BBG: true
2026-08-19T12:55:02.0643561Z   OP_BBR: true
2026-08-19T12:55:02.0643752Z   OP_BBR3: true
2026-08-19T12:55:02.0643946Z   OP_TTL: true
2026-08-19T12:55:02.0644130Z   OP_IP_SET: true
2026-08-19T12:55:02.0644328Z   OP_UNICODE: true
2026-08-19T12:55:02.0644524Z   OP_NTSYNC: true
2026-08-19T12:55:02.0646369Z   OP_BLACKLIST_MODULES: kernelsu,oplus_security_guard,oplus_qr_scan,oplus_score,oplus_vip_task,oplus_dns_cache,oplus_network_linkpower_module,oplus_data_module,oplus_secure_harden,oplus_security_keventupload,oplus_secure_guard_new,oplus_secure_guard,coresight_tpda,coresight_tgu,coresight_trace_noc,coresight_cti,coresight_qmi,coresight_dummy,coresight_remote_etm,coresight_tpdm,coresight_uetm,coresight_stm,coresight_tmc_sec,f_fs_ipc_log,qcom_iommu_debug,qti_battery_debug,rdbg,stm_heartbeat,stm_p_ost,stm_core,stm_ftrace,stm_console,spmi_pmic_arb_debug
2026-08-19T12:55:02.0648236Z   OP_UNAME: OP-WILD
2026-08-19T12:55:02.0648457Z   CONFIG: OP-ACE-3-PRO-6.1.75
2026-08-19T12:55:02.0648706Z   REPO: /usr/local/bin/repo
2026-08-19T12:55:02.0649366Z   CONFIG_FOLDER: /home/runner/work/OnePlus_KernelSU_SUSFS/OnePlus_KernelSU_SUSFS/OP-ACE-3-PRO-6.1.75
2026-08-19T12:55:02.0650071Z   ARTIFACTS_FOLDER: /home/runner/work/OnePlus_KernelSU_SUSFS/OnePlus_KernelSU_SUSFS/OP-ACE-3-PRO-6.1.75/artifacts
2026-08-19T12:55:02.0650826Z   KERNEL_PLATFORM_FOLDER: /home/runner/work/OnePlus_KernelSU_SUSFS/OnePlus_KernelSU_SUSFS/OP-ACE-3-PRO-6.1.75/kernel_platform
2026-08-19T12:55:02.0651778Z   COMMON_KERNEL_FOLDER: /home/runner/work/OnePlus_KernelSU_SUSFS/OnePlus_KernelSU_SUSFS/OP-ACE-3-PRO-6.1.75/kernel_platform/common
2026-08-19T12:55:02.0652608Z   MSM_KERNEL_FOLDER: /home/runner/work/OnePlus_KernelSU_SUSFS/OnePlus_KernelSU_SUSFS/OP-ACE-3-PRO-6.1.75/kernel_platform/msm-kernel
2026-08-19T12:55:02.0653355Z   AK3_FOLDER: /home/runner/work/OnePlus_KernelSU_SUSFS/OnePlus_KernelSU_SUSFS/OP-ACE-3-PRO-6.1.75/AnyKernel3
2026-08-19T12:55:02.0654023Z   DEBUG_ARTIFACTS_FOLDER: /home/runner/work/OnePlus_KernelSU_SUSFS/OnePlus_KernelSU_SUSFS/debug_artifacts
2026-08-19T12:55:02.0654667Z   KERNEL_PATCHES_FOLDER: /home/runner/work/OnePlus_KernelSU_SUSFS/OnePlus_KernelSU_SUSFS/kernel_patches
2026-08-19T12:55:02.0655265Z   SUSFS_FOLDER: /home/runner/work/OnePlus_KernelSU_SUSFS/OnePlus_KernelSU_SUSFS/susfs4ksu
2026-08-19T12:55:02.0655925Z   KSU_FOLDER: /home/runner/work/OnePlus_KernelSU_SUSFS/OnePlus_KernelSU_SUSFS/OP-ACE-3-PRO-6.1.75/kernel_platform/KernelSU
2026-08-19T12:55:02.0656703Z   KSUN_FOLDER: /home/runner/work/OnePlus_KernelSU_SUSFS/OnePlus_KernelSU_SUSFS/OP-ACE-3-PRO-6.1.75/kernel_platform/KernelSU-Next
2026-08-19T12:55:02.0657267Z   DEBUG_ZIP_NAME: debug_OP-ACE-3-PRO-6.1.75_A15.zip
2026-08-19T12:55:02.0657567Z   ANDROID_VER: android14
2026-08-19T12:55:02.0657790Z   KERNEL_VER: 6.1
2026-08-19T12:55:02.0657989Z   TKERNEL_VER: 6.1.75
2026-08-19T12:55:02.0658214Z   KERNEL_FULL_VER: android14-6.1.75
2026-08-19T12:55:02.0658487Z   SUSFS_KERNEL_BRANCH: gki-android14-6.1
2026-08-19T12:55:02.0658751Z   BUILD_USER: OnePlus
2026-08-19T12:55:02.0659167Z   BUILD_HOST: ubuntu-build
2026-08-19T12:55:02.0659809Z   CLANG_BIN_PATH: /home/runner/work/OnePlus_KernelSU_SUSFS/OnePlus_KernelSU_SUSFS/OP-ACE-3-PRO-6.1.75/kernel_platform/prebuilts/clang/host/linux-x86/clang-r487747c/bin
2026-08-19T12:55:02.0661137Z   CLANG_VERSION: Android (10087095, +pgo, +bolt, +lto, -mlgo, based on r487747c) clang version 17.0.2 (https://android.googlesource.com/toolchain/llvm-project d9f89f4d16663d5012e5c09495f3b30ece3d2362)
2026-08-19T12:55:02.0661876Z   CLANG_VERSION_SHORT: 4e90edd6
2026-08-19T12:55:02.0662560Z   LIBCLANG_PATH: /home/runner/work/OnePlus_KernelSU_SUSFS/OnePlus_KernelSU_SUSFS/OP-ACE-3-PRO-6.1.75/kernel_platform/prebuilts/clang/host/linux-x86/clang-r487747c/bin/../lib
2026-08-19T12:55:02.0663296Z   SUSFS_COMMIT_SHA: e287d59066380bf6de4396532d4a42edf4408701
2026-08-19T12:55:02.0663607Z   NEED_HOOKS: false
2026-08-19T12:55:02.0663864Z   KSU_COMMIT_SHA: 234f6e040fcbca18b16d2398e1aa225712ec99ad
2026-08-19T12:55:02.0664163Z   KSUVER: 33239
2026-08-19T12:55:02.0664359Z   SUSVER: v2.2.0
2026-08-19T12:55:02.0664588Z   CUSTOM_LOCALVERSION: -android14-OP-WILD
2026-08-19T12:55:02.0664940Z   CONFIG_FAKE_DISABLE: CONFIG_TCP_CONG_ADVANCED CONFIG_IP6_NF_NAT
2026-08-19T12:55:02.0665277Z ##[endgroup]
2026-08-19T12:55:02.0727801Z Disabling Vendor / Kernel Modules
2026-08-19T12:55:02.0764719Z Disabling following kernel modules: "kernelsu,oplus_security_guard,oplus_qr_scan,oplus_score,oplus_vip_task,oplus_dns_cache,oplus_network_linkpower_module,oplus_data_module,oplus_secure_harden,oplus_security_keventupload,oplus_secure_guard_new,oplus_secure_guard,coresight_tpda,coresight_tgu,coresight_trace_noc,coresight_cti,coresight_qmi,coresight_dummy,coresight_remote_etm,coresight_tpdm,coresight_uetm,coresight_stm,coresight_tmc_sec,f_fs_ipc_log,qcom_iommu_debug,qti_battery_debug,rdbg,stm_heartbeat,stm_p_ost,stm_core,stm_ftrace,stm_console,spmi_pmic_arb_debug,oplus_network_tuning,oplus_networks_tuning"
2026-08-19T12:55:02.0805750Z patching file arch/arm64/Kconfig
2026-08-19T12:55:02.0807844Z Hunk #1 succeeded at 2300 (offset -57 lines).
2026-08-19T12:55:02.0819705Z patching file kernel/module/main.c
2026-08-19T12:55:02.0820587Z Hunk #1 succeeded at 65 with fuzz 2 (offset 2 lines).
2026-08-19T12:55:02.0821130Z Hunk #2 succeeded at 2358 (offset 2 lines).
2026-08-19T12:55:02.0821581Z Hunk #3 succeeded at 2375 (offset 2 lines).
2026-08-19T12:55:02.0829717Z ##[end-action id=build.__run_38;outcome=success;conclusion=success;duration_ms=28]
2026-08-19T12:55:02.0832035Z ##[start-action display=Build Kernel;id=build.build_kernel_step]
2026-08-19T12:55:02.0847832Z ##[group]Run set -euo pipefail
2026-08-19T12:55:02.0848439Z [36;1mset -euo pipefail[0m
2026-08-19T12:55:02.0848755Z [36;1mecho "::group::Build kernel with ccache optimization"[0m
2026-08-19T12:55:02.0849643Z [36;1m[0m
2026-08-19T12:55:02.0849853Z [36;1mcd "$COMMON_KERNEL_FOLDER"[0m
2026-08-19T12:55:02.0850143Z [36;1m: > "$COMMON_KERNEL_FOLDER/.scmversion"[0m
2026-08-19T12:55:02.0850422Z [36;1m[0m
2026-08-19T12:55:02.0850652Z [36;1mexport PYTHONWARNINGS="${PYTHONWARNINGS}"[0m
2026-08-19T12:55:02.0850940Z [36;1m[0m
2026-08-19T12:55:02.0851203Z [36;1mecho "Getting last commit timestamp from kernel source..."[0m
2026-08-19T12:55:02.0851729Z [36;1mCOMMIT_TIMESTAMP=$(git log -1 --format=%ct 2>/dev/null || echo "$(date +%s)")[0m
2026-08-19T12:55:02.0852345Z [36;1mCOMMIT_DATE=$(git log -1 --format=%cd --date=format:'%Y-%m-%d %H:%M:%S' 2>/dev/null || date -u '+%Y-%m-%d %H:%M:%S')[0m
2026-08-19T12:55:02.0852927Z [36;1mCOMMIT_HASH=$(git rev-parse --short HEAD 2>/dev/null || echo "unknown")[0m
2026-08-19T12:55:02.0853294Z [36;1m[0m
2026-08-19T12:55:02.0853501Z [36;1mWORKSPACE="${GITHUB_WORKSPACE}"[0m
2026-08-19T12:55:02.0853810Z [36;1mMAP="-fdebug-prefix-map=${WORKSPACE}=."[0m
2026-08-19T12:55:02.0854131Z [36;1mMPMAP="-fmacro-prefix-map=${WORKSPACE}=."[0m
2026-08-19T12:55:02.0854454Z [36;1mFPMAP="-ffile-prefix-map=${WORKSPACE}=."[0m
2026-08-19T12:55:02.0854735Z [36;1m[0m
2026-08-19T12:55:02.0855424Z [36;1mexport KCFLAGS="${KCFLAGS:-} $MAP $MPMAP $FPMAP -no-canonical-prefixes -fdiagnostics-color=never -Qunused-arguments -Wno-unused-command-line-argument -D__ANDROID_COMMON_KERNEL__"[0m
2026-08-19T12:55:02.0856448Z [36;1mexport KCPPFLAGS="${KCPPFLAGS:-} $MAP $MPMAP $FPMAP"[0m
2026-08-19T12:55:02.0856776Z [36;1m[0m
2026-08-19T12:55:02.0856975Z [36;1mexport LLVM=1 LLVM_IAS=1[0m
2026-08-19T12:55:02.0857245Z [36;1mexport ARCH=arm64 SUBARCH=arm64[0m
2026-08-19T12:55:02.0857549Z [36;1mexport CROSS_COMPILE=aarch64-linux-gnu-[0m
2026-08-19T12:55:02.0858038Z [36;1mexport PAHOLE="$KERNEL_PLATFORM_FOLDER/prebuilts/kernel-build-tools/linux-x86/bin/pahole"[0m
2026-08-19T12:55:02.0858559Z [36;1mexport LD=ld.lld HOSTLD=ld.lld AR=llvm-ar NM=llvm-nm [0m
2026-08-19T12:55:02.0859188Z [36;1mexport OBJCOPY=llvm-objcopy OBJDUMP=llvm-objdump STRIP=llvm-strip[0m
2026-08-19T12:55:02.0859556Z [36;1m[0m
2026-08-19T12:55:02.0859740Z [36;1mset +u[0m
2026-08-19T12:55:02.0860088Z [36;1msource "$KERNEL_PLATFORM_FOLDER/build/kernel/_setup_env.sh" 2>/dev/null || true[0m
2026-08-19T12:55:02.0860491Z [36;1mset -u[0m
2026-08-19T12:55:02.0860677Z [36;1m[0m
2026-08-19T12:55:02.0860936Z [36;1mecho '#!/bin/bash' > "$COMMON_KERNEL_FOLDER/ld-wrapper"[0m
2026-08-19T12:55:02.0861405Z [36;1mecho 'ld.lld "$@" --thinlto-jobs=$(nproc --all)' >> "$COMMON_KERNEL_FOLDER/ld-wrapper"[0m
2026-08-19T12:55:02.0861853Z [36;1mchmod +x "$COMMON_KERNEL_FOLDER/ld-wrapper"[0m
2026-08-19T12:55:02.0862143Z [36;1m[0m
2026-08-19T12:55:02.0862342Z [36;1mKERNEL_BUILD_DATE=$(date -u)[0m
2026-08-19T12:55:02.0862646Z [36;1mexport SOURCE_DATE_EPOCH=$COMMIT_TIMESTAMP[0m
2026-08-19T12:55:02.0862939Z [36;1mif [ -n "" ]; then[0m
2026-08-19T12:55:02.0863197Z [36;1m  export KBUILD_BUILD_TIMESTAMP=""[0m
2026-08-19T12:55:02.0863583Z [36;1m  echo "📅 Using custom build timestamp: $KBUILD_BUILD_TIMESTAMP"[0m
2026-08-19T12:55:02.0863957Z [36;1melse[0m
2026-08-19T12:55:02.0864225Z [36;1m  export KBUILD_BUILD_TIMESTAMP="$KERNEL_BUILD_DATE"[0m
2026-08-19T12:55:02.0864645Z [36;1m  echo "📅 Using current UTC build timestamp: $KBUILD_BUILD_TIMESTAMP"[0m
2026-08-19T12:55:02.0865001Z [36;1mfi[0m
2026-08-19T12:55:02.0865326Z [36;1mecho "EFFECTIVE_BUILD_TIMESTAMP=$KBUILD_BUILD_TIMESTAMP" >> "$GITHUB_ENV"[0m
2026-08-19T12:55:02.0865770Z [36;1mexport KBUILD_BUILD_USER="${BUILD_USER:-kernel}"[0m
2026-08-19T12:55:02.0866126Z [36;1mexport KBUILD_BUILD_HOST="${BUILD_HOST:-kleaf}"[0m
2026-08-19T12:55:02.0866443Z [36;1mexport KBUILD_BUILD_VERSION=1[0m
2026-08-19T12:55:02.0866745Z [36;1mecho "🔢 SOURCE_DATE_EPOCH: $SOURCE_DATE_EPOCH"[0m
2026-08-19T12:55:02.0867209Z [36;1mecho "👤 Build user: $KBUILD_BUILD_USER"[0m
2026-08-19T12:55:02.0867530Z [36;1mecho "🖥️  Build host: $KBUILD_BUILD_HOST"[0m
2026-08-19T12:55:02.0867804Z [36;1m[0m
2026-08-19T12:55:02.0867999Z [36;1mexport CC="ccache clang"[0m
2026-08-19T12:55:02.0868267Z [36;1mexport CXX="ccache clang++"[0m
2026-08-19T12:55:02.0868540Z [36;1mexport HOSTCC="ccache clang"[0m
2026-08-19T12:55:02.0868991Z [36;1mexport HOSTCXX="ccache clang++"[0m
2026-08-19T12:55:02.0869311Z [36;1m[0m
2026-08-19T12:55:02.0869507Z [36;1mif [ "true" = "false" ]; then[0m
2026-08-19T12:55:02.0869798Z [36;1m  echo "🚀 ccache-accelerated build"[0m
2026-08-19T12:55:02.0870073Z [36;1melse[0m
2026-08-19T12:55:02.0870278Z [36;1m  echo "🧹 Clean build mode"[0m
2026-08-19T12:55:02.0870527Z [36;1mfi[0m
2026-08-19T12:55:02.0870713Z [36;1m[0m
2026-08-19T12:55:02.0870894Z [36;1mOUT=out[0m
2026-08-19T12:55:02.0871108Z [36;1mmkdir -p "$OUT"[0m
2026-08-19T12:55:02.0871329Z [36;1m[0m
2026-08-19T12:55:02.0871564Z [36;1mecho "============================================"[0m
2026-08-19T12:55:02.0871897Z [36;1mecho "🔍 Compiler & ccache Verification"[0m
2026-08-19T12:55:02.0872217Z [36;1mecho "============================================"[0m
2026-08-19T12:55:02.0872515Z [36;1mecho "PATH: ${PATH:0:200}..."[0m
2026-08-19T12:55:02.0872798Z [36;1mecho "which clang: $(which clang)"[0m
2026-08-19T12:55:02.0873077Z [36;1mecho "CC: $CC"[0m
2026-08-19T12:55:02.0873300Z [36;1mecho "CXX: $CXX"[0m
2026-08-19T12:55:02.0873583Z [36;1mecho "CCACHE_BASEDIR: ${CCACHE_BASEDIR:-not set}"[0m
2026-08-19T12:55:02.0874030Z [36;1mecho ""[0m
2026-08-19T12:55:02.0874226Z [36;1m[0m
2026-08-19T12:55:02.0874428Z [36;1mecho "ccache wrapper test:"[0m
2026-08-19T12:55:02.0874717Z [36;1mclang --version 2>&1 | head -n1 || true[0m
2026-08-19T12:55:02.0874994Z [36;1mecho ""[0m
2026-08-19T12:55:02.0875204Z [36;1mecho "ccache configuration:"[0m
2026-08-19T12:55:02.0875651Z [36;1mccache -p | grep -E "(compression|direct_mode|readonly_direct|depend|sloppiness)" || true[0m
2026-08-19T12:55:02.0876080Z [36;1mecho ""[0m
2026-08-19T12:55:02.0876292Z [36;1mecho "ccache pre-build status:"[0m
2026-08-19T12:55:02.0876563Z [36;1mccache -s | head -n 20[0m
2026-08-19T12:55:02.0876838Z [36;1mecho "============================================"[0m
2026-08-19T12:55:02.0877118Z [36;1m[0m
2026-08-19T12:55:02.0877539Z [36;1mmake LD="$COMMON_KERNEL_FOLDER/ld-wrapper" HOSTLD="$COMMON_KERNEL_FOLDER/ld-wrapper" O="$OUT" gki_defconfig[0m
2026-08-19T12:55:02.0878017Z [36;1m[0m
2026-08-19T12:55:02.0878285Z [36;1mLOCAL_LOCALVERSION="${CUSTOM_LOCALVERSION:--OP-WILD}"[0m
2026-08-19T12:55:02.0878653Z [36;1mif [ -n "${LOCAL_LOCALVERSION:-}" ]; then[0m
2026-08-19T12:55:02.0879387Z [36;1m  scripts/config --file "$OUT/.config" --set-str LOCALVERSION "${LOCAL_LOCALVERSION}"[0m
2026-08-19T12:55:02.0879909Z [36;1m  scripts/config --file "$OUT/.config" -d LOCALVERSION_AUTO || true[0m
2026-08-19T12:55:02.0880446Z [36;1m  sed -i 's/scm_version="$(scm_version --short)"/scm_version=""/' scripts/setlocalversion[0m
2026-08-19T12:55:02.0880863Z [36;1mfi[0m
2026-08-19T12:55:02.0881052Z [36;1m[0m
2026-08-19T12:55:02.0881247Z [36;1mif [ "O2" = "O3" ]; then[0m
2026-08-19T12:55:02.0881712Z [36;1m  scripts/config --file "$OUT/.config" -d CC_OPTIMIZE_FOR_PERFORMANCE -e CC_OPTIMIZE_FOR_PERFORMANCE_O3[0m
2026-08-19T12:55:02.0882191Z [36;1m  KCFLAGS_EXTRA="-O3"[0m
2026-08-19T12:55:02.0882429Z [36;1melse[0m
2026-08-19T12:55:02.0882816Z [36;1m  scripts/config --file "$OUT/.config" -e CC_OPTIMIZE_FOR_PERFORMANCE -d CC_OPTIMIZE_FOR_PERFORMANCE_O3[0m
2026-08-19T12:55:02.0883273Z [36;1m  KCFLAGS_EXTRA="-O2"[0m
2026-08-19T12:55:02.0883497Z [36;1mfi[0m
2026-08-19T12:55:02.0883679Z [36;1m[0m
2026-08-19T12:55:02.0883872Z [36;1mcase "$OP_BRANCH" in[0m
2026-08-19T12:55:02.0884134Z [36;1m  wild/sm8750|wild/sm8850|wild/sm8845)[0m
2026-08-19T12:55:02.0884470Z [36;1m    KCFLAGS_EXTRA="-mcpu=oryon-1 ${KCFLAGS_EXTRA}"[0m
2026-08-19T12:55:02.0884781Z [36;1m    ;;[0m
2026-08-19T12:55:02.0885119Z [36;1mesac[0m
2026-08-19T12:55:02.0885315Z [36;1m[0m
2026-08-19T12:55:02.0885705Z [36;1mscripts/config --file "$OUT/.config" -e LTO_CLANG -d LTO_CLANG_NONE -d LTO_CLANG_THIN -d LTO_CLANG_FULL[0m
2026-08-19T12:55:02.0886153Z [36;1m[0m
2026-08-19T12:55:02.0886342Z [36;1mcase "thin" in[0m
2026-08-19T12:55:02.0886666Z [36;1m  "none") scripts/config --file "$OUT/.config" -e LTO_CLANG_NONE ;;[0m
2026-08-19T12:55:02.0887103Z [36;1m  "thin") scripts/config --file "$OUT/.config" -e LTO_CLANG_THIN ;;[0m
2026-08-19T12:55:02.0887530Z [36;1m  "full") scripts/config --file "$OUT/.config" -e LTO_CLANG_FULL ;;[0m
2026-08-19T12:55:02.0887866Z [36;1m  *)[0m
2026-08-19T12:55:02.0888117Z [36;1m    echo "::error::Unsupported LTO option: thin"[0m
2026-08-19T12:55:02.0888421Z [36;1m    exit 1[0m
2026-08-19T12:55:02.0888626Z [36;1m    ;;[0m
2026-08-19T12:55:02.0888998Z [36;1mesac[0m
2026-08-19T12:55:02.0889284Z [36;1m[0m
2026-08-19T12:55:02.0889463Z [36;1m[0m
2026-08-19T12:55:02.0889883Z [36;1mmake LD="$COMMON_KERNEL_FOLDER/ld-wrapper" HOSTLD="$COMMON_KERNEL_FOLDER/ld-wrapper" O="$OUT" olddefconfig[0m
2026-08-19T12:55:02.0890358Z [36;1m[0m
2026-08-19T12:55:02.0890610Z [36;1mKCFLAGS="$KCFLAGS -Wno-error -pipe ${KCFLAGS_EXTRA}"[0m
2026-08-19T12:55:02.0891003Z [36;1mKCPPFLAGS="$KCPPFLAGS -DCONFIG_OPTIMIZE_INLINING"[0m
2026-08-19T12:55:02.0891310Z [36;1m[0m
2026-08-19T12:55:02.0891531Z [36;1mecho "============================================"[0m
2026-08-19T12:55:02.0891833Z [36;1mecho "🔧 Build Configuration"[0m
2026-08-19T12:55:02.0892257Z [36;1mecho "============================================"[0m
2026-08-19T12:55:02.0892551Z [36;1mecho "Device: ${OP_MODEL}"[0m
2026-08-19T12:55:02.0892826Z [36;1mecho "Kernel: ${KERNEL_FULL_VER}"[0m
2026-08-19T12:55:02.0893121Z [36;1mecho "Threads: $(nproc --all)"[0m
2026-08-19T12:55:02.0893390Z [36;1mecho "Optimization: O2"[0m
2026-08-19T12:55:02.0893656Z [36;1mecho "KCFLAGS: ${KCFLAGS:0:150}..."[0m
2026-08-19T12:55:02.0893962Z [36;1mecho "KCPPFLAGS: ${KCPPFLAGS:0:150}..."[0m
2026-08-19T12:55:02.0894289Z [36;1mecho "Timestamp: $KBUILD_BUILD_TIMESTAMP"[0m
2026-08-19T12:55:02.0894596Z [36;1mecho "Workspace: $WORKSPACE"[0m
2026-08-19T12:55:02.0894847Z [36;1m[0m
2026-08-19T12:55:02.0895039Z [36;1mecho "ccache: ENABLED"[0m
2026-08-19T12:55:02.0895289Z [36;1mecho "  Dir: $CCACHE_DIR"[0m
2026-08-19T12:55:02.0895551Z [36;1mecho "  Base: $CCACHE_BASEDIR"[0m
2026-08-19T12:55:02.0895831Z [36;1mecho "  Max size: $CCACHE_MAXSIZE"[0m
2026-08-19T12:55:02.0896120Z [36;1mecho "  Compression: zstd level 3"[0m
2026-08-19T12:55:02.0896492Z [36;1mecho "  Features: readonly_direct, file_clone, inode_cache, depend"[0m
2026-08-19T12:55:02.0896887Z [36;1mecho "============================================"[0m
2026-08-19T12:55:02.0897163Z [36;1m[0m
2026-08-19T12:55:02.0897558Z [36;1mif [ ! -d "$CCACHE_DIR" ] || [ -z "$(find "$CCACHE_DIR" -maxdepth 2 -type f -print -quit 2>/dev/null)" ]; then[0m
2026-08-19T12:55:02.0898081Z [36;1m  echo "🔥 Priming cache with header preprocessing..."[0m
2026-08-19T12:55:02.0899063Z [36;1m  make LD="$COMMON_KERNEL_FOLDER/ld-wrapper" HOSTLD="$COMMON_KERNEL_FOLDER/ld-wrapper" -C "$COMMON_KERNEL_FOLDER" O="$OUT" headers_install prepare 2>&1 | head -n 20 || true[0m
2026-08-19T12:55:02.0899836Z [36;1m  echo ""[0m
2026-08-19T12:55:02.0900046Z [36;1mfi[0m
2026-08-19T12:55:02.0900238Z [36;1m[0m
2026-08-19T12:55:02.0900432Z [36;1mBUILD_START=$(date +%s)[0m
2026-08-19T12:55:02.0900694Z [36;1mset -o pipefail[0m
2026-08-19T12:55:02.0900923Z [36;1m[0m
2026-08-19T12:55:02.0901119Z [36;1mif [ "false" == "true" ]; then[0m
2026-08-19T12:55:02.0901984Z [36;1m  make V=1 LD="$COMMON_KERNEL_FOLDER/ld-wrapper" HOSTLD="$COMMON_KERNEL_FOLDER/ld-wrapper" -j"$(nproc --all)" O="$OUT" KCFLAGS="$KCFLAGS" KCPPFLAGS="$KCPPFLAGS" CONFIG_FAKE_DISABLE="$CONFIG_FAKE_DISABLE" Image modules 2>&1 | tee build.log[0m
2026-08-19T12:55:02.0903796Z [36;1m  make V=1 LD="$COMMON_KERNEL_FOLDER/ld-wrapper" HOSTLD="$COMMON_KERNEL_FOLDER/ld-wrapper" -j"$(nproc --all)" O="$COMMON_KERNEL_FOLDER/out" KCFLAGS="$KCFLAGS" KCPPFLAGS="$KCPPFLAGS" CONFIG_FAKE_DISABLE="$CONFIG_FAKE_DISABLE" INSTALL_MOD_PATH="$COMMON_KERNEL_FOLDER/out/install" modules_install 2>&1 | tee install.log[0m
2026-08-19T12:55:02.0904868Z [36;1m  [0m
2026-08-19T12:55:02.0905122Z [36;1m  cp build.log "$DEBUG_ARTIFACTS_FOLDER/build.log"[0m
2026-08-19T12:55:02.0905507Z [36;1m  cp install.log "$DEBUG_ARTIFACTS_FOLDER/install.log"[0m
2026-08-19T12:55:02.0906083Z [36;1m  rsync -av --no-links --exclude='build' "$COMMON_KERNEL_FOLDER/out/install/lib/modules"/*/ "$DEBUG_ARTIFACTS_FOLDER"[0m
2026-08-19T12:55:02.0906715Z [36;1m  cp "$COMMON_KERNEL_FOLDER/out/vmlinux" "$DEBUG_ARTIFACTS_FOLDER/vmlinux"[0m
2026-08-19T12:55:02.0907259Z [36;1m  cp "$COMMON_KERNEL_FOLDER/out/Module.symvers" "$DEBUG_ARTIFACTS_FOLDER/Module.symvers"[0m
2026-08-19T12:55:02.0907818Z [36;1m  cp "$COMMON_KERNEL_FOLDER/out/System.map" "$DEBUG_ARTIFACTS_FOLDER/System.map"[0m
2026-08-19T12:55:02.0908207Z [36;1m  [0m
2026-08-19T12:55:02.0908419Z [36;1m  ls -la "$DEBUG_ARTIFACTS_FOLDER"[0m
2026-08-19T12:55:02.0908692Z [36;1melse[0m
2026-08-19T12:55:02.0909638Z [36;1m  make LD="$COMMON_KERNEL_FOLDER/ld-wrapper" HOSTLD="$COMMON_KERNEL_FOLDER/ld-wrapper" -j"$(nproc --all)" O="$OUT" KCFLAGS="$KCFLAGS" KCPPFLAGS="$KCPPFLAGS" CONFIG_FAKE_DISABLE="$CONFIG_FAKE_DISABLE" Image 2>&1 | tee build.log[0m
2026-08-19T12:55:02.0910441Z [36;1mfi[0m
2026-08-19T12:55:02.0910628Z [36;1m[0m
2026-08-19T12:55:02.0910823Z [36;1mBUILD_END=$(date +%s)[0m
2026-08-19T12:55:02.0911234Z [36;1mBUILD_TIME=$((BUILD_END - BUILD_START))[0m
2026-08-19T12:55:02.0911516Z [36;1m[0m
2026-08-19T12:55:02.0911755Z [36;1mecho "BUILD_START=$BUILD_START" >> "$GITHUB_ENV"[0m
2026-08-19T12:55:02.0912107Z [36;1mecho "BUILD_END=$BUILD_END" >> "$GITHUB_ENV"[0m
2026-08-19T12:55:02.0912445Z [36;1mecho "BUILD_TIME=$BUILD_TIME" >> "$GITHUB_ENV"[0m
2026-08-19T12:55:02.0912730Z [36;1m[0m
2026-08-19T12:55:02.0912931Z [36;1mIMG="$OUT/arch/arm64/boot/Image"[0m
2026-08-19T12:55:02.0913207Z [36;1mif [ ! -f "$IMG" ]; then[0m
2026-08-19T12:55:02.0913480Z [36;1m  echo "::error::Kernel Image missing"[0m
2026-08-19T12:55:02.0913801Z [36;1m  echo "::group::Last 100 lines of build log"[0m
2026-08-19T12:55:02.0914161Z [36;1m  tail -n 100 build.log || echo "Build log not available"[0m
2026-08-19T12:55:02.0914499Z [36;1m  echo "::endgroup::"[0m
2026-08-19T12:55:02.0914735Z [36;1m  exit 1[0m
2026-08-19T12:55:02.0914930Z [36;1mfi[0m
2026-08-19T12:55:02.0915115Z [36;1m[0m
2026-08-19T12:55:02.0915314Z [36;1mIMG_SIZE=$(stat -c%s "$IMG")[0m
2026-08-19T12:55:02.0915563Z [36;1m[0m
2026-08-19T12:55:02.0915785Z [36;1mecho "============================================"[0m
2026-08-19T12:55:02.0916112Z [36;1mecho "✅ Build Completed Successfully"[0m
2026-08-19T12:55:02.0916427Z [36;1mecho "============================================"[0m
2026-08-19T12:55:02.0916805Z [36;1mecho "Duration: $((BUILD_TIME / 60))m $((BUILD_TIME % 60))s"[0m
2026-08-19T12:55:02.0917227Z [36;1mecho "Image: $(numfmt --to=iec-i --suffix=B "$IMG_SIZE")"[0m
2026-08-19T12:55:02.0917553Z [36;1m[0m
2026-08-19T12:55:02.0917741Z [36;1mecho ""[0m
2026-08-19T12:55:02.0917984Z [36;1mecho "📊 ccache Post-Build Statistics"[0m
2026-08-19T12:55:02.0918313Z [36;1mecho "============================================"[0m
2026-08-19T12:55:02.0918600Z [36;1mccache -s[0m
2026-08-19T12:55:02.0919081Z [36;1mecho "============================================"[0m
2026-08-19T12:55:02.0919417Z [36;1mecho "::endgroup::"[0m
2026-08-19T12:55:02.0960941Z shell: /usr/bin/bash --noprofile --norc -e -o pipefail {0}
2026-08-19T12:55:02.0961291Z env:
2026-08-19T12:55:02.0961641Z   CCACHE_DIR: /home/runner/work/OnePlus_KernelSU_SUSFS/OnePlus_KernelSU_SUSFS/.ccache
2026-08-19T12:55:02.0962064Z   CCACHE_MAXSIZE: 12G
2026-08-19T12:55:02.0962299Z   CCACHE_COMPILERCHECK: content
2026-08-19T12:55:02.0962676Z   CCACHE_BASEDIR: /home/runner/work/OnePlus_KernelSU_SUSFS/OnePlus_KernelSU_SUSFS
2026-08-19T12:55:02.0963222Z   CCACHE_NOHASHDIR: true
2026-08-19T12:55:02.0963472Z   CCACHE_IGNOREOPTIONS: --sysroot*
2026-08-19T12:55:02.0963734Z   CCACHE_COMPRESSION: true
2026-08-19T12:55:02.0963970Z   CCACHE_COMPRESSION_LEVEL: 3
2026-08-19T12:55:02.0964204Z   CCACHE_DIRECT: true
2026-08-19T12:55:02.0964420Z   CCACHE_FILE_CLONE: true
2026-08-19T12:55:02.0964645Z   CCACHE_INODE_CACHE: true
2026-08-19T12:55:02.0964878Z   CCACHE_IS_KERNEL_COMPILING: true
2026-08-19T12:55:02.0965130Z   CCACHE_UMASK: 002
2026-08-19T12:55:02.0965589Z   CCACHE_SLOPPINESS: file_macro,time_macros,include_file_mtime,include_file_ctime,pch_defines,system_headers,locale
2026-08-19T12:55:02.0966098Z   ACTION_REPO: 
2026-08-19T12:55:02.0966299Z   ACTION_REF: 
2026-08-19T12:55:02.0966522Z   OP_MODEL: OP-ACE-3-PRO-6.1.75
2026-08-19T12:55:02.0966775Z   OP_SOC: pineapple
2026-08-19T12:55:02.0966983Z   OP_BRANCH: wild/sm8650
2026-08-19T12:55:02.0967237Z   OP_MANIFEST: oneplus_ace3_pro_6.1.75_v.xml
2026-08-19T12:55:02.0967525Z   OP_ANDROID_VERSION: android14
2026-08-19T12:55:02.0967765Z   OP_KERNEL_VERSION: 6.1
2026-08-19T12:55:02.0967979Z   OP_OS_VERSION: A15
2026-08-19T12:55:02.0968185Z   OP_LTO: thin
2026-08-19T12:55:02.0968380Z   OP_ZYC_COMPILER: 
2026-08-19T12:55:02.0968725Z   OP_C_COMPILER: kernel_platform/prebuilts/clang/host/linux-x86/clang-r487747c/bin
2026-08-19T12:55:02.0969456Z   OP_RUST_COMPILER: 
2026-08-19T12:55:02.0969663Z   OP_BINDGEN: 
2026-08-19T12:55:02.0969861Z   OP_RUST_BUILD: false
2026-08-19T12:55:02.0970079Z   OP_DISK_CLEANUP: false
2026-08-19T12:55:02.0970298Z   OP_HMBIRD: false
2026-08-19T12:55:02.0970661Z   OP_SUSFS: true
2026-08-19T12:55:02.0970857Z   OP_OPT: true
2026-08-19T12:55:02.0971049Z   OP_DS: true
2026-08-19T12:55:02.0971239Z   OP_BBG: true
2026-08-19T12:55:02.0971430Z   OP_BBR: true
2026-08-19T12:55:02.0971615Z   OP_BBR3: true
2026-08-19T12:55:02.0971805Z   OP_TTL: true
2026-08-19T12:55:02.0971994Z   OP_IP_SET: true
2026-08-19T12:55:02.0972202Z   OP_UNICODE: true
2026-08-19T12:55:02.0972402Z   OP_NTSYNC: true
2026-08-19T12:55:02.0974250Z   OP_BLACKLIST_MODULES: kernelsu,oplus_security_guard,oplus_qr_scan,oplus_score,oplus_vip_task,oplus_dns_cache,oplus_network_linkpower_module,oplus_data_module,oplus_secure_harden,oplus_security_keventupload,oplus_secure_guard_new,oplus_secure_guard,coresight_tpda,coresight_tgu,coresight_trace_noc,coresight_cti,coresight_qmi,coresight_dummy,coresight_remote_etm,coresight_tpdm,coresight_uetm,coresight_stm,coresight_tmc_sec,f_fs_ipc_log,qcom_iommu_debug,qti_battery_debug,rdbg,stm_heartbeat,stm_p_ost,stm_core,stm_ftrace,stm_console,spmi_pmic_arb_debug
2026-08-19T12:55:02.0976115Z   OP_UNAME: OP-WILD
2026-08-19T12:55:02.0976332Z   CONFIG: OP-ACE-3-PRO-6.1.75
2026-08-19T12:55:02.0976576Z   REPO: /usr/local/bin/repo
2026-08-19T12:55:02.0977006Z   CONFIG_FOLDER: /home/runner/work/OnePlus_KernelSU_SUSFS/OnePlus_KernelSU_SUSFS/OP-ACE-3-PRO-6.1.75
2026-08-19T12:55:02.0977325Z   ARTIFACTS_FOLDER: /home/runner/work/OnePlus_KernelSU_SUSFS/OnePlus_KernelSU_SUSFS/OP-ACE-3-PRO-6.1.75/artifacts
2026-08-19T12:55:02.0977679Z   KERNEL_PLATFORM_FOLDER: /home/runner/work/OnePlus_KernelSU_SUSFS/OnePlus_KernelSU_SUSFS/OP-ACE-3-PRO-6.1.75/kernel_platform
2026-08-19T12:55:02.0978051Z   COMMON_KERNEL_FOLDER: /home/runner/work/OnePlus_KernelSU_SUSFS/OnePlus_KernelSU_SUSFS/OP-ACE-3-PRO-6.1.75/kernel_platform/common
2026-08-19T12:55:02.0978420Z   MSM_KERNEL_FOLDER: /home/runner/work/OnePlus_KernelSU_SUSFS/OnePlus_KernelSU_SUSFS/OP-ACE-3-PRO-6.1.75/kernel_platform/msm-kernel
2026-08-19T12:55:02.0978709Z   AK3_FOLDER: /home/runner/work/OnePlus_KernelSU_SUSFS/OnePlus_KernelSU_SUSFS/OP-ACE-3-PRO-6.1.75/AnyKernel3
2026-08-19T12:55:02.0979148Z   DEBUG_ARTIFACTS_FOLDER: /home/runner/work/OnePlus_KernelSU_SUSFS/OnePlus_KernelSU_SUSFS/debug_artifacts
2026-08-19T12:55:02.0979425Z   KERNEL_PATCHES_FOLDER: /home/runner/work/OnePlus_KernelSU_SUSFS/OnePlus_KernelSU_SUSFS/kernel_patches
2026-08-19T12:55:02.0979666Z   SUSFS_FOLDER: /home/runner/work/OnePlus_KernelSU_SUSFS/OnePlus_KernelSU_SUSFS/susfs4ksu
2026-08-19T12:55:02.0980132Z   KSU_FOLDER: /home/runner/work/OnePlus_KernelSU_SUSFS/OnePlus_KernelSU_SUSFS/OP-ACE-3-PRO-6.1.75/kernel_platform/KernelSU
2026-08-19T12:55:02.0980503Z   KSUN_FOLDER: /home/runner/work/OnePlus_KernelSU_SUSFS/OnePlus_KernelSU_SUSFS/OP-ACE-3-PRO-6.1.75/kernel_platform/KernelSU-Next
2026-08-19T12:55:02.0980635Z   DEBUG_ZIP_NAME: debug_OP-ACE-3-PRO-6.1.75_A15.zip
2026-08-19T12:55:02.0980721Z   ANDROID_VER: android14
2026-08-19T12:55:02.0980806Z   KERNEL_VER: 6.1
2026-08-19T12:55:02.0980889Z   TKERNEL_VER: 6.1.75
2026-08-19T12:55:02.0980995Z   KERNEL_FULL_VER: android14-6.1.75
2026-08-19T12:55:02.0981103Z   SUSFS_KERNEL_BRANCH: gki-android14-6.1
2026-08-19T12:55:02.0981190Z   BUILD_USER: OnePlus
2026-08-19T12:55:02.0981276Z   BUILD_HOST: ubuntu-build
2026-08-19T12:55:02.0981768Z   CLANG_BIN_PATH: /home/runner/work/OnePlus_KernelSU_SUSFS/OnePlus_KernelSU_SUSFS/OP-ACE-3-PRO-6.1.75/kernel_platform/prebuilts/clang/host/linux-x86/clang-r487747c/bin
2026-08-19T12:55:02.0982362Z   CLANG_VERSION: Android (10087095, +pgo, +bolt, +lto, -mlgo, based on r487747c) clang version 17.0.2 (https://android.googlesource.com/toolchain/llvm-project d9f89f4d16663d5012e5c09495f3b30ece3d2362)
2026-08-19T12:55:02.0982459Z   CLANG_VERSION_SHORT: 4e90edd6
2026-08-19T12:55:02.0982967Z   LIBCLANG_PATH: /home/runner/work/OnePlus_KernelSU_SUSFS/OnePlus_KernelSU_SUSFS/OP-ACE-3-PRO-6.1.75/kernel_platform/prebuilts/clang/host/linux-x86/clang-r487747c/bin/../lib
2026-08-19T12:55:02.0983111Z   SUSFS_COMMIT_SHA: e287d59066380bf6de4396532d4a42edf4408701
2026-08-19T12:55:02.0983201Z   NEED_HOOKS: false
2026-08-19T12:55:02.0983471Z   KSU_COMMIT_SHA: 234f6e040fcbca18b16d2398e1aa225712ec99ad
2026-08-19T12:55:02.0983555Z   KSUVER: 33239
2026-08-19T12:55:02.0983634Z   SUSVER: v2.2.0
2026-08-19T12:55:02.0983746Z   CUSTOM_LOCALVERSION: -android14-OP-WILD
2026-08-19T12:55:02.0983908Z   CONFIG_FAKE_DISABLE: CONFIG_TCP_CONG_ADVANCED CONFIG_IP6_NF_NAT
2026-08-19T12:55:02.0984040Z   PYTHONWARNINGS: ignore:invalid escape sequence
2026-08-19T12:55:02.0984123Z ##[endgroup]
2026-08-19T12:55:02.1140499Z ##[group]Build kernel with ccache optimization
2026-08-19T12:55:02.1141313Z Getting last commit timestamp from kernel source...
2026-08-19T12:55:02.1395698Z 📅 Using current UTC build timestamp: Wed Aug 19 12:55:02 UTC 2026
2026-08-19T12:55:02.1395933Z 🔢 SOURCE_DATE_EPOCH: 1787144037
2026-08-19T12:55:02.1396157Z 👤 Build user: OnePlus
2026-08-19T12:55:02.1396372Z 🖥️  Build host: ubuntu-build
2026-08-19T12:55:02.1396547Z 🧹 Clean build mode
2026-08-19T12:55:02.1413662Z ============================================
2026-08-19T12:55:02.1414039Z 🔍 Compiler & ccache Verification
2026-08-19T12:55:02.1414188Z ============================================
2026-08-19T12:55:02.1415294Z PATH: /home/runner/work/OnePlus_KernelSU_SUSFS/OnePlus_KernelSU_SUSFS/OP-ACE-3-PRO-6.1.75/kernel_platform/common/out/host/bin:/usr/lib/ccache:/home/runner/work/OnePlus_KernelSU_SUSFS/OnePlus_KernelSU_SUSFS/...
2026-08-19T12:55:02.1449512Z which clang: /usr/lib/ccache/clang
2026-08-19T12:55:02.1449704Z CC: ccache clang
2026-08-19T12:55:02.1449805Z CXX: ccache clang++
2026-08-19T12:55:02.1450070Z CCACHE_BASEDIR: /home/runner/work/OnePlus_KernelSU_SUSFS/OnePlus_KernelSU_SUSFS
2026-08-19T12:55:02.1450092Z 
2026-08-19T12:55:02.1450371Z ccache wrapper test:
2026-08-19T12:55:02.1576561Z Android (10087095, +pgo, +bolt, +lto, -mlgo, based on r487747c) clang version 17.0.2 (https://android.googlesource.com/toolchain/llvm-project d9f89f4d16663d5012e5c09495f3b30ece3d2362)
2026-08-19T12:55:02.1589268Z 
2026-08-19T12:55:02.1597024Z ccache configuration:
2026-08-19T12:55:02.1606171Z (default) compression = true
2026-08-19T12:55:02.1619553Z (default) compression_level = 0
2026-08-19T12:55:02.1626968Z (default) depend_mode = false
2026-08-19T12:55:02.1627242Z (environment) direct_mode = true
2026-08-19T12:55:02.1627811Z (environment) sloppiness = include_file_ctime, include_file_mtime, locale, pch_defines, system_headers, time_macros
2026-08-19T12:55:02.1627826Z 
2026-08-19T12:55:02.1627974Z ccache pre-build status:
2026-08-19T12:55:02.1697346Z Cacheable calls:     0 /    1 ( 0.00%)
2026-08-19T12:55:02.1697610Z   Hits:              0
2026-08-19T12:55:02.1706889Z     Direct:          0
2026-08-19T12:55:02.1707215Z     Preprocessed:    0
2026-08-19T12:55:02.1707488Z   Misses:            0
2026-08-19T12:55:02.1707803Z Uncacheable calls:   1 /    1 (100.0%)
2026-08-19T12:55:02.1708075Z Local storage:
2026-08-19T12:55:02.1708400Z   Cache size (GB): 0.0 / 12.0 ( 0.00%)
2026-08-19T12:55:02.1708723Z ============================================
2026-08-19T12:55:02.2020300Z make[1]: Entering directory '/home/runner/work/OnePlus_KernelSU_SUSFS/OnePlus_KernelSU_SUSFS/OP-ACE-3-PRO-6.1.75/kernel_platform/common/out'
2026-08-19T12:55:02.8394640Z   GEN     Makefile
2026-08-19T12:55:03.1187238Z   HOSTCC  scripts/basic/fixdep
2026-08-19T12:55:03.5458468Z   HOSTCC  scripts/kconfig/conf.o
2026-08-19T12:55:03.7028649Z   HOSTCC  scripts/kconfig/confdata.o
2026-08-19T12:55:03.8817633Z   HOSTCC  scripts/kconfig/expr.o
2026-08-19T12:55:04.0270152Z   LEX     scripts/kconfig/lexer.lex.c
2026-08-19T12:55:04.1448429Z   YACC    scripts/kconfig/parser.tab.[ch]
2026-08-19T12:55:04.3851505Z   HOSTCC  scripts/kconfig/lexer.lex.o
2026-08-19T12:55:04.6049709Z   HOSTCC  scripts/kconfig/menu.o
2026-08-19T12:55:04.7405400Z   HOSTCC  scripts/kconfig/parser.tab.o
2026-08-19T12:55:04.8869122Z   HOSTCC  scripts/kconfig/preprocess.o
2026-08-19T12:55:04.9935256Z   HOSTCC  scripts/kconfig/symbol.o
2026-08-19T12:55:05.1970627Z   HOSTCC  scripts/kconfig/util.o
2026-08-19T12:55:05.2550356Z   HOSTLD  scripts/kconfig/conf
2026-08-19T12:55:07.5385506Z arch/arm64/configs/gki_defconfig:770:warning: override: reassigning to symbol TCP_CONG_ADVANCED
2026-08-19T12:55:07.5386535Z arch/arm64/configs/gki_defconfig:772:warning: override: reassigning to symbol NET_SCH_FQ
2026-08-19T12:55:07.5387470Z arch/arm64/configs/gki_defconfig:773:warning: override: reassigning to symbol NET_SCH_FQ_CODEL
2026-08-19T12:55:07.5388402Z arch/arm64/configs/gki_defconfig:805:warning: override: reassigning to symbol PID_NS
2026-08-19T12:55:07.6286709Z #
2026-08-19T12:55:07.6286993Z # configuration written to .config
2026-08-19T12:55:07.6287281Z #
2026-08-19T12:55:07.6314859Z make[1]: Leaving directory '/home/runner/work/OnePlus_KernelSU_SUSFS/OnePlus_KernelSU_SUSFS/OP-ACE-3-PRO-6.1.75/kernel_platform/common/out'
2026-08-19T12:55:07.7311164Z make[1]: Entering directory '/home/runner/work/OnePlus_KernelSU_SUSFS/OnePlus_KernelSU_SUSFS/OP-ACE-3-PRO-6.1.75/kernel_platform/common/out'
2026-08-19T12:55:07.8697148Z   GEN     Makefile
2026-08-19T12:55:09.0991775Z .config:715:warning: override: LTO_CLANG_THIN changes choice state
2026-08-19T12:55:09.1241950Z #
2026-08-19T12:55:09.1242267Z # configuration written to .config
2026-08-19T12:55:09.1242572Z #
2026-08-19T12:55:09.1274512Z make[1]: Leaving directory '/home/runner/work/OnePlus_KernelSU_SUSFS/OnePlus_KernelSU_SUSFS/OP-ACE-3-PRO-6.1.75/kernel_platform/common/out'
2026-08-19T12:55:09.1279391Z ============================================
2026-08-19T12:55:09.1280156Z 🔧 Build Configuration
2026-08-19T12:55:09.1280539Z ============================================
2026-08-19T12:55:09.1280972Z Device: OP-ACE-3-PRO-6.1.75
2026-08-19T12:55:09.1281346Z Kernel: android14-6.1.75
2026-08-19T12:55:09.1296756Z Threads: 4
2026-08-19T12:55:09.1297068Z Optimization: O2
2026-08-19T12:55:09.1298128Z KCFLAGS:  -fdebug-prefix-map=/home/runner/work/OnePlus_KernelSU_SUSFS/OnePlus_KernelSU_SUSFS=. -fmacro-prefix-map=/home/runner/work/OnePlus_KernelSU_SUSFS/OneP...
2026-08-19T12:55:09.1300135Z KCPPFLAGS:  -fdebug-prefix-map=/home/runner/work/OnePlus_KernelSU_SUSFS/OnePlus_KernelSU_SUSFS=. -fmacro-prefix-map=/home/runner/work/OnePlus_KernelSU_SUSFS/OneP...
2026-08-19T12:55:09.1301531Z Timestamp: Wed Aug 19 12:55:02 UTC 2026
2026-08-19T12:55:09.1302059Z Workspace: /home/runner/work/OnePlus_KernelSU_SUSFS/OnePlus_KernelSU_SUSFS
2026-08-19T12:55:09.1302439Z ccache: ENABLED
2026-08-19T12:55:09.1302762Z   Dir: /home/runner/work/OnePlus_KernelSU_SUSFS/OnePlus_KernelSU_SUSFS/.ccache
2026-08-19T12:55:09.1303488Z   Base: /home/runner/work/OnePlus_KernelSU_SUSFS/OnePlus_KernelSU_SUSFS
2026-08-19T12:55:09.1303847Z   Max size: 12G
2026-08-19T12:55:09.1304057Z   Compression: zstd level 3
2026-08-19T12:55:09.1304364Z   Features: readonly_direct, file_clone, inode_cache, depend
2026-08-19T12:55:09.1304695Z ============================================
2026-08-19T12:55:09.1392053Z make[1]: Entering directory '/home/runner/work/OnePlus_KernelSU_SUSFS/OnePlus_KernelSU_SUSFS/OP-ACE-3-PRO-6.1.75/kernel_platform/common/out'
2026-08-19T12:55:09.9240905Z   SYNC    include/config/auto.conf.cmd
2026-08-19T12:55:10.0870061Z   GEN     Makefile
2026-08-19T12:55:12.0234560Z   GEN     Makefile
2026-08-19T12:55:12.0325296Z   HOSTCC  arch/arm64/tools/gen-hyprel
2026-08-19T12:55:12.0565556Z   WRAP    arch/arm64/include/generated/uapi/asm/kvm_para.h
2026-08-19T12:55:12.0569858Z   WRAP    arch/arm64/include/generated/uapi/asm/errno.h
2026-08-19T12:55:12.0579086Z   WRAP    arch/arm64/include/generated/uapi/asm/ioctl.h
2026-08-19T12:55:12.0579837Z   WRAP    arch/arm64/include/generated/uapi/asm/ioctls.h
2026-08-19T12:55:12.0590844Z   WRAP    arch/arm64/include/generated/uapi/asm/ipcbuf.h
2026-08-19T12:55:12.0596830Z   WRAP    arch/arm64/include/generated/uapi/asm/msgbuf.h
2026-08-19T12:55:12.0604961Z   WRAP    arch/arm64/include/generated/uapi/asm/poll.h
2026-08-19T12:55:12.0615587Z   WRAP    arch/arm64/include/generated/uapi/asm/resource.h
2026-08-19T12:55:12.0622142Z   WRAP    arch/arm64/include/generated/uapi/asm/sembuf.h
2026-08-19T12:55:12.0640066Z   WRAP    arch/arm64/include/generated/uapi/asm/shmbuf.h
2026-08-19T12:55:12.0645205Z   WRAP    arch/arm64/include/generated/uapi/asm/siginfo.h
2026-08-19T12:55:12.0655640Z   WRAP    arch/arm64/include/generated/uapi/asm/socket.h
2026-08-19T12:55:12.0662153Z   WRAP    arch/arm64/include/generated/uapi/asm/sockios.h
2026-08-19T12:55:12.0670079Z   WRAP    arch/arm64/include/generated/uapi/asm/stat.h
2026-08-19T12:55:12.0673472Z   WRAP    arch/arm64/include/generated/uapi/asm/swab.h
2026-08-19T12:55:12.0681714Z   WRAP    arch/arm64/include/generated/uapi/asm/termbits.h
2026-08-19T12:55:12.0694790Z   WRAP    arch/arm64/include/generated/uapi/asm/termios.h
2026-08-19T12:55:12.0707747Z   WRAP    arch/arm64/include/generated/uapi/asm/types.h
2026-08-19T12:55:12.0910391Z   HOSTCC  scripts/dtc/dtc.o
2026-08-19T12:55:12.0948460Z   HOSTCC  scripts/dtc/flattree.o
2026-08-19T12:55:12.1119951Z   UPD     include/config/kernel.release
2026-08-19T12:55:12.1401935Z   WRAP    arch/arm64/include/generated/asm/early_ioremap.h
2026-08-19T12:55:12.1419999Z   WRAP    arch/arm64/include/generated/asm/mcs_spinlock.h
2026-08-19T12:55:12.1449535Z   WRAP    arch/arm64/include/generated/asm/qrwlock.h
2026-08-19T12:55:12.1469663Z   WRAP    arch/arm64/include/generated/asm/qspinlock.h
2026-08-19T12:55:12.1519539Z   WRAP    arch/arm64/include/generated/asm/parport.h
2026-08-19T12:55:12.1520440Z   WRAP    arch/arm64/include/generated/asm/user.h
2026-08-19T12:55:12.1549542Z   WRAP    arch/arm64/include/generated/asm/bugs.h
2026-08-19T12:55:12.1579502Z   WRAP    arch/arm64/include/generated/asm/delay.h
2026-08-19T12:55:12.1580366Z   WRAP    arch/arm64/include/generated/asm/div64.h
2026-08-19T12:55:12.1599794Z   WRAP    arch/arm64/include/generated/asm/dma-mapping.h
2026-08-19T12:55:12.1600687Z   WRAP    arch/arm64/include/generated/asm/dma.h
2026-08-19T12:55:12.1601653Z   WRAP    arch/arm64/include/generated/asm/emergency-restart.h
2026-08-19T12:55:12.1602303Z   HOSTCC  scripts/dtc/fstree.o
2026-08-19T12:55:12.1602721Z   WRAP    arch/arm64/include/generated/asm/hw_irq.h
2026-08-19T12:55:12.1603340Z   WRAP    arch/arm64/include/generated/asm/irq_regs.h
2026-08-19T12:55:12.1603900Z   WRAP    arch/arm64/include/generated/asm/kdebug.h
2026-08-19T12:55:12.1604361Z   WRAP    arch/arm64/include/generated/asm/kmap_size.h
2026-08-19T12:55:12.1604909Z   WRAP    arch/arm64/include/generated/asm/local.h
2026-08-19T12:55:12.1607498Z   WRAP    arch/arm64/include/generated/asm/local64.h
2026-08-19T12:55:12.1650180Z   WRAP    arch/arm64/include/generated/asm/mmiowb.h
2026-08-19T12:55:12.1651201Z   WRAP    arch/arm64/include/generated/asm/msi.h
2026-08-19T12:55:12.1679434Z   WRAP    arch/arm64/include/generated/asm/serial.h
2026-08-19T12:55:12.1709562Z   WRAP    arch/arm64/include/generated/asm/softirq_stack.h
2026-08-19T12:55:12.1719994Z   WRAP    arch/arm64/include/generated/asm/switch_to.h
2026-08-19T12:55:12.1739595Z   WRAP    arch/arm64/include/generated/asm/trace_clock.h
2026-08-19T12:55:12.1769754Z   WRAP    arch/arm64/include/generated/asm/unaligned.h
2026-08-19T12:55:12.1799750Z   WRAP    arch/arm64/include/generated/asm/vga.h
2026-08-19T12:55:12.1829643Z   HOSTCC  scripts/dtc/data.o
2026-08-19T12:55:12.2259972Z   HOSTCC  scripts/dtc/livetree.o
2026-08-19T12:55:12.2770136Z   UPD     include/generated/uapi/linux/version.h
2026-08-19T12:55:12.2869249Z   HOSTCC  scripts/dtc/treesource.o
2026-08-19T12:55:12.3076732Z   HOSTCC  scripts/dtc/srcpos.o
2026-08-19T12:55:12.3208245Z   HOSTCC  scripts/dtc/checks.o
2026-08-19T12:55:12.4759538Z   UPD     include/generated/utsrelease.h
2026-08-19T12:55:12.4842005Z   HOSTCC  scripts/dtc/util.o
2026-08-19T12:55:12.5173546Z   UPD     include/generated/compile.h
2026-08-19T12:55:12.5260006Z   LEX     scripts/dtc/dtc-lexer.lex.c
2026-08-19T12:55:12.5345209Z   HOSTCC  scripts/unifdef
2026-08-19T12:55:12.5940047Z   DESCEND bpf/resolve_btfids
2026-08-19T12:55:12.6360602Z   YACC    scripts/dtc/dtc-parser.tab.[ch]
2026-08-19T12:55:12.6711338Z   HOSTCC  scripts/dtc/libfdt/fdt.o
2026-08-19T12:55:12.6750842Z   MKDIR     /home/runner/work/OnePlus_KernelSU_SUSFS/OnePlus_KernelSU_SUSFS/OP-ACE-3-PRO-6.1.75/kernel_platform/common/out/tools/bpf/resolve_btfids/libbpf/
2026-08-19T12:55:12.7150304Z   HOSTCC  /home/runner/work/OnePlus_KernelSU_SUSFS/OnePlus_KernelSU_SUSFS/OP-ACE-3-PRO-6.1.75/kernel_platform/common/out/tools/bpf/resolve_btfids/fixdep.o
2026-08-19T12:55:12.7641197Z   MKDIR     /home/runner/work/OnePlus_KernelSU_SUSFS/OnePlus_KernelSU_SUSFS/OP-ACE-3-PRO-6.1.75/kernel_platform/common/out/tools/bpf/resolve_btfids//libsubcmd
2026-08-19T12:55:12.7690597Z   HOSTCC  scripts/dtc/libfdt/fdt_ro.o
2026-08-19T12:55:12.7881326Z   HOSTLD  /home/runner/work/OnePlus_KernelSU_SUSFS/OnePlus_KernelSU_SUSFS/OP-ACE-3-PRO-6.1.75/kernel_platform/common/out/tools/bpf/resolve_btfids/fixdep-in.o
2026-08-19T12:55:12.7899836Z   HOSTCC  scripts/dtc/libfdt/fdt_wip.o
2026-08-19T12:55:12.8061047Z   LINK    /home/runner/work/OnePlus_KernelSU_SUSFS/OnePlus_KernelSU_SUSFS/OP-ACE-3-PRO-6.1.75/kernel_platform/common/out/tools/bpf/resolve_btfids/fixdep
2026-08-19T12:55:12.8737189Z   GEN     /home/runner/work/OnePlus_KernelSU_SUSFS/OnePlus_KernelSU_SUSFS/OP-ACE-3-PRO-6.1.75/kernel_platform/common/out/tools/bpf/resolve_btfids/libbpf/bpf_helper_defs.h
2026-08-19T12:55:12.8830882Z   INSTALL /home/runner/work/OnePlus_KernelSU_SUSFS/OnePlus_KernelSU_SUSFS/OP-ACE-3-PRO-6.1.75/kernel_platform/common/out/tools/bpf/resolve_btfids/libbpf//include/bpf/bpf.h
2026-08-19T12:55:12.8996157Z   HDRINST usr/include/asm-generic/int-ll64.h
2026-08-19T12:55:12.9129769Z   HDRINST usr/include/asm-generic/posix_types.h
2026-08-19T12:55:12.9270604Z   HDRINST usr/include/asm-generic/termbits.h
2026-08-19T12:55:12.9272759Z   CC      /home/runner/work/OnePlus_KernelSU_SUSFS/OnePlus_KernelSU_SUSFS/OP-ACE-3-PRO-6.1.75/kernel_platform/common/out/tools/bpf/resolve_btfids/libsubcmd/exec-cmd.o
2026-08-19T12:55:12.9410053Z   HDRINST usr/include/asm-generic/sembuf.h
2026-08-19T12:55:12.9520557Z   INSTALL /home/runner/work/OnePlus_KernelSU_SUSFS/OnePlus_KernelSU_SUSFS/OP-ACE-3-PRO-6.1.75/kernel_platform/common/out/tools/bpf/resolve_btfids/libbpf//include/bpf/libbpf.h
2026-08-19T12:55:12.9539999Z   INSTALL /home/runner/work/OnePlus_KernelSU_SUSFS/OnePlus_KernelSU_SUSFS/OP-ACE-3-PRO-6.1.75/kernel_platform/common/out/tools/bpf/resolve_btfids/libbpf//include/bpf/btf.h
2026-08-19T12:55:12.9567789Z   INSTALL /home/runner/work/OnePlus_KernelSU_SUSFS/OnePlus_KernelSU_SUSFS/OP-ACE-3-PRO-6.1.75/kernel_platform/common/out/tools/bpf/resolve_btfids/libbpf//include/bpf/libbpf_common.h
2026-08-19T12:55:12.9601284Z   INSTALL /home/runner/work/OnePlus_KernelSU_SUSFS/OnePlus_KernelSU_SUSFS/OP-ACE-3-PRO-6.1.75/kernel_platform/common/out/tools/bpf/resolve_btfids/libbpf//include/bpf/libbpf_legacy.h
2026-08-19T12:55:12.9603106Z   HDRINST usr/include/asm-generic/types.h
2026-08-19T12:55:12.9622828Z   INSTALL /home/runner/work/OnePlus_KernelSU_SUSFS/OnePlus_KernelSU_SUSFS/OP-ACE-3-PRO-6.1.75/kernel_platform/common/out/tools/bpf/resolve_btfids/libbpf//include/bpf/bpf_helpers.h
2026-08-19T12:55:12.9650283Z   INSTALL /home/runner/work/OnePlus_KernelSU_SUSFS/OnePlus_KernelSU_SUSFS/OP-ACE-3-PRO-6.1.75/kernel_platform/common/out/tools/bpf/resolve_btfids/libbpf//include/bpf/bpf_tracing.h
2026-08-19T12:55:12.9674077Z   INSTALL /home/runner/work/OnePlus_KernelSU_SUSFS/OnePlus_KernelSU_SUSFS/OP-ACE-3-PRO-6.1.75/kernel_platform/common/out/tools/bpf/resolve_btfids/libbpf//include/bpf/bpf_endian.h
2026-08-19T12:55:12.9703172Z   INSTALL /home/runner/work/OnePlus_KernelSU_SUSFS/OnePlus_KernelSU_SUSFS/OP-ACE-3-PRO-6.1.75/kernel_platform/common/out/tools/bpf/resolve_btfids/libbpf//include/bpf/bpf_core_read.h
2026-08-19T12:55:12.9737041Z   INSTALL /home/runner/work/OnePlus_KernelSU_SUSFS/OnePlus_KernelSU_SUSFS/OP-ACE-3-PRO-6.1.75/kernel_platform/common/out/tools/bpf/resolve_btfids/libbpf//include/bpf/skel_internal.h
2026-08-19T12:55:12.9750223Z   HDRINST usr/include/asm-generic/swab.h
2026-08-19T12:55:12.9767026Z   HOSTCC  scripts/dtc/libfdt/fdt_sw.o
2026-08-19T12:55:12.9770306Z   INSTALL /home/runner/work/OnePlus_KernelSU_SUSFS/OnePlus_KernelSU_SUSFS/OP-ACE-3-PRO-6.1.75/kernel_platform/common/out/tools/bpf/resolve_btfids/libbpf//include/bpf/libbpf_version.h
2026-08-19T12:55:12.9799458Z   INSTALL /home/runner/work/OnePlus_KernelSU_SUSFS/OnePlus_KernelSU_SUSFS/OP-ACE-3-PRO-6.1.75/kernel_platform/common/out/tools/bpf/resolve_btfids/libbpf//include/bpf/usdt.bpf.h
2026-08-19T12:55:12.9860430Z   INSTALL /home/runner/work/OnePlus_KernelSU_SUSFS/OnePlus_KernelSU_SUSFS/OP-ACE-3-PRO-6.1.75/kernel_platform/common/out/tools/bpf/resolve_btfids/libbpf//include/bpf/bpf_helper_defs.h
2026-08-19T12:55:12.9899664Z   HDRINST usr/include/asm-generic/errno.h
2026-08-19T12:55:12.9915820Z   MKDIR   /home/runner/work/OnePlus_KernelSU_SUSFS/OnePlus_KernelSU_SUSFS/OP-ACE-3-PRO-6.1.75/kernel_platform/common/out/tools/bpf/resolve_btfids/libbpf/staticobjs/
2026-08-19T12:55:12.9950577Z   CC      /home/runner/work/OnePlus_KernelSU_SUSFS/OnePlus_KernelSU_SUSFS/OP-ACE-3-PRO-6.1.75/kernel_platform/common/out/tools/bpf/resolve_btfids/libbpf/staticobjs/libbpf.o
2026-08-19T12:55:12.9984619Z   HDRINST usr/include/asm-generic/msgbuf.h
2026-08-19T12:55:13.0133049Z   HDRINST usr/include/asm-generic/stat.h
2026-08-19T12:55:13.0248142Z   HDRINST usr/include/asm-generic/fcntl.h
2026-08-19T12:55:13.0364918Z   HDRINST usr/include/asm-generic/hugetlb_encode.h
2026-08-19T12:55:13.0462479Z   HDRINST usr/include/asm-generic/shmbuf.h
2026-08-19T12:55:13.0560223Z   HDRINST usr/include/asm-generic/poll.h
2026-08-19T12:55:13.0652177Z   HDRINST usr/include/asm-generic/ioctls.h
2026-08-19T12:55:13.0742715Z   CC      /home/runner/work/OnePlus_KernelSU_SUSFS/OnePlus_KernelSU_SUSFS/OP-ACE-3-PRO-6.1.75/kernel_platform/common/out/tools/bpf/resolve_btfids/libsubcmd/help.o
2026-08-19T12:55:13.0762204Z   HDRINST usr/include/asm-generic/param.h
2026-08-19T12:55:13.0881557Z   HDRINST usr/include/asm-generic/statfs.h
2026-08-19T12:55:13.0961359Z   HOSTCC  scripts/dtc/libfdt/fdt_rw.o
2026-08-19T12:55:13.0996098Z   HDRINST usr/include/asm-generic/sockios.h
2026-08-19T12:55:13.1112067Z   HDRINST usr/include/asm-generic/ipcbuf.h
2026-08-19T12:55:13.1259957Z   HDRINST usr/include/asm-generic/termios.h
2026-08-19T12:55:13.1350308Z   HDRINST usr/include/asm-generic/int-l64.h
2026-08-19T12:55:13.1499877Z   HDRINST usr/include/asm-generic/siginfo.h
2026-08-19T12:55:13.1649857Z   HDRINST usr/include/asm-generic/resource.h
2026-08-19T12:55:13.1751889Z   HDRINST usr/include/asm-generic/setup.h
2026-08-19T12:55:13.1909789Z   HDRINST usr/include/asm-generic/ioctl.h
2026-08-19T12:55:13.1995202Z   HDRINST usr/include/asm-generic/kvm_para.h
2026-08-19T12:55:13.2108637Z   HDRINST usr/include/asm-generic/bpf_perf_event.h
2026-08-19T12:55:13.2227739Z   HDRINST usr/include/asm-generic/ucontext.h
2026-08-19T12:55:13.2351126Z   HDRINST usr/include/asm-generic/termbits-common.h
2026-08-19T12:55:13.2440374Z   CC      /home/runner/work/OnePlus_KernelSU_SUSFS/OnePlus_KernelSU_SUSFS/OP-ACE-3-PRO-6.1.75/kernel_platform/common/out/tools/bpf/resolve_btfids/libsubcmd/pager.o
2026-08-19T12:55:13.2494539Z   HDRINST usr/include/asm-generic/auxvec.h
2026-08-19T12:55:13.2532125Z   HOSTCC  scripts/dtc/libfdt/fdt_strerror.o
2026-08-19T12:55:13.2625747Z   HDRINST usr/include/asm-generic/signal-defs.h
2026-08-19T12:55:13.2755215Z   HDRINST usr/include/asm-generic/bitsperlong.h
2026-08-19T12:55:13.2880616Z   HDRINST usr/include/asm-generic/mman.h
2026-08-19T12:55:13.2976456Z   HDRINST usr/include/asm-generic/errno-base.h
2026-08-19T12:55:13.3097386Z   HDRINST usr/include/asm-generic/unistd.h
2026-08-19T12:55:13.3317579Z   HOSTCC  scripts/dtc/libfdt/fdt_empty_tree.o
2026-08-19T12:55:13.3331414Z   HDRINST usr/include/asm-generic/socket.h
2026-08-19T12:55:13.3470387Z   HDRINST usr/include/asm-generic/signal.h
2026-08-19T12:55:13.3610022Z   HDRINST usr/include/asm-generic/mman-common.h
2026-08-19T12:55:13.3740329Z   HDRINST usr/include/drm/sis_drm.h
2026-08-19T12:55:13.3775725Z   CC      /home/runner/work/OnePlus_KernelSU_SUSFS/OnePlus_KernelSU_SUSFS/OP-ACE-3-PRO-6.1.75/kernel_platform/common/out/tools/bpf/resolve_btfids/libsubcmd/parse-options.o
2026-08-19T12:55:13.3863139Z   HDRINST usr/include/drm/vc4_drm.h
2026-08-19T12:55:13.3896153Z   HOSTCC  scripts/dtc/libfdt/fdt_addresses.o
2026-08-19T12:55:13.4032085Z   HDRINST usr/include/drm/vgem_drm.h
2026-08-19T12:55:13.4129880Z   HDRINST usr/include/drm/msm_drm.h
2026-08-19T12:55:13.4276556Z   HDRINST usr/include/drm/drm_sarea.h
2026-08-19T12:55:13.4419887Z   HDRINST usr/include/drm/tegra_drm.h
2026-08-19T12:55:13.4584925Z   HDRINST usr/include/drm/v3d_drm.h
2026-08-19T12:55:13.4659817Z   HOSTCC  scripts/dtc/libfdt/fdt_overlay.o
2026-08-19T12:55:13.4735396Z   HDRINST usr/include/drm/panfrost_drm.h
2026-08-19T12:55:13.4869876Z   HDRINST usr/include/drm/mga_drm.h
2026-08-19T12:55:13.5043459Z   HDRINST usr/include/drm/omap_drm.h
2026-08-19T12:55:13.5189863Z   HDRINST usr/include/drm/nouveau_drm.h
2026-08-19T12:55:13.5306790Z   HDRINST usr/include/drm/savage_drm.h
2026-08-19T12:55:13.5446823Z   HDRINST usr/include/drm/virtgpu_drm.h
2026-08-19T12:55:13.5584061Z   HDRINST usr/include/drm/etnaviv_drm.h
2026-08-19T12:55:13.5760021Z   HDRINST usr/include/drm/radeon_drm.h
2026-08-19T12:55:13.5970104Z   HDRINST usr/include/drm/lima_drm.h
2026-08-19T12:55:13.5999652Z   HOSTCC  scripts/dtc/fdtoverlay.o
2026-08-19T12:55:13.6090117Z   HDRINST usr/include/drm/via_drm.h
2026-08-19T12:55:13.6208420Z   HDRINST usr/include/drm/amdgpu_drm.h
2026-08-19T12:55:13.6429859Z   HDRINST usr/include/drm/drm_mode.h
2026-08-19T12:55:13.6639780Z   HDRINST usr/include/drm/qxl_drm.h
2026-08-19T12:55:13.6774313Z   HDRINST usr/include/drm/vmwgfx_drm.h
2026-08-19T12:55:13.6810607Z   CC      /home/runner/work/OnePlus_KernelSU_SUSFS/OnePlus_KernelSU_SUSFS/OP-ACE-3-PRO-6.1.75/kernel_platform/common/out/tools/bpf/resolve_btfids/libsubcmd/run-command.o
2026-08-19T12:55:13.6984149Z   HDRINST usr/include/drm/drm_fourcc.h
2026-08-19T12:55:13.7092083Z   HOSTCC  scripts/dtc/dtc-lexer.lex.o
2026-08-19T12:55:13.7256286Z   HDRINST usr/include/drm/i915_drm.h
2026-08-19T12:55:13.7720031Z   HDRINST usr/include/drm/r128_drm.h
2026-08-19T12:55:13.7854982Z   HDRINST usr/include/drm/i810_drm.h
2026-08-19T12:55:13.8008382Z   HDRINST usr/include/drm/exynos_drm.h
2026-08-19T12:55:13.8040948Z   CC      /home/runner/work/OnePlus_KernelSU_SUSFS/OnePlus_KernelSU_SUSFS/OP-ACE-3-PRO-6.1.75/kernel_platform/common/out/tools/bpf/resolve_btfids/libsubcmd/sigchain.o
2026-08-19T12:55:13.8173218Z   HDRINST usr/include/drm/armada_drm.h
2026-08-19T12:55:13.8304545Z   HDRINST usr/include/drm/drm.h
2026-08-19T12:55:13.8532352Z   HDRINST usr/include/linux/fd.h
2026-08-19T12:55:13.8706714Z   HDRINST usr/include/linux/wireless.h
2026-08-19T12:55:13.8963203Z   CC      /home/runner/work/OnePlus_KernelSU_SUSFS/OnePlus_KernelSU_SUSFS/OP-ACE-3-PRO-6.1.75/kernel_platform/common/out/tools/bpf/resolve_btfids/libsubcmd/subcmd-config.o
2026-08-19T12:55:13.8970842Z   HDRINST usr/include/linux/capi.h
2026-08-19T12:55:13.9063082Z   HDRINST usr/include/linux/minix_fs.h
2026-08-19T12:55:13.9183611Z   HDRINST usr/include/linux/netfilter_arp.h
2026-08-19T12:55:13.9309686Z   HDRINST usr/include/linux/tc_act/tc_tunnel_key.h
2026-08-19T12:55:13.9385215Z   LD      /home/runner/work/OnePlus_KernelSU_SUSFS/OnePlus_KernelSU_SUSFS/OP-ACE-3-PRO-6.1.75/kernel_platform/common/out/tools/bpf/resolve_btfids/libsubcmd/libsubcmd-in.o
2026-08-19T12:55:13.9432667Z   HDRINST usr/include/linux/tc_act/tc_bpf.h
2026-08-19T12:55:13.9575292Z   HDRINST usr/include/linux/tc_act/tc_nat.h
2026-08-19T12:55:13.9600936Z   INSTALL /home/runner/work/OnePlus_KernelSU_SUSFS/OnePlus_KernelSU_SUSFS/OP-ACE-3-PRO-6.1.75/kernel_platform/common/out/tools/bpf/resolve_btfids/libsubcmd//include/subcmd/exec-cmd.h
2026-08-19T12:55:13.9648250Z   INSTALL /home/runner/work/OnePlus_KernelSU_SUSFS/OnePlus_KernelSU_SUSFS/OP-ACE-3-PRO-6.1.75/kernel_platform/common/out/tools/bpf/resolve_btfids/libsubcmd//include/subcmd/help.h
2026-08-19T12:55:13.9680853Z   INSTALL /home/runner/work/OnePlus_KernelSU_SUSFS/OnePlus_KernelSU_SUSFS/OP-ACE-3-PRO-6.1.75/kernel_platform/common/out/tools/bpf/resolve_btfids/libsubcmd//include/subcmd/pager.h
2026-08-19T12:55:13.9721117Z   INSTALL /home/runner/work/OnePlus_KernelSU_SUSFS/OnePlus_KernelSU_SUSFS/OP-ACE-3-PRO-6.1.75/kernel_platform/common/out/tools/bpf/resolve_btfids/libsubcmd//include/subcmd/parse-options.h
2026-08-19T12:55:13.9734380Z   HOSTCC  scripts/dtc/dtc-parser.tab.o
2026-08-19T12:55:13.9735156Z   HDRINST usr/include/linux/tc_act/tc_ife.h
2026-08-19T12:55:13.9745194Z   INSTALL /home/runner/work/OnePlus_KernelSU_SUSFS/OnePlus_KernelSU_SUSFS/OP-ACE-3-PRO-6.1.75/kernel_platform/common/out/tools/bpf/resolve_btfids/libsubcmd//include/subcmd/run-command.h
2026-08-19T12:55:13.9792360Z   AR      /home/runner/work/OnePlus_KernelSU_SUSFS/OnePlus_KernelSU_SUSFS/OP-ACE-3-PRO-6.1.75/kernel_platform/common/out/tools/bpf/resolve_btfids/libsubcmd/libsubcmd.a
2026-08-19T12:55:13.9871920Z   HDRINST usr/include/linux/tc_act/tc_csum.h
2026-08-19T12:55:13.9885582Z   INSTALL libsubcmd_headers
2026-08-19T12:55:13.9905092Z   CC      /home/runner/work/OnePlus_KernelSU_SUSFS/OnePlus_KernelSU_SUSFS/OP-ACE-3-PRO-6.1.75/kernel_platform/common/out/tools/bpf/resolve_btfids/libbpf/staticobjs/bpf.o
2026-08-19T12:55:14.0004225Z   HDRINST usr/include/linux/tc_act/tc_skbmod.h
2026-08-19T12:55:14.0129939Z   HDRINST usr/include/linux/tc_act/tc_ct.h
2026-08-19T12:55:14.0232121Z   HDRINST usr/include/linux/tc_act/tc_connmark.h
2026-08-19T12:55:14.0372076Z   HDRINST usr/include/linux/tc_act/tc_defact.h
2026-08-19T12:55:14.0489932Z   HDRINST usr/include/linux/tc_act/tc_gate.h
2026-08-19T12:55:14.0609542Z   HDRINST usr/include/linux/tc_act/tc_ipt.h
2026-08-19T12:55:14.0729682Z   HDRINST usr/include/linux/tc_act/tc_vlan.h
2026-08-19T12:55:14.0849730Z   HDRINST usr/include/linux/tc_act/tc_mirred.h
2026-08-19T12:55:14.0989847Z   HDRINST usr/include/linux/tc_act/tc_skbedit.h
2026-08-19T12:55:14.1100076Z   HDRINST usr/include/linux/tc_act/tc_gact.h
2026-08-19T12:55:14.1229706Z   HDRINST usr/include/linux/tc_act/tc_pedit.h
2026-08-19T12:55:14.1349621Z   HDRINST usr/include/linux/tc_act/tc_ctinfo.h
2026-08-19T12:55:14.1449544Z   HDRINST usr/include/linux/tc_act/tc_sample.h
2026-08-19T12:55:14.1558573Z   HDRINST usr/include/linux/tc_act/tc_mpls.h
2026-08-19T12:55:14.1675577Z   HDRINST usr/include/linux/ccs.h
2026-08-19T12:55:14.1789734Z   HDRINST usr/include/linux/seg6.h
2026-08-19T12:55:14.1819602Z   HOSTLD  scripts/dtc/fdtoverlay
2026-08-19T12:55:14.1929742Z   HDRINST usr/include/linux/sem.h
2026-08-19T12:55:14.2039598Z   HDRINST usr/include/linux/rtnetlink.h
2026-08-19T12:55:14.2194833Z   HDRINST usr/include/linux/rseq.h
2026-08-19T12:55:14.2259346Z   HOSTLD  scripts/dtc/dtc
2026-08-19T12:55:14.2380373Z   HDRINST usr/include/linux/atm_nicstar.h
2026-08-19T12:55:14.2487125Z   HDRINST usr/include/linux/dvb/ca.h
2026-08-19T12:55:14.2629749Z   HDRINST usr/include/linux/dvb/version.h
2026-08-19T12:55:14.2650005Z   CC      /home/runner/work/OnePlus_KernelSU_SUSFS/OnePlus_KernelSU_SUSFS/OP-ACE-3-PRO-6.1.75/kernel_platform/common/out/tools/bpf/resolve_btfids/libbpf/staticobjs/nlattr.o
2026-08-19T12:55:14.2759635Z   HDRINST usr/include/linux/dvb/audio.h
2026-08-19T12:55:14.2879624Z   HDRINST usr/include/linux/dvb/frontend.h
2026-08-19T12:55:14.3079715Z   HDRINST usr/include/linux/dvb/video.h
2026-08-19T12:55:14.3209584Z   HDRINST usr/include/linux/dvb/dmx.h
2026-08-19T12:55:14.3353547Z   HDRINST usr/include/linux/dvb/net.h
2026-08-19T12:55:14.3485884Z   HDRINST usr/include/linux/dvb/osd.h
2026-08-19T12:55:14.3621374Z   HDRINST usr/include/linux/ncsi.h
2026-08-19T12:55:14.3742603Z   HDRINST usr/include/linux/firewire-constants.h
2026-08-19T12:55:14.3865571Z   HDRINST usr/include/linux/atmsap.h
2026-08-19T12:55:14.3920732Z   HOSTCC  scripts/genksyms/genksyms.o
2026-08-19T12:55:14.3999579Z   HDRINST usr/include/linux/keyboard.h
2026-08-19T12:55:14.4152293Z   HDRINST usr/include/linux/ublk_cmd.h
2026-08-19T12:55:14.4300032Z   HDRINST usr/include/linux/uhid.h
2026-08-19T12:55:14.4420209Z   HDRINST usr/include/linux/stm.h
2026-08-19T12:55:14.4570206Z   HDRINST usr/include/linux/lwtunnel.h
2026-08-19T12:55:14.4679586Z   HDRINST usr/include/linux/icmpv6.h
2026-08-19T12:55:14.4861575Z   HDRINST usr/include/linux/magic.h
2026-08-19T12:55:14.4982199Z   HDRINST usr/include/linux/virtio_mmio.h
2026-08-19T12:55:14.5041090Z   YACC    scripts/genksyms/parse.tab.[ch]
2026-08-19T12:55:14.5144110Z   HDRINST usr/include/linux/meye.h
2026-08-19T12:55:14.5250146Z   HDRINST usr/include/linux/netrom.h
2026-08-19T12:55:14.5373518Z   HDRINST usr/include/linux/cgroupstats.h
2026-08-19T12:55:14.5500280Z   HDRINST usr/include/linux/if_x25.h
2026-08-19T12:55:14.5629389Z   HDRINST usr/include/linux/posix_types.h
2026-08-19T12:55:14.5789717Z   HDRINST usr/include/linux/matroxfb.h
2026-08-19T12:55:14.5879561Z   HDRINST usr/include/linux/shm.h
2026-08-19T12:55:14.5909635Z   HOSTCC  scripts/selinux/genheaders/genheaders
2026-08-19T12:55:14.6029718Z   HDRINST usr/include/linux/atm_tcp.h
2026-08-19T12:55:14.6149702Z   HDRINST usr/include/linux/if_alg.h
2026-08-19T12:55:14.6269696Z   HDRINST usr/include/linux/cfm_bridge.h
2026-08-19T12:55:14.6389603Z   HDRINST usr/include/linux/fsmap.h
2026-08-19T12:55:14.6509760Z   LEX     scripts/genksyms/lex.lex.c
2026-08-19T12:55:14.6526400Z   HDRINST usr/include/linux/rio_cm_cdev.h
2026-08-19T12:55:14.6624949Z   HOSTCC  scripts/genksyms/parse.tab.o
2026-08-19T12:55:14.6667003Z   HDRINST usr/include/linux/selinux_netlink.h
2026-08-19T12:55:14.6820239Z   HDRINST usr/include/linux/romfs_fs.h
2026-08-19T12:55:14.6935254Z   HDRINST usr/include/linux/cycx_cfm.h
2026-08-19T12:55:14.6987766Z   HOSTCC  scripts/selinux/mdp/mdp
2026-08-19T12:55:14.7079815Z   HDRINST usr/include/linux/genwqe/genwqe_card.h
2026-08-19T12:55:14.7230141Z   HDRINST usr/include/linux/blktrace_api.h
2026-08-19T12:55:14.7349274Z   HDRINST usr/include/linux/pcitest.h
2026-08-19T12:55:14.7467822Z   HDRINST usr/include/linux/isst_if.h
2026-08-19T12:55:14.7619512Z   HDRINST usr/include/linux/omap3isp.h
2026-08-19T12:55:14.7799880Z   HDRINST usr/include/linux/types.h
2026-08-19T12:55:14.7888218Z   HDRINST usr/include/linux/mount.h
2026-08-19T12:55:14.7992820Z   CC      /home/runner/work/OnePlus_KernelSU_SUSFS/OnePlus_KernelSU_SUSFS/OP-ACE-3-PRO-6.1.75/kernel_platform/common/out/tools/bpf/resolve_btfids/libbpf/staticobjs/btf.o
2026-08-19T12:55:14.8039672Z   HDRINST usr/include/linux/pfrut.h
2026-08-19T12:55:14.8158666Z   HDRINST usr/include/linux/bt-bmc.h
2026-08-19T12:55:14.8280807Z   HOSTCC  scripts/genksyms/lex.lex.o
2026-08-19T12:55:14.8305562Z   HDRINST usr/include/linux/virtio_blk.h
2026-08-19T12:55:14.8412703Z   HDRINST usr/include/linux/ioprio.h
2026-08-19T12:55:14.8539529Z   HDRINST usr/include/linux/map_to_14segment.h
2026-08-19T12:55:14.8752112Z   HDRINST usr/include/linux/sonet.h
2026-08-19T12:55:14.8918334Z   HDRINST usr/include/linux/vhost_types.h
2026-08-19T12:55:14.9048416Z   HDRINST usr/include/linux/swab.h
2026-08-19T12:55:14.9198570Z   HDRINST usr/include/linux/cm4000_cs.h
2026-08-19T12:55:14.9363186Z   HDRINST usr/include/linux/nfs_fs.h
2026-08-19T12:55:14.9494566Z   HDRINST usr/include/linux/ax25.h
2026-08-19T12:55:14.9659905Z   HDRINST usr/include/linux/atm_idt77105.h
2026-08-19T12:55:14.9789953Z   HDRINST usr/include/linux/smiapp.h
2026-08-19T12:55:14.9902126Z   HDRINST usr/include/linux/mptcp.h
2026-08-19T12:55:15.0080503Z   HDRINST usr/include/linux/posix_acl.h
2026-08-19T12:55:15.0220407Z   HDRINST usr/include/linux/net_tstamp.h
2026-08-19T12:55:15.0330327Z   HDRINST usr/include/linux/fb.h
2026-08-19T12:55:15.0519940Z   HDRINST usr/include/linux/fsl_mc.h
2026-08-19T12:55:15.0648562Z   HDRINST usr/include/linux/auto_fs.h
2026-08-19T12:55:15.0840074Z   HDRINST usr/include/linux/psp-sev.h
2026-08-19T12:55:15.0975877Z   HDRINST usr/include/linux/aspeed-p2a-ctrl.h
2026-08-19T12:55:15.1119778Z   HDRINST usr/include/linux/pg.h
2026-08-19T12:55:15.1223894Z   HDRINST usr/include/linux/virtio_console.h
2026-08-19T12:55:15.1370168Z   HDRINST usr/include/linux/omapfb.h
2026-08-19T12:55:15.1550000Z   HDRINST usr/include/linux/quota.h
2026-08-19T12:55:15.1664075Z   HDRINST usr/include/linux/virtio_config.h
2026-08-19T12:55:15.1780190Z   HOSTLD  scripts/genksyms/genksyms
2026-08-19T12:55:15.1819492Z   HDRINST usr/include/linux/errno.h
2026-08-19T12:55:15.1959831Z   HDRINST usr/include/linux/fs.h
2026-08-19T12:55:15.2133920Z   HDRINST usr/include/linux/adb.h
2026-08-19T12:55:15.2273516Z   HDRINST usr/include/linux/smc_diag.h
2026-08-19T12:55:15.2299833Z   HOSTCC  scripts/kallsyms
2026-08-19T12:55:15.2405092Z   HDRINST usr/include/linux/neighbour.h
2026-08-19T12:55:15.2544930Z   HDRINST usr/include/linux/usbdevice_fs.h
2026-08-19T12:55:15.2702204Z   HDRINST usr/include/linux/fiemap.h
2026-08-19T12:55:15.2839738Z   HDRINST usr/include/linux/am437x-vpfe.h
2026-08-19T12:55:15.2957970Z   HDRINST usr/include/linux/netfilter_ipv4.h
2026-08-19T12:55:15.3089323Z   HDRINST usr/include/linux/kd.h
2026-08-19T12:55:15.3239664Z   HDRINST usr/include/linux/sonypi.h
2026-08-19T12:55:15.3369577Z   HDRINST usr/include/linux/if_hippi.h
2026-08-19T12:55:15.3520065Z   HDRINST usr/include/linux/oom.h
2026-08-19T12:55:15.3619593Z   HDRINST usr/include/linux/dlm_device.h
2026-08-19T12:55:15.3759811Z   HDRINST usr/include/linux/mpls.h
2026-08-19T12:55:15.3880117Z   HDRINST usr/include/linux/msdos_fs.h
2026-08-19T12:55:15.4029725Z   HDRINST usr/include/linux/fscrypt.h
2026-08-19T12:55:15.4147204Z   HDRINST usr/include/linux/fou.h
2026-08-19T12:55:15.4290227Z   HDRINST usr/include/linux/fsi.h
2026-08-19T12:55:15.4397343Z   HDRINST usr/include/linux/stat.h
2026-08-19T12:55:15.4575366Z   HDRINST usr/include/linux/kernel-page-flags.h
2026-08-19T12:55:15.4720389Z   HDRINST usr/include/linux/net_dropmon.h
2026-08-19T12:55:15.4731001Z   HOSTCC  scripts/sorttable
2026-08-19T12:55:15.4842055Z   HDRINST usr/include/linux/fcntl.h
2026-08-19T12:55:15.4989539Z   HDRINST usr/include/linux/openat2.h
2026-08-19T12:55:15.5140181Z   HDRINST usr/include/linux/rpmsg_types.h
2026-08-19T12:55:15.5231561Z   HDRINST usr/include/linux/dlm_netlink.h
2026-08-19T12:55:15.5383182Z   HDRINST usr/include/linux/cyclades.h
2026-08-19T12:55:15.5510219Z   HDRINST usr/include/linux/atmioc.h
2026-08-19T12:55:15.5652950Z   HDRINST usr/include/linux/mpls_iptunnel.h
2026-08-19T12:55:15.5839659Z   HDRINST usr/include/linux/dccp.h
2026-08-19T12:55:15.5959695Z   HDRINST usr/include/linux/udf_fs_i.h
2026-08-19T12:55:15.6105484Z   HDRINST usr/include/linux/blkzoned.h
2026-08-19T12:55:15.6249658Z   HDRINST usr/include/linux/x25.h
2026-08-19T12:55:15.6438007Z   HDRINST usr/include/linux/elf.h
2026-08-19T12:55:15.6637838Z   HDRINST usr/include/linux/elf-fdpic.h
2026-08-19T12:55:15.6753418Z   HOSTCC  scripts/asn1_compiler
2026-08-19T12:55:15.6809719Z   HDRINST usr/include/linux/rio_mport_cdev.h
2026-08-19T12:55:15.6929807Z   HDRINST usr/include/linux/if_bonding.h
2026-08-19T12:55:15.7140975Z   HDRINST usr/include/linux/toshiba.h
2026-08-19T12:55:15.7250279Z   HDRINST usr/include/linux/v4l2-subdev.h
2026-08-19T12:55:15.7420324Z   HDRINST usr/include/linux/virtio_pci.h
2026-08-19T12:55:15.7540114Z   HDRINST usr/include/linux/random.h
2026-08-19T12:55:15.7690358Z   HDRINST usr/include/linux/xilinx-v4l2-controls.h
2026-08-19T12:55:15.7809700Z   HDRINST usr/include/linux/route.h
2026-08-19T12:55:15.7926963Z   HDRINST usr/include/linux/apm_bios.h
2026-08-19T12:55:15.8057822Z   HDRINST usr/include/linux/mtio.h
2026-08-19T12:55:15.8193467Z   HDRINST usr/include/linux/nfsd/cld.h
2026-08-19T12:55:15.8314261Z   HDRINST usr/include/linux/nfsd/export.h
2026-08-19T12:55:15.8450414Z   HDRINST usr/include/linux/nfsd/debug.h
2026-08-19T12:55:15.8480041Z   HDRINST usr/include/linux/nfsd/stats.h
2026-08-19T12:55:15.8549485Z   HDRINST usr/include/linux/vtpm_proxy.h
2026-08-19T12:55:15.8599517Z   HOSTCC  scripts/sign-file
2026-08-19T12:55:15.8690279Z   HDRINST usr/include/linux/nfs2.h
2026-08-19T12:55:15.8785237Z   HDRINST usr/include/linux/auto_dev-ioctl.h
2026-08-19T12:55:15.8922562Z   HDRINST usr/include/linux/reboot.h
2026-08-19T12:55:15.8948626Z   CC      /home/runner/work/OnePlus_KernelSU_SUSFS/OnePlus_KernelSU_SUSFS/OP-ACE-3-PRO-6.1.75/kernel_platform/common/out/tools/bpf/resolve_btfids/libbpf/staticobjs/libbpf_errno.o
2026-08-19T12:55:15.9066254Z   HDRINST usr/include/linux/tcp_metrics.h
2026-08-19T12:55:15.9164553Z   HDRINST usr/include/linux/ptp_clock.h
2026-08-19T12:55:15.9292041Z   HDRINST usr/include/linux/if_plip.h
2026-08-19T12:55:15.9318513Z   CC      /home/runner/work/OnePlus_KernelSU_SUSFS/OnePlus_KernelSU_SUSFS/OP-ACE-3-PRO-6.1.75/kernel_platform/common/out/tools/bpf/resolve_btfids/libbpf/staticobjs/str_error.o
2026-08-19T12:55:15.9401415Z   HDRINST usr/include/linux/rds.h
2026-08-19T12:55:15.9543945Z   HDRINST usr/include/linux/media.h
2026-08-19T12:55:15.9697999Z   HDRINST usr/include/linux/hdreg.h
2026-08-19T12:55:15.9772867Z   CC      /home/runner/work/OnePlus_KernelSU_SUSFS/OnePlus_KernelSU_SUSFS/OP-ACE-3-PRO-6.1.75/kernel_platform/common/out/tools/bpf/resolve_btfids/libbpf/staticobjs/netlink.o
2026-08-19T12:55:15.9810825Z   CC      /home/runner/work/OnePlus_KernelSU_SUSFS/OnePlus_KernelSU_SUSFS/OP-ACE-3-PRO-6.1.75/kernel_platform/common/out/tools/bpf/resolve_btfids/libbpf/staticobjs/bpf_prog_linfo.o
2026-08-19T12:55:15.9889847Z   HDRINST usr/include/linux/coresight-stm.h
2026-08-19T12:55:15.9969691Z   HDRINST usr/include/linux/dm-log-userspace.h
2026-08-19T12:55:16.0075885Z   HDRINST usr/include/linux/packet_diag.h
2026-08-19T12:55:16.0193972Z   HDRINST usr/include/linux/udp.h
2026-08-19T12:55:16.0319992Z   HDRINST usr/include/linux/tls.h
2026-08-19T12:55:16.0437968Z   HDRINST usr/include/linux/sed-opal.h
2026-08-19T12:55:16.0555004Z   HDRINST usr/include/linux/poll.h
2026-08-19T12:55:16.0644144Z   HDRINST usr/include/linux/pkt_sched.h
2026-08-19T12:55:16.0788076Z   HDRINST usr/include/linux/iio/types.h
2026-08-19T12:55:16.0867648Z   HDRINST usr/include/linux/iio/buffer.h
2026-08-19T12:55:16.0929529Z   HDRINST usr/include/linux/iio/events.h
2026-08-19T12:55:16.1001899Z   CC      /home/runner/work/OnePlus_KernelSU_SUSFS/OnePlus_KernelSU_SUSFS/OP-ACE-3-PRO-6.1.75/kernel_platform/common/out/tools/bpf/resolve_btfids/libbpf/staticobjs/libbpf_probes.o
2026-08-19T12:55:16.1025228Z   HDRINST usr/include/linux/uinput.h
2026-08-19T12:55:16.1163772Z   HDRINST usr/include/linux/ultrasound.h
2026-08-19T12:55:16.1275264Z   HDRINST usr/include/linux/mroute6.h
2026-08-19T12:55:16.1415597Z   HDRINST usr/include/linux/vbox_vmmdev_types.h
2026-08-19T12:55:16.1544082Z   HDRINST usr/include/linux/atm_zatm.h
2026-08-19T12:55:16.1689591Z   HDRINST usr/include/linux/const.h
2026-08-19T12:55:16.1761055Z   HDRINST usr/include/linux/hsr_netlink.h
2026-08-19T12:55:16.1851391Z   HDRINST usr/include/linux/devlink.h
2026-08-19T12:55:16.1976823Z   HDRINST usr/include/linux/seg6_genl.h
2026-08-19T12:55:16.2085284Z   HDRINST usr/include/linux/virtio_pcidev.h
2026-08-19T12:55:16.2173396Z   HDRINST usr/include/linux/gzvm.h
2026-08-19T12:55:16.2314905Z   HDRINST usr/include/linux/ppp_defs.h
2026-08-19T12:55:16.2340389Z   CC      /home/runner/work/OnePlus_KernelSU_SUSFS/OnePlus_KernelSU_SUSFS/OP-ACE-3-PRO-6.1.75/kernel_platform/common/out/tools/bpf/resolve_btfids/libbpf/staticobjs/hashmap.o
2026-08-19T12:55:16.2387089Z   HDRINST usr/include/linux/param.h
2026-08-19T12:55:16.2430480Z   HDRINST usr/include/linux/pkt_cls.h
2026-08-19T12:55:16.2491635Z   CC      /home/runner/work/OnePlus_KernelSU_SUSFS/OnePlus_KernelSU_SUSFS/OP-ACE-3-PRO-6.1.75/kernel_platform/common/out/tools/bpf/resolve_btfids/libbpf/staticobjs/btf_dump.o
2026-08-19T12:55:16.2584245Z   HDRINST usr/include/linux/keyctl.h
2026-08-19T12:55:16.2712829Z   HDRINST usr/include/linux/kfd_sysfs.h
2026-08-19T12:55:16.2848407Z   HDRINST usr/include/linux/ioam6_iptunnel.h
2026-08-19T12:55:16.2962497Z   HDRINST usr/include/linux/aio_abi.h
2026-08-19T12:55:16.3099661Z   HDRINST usr/include/linux/tcp.h
2026-08-19T12:55:16.3234911Z   HDRINST usr/include/linux/switchtec_ioctl.h
2026-08-19T12:55:16.3306713Z   HDRINST usr/include/linux/byteorder/little_endian.h
2026-08-19T12:55:16.3359302Z   CC      /home/runner/work/OnePlus_KernelSU_SUSFS/OnePlus_KernelSU_SUSFS/OP-ACE-3-PRO-6.1.75/kernel_platform/common/out/tools/bpf/resolve_btfids/libbpf/staticobjs/ringbuf.o
2026-08-19T12:55:16.3411743Z   HDRINST usr/include/linux/byteorder/big_endian.h
2026-08-19T12:55:16.3537699Z   HDRINST usr/include/linux/map_to_7segment.h
2026-08-19T12:55:16.3676167Z   HDRINST usr/include/linux/netfilter_ipv6.h
2026-08-19T12:55:16.3798123Z   HDRINST usr/include/linux/in6.h
2026-08-19T12:55:16.3951370Z   HDRINST usr/include/linux/android/binderfs.h
2026-08-19T12:55:16.4061137Z   HDRINST usr/include/linux/android/binder.h
2026-08-19T12:55:16.4258271Z   HDRINST usr/include/linux/gfs2_ondisk.h
2026-08-19T12:55:16.4431324Z   HDRINST usr/include/linux/lp.h
2026-08-19T12:55:16.4551589Z   HDRINST usr/include/linux/sync_file.h
2026-08-19T12:55:16.4636942Z   HDRINST usr/include/linux/sched.h
2026-08-19T12:55:16.4720262Z   CC      /home/runner/work/OnePlus_KernelSU_SUSFS/OnePlus_KernelSU_SUSFS/OP-ACE-3-PRO-6.1.75/kernel_platform/common/out/tools/bpf/resolve_btfids/libbpf/staticobjs/strset.o
2026-08-19T12:55:16.4767700Z   HDRINST usr/include/linux/scc.h
2026-08-19T12:55:16.4948362Z   HDRINST usr/include/linux/dqblk_xfs.h
2026-08-19T12:55:16.5099641Z   HDRINST usr/include/linux/auto_fs4.h
2026-08-19T12:55:16.5251391Z   HDRINST usr/include/linux/virtio_input.h
2026-08-19T12:55:16.5327910Z   CC      /home/runner/work/OnePlus_KernelSU_SUSFS/OnePlus_KernelSU_SUSFS/OP-ACE-3-PRO-6.1.75/kernel_platform/common/out/tools/bpf/resolve_btfids/libbpf/staticobjs/linker.o
2026-08-19T12:55:16.5357535Z   HDRINST usr/include/linux/utsname.h
2026-08-19T12:55:16.5489847Z   HDRINST usr/include/linux/soundcard.h
2026-08-19T12:55:16.5719544Z   HDRINST usr/include/linux/if_tun.h
2026-08-19T12:55:16.5860815Z   HDRINST usr/include/linux/if_tunnel.h
2026-08-19T12:55:16.5983515Z   HDRINST usr/include/linux/qrtr.h
2026-08-19T12:55:16.6070098Z   GEN     arch/arm64/include/generated/asm/cpucaps.h
2026-08-19T12:55:16.6135658Z   HDRINST usr/include/linux/qnx4_fs.h
2026-08-19T12:55:16.6162596Z   GEN     arch/arm64/include/generated/asm/sysreg-defs.h
2026-08-19T12:55:16.6275249Z   HDRINST usr/include/linux/kdev_t.h
2026-08-19T12:55:16.6339928Z   HDRINST usr/include/linux/nbd.h
2026-08-19T12:55:16.6424692Z   HDRINST usr/include/linux/bpf_common.h
2026-08-19T12:55:16.6484801Z   CC      /home/runner/work/OnePlus_KernelSU_SUSFS/OnePlus_KernelSU_SUSFS/OP-ACE-3-PRO-6.1.75/kernel_platform/common/out/tools/bpf/resolve_btfids/libbpf/staticobjs/gen_loader.o
2026-08-19T12:55:16.6589699Z   HDRINST usr/include/linux/hidraw.h
2026-08-19T12:55:16.6701183Z   HDRINST usr/include/linux/gtp.h
2026-08-19T12:55:16.6839834Z   HDRINST usr/include/linux/cxl_mem.h
2026-08-19T12:55:16.6965209Z   HDRINST usr/include/linux/openvswitch.h
2026-08-19T12:55:16.7197329Z   HDRINST usr/include/linux/pci.h
2026-08-19T12:55:16.7339454Z   HDRINST usr/include/linux/dlm.h
2026-08-19T12:55:16.7427613Z   HDRINST usr/include/linux/netconf.h
2026-08-19T12:55:16.7459486Z   CC      scripts/mod/empty.o
2026-08-19T12:55:16.7542604Z   HDRINST usr/include/linux/vm_sockets.h
2026-08-19T12:55:16.7700852Z   HDRINST usr/include/linux/nbd-netlink.h
2026-08-19T12:55:16.7829968Z   HDRINST usr/include/linux/major.h
2026-08-19T12:55:16.7949640Z   HDRINST usr/include/linux/posix_acl_xattr.h
2026-08-19T12:55:16.8090213Z   HDRINST usr/include/linux/watch_queue.h
2026-08-19T12:55:16.8235922Z   HOSTCC  scripts/mod/mk_elfconfig
2026-08-19T12:55:16.8263989Z   HDRINST usr/include/linux/landlock.h
2026-08-19T12:55:16.8401142Z   HDRINST usr/include/linux/if_ether.h
2026-08-19T12:55:16.8550731Z   HDRINST usr/include/linux/smc.h
2026-08-19T12:55:16.8708637Z   HDRINST usr/include/linux/virtio_types.h
2026-08-19T12:55:16.8822377Z   HDRINST usr/include/linux/ioam6_genl.h
2026-08-19T12:55:16.9049889Z   HDRINST usr/include/linux/kfd_ioctl.h
2026-08-19T12:55:16.9050805Z   CC      scripts/mod/devicetable-offsets.s
2026-08-19T12:55:16.9241842Z   HDRINST usr/include/linux/if_packet.h
2026-08-19T12:55:16.9409672Z   HDRINST usr/include/linux/utime.h
2026-08-19T12:55:16.9509066Z   HDRINST usr/include/linux/v4l2-mediabus.h
2026-08-19T12:55:16.9642453Z   HDRINST usr/include/linux/thermal.h
2026-08-19T12:55:16.9789792Z   HDRINST usr/include/linux/ipmi.h
2026-08-19T12:55:16.9949817Z   HDRINST usr/include/linux/tipc_config.h
2026-08-19T12:55:17.0090967Z   HDRINST usr/include/linux/netlink_diag.h
2026-08-19T12:55:17.0150177Z   MKELF   scripts/mod/elfconfig.h
2026-08-19T12:55:17.0181517Z   HOSTCC  scripts/mod/modpost.o
2026-08-19T12:55:17.0269848Z   HDRINST usr/include/linux/if_xdp.h
2026-08-19T12:55:17.0399457Z   HDRINST usr/include/linux/hdlc/ioctl.h
2026-08-19T12:55:17.0538263Z   HDRINST usr/include/linux/sockios.h
2026-08-19T12:55:17.0699596Z   HDRINST usr/include/linux/ipmi_msgdefs.h
2026-08-19T12:55:17.0836124Z   HDRINST usr/include/linux/vduse.h
2026-08-19T12:55:17.1040371Z   HDRINST usr/include/linux/cuda.h
2026-08-19T12:55:17.1200002Z   HDRINST usr/include/linux/acct.h
2026-08-19T12:55:17.1329863Z   HDRINST usr/include/linux/tty_flags.h
2026-08-19T12:55:17.1445864Z   HDRINST usr/include/linux/edd.h
2026-08-19T12:55:17.1583366Z   HDRINST usr/include/linux/serial_core.h
2026-08-19T12:55:17.1720703Z   HDRINST usr/include/linux/rxrpc.h
2026-08-19T12:55:17.1849287Z   HDRINST usr/include/linux/dm-user.h
2026-08-19T12:55:17.1999989Z   HDRINST usr/include/linux/dcbnl.h
2026-08-19T12:55:17.2144690Z   HDRINST usr/include/linux/if_slip.h
2026-08-19T12:55:17.2266460Z   HDRINST usr/include/linux/atmmpc.h
2026-08-19T12:55:17.2420098Z   HDRINST usr/include/linux/ethtool.h
2026-08-19T12:55:17.2494970Z   UPD     scripts/mod/devicetable-offsets.h
2026-08-19T12:55:17.2558342Z   HDRINST usr/include/linux/ioam6.h
2026-08-19T12:55:17.2698744Z   CC      /home/runner/work/OnePlus_KernelSU_SUSFS/OnePlus_KernelSU_SUSFS/OP-ACE-3-PRO-6.1.75/kernel_platform/common/out/tools/bpf/resolve_btfids/libbpf/staticobjs/relo_core.o
2026-08-19T12:55:17.2783548Z   HDRINST usr/include/linux/mmtimer.h
2026-08-19T12:55:17.2908751Z   HDRINST usr/include/linux/wmi.h
2026-08-19T12:55:17.3036644Z   HDRINST usr/include/linux/if_macsec.h
2026-08-19T12:55:17.3190019Z   HDRINST usr/include/linux/qemu_fw_cfg.h
2026-08-19T12:55:17.3298431Z   HDRINST usr/include/linux/taskstats.h
2026-08-19T12:55:17.3359595Z   HDRINST usr/include/linux/close_range.h
2026-08-19T12:55:17.3449459Z   HOSTCC  scripts/mod/sumversion.o
2026-08-19T12:55:17.3479477Z   HDRINST usr/include/linux/hyperv.h
2026-08-19T12:55:17.3650135Z   HDRINST usr/include/linux/sysinfo.h
2026-08-19T12:55:17.3799882Z   HDRINST usr/include/linux/bcm933xx_hcs.h
2026-08-19T12:55:17.3920324Z   HDRINST usr/include/linux/termios.h
2026-08-19T12:55:17.4028521Z   HDRINST usr/include/linux/ivtv.h
2026-08-19T12:55:17.4210202Z   HDRINST usr/include/linux/isdn/capicmd.h
2026-08-19T12:55:17.4296604Z   HDRINST usr/include/linux/btf.h
2026-08-19T12:55:17.4433092Z   HDRINST usr/include/linux/netlink.h
2026-08-19T12:55:17.4610058Z   HDRINST usr/include/linux/virtio_ring.h
2026-08-19T12:55:17.4759854Z   HDRINST usr/include/linux/cachefiles.h
2026-08-19T12:55:17.4858421Z   HDRINST usr/include/linux/btrfs_tree.h
2026-08-19T12:55:17.5049518Z   HDRINST usr/include/linux/atmapi.h
2026-08-19T12:55:17.5189732Z   HDRINST usr/include/linux/dma-buf.h
2026-08-19T12:55:17.5340494Z   CC      /home/runner/work/OnePlus_KernelSU_SUSFS/OnePlus_KernelSU_SUSFS/OP-ACE-3-PRO-6.1.75/kernel_platform/common/out/tools/bpf/resolve_btfids/libbpf/staticobjs/usdt.o
2026-08-19T12:55:17.5380158Z   HDRINST usr/include/linux/hid.h
2026-08-19T12:55:17.5381052Z   HOSTCC  scripts/mod/file2alias.o
2026-08-19T12:55:17.5497501Z   HDRINST usr/include/linux/gpio.h
2026-08-19T12:55:17.5659504Z   HDRINST usr/include/linux/cciss_defs.h
2026-08-19T12:55:17.5757010Z   HDRINST usr/include/linux/coda.h
2026-08-19T12:55:17.5925157Z   HDRINST usr/include/linux/virtio_i2c.h
2026-08-19T12:55:17.6045527Z   HDRINST usr/include/linux/nsfs.h
2026-08-19T12:55:17.6220675Z   HDRINST usr/include/linux/ip_vs.h
2026-08-19T12:55:17.6259570Z   HDRINST usr/include/linux/if_infiniband.h
2026-08-19T12:55:17.6379815Z   HDRINST usr/include/linux/virtio_9p.h
2026-08-19T12:55:17.6399447Z   HDRINST usr/include/linux/bsg.h
2026-08-19T12:55:17.6499895Z   HDRINST usr/include/linux/io_uring.h
2026-08-19T12:55:17.6529669Z   HDRINST usr/include/linux/serial.h
2026-08-19T12:55:17.6608173Z   HDRINST usr/include/linux/wwan.h
2026-08-19T12:55:17.6639218Z   HDRINST usr/include/linux/netfilter_bridge.h
2026-08-19T12:55:17.6719423Z   HDRINST usr/include/linux/bpqether.h
2026-08-19T12:55:17.6749577Z   HDRINST usr/include/linux/joystick.h
2026-08-19T12:55:17.6837622Z   HDRINST usr/include/linux/watchdog.h
2026-08-19T12:55:17.6869450Z   HDRINST usr/include/linux/unix_diag.h
2026-08-19T12:55:17.6955372Z   HDRINST usr/include/linux/adfs_fs.h
2026-08-19T12:55:17.6978211Z   HDRINST usr/include/linux/inotify.h
2026-08-19T12:55:17.7099797Z   HDRINST usr/include/linux/un.h
2026-08-19T12:55:17.7109842Z   HDRINST usr/include/linux/genetlink.h
2026-08-19T12:55:17.7188489Z   HDRINST usr/include/linux/nexthop.h
2026-08-19T12:55:17.7222249Z   HDRINST usr/include/linux/incrementalfs.h
2026-08-19T12:55:17.7354954Z   HDRINST usr/include/linux/reiserfs_fs.h
2026-08-19T12:55:17.7389885Z   HDRINST usr/include/linux/nl80211-vnd-intel.h
2026-08-19T12:55:17.7491830Z   HDRINST usr/include/linux/uuid.h
2026-08-19T12:55:17.7525431Z   HDRINST usr/include/linux/fpga-dfl.h
2026-08-19T12:55:17.7612335Z   HDRINST usr/include/linux/mii.h
2026-08-19T12:55:17.7688239Z   HDRINST usr/include/linux/falloc.h
2026-08-19T12:55:17.7759472Z   HDRINST usr/include/linux/ipv6.h
2026-08-19T12:55:17.7849043Z   HDRINST usr/include/linux/coff.h
2026-08-19T12:55:17.7895886Z   HDRINST usr/include/linux/netfilter_ipv4/ipt_TTL.h
2026-08-19T12:55:17.7996830Z   HDRINST usr/include/linux/netfilter_ipv4/ipt_ecn.h
2026-08-19T12:55:17.8035388Z   HDRINST usr/include/linux/netfilter_ipv4/ip_tables.h
2026-08-19T12:55:17.8124130Z   HDRINST usr/include/linux/netfilter_ipv4/ipt_ECN.h
2026-08-19T12:55:17.8162315Z   HDRINST usr/include/linux/netfilter_ipv4/ipt_ah.h
2026-08-19T12:55:17.8270640Z   HDRINST usr/include/linux/netfilter_ipv4/ipt_REJECT.h
2026-08-19T12:55:17.8289559Z   HDRINST usr/include/linux/netfilter_ipv4/ipt_CLUSTERIP.h
2026-08-19T12:55:17.8390216Z   HDRINST usr/include/linux/netfilter_ipv4/ipt_ttl.h
2026-08-19T12:55:17.8417261Z   HDRINST usr/include/linux/netfilter_ipv4/ipt_LOG.h
2026-08-19T12:55:17.8520757Z   HDRINST usr/include/linux/sctp.h
2026-08-19T12:55:17.8540254Z   LD      /home/runner/work/OnePlus_KernelSU_SUSFS/OnePlus_KernelSU_SUSFS/OP-ACE-3-PRO-6.1.75/kernel_platform/common/out/tools/bpf/resolve_btfids/libbpf/staticobjs/libbpf-in.o
2026-08-19T12:55:17.8545168Z   HDRINST usr/include/linux/virtio_crypto.h
2026-08-19T12:55:17.8714485Z   HDRINST usr/include/linux/if_link.h
2026-08-19T12:55:17.8715610Z   HDRINST usr/include/linux/rfkill.h
2026-08-19T12:55:17.8790131Z   LINK    /home/runner/work/OnePlus_KernelSU_SUSFS/OnePlus_KernelSU_SUSFS/OP-ACE-3-PRO-6.1.75/kernel_platform/common/out/tools/bpf/resolve_btfids/libbpf/libbpf.a
2026-08-19T12:55:17.8870226Z   HDRINST usr/include/linux/virtio_balloon.h
2026-08-19T12:55:17.8935157Z   HDRINST usr/include/linux/cec-funcs.h
2026-08-19T12:55:17.8939222Z   HOSTCC  /home/runner/work/OnePlus_KernelSU_SUSFS/OnePlus_KernelSU_SUSFS/OP-ACE-3-PRO-6.1.75/kernel_platform/common/out/tools/bpf/resolve_btfids/main.o
2026-08-19T12:55:17.9003038Z   HOSTCC  /home/runner/work/OnePlus_KernelSU_SUSFS/OnePlus_KernelSU_SUSFS/OP-ACE-3-PRO-6.1.75/kernel_platform/common/out/tools/bpf/resolve_btfids/rbtree.o
2026-08-19T12:55:17.9019591Z   HOSTLD  scripts/mod/modpost
2026-08-19T12:55:17.9217336Z   HDRINST usr/include/linux/bpf.h
2026-08-19T12:55:17.9582119Z   UPD     include/generated/timeconst.h
2026-08-19T12:55:17.9637821Z   CC      kernel/bounds.s
2026-08-19T12:55:18.0046583Z   HDRINST usr/include/linux/sysctl.h
2026-08-19T12:55:18.0064105Z   HDRINST usr/include/linux/cifs/cifs_mount.h
2026-08-19T12:55:18.0129667Z   HOSTCC  /home/runner/work/OnePlus_KernelSU_SUSFS/OnePlus_KernelSU_SUSFS/OP-ACE-3-PRO-6.1.75/kernel_platform/common/out/tools/bpf/resolve_btfids/zalloc.o
2026-08-19T12:55:18.0220499Z   HOSTCC  /home/runner/work/OnePlus_KernelSU_SUSFS/OnePlus_KernelSU_SUSFS/OP-ACE-3-PRO-6.1.75/kernel_platform/common/out/tools/bpf/resolve_btfids/string.o
2026-08-19T12:55:18.0237988Z   HDRINST usr/include/linux/cifs/cifs_netlink.h
2026-08-19T12:55:18.0367854Z   HDRINST usr/include/linux/raid/md_p.h
2026-08-19T12:55:18.0530395Z   HDRINST usr/include/linux/raid/md_u.h
2026-08-19T12:55:18.0660344Z   HDRINST usr/include/linux/virtio_snd.h
2026-08-19T12:55:18.0703531Z   CHKSHA1 ../include/linux/atomic/atomic-arch-fallback.h
2026-08-19T12:55:18.0825102Z   HDRINST usr/include/linux/sunrpc/debug.h
2026-08-19T12:55:18.0857853Z   HDRINST usr/include/linux/nvme_ioctl.h
2026-08-19T12:55:18.0940803Z   HOSTCC  /home/runner/work/OnePlus_KernelSU_SUSFS/OnePlus_KernelSU_SUSFS/OP-ACE-3-PRO-6.1.75/kernel_platform/common/out/tools/bpf/resolve_btfids/ctype.o
2026-08-19T12:55:18.0949765Z   CHKSHA1 ../include/linux/atomic/atomic-instrumented.h
2026-08-19T12:55:18.1043663Z   HDRINST usr/include/linux/lirc.h
2026-08-19T12:55:18.1056395Z   HDRINST usr/include/linux/nilfs2_ondisk.h
2026-08-19T12:55:18.1197619Z   HDRINST usr/include/linux/if_ppp.h
2026-08-19T12:55:18.1221638Z   HDRINST usr/include/linux/screen_info.h
2026-08-19T12:55:18.1323650Z   HOSTCC  /home/runner/work/OnePlus_KernelSU_SUSFS/OnePlus_KernelSU_SUSFS/OP-ACE-3-PRO-6.1.75/kernel_platform/common/out/tools/bpf/resolve_btfids/str_error_r.o
2026-08-19T12:55:18.1365821Z   CHKSHA1 ../include/linux/atomic/atomic-long.h
2026-08-19T12:55:18.1376322Z   HDRINST usr/include/linux/cryptouser.h
2026-08-19T12:55:18.1475991Z   HDRINST usr/include/linux/atmdev.h
2026-08-19T12:55:18.1487502Z   UPD     include/generated/bounds.h
2026-08-19T12:55:18.1518452Z   HDRINST usr/include/linux/userfaultfd.h
2026-08-19T12:55:18.1537936Z   CC      arch/arm64/kernel/asm-offsets.s
2026-08-19T12:55:18.1674874Z   HDRINST usr/include/linux/pmu.h
2026-08-19T12:55:18.1823522Z   HDRINST usr/include/linux/ivtvfb.h
2026-08-19T12:55:18.1936875Z   HOSTLD  /home/runner/work/OnePlus_KernelSU_SUSFS/OnePlus_KernelSU_SUSFS/OP-ACE-3-PRO-6.1.75/kernel_platform/common/out/tools/bpf/resolve_btfids/resolve_btfids-in.o
2026-08-19T12:55:18.1969660Z   HDRINST usr/include/linux/resource.h
2026-08-19T12:55:18.1999437Z   HDRINST usr/include/linux/ip6_tunnel.h
2026-08-19T12:55:18.2059333Z   HDRINST usr/include/linux/can/j1939.h
2026-08-19T12:55:18.2074939Z   HDRINST usr/include/linux/can/bcm.h
2026-08-19T12:55:18.2105587Z   LINK     resolve_btfids
2026-08-19T12:55:18.2197542Z   HDRINST usr/include/linux/can/netlink.h
2026-08-19T12:55:18.2219127Z   HDRINST usr/include/linux/can/raw.h
2026-08-19T12:55:18.2368182Z   HDRINST usr/include/linux/can/isotp.h
2026-08-19T12:55:18.2373426Z   HDRINST usr/include/linux/can/error.h
2026-08-19T12:55:18.2489546Z   HDRINST usr/include/linux/can/vxcan.h
2026-08-19T12:55:18.2490740Z   HDRINST usr/include/linux/can/gw.h
2026-08-19T12:55:18.2539649Z   HDRINST usr/include/linux/if_phonet.h
2026-08-19T12:55:18.2600576Z   HDRINST usr/include/linux/loadpin.h
2026-08-19T12:55:18.2656234Z   HDRINST usr/include/linux/virtio_vsock.h
2026-08-19T12:55:18.2661997Z   HDRINST usr/include/linux/virtio_ids.h
2026-08-19T12:55:18.2739405Z   HDRINST usr/include/linux/msg.h
2026-08-19T12:55:18.2768103Z   HDRINST usr/include/linux/cdrom.h
2026-08-19T12:55:18.2789718Z   HDRINST usr/include/linux/comedi.h
2026-08-19T12:55:18.2891969Z   HDRINST usr/include/linux/mqueue.h
2026-08-19T12:55:18.3012572Z   HDRINST usr/include/linux/mroute.h
2026-08-19T12:55:18.3029689Z   HDRINST usr/include/linux/arm_sdei.h
2026-08-19T12:55:18.3070687Z   HDRINST usr/include/linux/capability.h
2026-08-19T12:55:18.3149261Z   HDRINST usr/include/linux/nitro_enclaves.h
2026-08-19T12:55:18.3155377Z   HDRINST usr/include/linux/baycom.h
2026-08-19T12:55:18.3232368Z   HDRINST usr/include/linux/acrn.h
2026-08-19T12:55:18.3286007Z   HDRINST usr/include/linux/memfd.h
2026-08-19T12:55:18.3306606Z   HDRINST usr/include/linux/timerfd.h
2026-08-19T12:55:18.3404914Z   HDRINST usr/include/linux/mctp.h
2026-08-19T12:55:18.3429367Z   HDRINST usr/include/linux/pidfd.h
2026-08-19T12:55:18.3429846Z   HDRINST usr/include/linux/dns_resolver.h
2026-08-19T12:55:18.3522841Z   HDRINST usr/include/linux/virtio_net.h
2026-08-19T12:55:18.3562398Z   HDRINST usr/include/linux/sock_diag.h
2026-08-19T12:55:18.3577242Z   HDRINST usr/include/linux/l2tp.h
2026-08-19T12:55:18.3673674Z   HDRINST usr/include/linux/vm_sockets_diag.h
2026-08-19T12:55:18.3684495Z   HDRINST usr/include/linux/ipv6_route.h
2026-08-19T12:55:18.3717272Z   HDRINST usr/include/linux/ioctl.h
2026-08-19T12:55:18.3807371Z   HDRINST usr/include/linux/nfs4.h
2026-08-19T12:55:18.3830255Z   HDRINST usr/include/linux/if_pppol2tp.h
2026-08-19T12:55:18.3860077Z   HDRINST usr/include/linux/arcfb.h
2026-08-19T12:55:18.3947474Z   HDRINST usr/include/linux/batadv_packet.h
2026-08-19T12:55:18.3979907Z   HDRINST usr/include/linux/i2c.h
2026-08-19T12:55:18.3989681Z   HDRINST usr/include/linux/v4l2-dv-timings.h
2026-08-19T12:55:18.4129985Z   HDRINST usr/include/linux/atm_eni.h
2026-08-19T12:55:18.4131030Z   HDRINST usr/include/linux/sev-guest.h
2026-08-19T12:55:18.4198054Z   HDRINST usr/include/linux/if_fddi.h
2026-08-19T12:55:18.4247065Z   HDRINST usr/include/linux/ntsync.h
2026-08-19T12:55:18.4256351Z   HDRINST usr/include/linux/timex.h
2026-08-19T12:55:18.4340295Z   HDRINST usr/include/linux/vfio.h
2026-08-19T12:55:18.4423559Z   HDRINST usr/include/linux/atmarp.h
2026-08-19T12:55:18.4425199Z   HDRINST usr/include/linux/parport.h
2026-08-19T12:55:18.4498145Z   HDRINST usr/include/linux/netfilter/nfnetlink_osf.h
2026-08-19T12:55:18.4537224Z   HDRINST usr/include/linux/netfilter/xt_osf.h
2026-08-19T12:55:18.4605129Z   HDRINST usr/include/linux/netfilter/xt_socket.h
2026-08-19T12:55:18.4646915Z   HDRINST usr/include/linux/netfilter/nfnetlink_conntrack.h
2026-08-19T12:55:18.4669681Z   HDRINST usr/include/linux/netfilter/xt_TEE.h
2026-08-19T12:55:18.4715522Z   HDRINST usr/include/linux/netfilter/nf_tables.h
2026-08-19T12:55:18.4789895Z   HDRINST usr/include/linux/netfilter/xt_hashlimit.h
2026-08-19T12:55:18.4790730Z   HDRINST usr/include/linux/netfilter/xt_connlimit.h
2026-08-19T12:55:18.4901847Z   HDRINST usr/include/linux/netfilter/xt_CHECKSUM.h
2026-08-19T12:55:18.4919305Z   HDRINST usr/include/linux/netfilter/xt_SYNPROXY.h
2026-08-19T12:55:18.4972019Z   HDRINST usr/include/linux/netfilter/xt_set.h
2026-08-19T12:55:18.5015400Z   HDRINST usr/include/linux/netfilter/nf_nat.h
2026-08-19T12:55:18.5049927Z   HDRINST usr/include/linux/netfilter/xt_DSCP.h
2026-08-19T12:55:18.5090967Z   HDRINST usr/include/linux/netfilter/xt_addrtype.h
2026-08-19T12:55:18.5169556Z   HDRINST usr/include/linux/netfilter/xt_MARK.h
2026-08-19T12:55:18.5170682Z   HDRINST usr/include/linux/netfilter/xt_NFLOG.h
2026-08-19T12:55:18.5223412Z   HDRINST usr/include/linux/netfilter/xt_NFQUEUE.h
2026-08-19T12:55:18.5276290Z   HDRINST usr/include/linux/netfilter/xt_AUDIT.h
2026-08-19T12:55:18.5300582Z   HDRINST usr/include/linux/netfilter/xt_connmark.h
2026-08-19T12:55:18.5349946Z   HDRINST usr/include/linux/netfilter/xt_recent.h
2026-08-19T12:55:18.5409517Z   HDRINST usr/include/linux/netfilter/xt_ipvs.h
2026-08-19T12:55:18.5466734Z   HDRINST usr/include/linux/netfilter/xt_time.h
2026-08-19T12:55:18.5488046Z   HDRINST usr/include/linux/netfilter/xt_comment.h
2026-08-19T12:55:18.5544943Z   HDRINST usr/include/linux/netfilter/xt_ecn.h
2026-08-19T12:55:18.5599605Z   HDRINST usr/include/linux/netfilter/xt_limit.h
2026-08-19T12:55:18.5634393Z   HDRINST usr/include/linux/netfilter/xt_l2tp.h
2026-08-19T12:55:18.5664636Z   HDRINST usr/include/linux/netfilter/xt_CLASSIFY.h
2026-08-19T12:55:18.5739338Z   HDRINST usr/include/linux/netfilter/nfnetlink_cthelper.h
2026-08-19T12:55:18.5775802Z   HDRINST usr/include/linux/netfilter/xt_cgroup.h
2026-08-19T12:55:18.5800394Z   HDRINST usr/include/linux/netfilter/xt_u32.h
2026-08-19T12:55:18.5872219Z   HDRINST usr/include/linux/netfilter/xt_tcpudp.h
2026-08-19T12:55:18.5904146Z   HDRINST usr/include/linux/netfilter/xt_helper.h
2026-08-19T12:55:18.5909614Z   HDRINST usr/include/linux/netfilter/xt_owner.h
2026-08-19T12:55:18.6008631Z   HDRINST usr/include/linux/netfilter/xt_quota.h
2026-08-19T12:55:18.6029829Z   HDRINST usr/include/linux/netfilter/nfnetlink_compat.h
2026-08-19T12:55:18.6059722Z   HDRINST usr/include/linux/netfilter/nfnetlink_queue.h
2026-08-19T12:55:18.6144799Z   HDRINST usr/include/linux/netfilter/xt_esp.h
2026-08-19T12:55:18.6180329Z   HDRINST usr/include/linux/netfilter/xt_mac.h
2026-08-19T12:55:18.6189711Z   HDRINST usr/include/linux/netfilter/xt_CONNMARK.h
2026-08-19T12:55:18.6277418Z   HDRINST usr/include/linux/netfilter/xt_LOG.h
2026-08-19T12:55:18.6293073Z   HDRINST usr/include/linux/netfilter/xt_connlabel.h
2026-08-19T12:55:18.6300202Z   HDRINST usr/include/linux/netfilter/xt_RATEEST.h
2026-08-19T12:55:18.6396602Z   HDRINST usr/include/linux/netfilter/nf_conntrack_ftp.h
2026-08-19T12:55:18.6449288Z   HDRINST usr/include/linux/netfilter/xt_nfacct.h
2026-08-19T12:55:18.6454129Z   HDRINST usr/include/linux/netfilter/nf_tables_compat.h
2026-08-19T12:55:18.6506947Z   HDRINST usr/include/linux/netfilter/xt_CONNSECMARK.h
2026-08-19T12:55:18.6562484Z   HDRINST usr/include/linux/netfilter/xt_TCPOPTSTRIP.h
2026-08-19T12:55:18.6563545Z   HDRINST usr/include/linux/netfilter/nfnetlink_log.h
2026-08-19T12:55:18.6636363Z   HDRINST usr/include/linux/netfilter/xt_string.h
2026-08-19T12:55:18.6679658Z   HDRINST usr/include/linux/netfilter/xt_IDLETIMER.h
2026-08-19T12:55:18.6680754Z   HDRINST usr/include/linux/netfilter/xt_conntrack.h
2026-08-19T12:55:18.6753960Z   HDRINST usr/include/linux/netfilter/xt_pkttype.h
2026-08-19T12:55:18.6803454Z   HDRINST usr/include/linux/netfilter/xt_connbytes.h
2026-08-19T12:55:18.6811056Z   HDRINST usr/include/linux/netfilter/xt_statistic.h
2026-08-19T12:55:18.6882818Z   HDRINST usr/include/linux/netfilter/xt_tcpmss.h
2026-08-19T12:55:18.6915637Z   HDRINST usr/include/linux/netfilter/nfnetlink_cttimeout.h
2026-08-19T12:55:18.6934488Z   HDRINST usr/include/linux/netfilter/xt_TPROXY.h
2026-08-19T12:55:18.6994911Z   HDRINST usr/include/linux/netfilter/nf_synproxy.h
2026-08-19T12:55:18.7080143Z   HDRINST usr/include/linux/netfilter/xt_SECMARK.h
2026-08-19T12:55:18.7087122Z   HDRINST usr/include/linux/netfilter/xt_LED.h
2026-08-19T12:55:18.7129611Z   HDRINST usr/include/linux/netfilter/xt_devgroup.h
2026-08-19T12:55:18.7186718Z   HDRINST usr/include/linux/netfilter/xt_state.h
2026-08-19T12:55:18.7209380Z   HDRINST usr/include/linux/netfilter/xt_bpf.h
2026-08-19T12:55:18.7234784Z   HDRINST usr/include/linux/netfilter/nfnetlink.h
2026-08-19T12:55:18.7304286Z   HDRINST usr/include/linux/netfilter/xt_CT.h
2026-08-19T12:55:18.7312165Z   HDRINST usr/include/linux/netfilter/xt_rpfilter.h
2026-08-19T12:55:18.7351420Z   HDRINST usr/include/linux/netfilter/nf_log.h
2026-08-19T12:55:18.7434298Z   HDRINST usr/include/linux/netfilter/nf_conntrack_sctp.h
2026-08-19T12:55:18.7450881Z   HDRINST usr/include/linux/netfilter/ipset/ip_set_bitmap.h
2026-08-19T12:55:18.7477322Z   HDRINST usr/include/linux/netfilter/ipset/ip_set_list.h
2026-08-19T12:55:18.7564442Z   HDRINST usr/include/linux/netfilter/ipset/ip_set.h
2026-08-19T12:55:18.7599854Z   HDRINST usr/include/linux/netfilter/ipset/ip_set_hash.h
2026-08-19T12:55:18.7612122Z   HDRINST usr/include/linux/netfilter/xt_dscp.h
2026-08-19T12:55:18.7729676Z   HDRINST usr/include/linux/netfilter/xt_HMARK.h
2026-08-19T12:55:18.7730839Z   HDRINST usr/include/linux/netfilter/xt_policy.h
2026-08-19T12:55:18.7750066Z   HDRINST usr/include/linux/netfilter/xt_TCPMSS.h
2026-08-19T12:55:18.7835381Z   HDRINST usr/include/linux/netfilter/nf_conntrack_tuple_common.h
2026-08-19T12:55:18.7851005Z   HDRINST usr/include/linux/netfilter/xt_multiport.h
2026-08-19T12:55:18.7890444Z   HDRINST usr/include/linux/netfilter/xt_mark.h
2026-08-19T12:55:18.7969761Z   HDRINST usr/include/linux/netfilter/xt_length.h
2026-08-19T12:55:18.7994623Z   HDRINST usr/include/linux/netfilter/nfnetlink_acct.h
2026-08-19T12:55:18.8019648Z   HDRINST usr/include/linux/netfilter/nf_conntrack_common.h
2026-08-19T12:55:18.8086917Z   HDRINST usr/include/linux/netfilter/nf_conntrack_tcp.h
2026-08-19T12:55:18.8099647Z   HDRINST usr/include/linux/netfilter/xt_realm.h
2026-08-19T12:55:18.8154163Z   HDRINST usr/include/linux/netfilter/xt_cpu.h
2026-08-19T12:55:18.8216656Z   HDRINST usr/include/linux/netfilter/xt_physdev.h
2026-08-19T12:55:18.8237608Z   HDRINST usr/include/linux/netfilter/nfnetlink_hook.h
2026-08-19T12:55:18.8275390Z   HDRINST usr/include/linux/netfilter/xt_sctp.h
2026-08-19T12:55:18.8357509Z   HDRINST usr/include/linux/netfilter/xt_ipcomp.h
2026-08-19T12:55:18.8387154Z   HDRINST usr/include/linux/netfilter/xt_iprange.h
2026-08-19T12:55:18.8391384Z   HDRINST usr/include/linux/netfilter/x_tables.h
2026-08-19T12:55:18.8490057Z   HDRINST usr/include/linux/netfilter/xt_rateest.h
2026-08-19T12:55:18.8512586Z   HDRINST usr/include/linux/netfilter/xt_dccp.h
2026-08-19T12:55:18.8520622Z   HDRINST usr/include/linux/netfilter/xt_cluster.h
2026-08-19T12:55:18.8645311Z   HDRINST usr/include/linux/virtio_scmi.h
2026-08-19T12:55:18.8646685Z   HDRINST usr/include/linux/nfs3.h
2026-08-19T12:55:18.8647647Z   HDRINST usr/include/linux/nfs_idmap.h
2026-08-19T12:55:18.8743938Z   HDRINST usr/include/linux/wireguard.h
2026-08-19T12:55:18.8764348Z   HDRINST usr/include/linux/batman_adv.h
2026-08-19T12:55:18.8789542Z   HDRINST usr/include/linux/stddef.h
2026-08-19T12:55:18.8889867Z   HDRINST usr/include/linux/input.h
2026-08-19T12:55:18.8914805Z   HDRINST usr/include/linux/kvm_para.h
2026-08-19T12:55:18.8929791Z   HDRINST usr/include/linux/xdp_diag.h
2026-08-19T12:55:18.9041309Z   HDRINST usr/include/linux/radeonfb.h
2026-08-19T12:55:18.9070881Z   HDRINST usr/include/linux/membarrier.h
2026-08-19T12:55:18.9072457Z   HDRINST usr/include/linux/mdio.h
2026-08-19T12:55:18.9159900Z   HDRINST usr/include/linux/nfs4_mount.h
2026-08-19T12:55:18.9209626Z   HDRINST usr/include/linux/ppp-ioctl.h
2026-08-19T12:55:18.9250892Z   HDRINST usr/include/linux/usb/midi.h
2026-08-19T12:55:18.9274281Z   HDRINST usr/include/linux/usb/g_printer.h
2026-08-19T12:55:18.9357438Z   HDRINST usr/include/linux/usb/g_uvc.h
2026-08-19T12:55:18.9386940Z   HDRINST usr/include/linux/usb/gadgetfs.h
2026-08-19T12:55:18.9409908Z   HDRINST usr/include/linux/usb/cdc-wdm.h
2026-08-19T12:55:18.9489571Z   HDRINST usr/include/linux/usb/ch11.h
2026-08-19T12:55:18.9519705Z   HDRINST usr/include/linux/usb/cdc.h
2026-08-19T12:55:18.9540012Z   HDRINST usr/include/linux/usb/f_accessory.h
2026-08-19T12:55:18.9599939Z   HDRINST usr/include/linux/usb/tmc.h
2026-08-19T12:55:18.9667639Z   HDRINST usr/include/linux/usb/audio.h
2026-08-19T12:55:18.9705208Z   HDRINST usr/include/linux/usb/ch9.h
2026-08-19T12:55:18.9723773Z   HDRINST usr/include/linux/usb/video.h
2026-08-19T12:55:18.9850382Z   HDRINST usr/include/linux/usb/raw_gadget.h
2026-08-19T12:55:18.9927004Z   HDRINST usr/include/linux/usb/charger.h
2026-08-19T12:55:18.9953130Z   HDRINST usr/include/linux/usb/functionfs.h
2026-08-19T12:55:18.9992361Z   HDRINST usr/include/linux/ptrace.h
2026-08-19T12:55:19.0041925Z   HDRINST usr/include/linux/if_ltalk.h
2026-08-19T12:55:19.0070173Z   HDRINST usr/include/linux/input-event-codes.h
2026-08-19T12:55:19.0164811Z   HDRINST usr/include/linux/usbip.h
2026-08-19T12:55:19.0184363Z   HDRINST usr/include/linux/nfs.h
2026-08-19T12:55:19.0290239Z   HDRINST usr/include/linux/virtio_rng.h
2026-08-19T12:55:19.0299773Z   HDRINST usr/include/linux/if_bridge.h
2026-08-19T12:55:19.0329553Z   HDRINST usr/include/linux/virtio_iommu.h
2026-08-19T12:55:19.0408653Z   HDRINST usr/include/linux/phantom.h
2026-08-19T12:55:19.0460322Z   HDRINST usr/include/linux/gameport.h
2026-08-19T12:55:19.0487637Z   HDRINST usr/include/linux/i8k.h
2026-08-19T12:55:19.0529908Z   HDRINST usr/include/linux/v4l2-controls.h
2026-08-19T12:55:19.0581338Z   HDRINST usr/include/linux/atm.h
2026-08-19T12:55:19.0626760Z   HDRINST usr/include/linux/bpf_perf_event.h
2026-08-19T12:55:19.0762745Z   HDRINST usr/include/linux/nfc.h
2026-08-19T12:55:19.0770493Z   HDRINST usr/include/linux/pktcdvd.h
2026-08-19T12:55:19.0929643Z   HDRINST usr/include/linux/vhost.h
2026-08-19T12:55:19.0950253Z   HDRINST usr/include/linux/sched/types.h
2026-08-19T12:55:19.1058519Z   HDRINST usr/include/linux/i2o-dev.h
2026-08-19T12:55:19.1064435Z   HDRINST usr/include/linux/fadvise.h
2026-08-19T12:55:19.1189855Z   HDRINST usr/include/linux/ife.h
2026-08-19T12:55:19.1201282Z   HDRINST usr/include/linux/kcov.h
2026-08-19T12:55:19.1291543Z   HDRINST usr/include/linux/ipsec.h
2026-08-19T12:55:19.1320112Z   HDRINST usr/include/linux/ip.h
2026-08-19T12:55:19.1329461Z   HDRINST usr/include/linux/psample.h
2026-08-19T12:55:19.1412276Z   HDRINST usr/include/linux/if_addr.h
2026-08-19T12:55:19.1425523Z   HDRINST usr/include/linux/tipc.h
2026-08-19T12:55:19.1467153Z   HDRINST usr/include/linux/reiserfs_xattr.h
2026-08-19T12:55:19.1579949Z   HDRINST usr/include/linux/iommu.h
2026-08-19T12:55:19.1586230Z   HDRINST usr/include/linux/vfio_zdev.h
2026-08-19T12:55:19.1586893Z   HDRINST usr/include/linux/if_arcnet.h
2026-08-19T12:55:19.1710563Z   HDRINST usr/include/linux/virtio_gpu.h
2026-08-19T12:55:19.1711592Z   HDRINST usr/include/linux/if_cablemodem.h
2026-08-19T12:55:19.1712360Z   HDRINST usr/include/linux/hdlcdrv.h
2026-08-19T12:55:19.1845451Z   HDRINST usr/include/linux/tiocl.h
2026-08-19T12:55:19.1861832Z   HDRINST usr/include/linux/affs_hardblocks.h
2026-08-19T12:55:19.1862725Z   HDRINST usr/include/linux/dm-ioctl.h
2026-08-19T12:55:19.1970173Z   HDRINST usr/include/linux/eventpoll.h
2026-08-19T12:55:19.1991281Z   HDRINST usr/include/linux/iso_fs.h
2026-08-19T12:55:19.2026065Z   HDRINST usr/include/linux/signalfd.h
2026-08-19T12:55:19.2148360Z   HDRINST usr/include/linux/netdevice.h
2026-08-19T12:55:19.2160767Z   HDRINST usr/include/linux/pci_regs.h
2026-08-19T12:55:19.2285571Z   HDRINST usr/include/linux/loop.h
2026-08-19T12:55:19.2366305Z   UPD     include/generated/asm-offsets.h
2026-08-19T12:55:19.2406153Z   HDRINST usr/include/linux/vbox_err.h
2026-08-19T12:55:19.2408423Z   CALL    ../scripts/checksyscalls.sh
2026-08-19T12:55:19.2425797Z   HDRINST usr/include/linux/perf_event.h
2026-08-19T12:55:19.2489886Z   HDRINST usr/include/linux/vsockmon.h
2026-08-19T12:55:19.2559526Z   HDRINST usr/include/linux/xattr.h
2026-08-19T12:55:19.2619299Z   HDRINST usr/include/linux/rtc.h
2026-08-19T12:55:19.2679532Z   HDRINST usr/include/linux/in.h
2026-08-19T12:55:19.2739385Z   HDRINST usr/include/linux/elf-em.h
2026-08-19T12:55:19.2759529Z   HDRINST usr/include/linux/fdreg.h
2026-08-19T12:55:19.2796166Z   HDRINST usr/include/linux/vmcore.h
2026-08-19T12:55:19.2818351Z   HDRINST usr/include/linux/mempolicy.h
2026-08-19T12:55:19.2851940Z   HDRINST usr/include/linux/ila.h
2026-08-19T12:55:19.2920890Z   HDRINST usr/include/linux/connector.h
2026-08-19T12:55:19.2969747Z   HDRINST usr/include/linux/time_types.h
2026-08-19T12:55:19.2987695Z   HDRINST usr/include/linux/dlm_plock.h
2026-08-19T12:55:19.3057523Z   HDRINST usr/include/linux/udmabuf.h
2026-08-19T12:55:19.3089478Z   HDRINST usr/include/linux/hw_breakpoint.h
2026-08-19T12:55:19.3107695Z   HDRINST usr/include/linux/kcm.h
2026-08-19T12:55:19.3139395Z   LDS     arch/arm64/kernel/vdso/vdso.lds
2026-08-19T12:55:19.3180896Z   HDRINST usr/include/linux/misc/bcm_vk.h
2026-08-19T12:55:19.3239864Z   CC      arch/arm64/kernel/vdso/vgettimeofday.o
2026-08-19T12:55:19.3329825Z   HDRINST usr/include/linux/atmppp.h
2026-08-19T12:55:19.3389621Z   HDRINST usr/include/linux/futex.h
2026-08-19T12:55:19.3461777Z   AS      arch/arm64/kernel/vdso/note.o
2026-08-19T12:55:19.3520924Z   HDRINST usr/include/linux/atmsvc.h
2026-08-19T12:55:19.3640550Z   AS      arch/arm64/kernel/vdso/sigreturn.o
2026-08-19T12:55:19.3660703Z   HDRINST usr/include/linux/filter.h
2026-08-19T12:55:19.3780723Z   HDRINST usr/include/linux/bpfilter.h
2026-08-19T12:55:19.3899925Z   HDRINST usr/include/linux/btrfs.h
2026-08-19T12:55:19.4130142Z   HDRINST usr/include/linux/hdlc.h
2026-08-19T12:55:19.4259951Z   HDRINST usr/include/linux/securebits.h
2026-08-19T12:55:19.4380510Z   HDRINST usr/include/linux/target_core_user.h
2026-08-19T12:55:19.4475086Z   HDRINST usr/include/linux/uio.h
2026-08-19T12:55:19.4576971Z   HDRINST usr/include/linux/serio.h
2026-08-19T12:55:19.4629265Z   HDRINST usr/include/linux/hiddev.h
2026-08-19T12:55:19.4700092Z   HDRINST usr/include/linux/hsi/hsi_char.h
2026-08-19T12:55:19.4774319Z   HDRINST usr/include/linux/hsi/cs-protocol.h
2026-08-19T12:55:19.4799391Z   HDRINST usr/include/linux/rpl.h
2026-08-19T12:55:19.4820481Z   HDRINST usr/include/linux/surface_aggregator/dtx.h
2026-08-19T12:55:19.4910893Z   HDRINST usr/include/linux/surface_aggregator/cdev.h
2026-08-19T12:55:19.4929880Z   HDRINST usr/include/linux/chio.h
2026-08-19T12:55:19.4960240Z   HDRINST usr/include/linux/gsmmux.h
2026-08-19T12:55:19.5047984Z   HDRINST usr/include/linux/sound.h
2026-08-19T12:55:19.5077546Z   HDRINST usr/include/linux/limits.h
2026-08-19T12:55:19.5078351Z   HDRINST usr/include/linux/kernel.h
2026-08-19T12:55:19.5182359Z   HDRINST usr/include/linux/ipc.h
2026-08-19T12:55:19.5187512Z   HDRINST usr/include/linux/cn_proc.h
2026-08-19T12:55:19.5200072Z   HDRINST usr/include/linux/mrp_bridge.h
2026-08-19T12:55:19.5318616Z   HDRINST usr/include/linux/fsl_hypervisor.h
2026-08-19T12:55:19.5322695Z   HDRINST usr/include/linux/if_vlan.h
2026-08-19T12:55:19.5323415Z   HDRINST usr/include/linux/synclink.h
2026-08-19T12:55:19.5351922Z   LD      arch/arm64/kernel/vdso/vdso.so.dbg
2026-08-19T12:55:19.5436595Z   HDRINST usr/include/linux/efs_fs_sb.h
2026-08-19T12:55:19.5449696Z   HDRINST usr/include/linux/auxvec.h
2026-08-19T12:55:19.5480214Z   HDRINST usr/include/linux/firewire-cdev.h
2026-08-19T12:55:19.5554404Z   HDRINST usr/include/linux/can.h
2026-08-19T12:55:19.5587111Z   HDRINST usr/include/linux/fib_rules.h
2026-08-19T12:55:19.5618233Z   VDSOSYM include/generated/vdso-offsets.h
2026-08-19T12:55:19.5677903Z   OBJCOPY arch/arm64/kernel/vdso/vdso.so
2026-08-19T12:55:19.5706288Z   HDRINST usr/include/linux/seg6_local.h
2026-08-19T12:55:19.5726763Z   HDRINST usr/include/linux/counter.h
2026-08-19T12:55:19.5750115Z   HDRINST usr/include/linux/i2c-dev.h
2026-08-19T12:55:19.5825961Z   HDRINST usr/include/linux/seg6_iptunnel.h
2026-08-19T12:55:19.5859056Z   HDRINST usr/include/linux/v4l2-common.h
2026-08-19T12:55:19.5880252Z   HDRINST usr/include/linux/tee.h
2026-08-19T12:55:19.5959240Z   HDRINST usr/include/linux/if_arp.h
2026-08-19T12:55:19.6020127Z   HDRINST usr/include/linux/tipc_netlink.h
2026-08-19T12:55:19.6045438Z   HDRINST usr/include/linux/atalk.h
2026-08-19T12:55:19.6095694Z   HDRINST usr/include/linux/qnxtypes.h
2026-08-19T12:55:19.6175433Z   HDRINST usr/include/linux/hash_info.h
2026-08-19T12:55:19.6190263Z   HDRINST usr/include/linux/amt.h
2026-08-19T12:55:19.6219411Z   HDRINST usr/include/linux/kcmp.h
2026-08-19T12:55:19.6288534Z   HDRINST usr/include/linux/nfsacl.h
2026-08-19T12:55:19.6322867Z   HDRINST usr/include/linux/nvram.h
2026-08-19T12:55:19.6349352Z   HDRINST usr/include/linux/binfmts.h
2026-08-19T12:55:19.6410096Z   HDRINST usr/include/linux/if_pppox.h
2026-08-19T12:55:19.6440331Z   HDRINST usr/include/linux/if_eql.h
2026-08-19T12:55:19.6464742Z   HDRINST usr/include/linux/tty.h
2026-08-19T12:55:19.6552078Z   HDRINST usr/include/linux/net.h
2026-08-19T12:55:19.6574836Z   HDRINST usr/include/linux/aspeed-lpc-ctrl.h
2026-08-19T12:55:19.6599314Z   HDRINST usr/include/linux/nl80211.h
2026-08-19T12:55:19.6668632Z   HDRINST usr/include/linux/seg6_hmac.h
2026-08-19T12:55:19.6699453Z   HDRINST usr/include/linux/if_team.h
2026-08-19T12:55:19.6779794Z   HDRINST usr/include/linux/module.h
2026-08-19T12:55:19.6819733Z   HDRINST usr/include/linux/cciss_ioctl.h
2026-08-19T12:55:19.6902543Z   HDRINST usr/include/linux/agpgart.h
2026-08-19T12:55:19.6929716Z   HDRINST usr/include/linux/kernelcapi.h
2026-08-19T12:55:19.7044164Z   HDRINST usr/include/linux/uvcvideo.h
2026-08-19T12:55:19.7056498Z   HDRINST usr/include/linux/atm_he.h
2026-08-19T12:55:19.7166068Z   HDRINST usr/include/linux/inet_diag.h
2026-08-19T12:55:19.7197844Z   HDRINST usr/include/linux/videodev2.h
2026-08-19T12:55:19.7319773Z   HDRINST usr/include/linux/spi/spi.h
2026-08-19T12:55:19.7402741Z   HDRINST usr/include/linux/spi/spidev.h
2026-08-19T12:55:19.7464608Z   HDRINST usr/include/linux/wait.h
2026-08-19T12:55:19.7535836Z   HDRINST usr/include/linux/userio.h
2026-08-19T12:55:19.7562715Z   HDRINST usr/include/linux/veth.h
2026-08-19T12:55:19.7570549Z   HDRINST usr/include/linux/blkpg.h
2026-08-19T12:55:19.7669615Z   HDRINST usr/include/linux/in_route.h
2026-08-19T12:55:19.7676314Z   HDRINST usr/include/linux/idxd.h
2026-08-19T12:55:19.7729672Z   HDRINST usr/include/linux/tipc_sockets_diag.h
2026-08-19T12:55:19.7789366Z   HDRINST usr/include/linux/cramfs_fs.h
2026-08-19T12:55:19.7805004Z   HDRINST usr/include/linux/dma-heap.h
2026-08-19T12:55:19.7819445Z   HDRINST usr/include/linux/caif/if_caif.h
2026-08-19T12:55:19.7908277Z   HDRINST usr/include/linux/caif/caif_socket.h
2026-08-19T12:55:19.7923536Z   HDRINST usr/include/linux/hpet.h
2026-08-19T12:55:19.7952616Z   HDRINST usr/include/linux/uleds.h
2026-08-19T12:55:19.8032937Z   HDRINST usr/include/linux/pr.h
2026-08-19T12:55:19.8052574Z   HDRINST usr/include/linux/mman.h
2026-08-19T12:55:19.8109465Z   HDRINST usr/include/linux/ndctl.h
2026-08-19T12:55:19.8150971Z   HDRINST usr/include/linux/dlmconstants.h
2026-08-19T12:55:19.8195164Z   HDRINST usr/include/linux/gen_stats.h
2026-08-19T12:55:19.8241950Z   HDRINST usr/include/linux/media-bus-format.h
2026-08-19T12:55:19.8276357Z   HDRINST usr/include/linux/prctl.h
2026-08-19T12:55:19.8330300Z   HDRINST usr/include/linux/fsverity.h
2026-08-19T12:55:19.8372284Z   HDRINST usr/include/linux/virtio_gpio.h
2026-08-19T12:55:19.8438229Z   HDRINST usr/include/linux/personality.h
2026-08-19T12:55:19.8460315Z   HDRINST usr/include/linux/unistd.h
2026-08-19T12:55:19.8499485Z   HDRINST usr/include/linux/atmbr2684.h
2026-08-19T12:55:19.8590235Z   HDRINST usr/include/linux/llc.h
2026-08-19T12:55:19.8592028Z   HDRINST usr/include/linux/if_fc.h
2026-08-19T12:55:19.8638304Z   HDRINST usr/include/linux/ethtool_netlink.h
2026-08-19T12:55:19.8691206Z   HDRINST usr/include/linux/audit.h
2026-08-19T12:55:19.8722231Z   HDRINST usr/include/linux/jffs2.h
2026-08-19T12:55:19.8819896Z   HDRINST usr/include/linux/socket.h
2026-08-19T12:55:19.8868992Z   HDRINST usr/include/linux/netfilter_ipv6/ip6t_NPT.h
2026-08-19T12:55:19.8882117Z   HDRINST usr/include/linux/netfilter_ipv6/ip6t_mh.h
2026-08-19T12:55:19.8924117Z   HDRINST usr/include/linux/netfilter_ipv6/ip6_tables.h
2026-08-19T12:55:19.8995319Z   HDRINST usr/include/linux/netfilter_ipv6/ip6t_REJECT.h
2026-08-19T12:55:19.9019484Z   HDRINST usr/include/linux/netfilter_ipv6/ip6t_ah.h
2026-08-19T12:55:19.9074005Z   HDRINST usr/include/linux/netfilter_ipv6/ip6t_rt.h
2026-08-19T12:55:19.9111602Z   HDRINST usr/include/linux/netfilter_ipv6/ip6t_ipv6header.h
2026-08-19T12:55:19.9136287Z   HDRINST usr/include/linux/netfilter_ipv6/ip6t_HL.h
2026-08-19T12:55:19.9197197Z   HDRINST usr/include/linux/netfilter_ipv6/ip6t_hl.h
2026-08-19T12:55:19.9238474Z   HDRINST usr/include/linux/netfilter_ipv6/ip6t_LOG.h
2026-08-19T12:55:19.9265734Z   HDRINST usr/include/linux/netfilter_ipv6/ip6t_srh.h
2026-08-19T12:55:19.9307001Z   HDRINST usr/include/linux/netfilter_ipv6/ip6t_opts.h
2026-08-19T12:55:19.9368319Z   HDRINST usr/include/linux/netfilter_ipv6/ip6t_frag.h
2026-08-19T12:55:19.9390250Z   HDRINST usr/include/linux/nilfs2_api.h
2026-08-19T12:55:19.9418545Z   HDRINST usr/include/linux/rpl_iptunnel.h
2026-08-19T12:55:19.9449742Z   LDS     arch/arm64/kernel/vdso32/vdso.lds
2026-08-19T12:55:19.9507386Z   CC32    arch/arm64/kernel/vdso32/note.o
2026-08-19T12:55:19.9525237Z   HDRINST usr/include/linux/phonet.h
2026-08-19T12:55:19.9579760Z   CC32    arch/arm64/kernel/vdso32/vgettimeofday.o
2026-08-19T12:55:19.9698394Z   HDRINST usr/include/linux/android_fuse.h
2026-08-19T12:55:19.9720204Z   HOSTCC  arch/arm64/kernel/vdso32/../../../arm/vdso/vdsomunge
2026-08-19T12:55:19.9819933Z   HDRINST usr/include/linux/scif_ioctl.h
2026-08-19T12:55:19.9970001Z   HDRINST usr/include/linux/fuse.h
2026-08-19T12:55:20.0080269Z   HDRINST usr/include/linux/libc-compat.h
2026-08-19T12:55:20.0129826Z   HDRINST usr/include/linux/vfio_ccw.h
2026-08-19T12:55:20.0238315Z   HDRINST usr/include/linux/cec.h
2026-08-19T12:55:20.0270513Z   HDRINST usr/include/linux/igmp.h
2026-08-19T12:55:20.0415625Z   HDRINST usr/include/linux/bfs_fs.h
2026-08-19T12:55:20.0456669Z   HDRINST usr/include/linux/rpmsg.h
2026-08-19T12:55:20.0540082Z   HDRINST usr/include/linux/fanotify.h
2026-08-19T12:55:20.0569512Z   HDRINST usr/include/linux/string.h
2026-08-19T12:55:20.0599846Z   HDRINST usr/include/linux/netfilter_bridge/ebt_mark_m.h
2026-08-19T12:55:20.0658525Z   HDRINST usr/include/linux/netfilter_bridge/ebtables.h
2026-08-19T12:55:20.0664030Z   HDRINST usr/include/linux/netfilter_bridge/ebt_nflog.h
2026-08-19T12:55:20.0724736Z   HDRINST usr/include/linux/netfilter_bridge/ebt_mark_t.h
2026-08-19T12:55:20.0781204Z   HDRINST usr/include/linux/netfilter_bridge/ebt_log.h
2026-08-19T12:55:20.0816525Z   HDRINST usr/include/linux/netfilter_bridge/ebt_ip.h
2026-08-19T12:55:20.0840144Z   HDRINST usr/include/linux/netfilter_bridge/ebt_redirect.h
2026-08-19T12:55:20.0909918Z   HDRINST usr/include/linux/netfilter_bridge/ebt_limit.h
2026-08-19T12:55:20.0970537Z   HDRINST usr/include/linux/netfilter_bridge/ebt_pkttype.h
2026-08-19T12:55:20.0972011Z   HDRINST usr/include/linux/netfilter_bridge/ebt_stp.h
2026-08-19T12:55:20.1024110Z   HDRINST usr/include/linux/netfilter_bridge/ebt_arpreply.h
2026-08-19T12:55:20.1069041Z   HDRINST usr/include/linux/netfilter_bridge/ebt_ip6.h
2026-08-19T12:55:20.1096804Z   HDRINST usr/include/linux/netfilter_bridge/ebt_nat.h
2026-08-19T12:55:20.1179104Z   HDRINST usr/include/linux/netfilter_bridge/ebt_arp.h
2026-08-19T12:55:20.1180420Z   HDRINST usr/include/linux/netfilter_bridge/ebt_vlan.h
2026-08-19T12:55:20.1218693Z   HDRINST usr/include/linux/netfilter_bridge/ebt_among.h
2026-08-19T12:55:20.1285161Z   HDRINST usr/include/linux/netfilter_bridge/ebt_802_3.h
2026-08-19T12:55:20.1304082Z   HDRINST usr/include/linux/atmclip.h
2026-08-19T12:55:20.1338647Z   HDRINST usr/include/linux/remoteproc_cdev.h
2026-08-19T12:55:20.1424809Z   HDRINST usr/include/linux/suspend_ioctls.h
2026-08-19T12:55:20.1436263Z   HDRINST usr/include/linux/virtio_pmem.h
2026-08-19T12:55:20.1476705Z   HDRINST usr/include/linux/icmp.h
2026-08-19T12:55:20.1544838Z   HDRINST usr/include/linux/dw100.h
2026-08-19T12:55:20.1559199Z   HDRINST usr/include/linux/serial_reg.h
2026-08-19T12:55:20.1636694Z   HDRINST usr/include/linux/virtio_mem.h
2026-08-19T12:55:20.1680303Z   HDRINST usr/include/linux/signal.h
2026-08-19T12:55:20.1703220Z   LD32    arch/arm64/kernel/vdso32/vdso.so.raw
2026-08-19T12:55:20.1715643Z   HDRINST usr/include/linux/ppdev.h
2026-08-19T12:55:20.1755795Z   HDRINST usr/include/linux/seccomp.h
2026-08-19T12:55:20.1780189Z   HDRINST usr/include/linux/snmp.h
2026-08-19T12:55:20.1836256Z   HDRINST usr/include/linux/f2fs.h
2026-08-19T12:55:20.1912225Z   HDRINST usr/include/linux/nubus.h
2026-08-19T12:55:20.1945923Z   HDRINST usr/include/linux/erspan.h
2026-08-19T12:55:20.1947390Z   MUNGE   arch/arm64/kernel/vdso32/vdso.so.dbg
2026-08-19T12:55:20.2111319Z   VDSOSYM include/generated/vdso32-offsets.h
2026-08-19T12:55:20.2117600Z   OBJCOPY arch/arm64/kernel/vdso32/vdso.so
2026-08-19T12:55:20.2174385Z   HDRINST usr/include/linux/tc_ematch/tc_em_ipt.h
2026-08-19T12:55:20.2178724Z   HDRINST usr/include/linux/tc_ematch/tc_em_nbyte.h
2026-08-19T12:55:20.2208647Z   HDRINST usr/include/linux/tc_ematch/tc_em_meta.h
2026-08-19T12:55:20.2236411Z   HDRINST usr/include/linux/tc_ematch/tc_em_text.h
2026-08-19T12:55:20.2300910Z   HDRINST usr/include/linux/tc_ematch/tc_em_cmp.h
2026-08-19T12:55:20.2314922Z   HDRINST usr/include/linux/vboxguest.h
2026-08-19T12:55:20.2347473Z   HDRINST usr/include/linux/ipmi_bmc.h
2026-08-19T12:55:20.2379387Z   HDRINST usr/include/linux/times.h
2026-08-19T12:55:20.2423398Z   HDRINST usr/include/linux/vt.h
2026-08-19T12:55:20.2470759Z   HDRINST usr/include/linux/time.h
2026-08-19T12:55:20.2480772Z   HDRINST usr/include/linux/virtio_scsi.h
2026-08-19T12:55:20.2499785Z   HDRINST usr/include/linux/kexec.h
2026-08-19T12:55:20.2553972Z   HDRINST usr/include/linux/nfs_mount.h
2026-08-19T12:55:20.2601492Z   HDRINST usr/include/linux/zorro.h
2026-08-19T12:55:20.2617955Z   HDRINST usr/include/linux/patchkey.h
2026-08-19T12:55:20.2623453Z   HDRINST usr/include/linux/rose.h
2026-08-19T12:55:20.2685465Z   HDRINST usr/include/linux/netfilter_arp/arp_tables.h
2026-08-19T12:55:20.2732631Z   HDRINST usr/include/linux/netfilter_arp/arpt_mangle.h
2026-08-19T12:55:20.2736871Z   HDRINST usr/include/linux/rkisp1-config.h
2026-08-19T12:55:20.2748702Z   HDRINST usr/include/linux/virtio_fs.h
2026-08-19T12:55:20.2833642Z   HDRINST usr/include/linux/if.h
2026-08-19T12:55:20.2855059Z   HDRINST usr/include/linux/mmc/ioctl.h
2026-08-19T12:55:20.2886517Z   HDRINST usr/include/linux/kvm.h
2026-08-19T12:55:20.2923816Z   HDRINST usr/include/linux/if_addrlabel.h
2026-08-19T12:55:20.2984101Z   HDRINST usr/include/linux/psci.h
2026-08-19T12:55:20.3009720Z   HDRINST usr/include/linux/virtio_bt.h
2026-08-19T12:55:20.3069919Z   HDRINST usr/include/linux/netfilter.h
2026-08-19T12:55:20.3110566Z   HDRINST usr/include/linux/atmlec.h
2026-08-19T12:55:20.3117386Z   HDRINST usr/include/linux/net_namespace.h
2026-08-19T12:55:20.3226456Z   HDRINST usr/include/linux/max2175.h
2026-08-19T12:55:20.3231374Z   HDRINST usr/include/linux/zorro_ids.h
2026-08-19T12:55:20.3264970Z   HDRINST usr/include/linux/irqnr.h
2026-08-19T12:55:20.3338629Z   HDRINST usr/include/linux/errqueue.h
2026-08-19T12:55:20.3371581Z   HDRINST usr/include/linux/mei.h
2026-08-19T12:55:20.3402982Z   HDRINST usr/include/linux/vdpa.h
2026-08-19T12:55:20.3439231Z   HDRINST usr/include/linux/pps.h
2026-08-19T12:55:20.3492343Z   HDRINST usr/include/linux/xfrm.h
2026-08-19T12:55:20.3530461Z   HDRINST usr/include/linux/ppp-comp.h
2026-08-19T12:55:20.3531009Z   HDRINST usr/include/linux/pfkeyv2.h
2026-08-19T12:55:20.3578496Z   HDRINST usr/include/linux/gunyah.h
2026-08-19T12:55:20.3649518Z   HDRINST usr/include/linux/um_timetravel.h
2026-08-19T12:55:20.3654271Z   HDRINST usr/include/misc/pvpanic.h
2026-08-19T12:55:20.3685655Z   HDRINST usr/include/misc/ocxl.h
2026-08-19T12:55:20.3707432Z   HDRINST usr/include/misc/habanalabs.h
2026-08-19T12:55:20.3776462Z   HDRINST usr/include/misc/xilinx_sdfec.h
2026-08-19T12:55:20.3791546Z   HDRINST usr/include/misc/fastrpc.h
2026-08-19T12:55:20.3819570Z   HDRINST usr/include/misc/uacce/hisi_qm.h
2026-08-19T12:55:20.3915848Z   HDRINST usr/include/misc/uacce/uacce.h
2026-08-19T12:55:20.3939225Z   HDRINST usr/include/misc/cxl.h
2026-08-19T12:55:20.3958474Z   HDRINST usr/include/mtd/mtd-abi.h
2026-08-19T12:55:20.3990299Z   HDRINST usr/include/mtd/mtd-user.h
2026-08-19T12:55:20.4038126Z   HDRINST usr/include/mtd/ubi-user.h
2026-08-19T12:55:20.4074160Z   HDRINST usr/include/mtd/nftl-user.h
2026-08-19T12:55:20.4114833Z   HDRINST usr/include/mtd/inftl-user.h
2026-08-19T12:55:20.4149719Z   HDRINST usr/include/rdma/mlx5_user_ioctl_cmds.h
2026-08-19T12:55:20.4193915Z   HDRINST usr/include/rdma/mthca-abi.h
2026-08-19T12:55:20.4201104Z   HDRINST usr/include/rdma/erdma-abi.h
2026-08-19T12:55:20.4238175Z   HDRINST usr/include/rdma/ib_user_verbs.h
2026-08-19T12:55:20.4259128Z   HDRINST usr/include/rdma/irdma-abi.h
2026-08-19T12:55:20.4327215Z   HDRINST usr/include/rdma/hns-abi.h
2026-08-19T12:55:20.4335357Z   HDRINST usr/include/rdma/ocrdma-abi.h
2026-08-19T12:55:20.4383948Z   HDRINST usr/include/rdma/qedr-abi.h
2026-08-19T12:55:20.4446895Z   HDRINST usr/include/rdma/rdma_user_rxe.h
2026-08-19T12:55:20.4452890Z   HDRINST usr/include/rdma/rvt-abi.h
2026-08-19T12:55:20.4473026Z   HDRINST usr/include/rdma/bnxt_re-abi.h
2026-08-19T12:55:20.4510054Z   HDRINST usr/include/rdma/mlx5-abi.h
2026-08-19T12:55:20.4580305Z   HDRINST usr/include/rdma/ib_user_ioctl_cmds.h
2026-08-19T12:55:20.4597330Z   HDRINST usr/include/rdma/hfi/hfi1_ioctl.h
2026-08-19T12:55:20.4598235Z   HDRINST usr/include/rdma/hfi/hfi1_user.h
2026-08-19T12:55:20.4660070Z   HDRINST usr/include/rdma/siw-abi.h
2026-08-19T12:55:20.4716168Z   HDRINST usr/include/rdma/vmw_pvrdma-abi.h
2026-08-19T12:55:20.4719579Z   HDRINST usr/include/rdma/mlx5_user_ioctl_verbs.h
2026-08-19T12:55:20.4759745Z   HDRINST usr/include/rdma/ib_user_mad.h
2026-08-19T12:55:20.4782793Z   HDRINST usr/include/rdma/ib_user_sa.h
2026-08-19T12:55:20.4835972Z   HDRINST usr/include/rdma/rdma_netlink.h
2026-08-19T12:55:20.4861311Z   HDRINST usr/include/rdma/mlx4-abi.h
2026-08-19T12:55:20.4900629Z   HDRINST usr/include/rdma/cxgb4-abi.h
2026-08-19T12:55:20.4901529Z   HDRINST usr/include/rdma/ib_user_ioctl_verbs.h
2026-08-19T12:55:20.5003269Z   HDRINST usr/include/rdma/rdma_user_ioctl.h
2026-08-19T12:55:20.5004185Z   HDRINST usr/include/rdma/efa-abi.h
2026-08-19T12:55:20.5019566Z   HDRINST usr/include/rdma/rdma_user_ioctl_cmds.h
2026-08-19T12:55:20.5047251Z   HDRINST usr/include/rdma/rdma_user_cm.h
2026-08-19T12:55:20.5121260Z   HDRINST usr/include/scsi/scsi_bsg_fc.h
2026-08-19T12:55:20.5139451Z   HDRINST usr/include/scsi/fc/fc_els.h
2026-08-19T12:55:20.5163398Z   HDRINST usr/include/scsi/fc/fc_gs.h
2026-08-19T12:55:20.5190254Z   HDRINST usr/include/scsi/fc/fc_fs.h
2026-08-19T12:55:20.5250172Z   HDRINST usr/include/scsi/fc/fc_ns.h
2026-08-19T12:55:20.5275986Z   HDRINST usr/include/scsi/cxlflash_ioctl.h
2026-08-19T12:55:20.5359875Z   HDRINST usr/include/scsi/scsi_netlink_fc.h
2026-08-19T12:55:20.5370269Z   HDRINST usr/include/scsi/scsi_bsg_ufs.h
2026-08-19T12:55:20.5419539Z   HDRINST usr/include/scsi/scsi_netlink.h
2026-08-19T12:55:20.5425959Z   HDRINST usr/include/scsi/scsi_bsg_mpi3mr.h
2026-08-19T12:55:20.5448337Z   HDRINST usr/include/sound/sb16_csp.h
2026-08-19T12:55:20.5493578Z   HDRINST usr/include/sound/emu10k1.h
2026-08-19T12:55:20.5527915Z   HDRINST usr/include/sound/snd_ar_tokens.h
2026-08-19T12:55:20.5569473Z   HDRINST usr/include/sound/usb_stream.h
2026-08-19T12:55:20.5587884Z   HDRINST usr/include/sound/asound_fm.h
2026-08-19T12:55:20.5663711Z   HDRINST usr/include/sound/intel/avs/tokens.h
2026-08-19T12:55:20.5672686Z   HDRINST usr/include/sound/compress_params.h
2026-08-19T12:55:20.5716676Z   HDRINST usr/include/sound/skl-tplg-interface.h
2026-08-19T12:55:20.5717808Z   HDRINST usr/include/sound/hdsp.h
2026-08-19T12:55:20.5819484Z   HDRINST usr/include/sound/asound.h
2026-08-19T12:55:20.5854212Z   HDRINST usr/include/sound/hdspm.h
2026-08-19T12:55:20.5854940Z   HDRINST usr/include/sound/sfnt_info.h
2026-08-19T12:55:20.5855676Z   HDRINST usr/include/sound/compress_offload.h
2026-08-19T12:55:20.5983859Z   HDRINST usr/include/sound/snd_sst_tokens.h
2026-08-19T12:55:20.5999663Z   HDRINST usr/include/sound/firewire.h
2026-08-19T12:55:20.6008182Z   HDRINST usr/include/sound/tlv.h
2026-08-19T12:55:20.6062274Z   HDRINST usr/include/sound/asoc.h
2026-08-19T12:55:20.6102882Z   HDRINST usr/include/sound/sof/fw.h
2026-08-19T12:55:20.6119682Z   HDRINST usr/include/sound/sof/tokens.h
2026-08-19T12:55:20.6127876Z   HDRINST usr/include/sound/sof/abi.h
2026-08-19T12:55:20.6236264Z   HDRINST usr/include/sound/sof/header.h
2026-08-19T12:55:20.6240272Z   HDRINST usr/include/sound/asequencer.h
2026-08-19T12:55:20.6247747Z   HDRINST usr/include/video/sisfb.h
2026-08-19T12:55:20.6268042Z   HDRINST usr/include/video/uvesafb.h
2026-08-19T12:55:20.6372873Z   HDRINST usr/include/video/edid.h
2026-08-19T12:55:20.6399913Z   HDRINST usr/include/xen/gntdev.h
2026-08-19T12:55:20.6400955Z   HDRINST usr/include/xen/evtchn.h
2026-08-19T12:55:20.6407009Z   HDRINST usr/include/xen/gntalloc.h
2026-08-19T12:55:20.6493316Z   HDRINST usr/include/xen/privcmd.h
2026-08-19T12:55:20.6517760Z   HDRINST usr/include/linux/version.h
2026-08-19T12:55:20.6692104Z   HDRINST usr/include/asm/posix_types.h
2026-08-19T12:55:20.6729290Z   HDRINST usr/include/asm/fcntl.h
2026-08-19T12:55:20.6729778Z   HDRINST usr/include/asm/perf_regs.h
2026-08-19T12:55:20.6739136Z   HDRINST usr/include/asm/sve_context.h
2026-08-19T12:55:20.6806253Z   HDRINST usr/include/asm/param.h
2026-08-19T12:55:20.6829439Z   HDRINST usr/include/asm/statfs.h
2026-08-19T12:55:20.6839792Z   HDRINST usr/include/asm/sigcontext.h
2026-08-19T12:55:20.6840548Z   HDRINST usr/include/asm/setup.h
2026-08-19T12:55:20.6959524Z   HDRINST usr/include/asm/hwcap.h
2026-08-19T12:55:20.6960827Z   HDRINST usr/include/asm/byteorder.h
2026-08-19T12:55:20.6966030Z   HDRINST usr/include/asm/ptrace.h
2026-08-19T12:55:20.6968422Z   HDRINST usr/include/asm/bpf_perf_event.h
2026-08-19T12:55:20.7060443Z   HDRINST usr/include/asm/ucontext.h
2026-08-19T12:55:20.7066092Z   HDRINST usr/include/asm/auxvec.h
2026-08-19T12:55:20.7090669Z   HDRINST usr/include/asm/bitsperlong.h
2026-08-19T12:55:20.7109532Z   HDRINST usr/include/asm/mman.h
2026-08-19T12:55:20.7185918Z   HDRINST usr/include/asm/unistd.h
2026-08-19T12:55:20.7187024Z   HDRINST usr/include/asm/signal.h
2026-08-19T12:55:20.7209558Z   HDRINST usr/include/asm/kvm.h
2026-08-19T12:55:20.7223644Z   HDRINST usr/include/asm/termbits.h
2026-08-19T12:55:20.7309467Z   HDRINST usr/include/asm/sembuf.h
2026-08-19T12:55:20.7321995Z   HDRINST usr/include/asm/types.h
2026-08-19T12:55:20.7364866Z   HDRINST usr/include/asm/swab.h
2026-08-19T12:55:20.7366830Z   HDRINST usr/include/asm/errno.h
2026-08-19T12:55:20.7415510Z   HDRINST usr/include/asm/msgbuf.h
2026-08-19T12:55:20.7431349Z   HDRINST usr/include/asm/stat.h
2026-08-19T12:55:20.7489720Z   HDRINST usr/include/asm/shmbuf.h
2026-08-19T12:55:20.7497470Z   HDRINST usr/include/asm/poll.h
2026-08-19T12:55:20.7532299Z   HDRINST usr/include/asm/ioctls.h
2026-08-19T12:55:20.7550092Z   HDRINST usr/include/asm/sockios.h
2026-08-19T12:55:20.7593602Z   HDRINST usr/include/asm/ipcbuf.h
2026-08-19T12:55:20.7619616Z   HDRINST usr/include/asm/termios.h
2026-08-19T12:55:20.7659803Z   HDRINST usr/include/asm/siginfo.h
2026-08-19T12:55:20.7671362Z   HDRINST usr/include/asm/resource.h
2026-08-19T12:55:20.7745178Z   HDRINST usr/include/asm/ioctl.h
2026-08-19T12:55:20.7746775Z   HDRINST usr/include/asm/kvm_para.h
2026-08-19T12:55:20.7769452Z   HDRINST usr/include/asm/socket.h
2026-08-19T12:55:20.8180326Z   HOSTCC  usr/gen_init_cpio
2026-08-19T12:55:20.8209281Z   CC      init/main.o
2026-08-19T12:55:20.9325686Z   CC      kernel/sched/core.o
2026-08-19T12:55:20.9349235Z   CC      arch/arm64/kernel/pi/kaslr_early.o
2026-08-19T12:55:20.9660063Z   GEN     usr/initramfs_data.cpio
2026-08-19T12:55:20.9859940Z   COPY    usr/initramfs_inc_data
2026-08-19T12:55:20.9879850Z   AS      usr/initramfs_data.o
2026-08-19T12:55:21.0762374Z   AR      usr/built-in.a
2026-08-19T12:55:21.0889475Z   CC      kernel/sched/fair.o
2026-08-19T12:55:21.1843889Z   CC      arch/arm64/kernel/pi/lib-fdt.o
2026-08-19T12:55:21.3459865Z   CC      arch/arm64/kernel/pi/lib-fdt_ro.o
2026-08-19T12:55:21.5868018Z   OBJCOPY arch/arm64/kernel/pi/kaslr_early.pi.o
2026-08-19T12:55:21.5939715Z   OBJCOPY arch/arm64/kernel/pi/lib-fdt.pi.o
2026-08-19T12:55:21.5969232Z   OBJCOPY arch/arm64/kernel/pi/lib-fdt_ro.pi.o
2026-08-19T12:55:21.6009899Z   AR      arch/arm64/kernel/pi/built-in.a
2026-08-19T12:55:21.6210105Z   CC      arch/arm64/kernel/probes/kprobes.o
2026-08-19T12:55:22.5438040Z   CC      arch/arm64/kernel/probes/decode-insn.o
2026-08-19T12:55:22.8529826Z   UPD     init/utsversion-tmp.h
2026-08-19T12:55:22.8629911Z   CC      init/do_mounts.o
2026-08-19T12:55:23.4425384Z   AS      arch/arm64/kernel/probes/kprobes_trampoline.o
2026-08-19T12:55:23.5592492Z   CC      arch/arm64/kernel/probes/simulate-insn.o
2026-08-19T12:55:24.5169855Z   CC      kernel/locking/mutex.o
2026-08-19T12:55:24.6160605Z   CC      arch/arm64/kernel/probes/uprobes.o
2026-08-19T12:55:25.1059728Z   CC      init/do_mounts_rd.o
2026-08-19T12:55:25.3020865Z   CC      kernel/sched/build_policy.o
2026-08-19T12:55:25.5231146Z   AR      arch/arm64/kernel/probes/built-in.a
2026-08-19T12:55:25.5379781Z   LDS     arch/arm64/kernel/vmlinux.lds
2026-08-19T12:55:25.5679915Z   CC      arch/arm64/kernel/debug-monitors.o
2026-08-19T12:55:26.1540214Z   CC      init/do_mounts_initrd.o
2026-08-19T12:55:26.4160134Z   CC      kernel/locking/semaphore.o
2026-08-19T12:55:26.9509963Z   AS      arch/arm64/kernel/entry.o
2026-08-19T12:55:27.1320768Z   CC      arch/arm64/kernel/irq.o
2026-08-19T12:55:27.1760076Z   CC      init/initramfs.o
2026-08-19T12:55:27.7010015Z   CC      kernel/locking/rwsem.o
2026-08-19T12:55:28.0628965Z   CC      arch/arm64/kernel/fpsimd.o
2026-08-19T12:55:28.1825899Z   CC      kernel/sched/build_utility.o
2026-08-19T12:55:28.6389876Z   CC      init/calibrate.o
2026-08-19T12:55:29.1161090Z   CC      init/init_task.o
2026-08-19T12:55:29.1450738Z   CC      kernel/locking/percpu-rwsem.o
2026-08-19T12:55:29.5684486Z   CC      arch/arm64/kernel/entry-common.o
2026-08-19T12:55:30.3639818Z   CC      kernel/locking/oplus_locking.o
2026-08-19T12:55:30.7840125Z   AS      arch/arm64/kernel/entry-fpsimd.o
2026-08-19T12:55:30.8293746Z   CC      init/version.o
2026-08-19T12:55:30.9228704Z   CC      arch/arm64/kernel/process.o
2026-08-19T12:55:31.5089966Z   AR      init/built-in.a
2026-08-19T12:55:31.5280991Z   CC      certs/system_keyring.o
2026-08-19T12:55:31.7277194Z   CC      kernel/sched/vendor_hooks.o
2026-08-19T12:55:32.2749989Z   CC      kernel/locking/spinlock.o
2026-08-19T12:55:32.3170078Z   HOSTCC  certs/extract-cert
2026-08-19T12:55:32.4851320Z   COPY    certs/x509.genkey
2026-08-19T12:55:32.4898237Z   CERT    certs/x509_certificate_list
2026-08-19T12:55:32.4939714Z   GENKEY  certs/signing_key.pem
2026-08-19T12:55:32.5305045Z ...+.+..+...+....+...+...........+++++++++++++++++++++++++++++++++++++++++++++++++++++++++++++++++*....+.........+..+...+....+...+..............+...+.+..............+.+.........+..+.+..+.......+...........+....+.....+..........+...+..+....+..+...+......+...+...+............+...+...+.........+.......+...+++++++++++++++++++++++++++++++++++++++++++++++++++++++++++++++++*.........+..+....  CC      arch/arm64/kernel/ptrace.o
2026-08-19T12:55:33.3731832Z .....+......+...+.+..+...+......+.........+.......+..............+.+.....+.......+..+..........+........+.......+.....+.+........+.......+........+.....................+.+...+.........+...+...+......+.....+......+..........+...+...........+...+.......+......+..+.......+...........+........................+...+.+......+.....+......+..........+.....+...+...............+.......+.....+..........+..+.................................+.........+..........+..............+......+....+.....+..........+.................+....+.........+.........+...............+......+..+....+...+...+.....+.............+.....+.+......+.....+...............+..................  CC      kernel/locking/osq_lock.o
2026-08-19T12:55:33.8380630Z ......+......+............+.+.........+.....+...+............+.+...........+......+.........+.........+....+..+.............+..+...+.+.........+........+..........+..+...+.......+......+...........+....+.........+...+..+.......+...+..+++++++++++++++++++++++++++++++++++++++  CC      arch/arm64/kernel/setup.o
2026-08-19T12:55:33.9339922Z ++++++++++++++++++++++++++
2026-08-19T12:55:34.0740758Z .+.......+.....+...+....+..+++++++++++++++++++++++++++++++++++++++++++++++++++++++++++++++++*.+..+..........+..+.+......+.....+++++++++++++++++++++++++++++++++++++++++++++++++++++++++++++++++*...+.+..+............+.+.....+..........+......+........+......................+...+............+......  CC      kernel/locking/qspinlock.o
2026-08-19T12:55:34.0742336Z   AR      kernel/sched/built-in.a
2026-08-19T12:55:34.0890004Z +..........  CC      kernel/locking/rtmutex_api.o
2026-08-19T12:55:34.9182426Z ....+....+..+.......+..+.............+.................+....+...........+.+..+......+.+...+..................+.....+.......+.....+...+............+..........+........+........................+.+..+.+.........................................+..........+...+..+......+...+.........+......+..........+............+............+................................+..........+...........+............+.......+...+.....+......+.+.............................+......+.........+....+..+...+.+..+...................+...+...+..+......+....+............+.....................+..+.............+........+.........+.+..+....+...........+....+...+.....+.+.............................+.+..  CC      arch/arm64/kernel/signal.o
2026-08-19T12:55:35.3260716Z +.......+...+..+..................+.........+.+...+......+.....+.........+.+......+............+...+...+.....+.......+..+.......+.....+...+..........+..+....+...........+......+.........+.....................+...+..........+......+.....+.++++++++++++++++++++++  CC      kernel/locking/qrwlock.o
2026-08-19T12:55:35.3301021Z ++  CC      arch/arm64/mm/dma-mapping.o
2026-08-19T12:55:35.4759696Z +++++++++++++++++++++++++++++++++++++++++
2026-08-19T12:55:35.5079660Z -----
2026-08-19T12:55:35.5191388Z   CERT    certs/signing_key.x509
2026-08-19T12:55:35.5251785Z   AS      certs/system_certificates.o
2026-08-19T12:55:35.6309740Z   AR      certs/built-in.a
2026-08-19T12:55:35.6437765Z   CC      arch/arm64/mm/extable.o
2026-08-19T12:55:36.2157409Z   CC      kernel/power/qos.o
2026-08-19T12:55:36.3227427Z   CC      arch/arm64/mm/fault.o
2026-08-19T12:55:36.4760157Z   CC      arch/arm64/kernel/sys.o
2026-08-19T12:55:36.5339747Z   AR      kernel/locking/built-in.a
2026-08-19T12:55:36.5519653Z   CC      arch/arm64/net/bpf_jit_comp.o
2026-08-19T12:55:37.4914273Z   CC      arch/arm64/kernel/stacktrace.o
2026-08-19T12:55:37.5648096Z   CC      arch/arm64/mm/init.o
2026-08-19T12:55:37.8143820Z   CC      kernel/power/main.o
2026-08-19T12:55:38.0339655Z   AR      arch/arm64/net/built-in.a
2026-08-19T12:55:38.1604984Z   CC      mm/kasan/common.o
2026-08-19T12:55:38.8001111Z   CC      arch/arm64/kernel/time.o
2026-08-19T12:55:39.2240043Z   AS      arch/arm64/mm/cache.o
2026-08-19T12:55:39.3590052Z   CC      arch/arm64/mm/copypage.o
2026-08-19T12:55:39.4593434Z   CC      kernel/power/process.o
2026-08-19T12:55:39.6609104Z   CC      mm/kasan/report.o
2026-08-19T12:55:40.0248618Z   CC      arch/arm64/kernel/traps.o
2026-08-19T12:55:40.6639833Z   CC      kernel/power/suspend.o
2026-08-19T12:55:40.6910070Z   CC      arch/arm64/mm/flush.o
2026-08-19T12:55:40.7460072Z   CC      mm/kasan/hw_tags.o
2026-08-19T12:55:41.1509786Z   CC      arch/arm64/kernel/io.o
2026-08-19T12:55:41.9760924Z   CC      arch/arm64/mm/ioremap.o
2026-08-19T12:55:42.0399967Z   CC      arch/arm64/kernel/vdso.o
2026-08-19T12:55:42.2340184Z   CC      mm/kasan/report_hw_tags.o
2026-08-19T12:55:42.4659817Z   CC      kernel/power/hibernate.o
2026-08-19T12:55:42.8167251Z   CC      arch/arm64/mm/mem_encrypt.o
2026-08-19T12:55:43.0155624Z   AS      arch/arm64/kernel/hyp-stub.o
2026-08-19T12:55:43.1469766Z   CC      arch/arm64/kernel/psci.o
2026-08-19T12:55:43.2002080Z   CC      mm/kasan/tags.o
2026-08-19T12:55:43.9483769Z   CC      arch/arm64/kernel/cpu_ops.o
2026-08-19T12:55:43.9800287Z   CC      arch/arm64/mm/mmap.o
2026-08-19T12:55:44.1949953Z   CC      mm/kasan/report_tags.o
2026-08-19T12:55:44.2299910Z   CC      kernel/power/snapshot.o
2026-08-19T12:55:44.8830099Z   CC      arch/arm64/kernel/return_address.o
2026-08-19T12:55:45.1458371Z   CC      arch/arm64/mm/pgd.o
2026-08-19T12:55:45.1920461Z   AR      mm/kasan/built-in.a
2026-08-19T12:55:45.2146495Z   CC      mm/kfence/core.o
2026-08-19T12:55:46.0547312Z   CC      arch/arm64/mm/mmu.o
2026-08-19T12:55:46.0627420Z   CC      kernel/power/swap.o
2026-08-19T12:55:46.1469645Z   CC      arch/arm64/kernel/cpuinfo.o
2026-08-19T12:55:46.8444750Z   CC      mm/kfence/report.o
2026-08-19T12:55:46.9930028Z   CC      arch/arm64/kernel/cpu_errata.o
2026-08-19T12:55:47.8781662Z   CC      arch/arm64/kernel/cpufeature.o
2026-08-19T12:55:47.9078286Z   AR      mm/kfence/built-in.a
2026-08-19T12:55:47.9109989Z   CC      kernel/power/user.o
2026-08-19T12:55:47.9211719Z   CC      mm/filemap.o
2026-08-19T12:55:47.9264165Z   CC      arch/arm64/mm/context.o
2026-08-19T12:55:49.0251443Z   CC      kernel/power/wakelock.o
2026-08-19T12:55:49.3829902Z   AS      arch/arm64/mm/proc.o
2026-08-19T12:55:49.5239944Z   CC      arch/arm64/mm/pageattr.o
2026-08-19T12:55:49.6969865Z   CC      arch/arm64/kernel/alternative.o
2026-08-19T12:55:50.0722192Z   CC      kernel/power/poweroff.o
2026-08-19T12:55:50.3900001Z   CC      mm/mempool.o
2026-08-19T12:55:50.4469979Z   CC      kernel/power/wakeup_reason.o
2026-08-19T12:55:50.4599917Z   CC      arch/arm64/mm/mem_relinquish.o
2026-08-19T12:55:51.0451264Z   CC      arch/arm64/kernel/cacheinfo.o
2026-08-19T12:55:51.5945212Z   CC      arch/arm64/mm/trans_pgd.o
2026-08-19T12:55:51.8896494Z   CC      mm/oom_kill.o
2026-08-19T12:55:51.9499975Z   CC      kernel/power/energy_model.o
2026-08-19T12:55:52.1403880Z   CC      arch/arm64/kernel/smp.o
2026-08-19T12:55:52.7090248Z   AS      arch/arm64/mm/trans_pgd-asm.o
2026-08-19T12:55:52.8300526Z   CC      arch/arm64/mm/mteswap.o
2026-08-19T12:55:53.1589868Z   AR      kernel/power/built-in.a
2026-08-19T12:55:53.1790205Z   CC      kernel/printk/printk.o
2026-08-19T12:55:53.8389815Z   CC      arch/arm64/mm/kasan_init.o
2026-08-19T12:55:53.8959999Z   CC      mm/fadvise.o
2026-08-19T12:55:53.9630071Z   CC      arch/arm64/kernel/smp_spin_table.o
2026-08-19T12:55:54.7593405Z   AR      arch/arm64/mm/built-in.a
2026-08-19T12:55:54.7980018Z   CC      arch/arm64/kvm/hyp/vhe/timer-sr.o
2026-08-19T12:55:54.8940507Z   CC      arch/arm64/kernel/topology.o
2026-08-19T12:55:54.9730979Z   CC      kernel/printk/printk_safe.o
2026-08-19T12:55:55.4689819Z   CC      mm/maccess.o
2026-08-19T12:55:55.7130061Z   AS      arch/arm64/kernel/smccc-call.o
2026-08-19T12:55:55.8161051Z   CC      arch/arm64/kvm/hyp/vhe/sysreg-sr.o
2026-08-19T12:55:56.1370091Z   CC      arch/arm64/kernel/syscall.o
2026-08-19T12:55:56.2142215Z   CC      kernel/printk/printk_ringbuffer.o
2026-08-19T12:55:56.8100021Z   CC      kernel/printk/sysctl.o
2026-08-19T12:55:56.9269949Z   CC      mm/page-writeback.o
2026-08-19T12:55:57.1437942Z   CC      arch/arm64/kernel/proton-pack.o
2026-08-19T12:55:57.2007570Z   CC      arch/arm64/kvm/hyp/vhe/debug-sr.o
2026-08-19T12:55:57.2569933Z   AR      kernel/printk/built-in.a
2026-08-19T12:55:57.2734882Z   CC      kernel/irq/irqdesc.o
2026-08-19T12:55:58.1616639Z   CC      arch/arm64/kernel/idreg-override.o
2026-08-19T12:55:58.3969843Z   CC      arch/arm64/kvm/hyp/vhe/switch.o
2026-08-19T12:55:58.5778525Z   CC      kernel/irq/handle.o
2026-08-19T12:55:59.0530624Z   CC      arch/arm64/kernel/idle.o
2026-08-19T12:55:59.1489963Z   CC      mm/folio-compat.o
2026-08-19T12:55:59.7778561Z   CC      arch/arm64/kernel/patching.o
2026-08-19T12:55:59.8140021Z   CC      arch/arm64/kvm/hyp/vhe/tlb.o
2026-08-19T12:55:59.8529485Z   CC      kernel/irq/manage.o
2026-08-19T12:56:00.6149875Z   CC      mm/readahead.o
2026-08-19T12:56:00.7430016Z   CC      arch/arm64/kernel/sys32.o
2026-08-19T12:56:00.9550575Z   CC      arch/arm64/kvm/hyp/vhe/../vgic-v3-sr.o
2026-08-19T12:56:01.2459856Z   CC      kernel/irq/spurious.o
2026-08-19T12:56:01.7211376Z   CC      arch/arm64/kernel/signal32.o
2026-08-19T12:56:02.1430071Z   CC      kernel/irq/resend.o
2026-08-19T12:56:02.3179957Z   CC      arch/arm64/kvm/hyp/vhe/../aarch32.o
2026-08-19T12:56:02.4593872Z   CC      mm/swap.o
2026-08-19T12:56:02.9218290Z   CC      arch/arm64/kernel/sys_compat.o
2026-08-19T12:56:02.9471973Z   CC      kernel/irq/chip.o
2026-08-19T12:56:03.5260166Z   CC      arch/arm64/kvm/hyp/vhe/../vgic-v2-cpuif-proxy.o
2026-08-19T12:56:03.9397973Z   AS      arch/arm64/kernel/sigreturn32.o
2026-08-19T12:56:04.0327242Z   AS      arch/arm64/kernel/kuser32.o
2026-08-19T12:56:04.1500447Z   CC      arch/arm64/kernel/module.o
2026-08-19T12:56:04.2819328Z   CC      kernel/irq/dummychip.o
2026-08-19T12:56:04.3589998Z   CC      mm/truncate.o
2026-08-19T12:56:04.8150066Z   AS      arch/arm64/kvm/hyp/vhe/../entry.o
2026-08-19T12:56:04.9420622Z   AS      arch/arm64/kvm/hyp/vhe/../fpsimd.o
2026-08-19T12:56:05.0502460Z   CC      arch/arm64/kernel/module-plts.o
2026-08-19T12:56:05.0566066Z   AS      arch/arm64/kvm/hyp/vhe/../hyp-entry.o
2026-08-19T12:56:05.2039937Z   CC      arch/arm64/kvm/hyp/vhe/../exception.o
2026-08-19T12:56:05.4686747Z   CC      kernel/irq/devres.o
2026-08-19T12:56:05.9379971Z   CC      mm/vmscan.o
2026-08-19T12:56:05.9399456Z   CC      arch/arm64/kernel/perf_regs.o
2026-08-19T12:56:06.6509846Z   CC      kernel/irq/generic-chip.o
2026-08-19T12:56:06.8400013Z   CC      arch/arm64/kernel/perf_callchain.o
2026-08-19T12:56:06.8544703Z   AR      arch/arm64/kvm/hyp/vhe/built-in.a
2026-08-19T12:56:06.8769829Z   LDS     arch/arm64/kvm/hyp/nvhe/hyp.lds
2026-08-19T12:56:06.9075291Z   CC      arch/arm64/kvm/hyp/nvhe/timer-sr.nvhe.o
2026-08-19T12:56:07.8079948Z   CC      arch/arm64/kernel/perf_event.o
2026-08-19T12:56:07.9249996Z   CC      kernel/irq/autoprobe.o
2026-08-19T12:56:07.9600052Z   CC      arch/arm64/kvm/hyp/nvhe/sysreg-sr.nvhe.o
2026-08-19T12:56:09.0979911Z   CC      arch/arm64/kernel/hw_breakpoint.o
2026-08-19T12:56:09.2189870Z   CC      kernel/irq/irqdomain.o
2026-08-19T12:56:09.6050117Z   CC      arch/arm64/kvm/hyp/nvhe/debug-sr.nvhe.o
2026-08-19T12:56:10.2923295Z   CC      mm/shmem.o
2026-08-19T12:56:10.5921287Z   AS      arch/arm64/kernel/sleep.o
2026-08-19T12:56:10.7191454Z   CC      kernel/irq/proc.o
2026-08-19T12:56:10.8120060Z   CC      arch/arm64/kernel/suspend.o
2026-08-19T12:56:11.4799886Z   CC      arch/arm64/kvm/hyp/nvhe/switch.nvhe.o
2026-08-19T12:56:11.7029580Z   CC      kernel/irq/cpuhotplug.o
2026-08-19T12:56:11.9500257Z   CC      arch/arm64/kernel/cpuidle.o
2026-08-19T12:56:12.7730750Z   CC      arch/arm64/kernel/jump_label.o
2026-08-19T12:56:12.7880247Z   CC      kernel/irq/pm.o
2026-08-19T12:56:12.8699778Z   CC      mm/util.o
2026-08-19T12:56:12.9879892Z   CC      arch/arm64/kernel/efi.o
2026-08-19T12:56:13.6890174Z   CC      arch/arm64/kvm/hyp/nvhe/tlb.nvhe.o
2026-08-19T12:56:14.0749887Z   CC      kernel/irq/msi.o
2026-08-19T12:56:14.7749844Z   CC      mm/mmzone.o
2026-08-19T12:56:14.9570991Z   AS      arch/arm64/kernel/efi-entry.o
2026-08-19T12:56:15.0139849Z   AS      arch/arm64/kvm/hyp/nvhe/hyp-init.nvhe.o
2026-08-19T12:56:15.1420310Z   AS      arch/arm64/kernel/efi-rt-wrapper.o
2026-08-19T12:56:15.2109586Z   AS      arch/arm64/kvm/hyp/nvhe/host.nvhe.o
2026-08-19T12:56:15.3499849Z   CC      arch/arm64/kernel/pci.o
2026-08-19T12:56:15.3849837Z   CC      arch/arm64/kvm/hyp/nvhe/hyp-main.nvhe.o
2026-08-19T12:56:15.7592882Z   CC      mm/vmstat.o
2026-08-19T12:56:15.9249735Z   CC      kernel/irq/ipi.o
2026-08-19T12:56:16.3189997Z   CC      arch/arm64/kernel/armv8_deprecated.o
2026-08-19T12:56:16.9527706Z   CC      kernel/irq/affinity.o
2026-08-19T12:56:17.3730096Z   CC      arch/arm64/kernel/paravirt.o
2026-08-19T12:56:17.5240012Z   CC      mm/backing-dev.o
2026-08-19T12:56:17.7762763Z   AR      kernel/irq/built-in.a
2026-08-19T12:56:17.7989809Z   CC      kernel/rcu/update.o
2026-08-19T12:56:18.1600426Z   CC      arch/arm64/kernel/kaslr.o
2026-08-19T12:56:18.2189638Z   CC      arch/arm64/kvm/hyp/nvhe/hyp-smp.nvhe.o
2026-08-19T12:56:18.7600143Z   CC      arch/arm64/kernel/hibernate.o
2026-08-19T12:56:19.2700281Z   CC      mm/mm_init.o
2026-08-19T12:56:19.2920095Z   CC      arch/arm64/kvm/hyp/nvhe/psci-relay.nvhe.o
2026-08-19T12:56:20.1924015Z   CC      kernel/rcu/sync.o
2026-08-19T12:56:20.3710226Z   CC      arch/arm64/kvm/hyp/nvhe/early_alloc.nvhe.o
2026-08-19T12:56:20.3966556Z   AS      arch/arm64/kernel/hibernate-asm.o
2026-08-19T12:56:20.5229871Z   CC      arch/arm64/kernel/elfcore.o
2026-08-19T12:56:20.6549874Z   CC      kernel/rcu/srcutree.o
2026-08-19T12:56:20.7669988Z   CC      mm/percpu.o
2026-08-19T12:56:21.3763159Z   CC      arch/arm64/kernel/pointer_auth.o
2026-08-19T12:56:21.4283389Z   CC      arch/arm64/kvm/hyp/nvhe/page_alloc.nvhe.o
2026-08-19T12:56:22.0733198Z   CC      kernel/rcu/tree.o
2026-08-19T12:56:22.0900054Z   CC      arch/arm64/kernel/mte.o
2026-08-19T12:56:22.5148193Z   AS      arch/arm64/kvm/hyp/nvhe/cache.nvhe.o
2026-08-19T12:56:22.6331066Z   CC      arch/arm64/kvm/hyp/nvhe/setup.nvhe.o
2026-08-19T12:56:22.9749735Z   CC      mm/slab_common.o
2026-08-19T12:56:23.6550083Z   AS      arch/arm64/kernel/vdso-wrap.o
2026-08-19T12:56:23.7449896Z   CC      arch/arm64/kvm/hyp/nvhe/mm.nvhe.o
2026-08-19T12:56:23.7590121Z   AS      arch/arm64/kernel/vdso32-wrap.o
2026-08-19T12:56:23.8710039Z   CC      arch/arm64/kernel/patch-scs.o
2026-08-19T12:56:24.8110801Z   AS      arch/arm64/kernel/head.o
2026-08-19T12:56:24.8964790Z   CC      arch/arm64/kvm/hyp/nvhe/mem_protect.nvhe.o
2026-08-19T12:56:24.9809996Z   OBJCOPY arch/arm64/kernel/efi-entry.stub.o
2026-08-19T12:56:24.9858412Z   AR      arch/arm64/kernel/built-in.a
2026-08-19T12:56:25.0002792Z   CC      arch/arm64/kvm/hyp-constants.s
2026-08-19T12:56:25.1909956Z   CC      mm/compaction.o
2026-08-19T12:56:25.4496545Z   CC      kernel/rcu/rcu_segcblist.o
2026-08-19T12:56:26.0679924Z   AR      fs/notify/dnotify/built-in.a
2026-08-19T12:56:26.0859841Z   CC      fs/notify/inotify/inotify_fsnotify.o
2026-08-19T12:56:26.3250099Z   AR      kernel/rcu/built-in.a
2026-08-19T12:56:26.3449758Z   AR      kernel/livepatch/built-in.a
2026-08-19T12:56:26.3629693Z   CC      kernel/dma/mapping.o
2026-08-19T12:56:26.5390011Z   CC      arch/arm64/kvm/hyp/nvhe/sys_regs.nvhe.o
2026-08-19T12:56:26.7789914Z   CC      fs/notify/inotify/inotify_user.o
2026-08-19T12:56:27.7291012Z   CC      mm/interval_tree.o
2026-08-19T12:56:27.7959806Z   CC      kernel/dma/direct.o
2026-08-19T12:56:27.9319979Z   AR      fs/notify/inotify/built-in.a
2026-08-19T12:56:27.9509639Z   AR      fs/notify/fanotify/built-in.a
2026-08-19T12:56:27.9599543Z   CC      fs/notify/fsnotify.o
2026-08-19T12:56:28.2950291Z   CC      arch/arm64/kvm/hyp/nvhe/pkvm.nvhe.o
2026-08-19T12:56:28.7590210Z   CC      mm/list_lru.o
2026-08-19T12:56:29.1299943Z   CC      kernel/dma/ops_helpers.o
2026-08-19T12:56:29.3049835Z   CC      fs/notify/notification.o
2026-08-19T12:56:30.2960067Z   CC      mm/workingset.o
2026-08-19T12:56:30.3749906Z   CC      kernel/dma/dummy.o
2026-08-19T12:56:30.4759852Z   CC      arch/arm64/kvm/hyp/nvhe/stacktrace.nvhe.o
2026-08-19T12:56:30.5319464Z   CC      fs/notify/group.o
2026-08-19T12:56:31.2230141Z   CC      kernel/dma/contiguous.o
2026-08-19T12:56:31.4839934Z   CC      mm/debug.o
2026-08-19T12:56:31.5040902Z   CC      arch/arm64/kvm/hyp/nvhe/ffa.nvhe.o
2026-08-19T12:56:32.0249792Z   CC      fs/notify/mark.o
2026-08-19T12:56:32.4907851Z   CC      kernel/dma/coherent.o
2026-08-19T12:56:32.7459602Z   CC      arch/arm64/kvm/hyp/nvhe/iommu.nvhe.o
2026-08-19T12:56:33.0266464Z   CC      mm/gup.o
2026-08-19T12:56:33.3629943Z   CC      fs/notify/fdinfo.o
2026-08-19T12:56:33.3709730Z   CC      kernel/dma/swiotlb.o
2026-08-19T12:56:34.0760094Z   CC      arch/arm64/kvm/hyp/nvhe/serial.nvhe.o
2026-08-19T12:56:34.2479599Z   AR      fs/notify/built-in.a
2026-08-19T12:56:34.2689885Z   CC      fs/crypto/crypto.o
2026-08-19T12:56:35.0127728Z   CC      kernel/dma/pool.o
2026-08-19T12:56:35.0330035Z   CC      mm/mmap_lock.o
2026-08-19T12:56:35.1720407Z   CC      arch/arm64/kvm/hyp/nvhe/../vgic-v3-sr.nvhe.o
2026-08-19T12:56:35.7499873Z   CC      fs/crypto/fname.o
2026-08-19T12:56:35.8799580Z   CC      kernel/dma/remap.o
2026-08-19T12:56:36.5370379Z   CC      arch/arm64/kvm/hyp/nvhe/../aarch32.nvhe.o
2026-08-19T12:56:36.6871829Z   CC      mm/pgsize_migration.o
2026-08-19T12:56:36.7459601Z   AR      kernel/dma/built-in.a
2026-08-19T12:56:36.7659929Z   CC      kernel/entry/kvm.o
2026-08-19T12:56:37.1660085Z   CC      fs/crypto/hkdf.o
2026-08-19T12:56:37.5214534Z   CC      mm/highmem.o
2026-08-19T12:56:37.7026070Z   CC      arch/arm64/kvm/hyp/nvhe/../vgic-v2-cpuif-proxy.nvhe.o
2026-08-19T12:56:38.1266580Z   CC      fs/crypto/hooks.o
2026-08-19T12:56:38.3769797Z   AR      kernel/entry/built-in.a
2026-08-19T12:56:38.4080130Z   GEN     kernel/module/module_overlay/overlay_files.c
2026-08-19T12:56:38.4209664Z No .ko files found in ../kernel/module/module_overlay/modules
2026-08-19T12:56:38.4269973Z Generated kernel/module/module_overlay/overlay_files.c: 0 overlay file(s) processed.
2026-08-19T12:56:38.4299401Z   CC      kernel/module/module_overlay/module_intercept.o
2026-08-19T12:56:38.4569739Z   CC      mm/memory.o
2026-08-19T12:56:38.9460874Z   AS      arch/arm64/kvm/hyp/nvhe/../entry.nvhe.o
2026-08-19T12:56:39.0705670Z   AS      arch/arm64/kvm/hyp/nvhe/../fpsimd.nvhe.o
2026-08-19T12:56:39.1890117Z   AS      arch/arm64/kvm/hyp/nvhe/../hyp-entry.nvhe.o
2026-08-19T12:56:39.2559780Z   CC      kernel/module/module_overlay/overlay_files.o
2026-08-19T12:56:39.3488707Z   AR      kernel/module/module_overlay/built-in.a
2026-08-19T12:56:39.3649877Z   CC      kernel/module/main.o
2026-08-19T12:56:39.3679727Z   CC      arch/arm64/kvm/hyp/nvhe/../exception.nvhe.o
2026-08-19T12:56:39.4999756Z   CC      fs/crypto/keyring.o
2026-08-19T12:56:40.9530734Z ../kernel/module/main.c:2366:6: warning: unused variable 'i' [-Wunused-variable]
2026-08-19T12:56:40.9539511Z         int i;
2026-08-19T12:56:40.9569372Z             ^
2026-08-19T12:56:40.9585582Z 1 warning generated.
2026-08-19T12:56:41.0414068Z   CC      arch/arm64/kvm/hyp/nvhe/../pgtable.nvhe.o
2026-08-19T12:56:41.0787265Z   CC      fs/crypto/keysetup.o
2026-08-19T12:56:41.5039938Z   CC      kernel/module/strict_rwx.o
2026-08-19T12:56:41.6635000Z   CC      mm/mincore.o
2026-08-19T12:56:42.2938451Z   CC      arch/arm64/kvm/hyp/nvhe/clock.nvhe.o
2026-08-19T12:56:42.3292263Z   CC      kernel/module/signing.o
2026-08-19T12:56:42.6300699Z   CC      fs/crypto/keysetup_v1.o
2026-08-19T12:56:42.7799900Z   CC      mm/mlock.o
2026-08-19T12:56:43.2779941Z   CC      arch/arm64/kvm/hyp/nvhe/events.nvhe.o
2026-08-19T12:56:43.4876512Z cat ../android/abi_gki_aarch64_asr ../android/abi_gki_aarch64_asus ../android/abi_gki_aarch64_db845c ../android/abi_gki_aarch64_exynos ../android/abi_gki_aarch64_exynosauto ../android/abi_gki_aarch64_fips140 ../android/abi_gki_aarch64_galaxy ../android/abi_gki_aarch64_honda ../android/abi_gki_aarch64_honor ../android/abi_gki_aarch64_imx ../android/abi_gki_aarch64_meizu ../android/abi_gki_aarch64_moto ../android/abi_gki_aarch64_mtk ../android/abi_gki_aarch64_nothing ../android/abi_gki_aarch64_oplus ../android/abi_gki_aarch64_pasa ../android/abi_gki_aarch64_pixel ../android/abi_gki_aarch64_qcom ../android/abi_gki_aarch64_rockchip ../android/abi_gki_aarch64_sony ../android/abi_gki_aarch64_transsion ../android/abi_gki_aarch64_tuxera ../android/abi_gki_aarch64_type_visibility ../android/abi_gki_aarch64_unisoc ../android/abi_gki_aarch64_virtual_device ../android/abi_gki_aarch64_vivo ../android/abi_gki_aarch64_xiaomi > include/config/abi_gki_kmi_symbols
2026-08-19T12:56:43.4931995Z   CC      kernel/module/tree_lookup.o
2026-08-19T12:56:43.7130242Z   CC      fs/crypto/policy.o
2026-08-19T12:56:44.3049781Z   CC      kernel/module/kallsyms.o
2026-08-19T12:56:44.3608998Z   CC      arch/arm64/kvm/hyp/nvhe/trace.nvhe.o
2026-08-19T12:56:44.6170050Z   CC      mm/mmap.o
2026-08-19T12:56:45.2300044Z   CC      fs/crypto/bio.o
2026-08-19T12:56:45.5270008Z   CC      arch/arm64/kvm/hyp/nvhe/list_debug.nvhe.o
2026-08-19T12:56:45.5754165Z   CC      kernel/module/procfs.o
2026-08-19T12:56:45.6487598Z   CC      arch/arm64/kvm/hyp/nvhe/modules.nvhe.o
2026-08-19T12:56:46.4060041Z   CC      kernel/module/sysfs.o
2026-08-19T12:56:46.7250004Z   CC      fs/crypto/inline_crypt.o
2026-08-19T12:56:46.7460197Z   AS      arch/arm64/kvm/hyp/nvhe/../../../lib/clear_page.nvhe.o
2026-08-19T12:56:46.8159948Z   CC      mm/mmu_gather.o
2026-08-19T12:56:46.8601537Z   AS      arch/arm64/kvm/hyp/nvhe/../../../lib/copy_page.nvhe.o
2026-08-19T12:56:46.9809935Z   AS      arch/arm64/kvm/hyp/nvhe/../../../lib/memcpy.nvhe.o
2026-08-19T12:56:47.1000311Z   AS      arch/arm64/kvm/hyp/nvhe/../../../lib/memset.nvhe.o
2026-08-19T12:56:47.2210051Z   LD      arch/arm64/kvm/hyp/nvhe/kvm_nvhe.tmp.o
2026-08-19T12:56:47.2369889Z   CC      kernel/module/version.o
2026-08-19T12:56:48.4380337Z   CC      mm/mprotect.o
2026-08-19T12:56:48.5449905Z   HYPREL  arch/arm64/kvm/hyp/nvhe/hyp-reloc.S
2026-08-19T12:56:48.5499562Z   AS      arch/arm64/kvm/hyp/nvhe/hyp-reloc.o
2026-08-19T12:56:48.5992997Z   AR      fs/crypto/built-in.a
2026-08-19T12:56:48.6220047Z   CC      fs/verity/enable.o
2026-08-19T12:56:48.6420054Z   LD      arch/arm64/kvm/hyp/nvhe/kvm_nvhe.rel.o
2026-08-19T12:56:48.6811253Z   HYPCOPY arch/arm64/kvm/hyp/nvhe/kvm_nvhe.o
2026-08-19T12:56:48.7023017Z   AR      arch/arm64/kvm/hyp/nvhe/built-in.a
2026-08-19T12:56:48.7135520Z   CC      arch/arm64/kvm/hyp/pgtable.o
2026-08-19T12:56:49.2119858Z   CC      kernel/module/gki_module.o
2026-08-19T12:56:49.4843901Z   AR      kernel/module/built-in.a
2026-08-19T12:56:49.5063584Z   CC      kernel/time/time.o
2026-08-19T12:56:49.8351709Z   CC      mm/mremap.o
2026-08-19T12:56:49.9725009Z   AR      arch/arm64/kvm/hyp/built-in.a
2026-08-19T12:56:49.9909896Z   UPD     arch/arm64/kvm/hyp_constants.h
2026-08-19T12:56:49.9978337Z   CC      arch/arm64/kvm/../../../virt/kvm/kvm_main.o
2026-08-19T12:56:50.0140087Z   CC      fs/verity/hash_algs.o
2026-08-19T12:56:50.8761476Z   CC      fs/verity/init.o
2026-08-19T12:56:51.0430074Z   CC      mm/msync.o
2026-08-19T12:56:51.0805259Z   CC      kernel/time/timer.o
2026-08-19T12:56:51.6509975Z   CC      fs/verity/measure.o
2026-08-19T12:56:52.0420016Z   CC      mm/page_vma_mapped.o
2026-08-19T12:56:52.8226166Z   CC      fs/verity/open.o
2026-08-19T12:56:52.9166547Z   CC      arch/arm64/kvm/../../../virt/kvm/eventfd.o
2026-08-19T12:56:53.0306427Z   CC      kernel/time/hrtimer.o
2026-08-19T12:56:53.1400297Z   CC      mm/pagewalk.o
2026-08-19T12:56:54.0050085Z   CC      fs/verity/read_metadata.o
2026-08-19T12:56:54.1973932Z   CC      mm/pgtable-generic.o
2026-08-19T12:56:54.6159864Z   CC      arch/arm64/kvm/../../../virt/kvm/binary_stats.o
2026-08-19T12:56:54.6592519Z   CC      kernel/time/timekeeping.o
2026-08-19T12:56:55.3099894Z   CC      mm/rmap.o
2026-08-19T12:56:55.4704897Z   CC      fs/verity/verify.o
2026-08-19T12:56:55.6578216Z   CC      arch/arm64/kvm/../../../virt/kvm/vfio.o
2026-08-19T12:56:56.1800161Z   CC      kernel/time/ntp.o
2026-08-19T12:56:56.7891323Z   CC      arch/arm64/kvm/../../../virt/kvm/coalesced_mmio.o
2026-08-19T12:56:56.9424681Z   CC      fs/verity/signature.o
2026-08-19T12:56:57.1557519Z   CC      kernel/time/clocksource.o
2026-08-19T12:56:57.4919792Z   CC      mm/vmalloc.o
2026-08-19T12:56:57.7941386Z   CC      arch/arm64/kvm/../../../virt/kvm/irqchip.o
2026-08-19T12:56:58.1207160Z   AR      fs/verity/built-in.a
2026-08-19T12:56:58.1399623Z   CC      fs/iomap/trace.o
2026-08-19T12:56:58.4019832Z   CC      kernel/time/jiffies.o
2026-08-19T12:56:58.8583550Z   CC      arch/arm64/kvm/arm.o
2026-08-19T12:56:59.2760796Z   CC      fs/iomap/iter.o
2026-08-19T12:56:59.5649856Z   CC      kernel/time/timer_list.o
2026-08-19T12:56:59.6179901Z   CC      mm/process_vm_access.o
2026-08-19T12:57:00.2730029Z   CC      fs/iomap/buffered-io.o
2026-08-19T12:57:00.4901003Z   CC      kernel/time/timeconv.o
2026-08-19T12:57:00.6740067Z   CC      mm/page_alloc.o
2026-08-19T12:57:01.3939901Z   CC      arch/arm64/kvm/mmu.o
2026-08-19T12:57:01.4879883Z   CC      kernel/time/timecounter.o
2026-08-19T12:57:01.6116494Z   CC      kernel/time/alarmtimer.o
2026-08-19T12:57:02.2369839Z   CC      fs/iomap/direct-io.o
2026-08-19T12:57:03.1700090Z   CC      arch/arm64/kvm/mmio.o
2026-08-19T12:57:03.1722730Z   CC      kernel/time/posix-timers.o
2026-08-19T12:57:03.8469888Z   CC      fs/iomap/fiemap.o
2026-08-19T12:57:03.9240027Z   CC      mm/shuffle.o
2026-08-19T12:57:04.4240048Z   CC      kernel/time/posix-cpu-timers.o
2026-08-19T12:57:04.5250056Z   CC      arch/arm64/kvm/psci.o
2026-08-19T12:57:05.0450391Z   CC      mm/init-mm.o
2026-08-19T12:57:05.2938045Z   CC      fs/iomap/seek.o
2026-08-19T12:57:05.4630907Z   CC      kernel/time/posix-clock.o
2026-08-19T12:57:05.7080373Z   CC      arch/arm64/kvm/hypercalls.o
2026-08-19T12:57:05.8309852Z   CC      mm/memblock.o
2026-08-19T12:57:06.6749825Z   CC      fs/iomap/swapfile.o
2026-08-19T12:57:06.8820109Z   CC      kernel/time/itimer.o
2026-08-19T12:57:06.9811102Z   CC      arch/arm64/kvm/pvtime.o
2026-08-19T12:57:07.4660502Z   CC      mm/memory_hotplug.o
2026-08-19T12:57:08.0037120Z   CC      kernel/time/clockevents.o
2026-08-19T12:57:08.1448648Z   AR      fs/iomap/built-in.a
2026-08-19T12:57:08.1634932Z   CC      fs/quota/dquot.o
2026-08-19T12:57:08.2549906Z   CC      arch/arm64/kvm/inject_fault.o
2026-08-19T12:57:09.2299975Z   CC      mm/madvise.o
2026-08-19T12:57:09.2579988Z   CC      kernel/time/tick-common.o
2026-08-19T12:57:09.9470065Z   CC      fs/quota/quota_v2.o
2026-08-19T12:57:10.6460898Z   CC      arch/arm64/kvm/va_layout.o
2026-08-19T12:57:10.6949956Z   CC      fs/quota/quota_tree.o
2026-08-19T12:57:10.8514316Z   CC      mm/page_io.o
2026-08-19T12:57:10.8999954Z   CC      kernel/time/tick-broadcast.o
2026-08-19T12:57:11.7381579Z   CC      arch/arm64/kvm/handle_exit.o
2026-08-19T12:57:11.7846903Z   CC      fs/quota/quota.o
2026-08-19T12:57:12.0159733Z   CC      mm/swap_state.o
2026-08-19T12:57:12.2139996Z   CC      kernel/time/tick-broadcast-hrtimer.o
2026-08-19T12:57:12.9829886Z   CC      fs/quota/kqid.o
2026-08-19T12:57:13.0589882Z   CC      kernel/time/sched_clock.o
2026-08-19T12:57:13.2370021Z   CC      mm/swapfile.o
2026-08-19T12:57:13.4041829Z   CC      arch/arm64/kvm/guest.o
2026-08-19T12:57:13.9320023Z   AR      fs/quota/built-in.a
2026-08-19T12:57:14.0314705Z   CC      fs/proc/task_mmu.o
2026-08-19T12:57:14.2300175Z   CC      kernel/time/tick-oneshot.o
2026-08-19T12:57:15.1062006Z   CC      kernel/time/tick-sched.o
2026-08-19T12:57:15.1780752Z   CC      arch/arm64/kvm/debug.o
2026-08-19T12:57:15.4890108Z   CC      fs/proc/inode.o
2026-08-19T12:57:15.6623656Z   CC      mm/swap_slots.o
2026-08-19T12:57:16.4046476Z   CC      fs/proc/root.o
2026-08-19T12:57:16.6620117Z   CC      kernel/time/vsyscall.o
2026-08-19T12:57:16.6869949Z   CC      mm/dmapool.o
2026-08-19T12:57:16.9579971Z   CC      arch/arm64/kvm/reset.o
2026-08-19T12:57:17.2679984Z   CC      fs/proc/base.o
2026-08-19T12:57:17.3320448Z   CC      kernel/time/timekeeping_debug.o
2026-08-19T12:57:17.9767414Z   CC      mm/sparse.o
2026-08-19T12:57:18.2937762Z   CC      kernel/time/namespace.o
2026-08-19T12:57:18.4670099Z   CC      arch/arm64/kvm/sys_regs.o
2026-08-19T12:57:18.8719893Z   CC      fs/proc/generic.o
2026-08-19T12:57:19.2113507Z   AR      kernel/time/built-in.a
2026-08-19T12:57:19.2319997Z   CC      kernel/futex/core.o
2026-08-19T12:57:19.5032586Z   CC      mm/sparse-vmemmap.o
2026-08-19T12:57:20.1579864Z   CC      fs/proc/array.o
2026-08-19T12:57:20.4309438Z   CC      mm/mmu_notifier.o
2026-08-19T12:57:20.4357836Z   CC      kernel/futex/syscalls.o
2026-08-19T12:57:20.7183450Z   CC      arch/arm64/kvm/stacktrace.o
2026-08-19T12:57:21.3090924Z   CC      fs/proc/fd.o
2026-08-19T12:57:21.5489804Z   CC      kernel/futex/pi.o
2026-08-19T12:57:21.7239923Z   CC      mm/slub.o
2026-08-19T12:57:21.7623994Z   CC      arch/arm64/kvm/vgic-sys-reg-v3.o
2026-08-19T12:57:22.1910368Z   CC      fs/proc/proc_tty.o
2026-08-19T12:57:22.2080060Z   CC      kernel/futex/requeue.o
2026-08-19T12:57:22.8877979Z   CC      kernel/futex/waitwake.o
2026-08-19T12:57:23.0896757Z   CC      arch/arm64/kvm/fpsimd.o
2026-08-19T12:57:23.0970524Z   CC      fs/proc/cmdline.o
2026-08-19T12:57:23.7565324Z   CC      fs/proc/consoles.o
2026-08-19T12:57:23.7738025Z   AR      kernel/futex/built-in.a
2026-08-19T12:57:23.7940758Z   CC      kernel/cgroup/cgroup.o
2026-08-19T12:57:24.3519959Z   CC      mm/migrate.o
2026-08-19T12:57:24.3759971Z   CC      arch/arm64/kvm/pkvm.o
2026-08-19T12:57:24.5049762Z   CC      fs/proc/cpuinfo.o
2026-08-19T12:57:25.2780072Z   CC      fs/proc/devices.o
2026-08-19T12:57:26.1453515Z   CC      arch/arm64/kvm/arch_timer.o
2026-08-19T12:57:26.2599937Z   CC      fs/proc/interrupts.o
2026-08-19T12:57:26.4149947Z   CC      mm/migrate_device.o
2026-08-19T12:57:26.9539853Z   CC      kernel/cgroup/rstat.o
2026-08-19T12:57:27.0373798Z   CC      fs/proc/loadavg.o
2026-08-19T12:57:27.6320297Z   CC      arch/arm64/kvm/trng.o
2026-08-19T12:57:27.8698523Z   CC      fs/proc/meminfo.o
2026-08-19T12:57:27.9798270Z   CC      kernel/cgroup/namespace.o
2026-08-19T12:57:28.1519806Z   CC      mm/huge_memory.o
2026-08-19T12:57:28.8510215Z   CC      arch/arm64/kvm/vmid.o
2026-08-19T12:57:29.0780651Z   CC      fs/proc/stat.o
2026-08-19T12:57:29.2400057Z   CC      kernel/cgroup/cgroup-v1.o
2026-08-19T12:57:29.9051739Z   CC      fs/proc/uptime.o
2026-08-19T12:57:29.9939782Z   CC      arch/arm64/kvm/iommu.o
2026-08-19T12:57:30.4460004Z   CC      mm/khugepaged.o
2026-08-19T12:57:30.7220515Z   CC      fs/proc/util.o
2026-08-19T12:57:30.7412754Z   CC      kernel/cgroup/freezer.o
2026-08-19T12:57:31.4300032Z   CC      fs/proc/version.o
2026-08-19T12:57:31.4800058Z   CC      arch/arm64/kvm/vgic/vgic.o
2026-08-19T12:57:31.7650920Z   CC      kernel/cgroup/legacy_freezer.o
2026-08-19T12:57:32.1310049Z   CC      mm/page_counter.o
2026-08-19T12:57:32.1339680Z   CC      fs/proc/softirqs.o
2026-08-19T12:57:32.6169916Z   CC      mm/memcontrol.o
2026-08-19T12:57:32.6930079Z   CC      arch/arm64/kvm/vgic/vgic-init.o
2026-08-19T12:57:32.9460879Z   CC      fs/proc/namespaces.o
2026-08-19T12:57:33.0529817Z   CC      kernel/cgroup/cpuset.o
2026-08-19T12:57:33.9810201Z   CC      arch/arm64/kvm/vgic/vgic-irqfd.o
2026-08-19T12:57:34.0492504Z   CC      fs/proc/self.o
2026-08-19T12:57:34.9159836Z   CC      fs/proc/thread_self.o
2026-08-19T12:57:35.1572256Z   AR      kernel/cgroup/built-in.a
2026-08-19T12:57:35.1767210Z   CC      kernel/trace/trace_clock.o
2026-08-19T12:57:35.1817048Z   CC      arch/arm64/kvm/vgic/vgic-v2.o
2026-08-19T12:57:35.7180559Z   CC      fs/proc/proc_sysctl.o
2026-08-19T12:57:36.1230619Z   CC      mm/vmpressure.o
2026-08-19T12:57:36.2839846Z   CC      arch/arm64/kvm/vgic/vgic-v3.o
2026-08-19T12:57:36.3199642Z   CC      kernel/trace/ring_buffer.o
2026-08-19T12:57:37.2471738Z   CC      mm/swap_cgroup.o
2026-08-19T12:57:37.4529030Z   CC      arch/arm64/kvm/vgic/vgic-v4.o
2026-08-19T12:57:37.9330260Z   CC      fs/proc/proc_net.o
2026-08-19T12:57:38.2630155Z   CC      kernel/trace/trace.o
2026-08-19T12:57:38.2939548Z   CC      mm/page_owner.o
2026-08-19T12:57:38.6228463Z   CC      arch/arm64/kvm/vgic/vgic-mmio.o
2026-08-19T12:57:39.4360003Z   CC      fs/proc/kmsg.o
2026-08-19T12:57:39.8190042Z   CC      arch/arm64/kvm/vgic/vgic-mmio-v2.o
2026-08-19T12:57:39.9199834Z   CC      mm/page_pinner.o
2026-08-19T12:57:40.1811339Z   CC      fs/proc/page.o
2026-08-19T12:57:40.7269872Z   CC      kernel/trace/trace_output.o
2026-08-19T12:57:40.9320735Z   CC      arch/arm64/kvm/vgic/vgic-mmio-v3.o
2026-08-19T12:57:41.2560144Z   CC      fs/proc/bootconfig.o
2026-08-19T12:57:41.4049800Z   CC      mm/cleancache.o
2026-08-19T12:57:41.9729838Z   AR      fs/proc/built-in.a
2026-08-19T12:57:41.9939734Z   CC      fs/kernfs/mount.o
2026-08-19T12:57:42.2899994Z   CC      arch/arm64/kvm/vgic/vgic-kvm-device.o
2026-08-19T12:57:42.3710704Z   CC      kernel/trace/trace_seq.o
2026-08-19T12:57:42.5918679Z   CC      mm/page_isolation.o
2026-08-19T12:57:42.9460007Z   CC      fs/kernfs/inode.o
2026-08-19T12:57:43.3830088Z   CC      kernel/trace/trace_stat.o
2026-08-19T12:57:43.4420150Z   CC      arch/arm64/kvm/vgic/vgic-its.o
2026-08-19T12:57:43.7719848Z   CC      mm/early_ioremap.o
2026-08-19T12:57:43.9289843Z   CC      fs/kernfs/dir.o
2026-08-19T12:57:44.3693965Z   CC      kernel/trace/trace_printk.o
2026-08-19T12:57:44.7649905Z   CC      mm/cma.o
2026-08-19T12:57:45.0236690Z   CC      arch/arm64/kvm/vgic/vgic-debug.o
2026-08-19T12:57:45.2939950Z   CC      fs/kernfs/file.o
2026-08-19T12:57:45.7569839Z   CC      kernel/trace/pid_list.o
2026-08-19T12:57:46.1428236Z   CC      arch/arm64/kvm/pmu-emul.o
2026-08-19T12:57:46.5220061Z   CC      mm/balloon_compaction.o
2026-08-19T12:57:46.7431622Z   CC      kernel/trace/tracing_map.o
2026-08-19T12:57:46.7756487Z   CC      fs/kernfs/symlink.o
2026-08-19T12:57:47.4599844Z   CC      arch/arm64/kvm/pmu.o
2026-08-19T12:57:47.6319843Z   AR      fs/kernfs/built-in.a
2026-08-19T12:57:47.6529974Z   CC      fs/sysfs/file.o
2026-08-19T12:57:47.8511491Z   CC      kernel/trace/trace_sched_switch.o
2026-08-19T12:57:48.0449922Z   CC      mm/page_ext.o
2026-08-19T12:57:48.4791663Z   CC      arch/arm64/kvm/android_erratum_pgtable.o
2026-08-19T12:57:48.8476925Z   CC      fs/sysfs/dir.o
2026-08-19T12:57:48.9400627Z   CC      kernel/trace/trace_nop.o
2026-08-19T12:57:49.2584759Z   CC      mm/cma_debug.o
2026-08-19T12:57:49.9001654Z   CC      fs/sysfs/symlink.o
2026-08-19T12:57:49.9470016Z   CC      arch/arm64/kvm/hyp_events.o
2026-08-19T12:57:49.9521599Z   CC      kernel/trace/blktrace.o
2026-08-19T12:57:50.0317955Z   CC      mm/userfaultfd.o
2026-08-19T12:57:51.0336978Z   CC      arch/arm64/kvm/hyp_trace.o
2026-08-19T12:57:51.1070604Z   CC      fs/sysfs/mount.o
2026-08-19T12:57:51.3348440Z   CC      mm/usercopy.o
2026-08-19T12:57:51.6459842Z   CC      kernel/trace/trace_events.o
2026-08-19T12:57:52.1039891Z   CC      fs/sysfs/group.o
2026-08-19T12:57:52.2420026Z   AR      arch/arm64/kvm/built-in.a
2026-08-19T12:57:52.2639819Z   CC      arch/arm64/gunyah/gunyah_hypercall.o
2026-08-19T12:57:52.8250495Z   CC      mm/memremap.o
2026-08-19T12:57:53.1351352Z   AR      fs/sysfs/built-in.a
2026-08-19T12:57:53.1559970Z   CC      fs/configfs/inode.o
2026-08-19T12:57:53.5089093Z   AR      arch/arm64/gunyah/built-in.a
2026-08-19T12:57:53.5321993Z   CC      arch/arm64/crypto/sha2-ce-glue.o
2026-08-19T12:57:53.6289975Z   CC      kernel/trace/trace_export.o
2026-08-19T12:57:54.1650075Z   CC      fs/configfs/file.o
2026-08-19T12:57:54.3097616Z   AS      arch/arm64/crypto/sha2-ce-core.o
2026-08-19T12:57:54.3422739Z   CC      mm/memfd.o
2026-08-19T12:57:54.4290100Z   CC      arch/arm64/crypto/sha512-ce-glue.o
2026-08-19T12:57:54.6889357Z   CC      kernel/trace/trace_event_perf.o
2026-08-19T12:57:54.9500224Z   CC      fs/configfs/dir.o
2026-08-19T12:57:55.2670168Z   AS      arch/arm64/crypto/sha512-ce-core.o
2026-08-19T12:57:55.3940620Z   CC      arch/arm64/crypto/ghash-ce-glue.o
2026-08-19T12:57:55.5190084Z   CC      mm/page_reporting.o
2026-08-19T12:57:56.1859939Z   CC      kernel/trace/trace_events_filter.o
2026-08-19T12:57:56.3659958Z   CC      fs/configfs/symlink.o
2026-08-19T12:57:56.4079970Z   AS      arch/arm64/crypto/ghash-ce-core.o
2026-08-19T12:57:56.5311203Z   CC      arch/arm64/crypto/polyval-ce-glue.o
2026-08-19T12:57:56.9949992Z   CC      mm/ioremap.o
2026-08-19T12:57:57.1359804Z   CC      fs/configfs/mount.o
2026-08-19T12:57:57.3210084Z   AS      arch/arm64/crypto/polyval-ce-core.o
2026-08-19T12:57:57.4420564Z   AS      arch/arm64/crypto/aes-ce-core.o
2026-08-19T12:57:57.5719966Z   CC      arch/arm64/crypto/aes-ce-glue.o
2026-08-19T12:57:57.8401241Z   CC      kernel/trace/trace_events_trigger.o
2026-08-19T12:57:58.0760111Z   CC      fs/configfs/item.o
2026-08-19T12:57:58.1979952Z   CC      mm/cont_pte_hugepage.o
2026-08-19T12:57:58.6049979Z   CC      arch/arm64/crypto/aes-glue-ce.o
2026-08-19T12:57:59.0756153Z   AR      fs/configfs/built-in.a
2026-08-19T12:57:59.0960190Z   CC      fs/devpts/inode.o
2026-08-19T12:57:59.4559848Z   CC      kernel/trace/trace_eprobe.o
2026-08-19T12:57:59.6709942Z   AS      arch/arm64/crypto/aes-ce.o
2026-08-19T12:57:59.7531435Z   CC      mm/uxmem_opt.o
2026-08-19T12:57:59.8171447Z   CC      arch/arm64/crypto/sha256-glue.o
2026-08-19T12:58:00.0704287Z   AR      fs/devpts/built-in.a
2026-08-19T12:58:00.0926583Z   CC      fs/ext4/balloc.o
2026-08-19T12:58:00.6620317Z   CC      kernel/trace/trace_events_synth.o
2026-08-19T12:58:00.9410729Z   PERLASM arch/arm64/crypto/sha256-core.S
2026-08-19T12:58:00.9752459Z   CC      arch/arm64/crypto/sha512-glue.o
2026-08-19T12:58:01.0974055Z   CC      mm/dynamic_readahead.o
2026-08-19T12:58:01.5675498Z   CC      fs/ext4/bitmap.o
2026-08-19T12:58:02.0330006Z   PERLASM arch/arm64/crypto/sha512-core.S
2026-08-19T12:58:02.0427240Z   AS      arch/arm64/crypto/chacha-neon-core.o
2026-08-19T12:58:02.1683598Z   CC      mm/fileprotect.o
2026-08-19T12:58:02.1904687Z   CC      arch/arm64/crypto/chacha-neon-glue.o
2026-08-19T12:58:02.2750071Z   CC      kernel/trace/trace_events_hist.o
2026-08-19T12:58:02.6446333Z   CC      fs/ext4/block_validity.o
2026-08-19T12:58:03.2319904Z   PERLASM arch/arm64/crypto/poly1305-core.S
2026-08-19T12:58:03.2409669Z   CC      arch/arm64/crypto/poly1305-glue.o
2026-08-19T12:58:03.4133099Z   AR      mm/built-in.a
2026-08-19T12:58:03.4389835Z   CC      fs/jbd2/transaction.o
2026-08-19T12:58:03.7548522Z   CC      fs/ext4/dir.o
2026-08-19T12:58:04.0510666Z   CC      kernel/trace/bpf_trace.o
2026-08-19T12:58:04.3261948Z   AS      arch/arm64/crypto/sha256-core.o
2026-08-19T12:58:04.4420178Z   AS      arch/arm64/crypto/sha512-core.o
2026-08-19T12:58:04.5460277Z   AS      arch/arm64/crypto/poly1305-core.o
2026-08-19T12:58:04.6450992Z   AR      arch/arm64/crypto/built-in.a
2026-08-19T12:58:04.6649904Z   AR      arch/arm64/built-in.a
2026-08-19T12:58:04.6839742Z   CC      fs/jbd2/commit.o
2026-08-19T12:58:04.9280014Z   CC      fs/ext4/ext4_jbd2.o
2026-08-19T12:58:05.1954599Z   CC      fs/ramfs/inode.o
2026-08-19T12:58:06.2059949Z   CC      fs/ramfs/file-mmu.o
2026-08-19T12:58:06.3079732Z   CC      fs/ext4/extents.o
2026-08-19T12:58:06.3940214Z   CC      fs/jbd2/recovery.o
2026-08-19T12:58:06.6639856Z   CC      kernel/trace/trace_kprobe.o
2026-08-19T12:58:06.9739996Z   AR      fs/ramfs/built-in.a
2026-08-19T12:58:07.0369488Z   CC      kernel/bpf/core.o
2026-08-19T12:58:07.5280680Z   CC      fs/jbd2/checkpoint.o
2026-08-19T12:58:08.3410324Z   CC      fs/ext4/extents_status.o
2026-08-19T12:58:08.6360494Z   CC      fs/jbd2/revoke.o
2026-08-19T12:58:08.9818711Z   CC      kernel/trace/error_report-traces.o
2026-08-19T12:58:09.5759019Z   CC      kernel/bpf/syscall.o
2026-08-19T12:58:09.6559943Z   CC      fs/jbd2/journal.o
2026-08-19T12:58:09.8756968Z   CC      fs/ext4/file.o
2026-08-19T12:58:10.4129963Z   CC      kernel/trace/power-traces.o
2026-08-19T12:58:11.0944378Z   CC      fs/ext4/fsmap.o
2026-08-19T12:58:11.9587888Z   AR      fs/jbd2/built-in.a
2026-08-19T12:58:11.9793373Z   CC      ipc/compat.o
2026-08-19T12:58:12.3229828Z   CC      kernel/trace/rpm-traces.o
2026-08-19T12:58:12.5039884Z   CC      fs/ext4/fsync.o
2026-08-19T12:58:12.7130087Z   CC      kernel/bpf/verifier.o
2026-08-19T12:58:12.9670767Z   CC      ipc/util.o
2026-08-19T12:58:13.8379989Z   CC      kernel/trace/trace_dynevent.o
2026-08-19T12:58:13.8731609Z   CC      fs/ext4/hash.o
2026-08-19T12:58:14.0889860Z   CC      ipc/msgutil.o
2026-08-19T12:58:14.9520320Z   CC      fs/ext4/ialloc.o
2026-08-19T12:58:14.9681193Z   CC      ipc/msg.o
2026-08-19T12:58:15.2863390Z   CC      kernel/trace/trace_probe.o
2026-08-19T12:58:16.1719346Z   CC      ipc/sem.o
2026-08-19T12:58:16.4593838Z   CC      kernel/trace/trace_uprobe.o
2026-08-19T12:58:16.4789959Z   CC      fs/ext4/indirect.o
2026-08-19T12:58:16.7059782Z   CC      kernel/bpf/inode.o
2026-08-19T12:58:17.4494092Z   CC      ipc/shm.o
2026-08-19T12:58:17.9150033Z   CC      fs/ext4/inline.o
2026-08-19T12:58:18.2559936Z   AR      kernel/trace/built-in.a
2026-08-19T12:58:18.2720477Z   CC      kernel/bpf/helpers.o
2026-08-19T12:58:18.6830104Z   CC      security/keys/gc.o
2026-08-19T12:58:18.7349933Z   CC      ipc/syscall.o
2026-08-19T12:58:19.2629977Z   CC      fs/ext4/inode.o
2026-08-19T12:58:19.5390886Z   CC      security/keys/key.o
2026-08-19T12:58:19.6862026Z   CC      ipc/ipc_sysctl.o
2026-08-19T12:58:19.8814473Z   CC      kernel/bpf/tnum.o
2026-08-19T12:58:20.1870094Z   CC      kernel/bpf/bpf_iter.o
2026-08-19T12:58:20.4032718Z   CC      ipc/mqueue.o
2026-08-19T12:58:20.8942139Z   CC      security/keys/keyring.o
2026-08-19T12:58:21.5239917Z   CC      fs/ext4/ioctl.o
2026-08-19T12:58:21.5710083Z   CC      kernel/bpf/map_iter.o
2026-08-19T12:58:21.9929969Z   CC      ipc/namespace.o
2026-08-19T12:58:22.6121210Z   CC      security/keys/keyctl.o
2026-08-19T12:58:22.7585784Z   CC      ipc/mq_sysctl.o
2026-08-19T12:58:22.7826766Z   CC      kernel/bpf/task_iter.o
2026-08-19T12:58:23.1719848Z   CC      fs/ext4/mballoc.o
2026-08-19T12:58:23.3779996Z   AR      ipc/built-in.a
2026-08-19T12:58:23.3999746Z   CC      fs/fat/cache.o
2026-08-19T12:58:23.7470087Z   CC      security/keys/permission.o
2026-08-19T12:58:24.0851561Z   CC      kernel/bpf/prog_iter.o
2026-08-19T12:58:24.3819958Z   CC      fs/fat/dir.o
2026-08-19T12:58:24.8910566Z   CC      security/keys/process_keys.o
2026-08-19T12:58:25.3830105Z   CC      kernel/bpf/link_iter.o
2026-08-19T12:58:25.5210374Z   CC      fs/ext4/migrate.o
2026-08-19T12:58:26.0989786Z   CC      fs/fat/fatent.o
2026-08-19T12:58:26.4210858Z   CC      security/keys/request_key.o
2026-08-19T12:58:26.5619875Z   CC      kernel/bpf/hashtab.o
2026-08-19T12:58:26.5969988Z   CC      fs/ext4/mmp.o
2026-08-19T12:58:27.6193680Z   CC      fs/fat/file.o
2026-08-19T12:58:27.6619738Z   CC      fs/ext4/move_extent.o
2026-08-19T12:58:27.9679923Z   CC      security/keys/request_key_auth.o
2026-08-19T12:58:28.2690580Z   CC      kernel/bpf/arraymap.o
2026-08-19T12:58:28.8154959Z   CC      fs/ext4/namei.o
2026-08-19T12:58:28.8461322Z   CC      security/keys/user_defined.o
2026-08-19T12:58:29.1619767Z   CC      fs/fat/inode.o
2026-08-19T12:58:29.7380170Z   CC      kernel/bpf/percpu_freelist.o
2026-08-19T12:58:30.0119831Z   CC      security/keys/compat.o
2026-08-19T12:58:30.1830074Z   CC      kernel/bpf/bpf_lru_list.o
2026-08-19T12:58:30.5888532Z   CC      fs/ext4/page-io.o
2026-08-19T12:58:30.6849744Z   CC      fs/fat/misc.o
2026-08-19T12:58:30.6870177Z   CC      kernel/bpf/lpm_trie.o
2026-08-19T12:58:30.9759676Z   CC      security/keys/proc.o
2026-08-19T12:58:31.7970061Z   CC      fs/ext4/readpage.o
2026-08-19T12:58:31.8502637Z   CC      security/keys/sysctl.o
2026-08-19T12:58:32.0619837Z   CC      fs/fat/nfs.o
2026-08-19T12:58:32.1659935Z   CC      kernel/bpf/map_in_map.o
2026-08-19T12:58:32.6308187Z   CC      security/keys/keyctl_pkey.o
2026-08-19T12:58:32.9380071Z   CC      fs/ext4/resize.o
2026-08-19T12:58:33.0365490Z   CC      kernel/bpf/bloom_filter.o
2026-08-19T12:58:33.0424934Z   CC      fs/fat/namei_vfat.o
2026-08-19T12:58:33.4759608Z   AR      security/keys/built-in.a
2026-08-19T12:58:33.4959969Z   GEN     security/selinux/flask.h security/selinux/av_permissions.h
2026-08-19T12:58:33.5049521Z   CC      security/selinux/avc.o
2026-08-19T12:58:33.9478635Z   CC      kernel/bpf/local_storage.o
2026-08-19T12:58:34.1531304Z   CC      fs/fat/namei_msdos.o
2026-08-19T12:58:34.2919956Z   CC      fs/ext4/super.o
2026-08-19T12:58:35.1529920Z   CC      security/selinux/hooks.o
2026-08-19T12:58:35.1920051Z   AR      fs/fat/built-in.a
2026-08-19T12:58:35.2139482Z   CC      fs/exfat/inode.o
2026-08-19T12:58:35.4700013Z   CC      kernel/bpf/queue_stack_maps.o
2026-08-19T12:58:36.2920049Z   CC      fs/exfat/namei.o
2026-08-19T12:58:36.4140000Z   CC      kernel/bpf/ringbuf.o
2026-08-19T12:58:37.3469753Z   CC      fs/exfat/dir.o
2026-08-19T12:58:37.4909849Z   CC      security/selinux/selinuxfs.o
2026-08-19T12:58:37.7639299Z   CC      kernel/bpf/bpf_local_storage.o
2026-08-19T12:58:38.2790013Z   CC      fs/ext4/symlink.o
2026-08-19T12:58:38.4303697Z   CC      fs/exfat/super.o
2026-08-19T12:58:39.1119983Z   CC      security/selinux/netlink.o
2026-08-19T12:58:39.2559872Z   CC      kernel/bpf/bpf_task_storage.o
2026-08-19T12:58:39.3290093Z   CC      fs/ext4/sysfs.o
2026-08-19T12:58:39.4939699Z   CC      fs/exfat/fatent.o
2026-08-19T12:58:40.1549982Z   CC      security/selinux/nlmsgtab.o
2026-08-19T12:58:40.3957366Z   CC      fs/ext4/xattr.o
2026-08-19T12:58:40.5465550Z   CC      fs/exfat/cache.o
2026-08-19T12:58:40.5520051Z   CC      kernel/bpf/disasm.o
2026-08-19T12:58:41.4567106Z   CC      kernel/bpf/trampoline.o
2026-08-19T12:58:41.4860005Z   CC      security/selinux/netif.o
2026-08-19T12:58:41.5319876Z   CC      fs/exfat/nls.o
2026-08-19T12:58:41.8419996Z   CC      fs/ext4/xattr_hurd.o
2026-08-19T12:58:42.5250026Z   CC      fs/exfat/misc.o
2026-08-19T12:58:42.8417372Z   CC      kernel/bpf/btf.o
2026-08-19T12:58:42.9050239Z   CC      fs/ext4/xattr_trusted.o
2026-08-19T12:58:42.9629919Z   CC      security/selinux/netnode.o
2026-08-19T12:58:43.4589974Z   CC      fs/exfat/file.o
2026-08-19T12:58:43.9850231Z   CC      fs/ext4/xattr_user.o
2026-08-19T12:58:44.4321478Z   CC      security/selinux/netport.o
2026-08-19T12:58:44.5359858Z   CC      fs/exfat/balloc.o
2026-08-19T12:58:45.0029924Z   CC      fs/ext4/fast_commit.o
2026-08-19T12:58:45.5134650Z   AR      fs/exfat/built-in.a
2026-08-19T12:58:45.5389884Z   CC      kernel/events/core.o
2026-08-19T12:58:45.8690381Z   CC      security/selinux/status.o
2026-08-19T12:58:46.0150010Z   CC      kernel/bpf/memalloc.o
2026-08-19T12:58:46.6599965Z   CC      fs/ext4/orphan.o
2026-08-19T12:58:47.2031116Z   CC      kernel/bpf/dispatcher.o
2026-08-19T12:58:47.3364343Z   CC      security/selinux/ss/ebitmap.o
2026-08-19T12:58:47.7479875Z   CC      fs/ext4/acl.o
2026-08-19T12:58:48.4770853Z   CC      kernel/bpf/devmap.o
2026-08-19T12:58:48.7129928Z   CC      security/selinux/ss/hashtab.o
2026-08-19T12:58:48.8439968Z   CC      fs/ext4/xattr_security.o
2026-08-19T12:58:49.2899958Z   CC      security/selinux/ss/symtab.o
2026-08-19T12:58:49.3800128Z   CC      kernel/events/ring_buffer.o
2026-08-19T12:58:49.7759992Z   CC      security/selinux/ss/sidtab.o
2026-08-19T12:58:49.8810564Z   CC      fs/ext4/verity.o
2026-08-19T12:58:49.8987080Z   CC      kernel/bpf/cpumap.o
2026-08-19T12:58:50.8829796Z   CC      kernel/events/callchain.o
2026-08-19T12:58:50.9999741Z   CC      fs/ext4/crypto.o
2026-08-19T12:58:51.1685041Z   CC      security/selinux/ss/avtab.o
2026-08-19T12:58:51.3579275Z   CC      kernel/bpf/offload.o
2026-08-19T12:58:51.8530003Z   CC      kernel/events/hw_breakpoint.o
2026-08-19T12:58:52.0911561Z   AR      fs/ext4/built-in.a
2026-08-19T12:58:52.1149829Z   CC      fs/exportfs/expfs.o
2026-08-19T12:58:52.5520716Z   CC      security/selinux/ss/policydb.o
2026-08-19T12:58:53.2049894Z   AR      fs/exportfs/built-in.a
2026-08-19T12:58:53.2259844Z   CC      fs/nls/nls_base.o
2026-08-19T12:58:53.4419949Z   CC      kernel/bpf/net_namespace.o
2026-08-19T12:58:53.5129821Z   CC      kernel/events/uprobes.o
2026-08-19T12:58:54.2690080Z   CC      fs/nls/nls_cp437.o
2026-08-19T12:58:54.2910141Z   CC      security/selinux/ss/services.o
2026-08-19T12:58:54.7339948Z   CC      kernel/bpf/stackmap.o
2026-08-19T12:58:54.9807257Z   CC      fs/nls/nls_cp737.o
2026-08-19T12:58:55.3931295Z   AR      kernel/events/built-in.a
2026-08-19T12:58:55.4050837Z   CC      kernel/fork.o
2026-08-19T12:58:55.7139794Z   CC      fs/nls/nls_cp775.o
2026-08-19T12:58:56.1221397Z   CC      kernel/bpf/cgroup_iter.o
2026-08-19T12:58:56.2130031Z   CC      security/selinux/ss/conditional.o
2026-08-19T12:58:56.4328766Z   CC      fs/nls/nls_cp850.o
2026-08-19T12:58:57.1120026Z   CC      kernel/bpf/cgroup.o
2026-08-19T12:58:57.1719879Z   CC      fs/nls/nls_cp852.o
2026-08-19T12:58:57.6608048Z   CC      security/selinux/ss/mls.o
2026-08-19T12:58:57.8971160Z   CC      fs/nls/nls_cp855.o
2026-08-19T12:58:58.0339841Z   CC      fs/nls/nls_cp857.o
2026-08-19T12:58:58.6130085Z   CC      security/integrity/iint.o
2026-08-19T12:58:58.7590138Z   CC      fs/nls/nls_cp860.o
2026-08-19T12:58:59.0369916Z   CC      security/selinux/ss/context.o
2026-08-19T12:58:59.4433958Z   CC      fs/nls/nls_cp861.o
2026-08-19T12:58:59.4447312Z   CC      security/integrity/integrity_audit.o
2026-08-19T12:58:59.6399969Z   CC      kernel/bpf/reuseport_array.o
2026-08-19T12:59:00.1239790Z   CC      fs/nls/nls_cp862.o
2026-08-19T12:59:00.2980039Z   AR      security/integrity/built-in.a
2026-08-19T12:59:00.3101080Z   CC      fs/nls/nls_cp863.o
2026-08-19T12:59:00.3607884Z   AR      security/selinux/built-in.a
2026-08-19T12:59:00.3769972Z -- Baseband-guard: flask.h found, skip generation
2026-08-19T12:59:00.3940149Z -- Baseband-guard/compat: found selinux_state
2026-08-19T12:59:00.3948096Z -- Baseband-guard/compat: found modern block device api
2026-08-19T12:59:00.3979582Z -- Baseband-guard: CONFIG_BBG enabled, now checking...
2026-08-19T12:59:00.4009407Z -- Kernel Version: 6.1
2026-08-19T12:59:00.4069614Z -- Baseband_guard: Found DEFINE_LSM,now checking CONFIG_LSM...
2026-08-19T12:59:00.4090110Z -- CONFIG_LSM value: landlock,lockdown,yama,loadpin,safesetid,integrity,selinux,baseband_guard,smack,tomoyo,apparmor,bpf
2026-08-19T12:59:00.4101356Z -- Baseband-guard: Okay, Baseband_guard was found in CONFIG_LSM
2026-08-19T12:59:00.4102134Z -- BBG was enabled!
2026-08-19T12:59:00.4102646Z -- BBG version: a54e0dc6
2026-08-19T12:59:00.4103263Z -- BBG repo: https://github.com/vc-teahouse/Baseband-guard
2026-08-19T12:59:00.4104431Z   CC      security/baseband-guard/baseband_guard.o
2026-08-19T12:59:00.8398756Z   CC      fs/unicode/utf8-norm.o
2026-08-19T12:59:01.0330240Z   CC      fs/nls/nls_cp864.o
2026-08-19T12:59:01.0359769Z   CC      kernel/bpf/sysfs_btf.o
2026-08-19T12:59:01.5690082Z   CC      fs/unicode/utf8-core.o
2026-08-19T12:59:01.7570264Z   CC      fs/nls/nls_cp865.o
2026-08-19T12:59:01.7801054Z   CC      kernel/bpf/bpf_struct_ops.o
2026-08-19T12:59:01.9395979Z   CC      security/baseband-guard/tracing/tracing.o
2026-08-19T12:59:02.4789139Z   CC      fs/nls/nls_cp866.o
2026-08-19T12:59:02.5219767Z   COPY    fs/unicode/utf8data.c
2026-08-19T12:59:02.5268034Z   CC      fs/unicode/utf8data.o
2026-08-19T12:59:03.2360055Z   CC      fs/nls/nls_cp869.o
2026-08-19T12:59:03.3899934Z   CC      security/baseband-guard/blkdev_helper.o
2026-08-19T12:59:03.4511189Z   CC      kernel/bpf/relo_core.o
2026-08-19T12:59:03.6668548Z   AR      fs/unicode/built-in.a
2026-08-19T12:59:03.8197088Z   CC      crypto/asymmetric_keys/asymmetric_type.o
2026-08-19T12:59:03.9330048Z   CC      fs/nls/nls_cp874.o
2026-08-19T12:59:04.3767391Z   AR      security/baseband-guard/built-in.a
2026-08-19T12:59:04.3909830Z   CC      security/commoncap.o
2026-08-19T12:59:04.6639190Z   CC      fs/nls/nls_cp932.o
2026-08-19T12:59:04.7999975Z   CC      kernel/bpf/bpf_fuse.o
2026-08-19T12:59:04.8882054Z   CC      crypto/asymmetric_keys/restrict.o
2026-08-19T12:59:05.5131145Z   CC      fs/nls/nls_euc-jp.o
2026-08-19T12:59:05.6030021Z   CC      crypto/asymmetric_keys/signature.o
2026-08-19T12:59:05.6480067Z   CC      security/min_addr.o
2026-08-19T12:59:06.2610242Z   CC      fs/nls/nls_cp936.o
2026-08-19T12:59:06.4450022Z   CC      security/security.o
2026-08-19T12:59:06.5900846Z   CC      crypto/asymmetric_keys/public_key.o
2026-08-19T12:59:06.6233209Z   AR      kernel/bpf/built-in.a
2026-08-19T12:59:06.6389947Z   CC      kernel/exec_domain.o
2026-08-19T12:59:07.0841404Z   CC      fs/nls/nls_cp949.o
2026-08-19T12:59:07.6188587Z   CC      kernel/panic.o
2026-08-19T12:59:07.8944627Z   ASN.1   crypto/asymmetric_keys/x509.asn1.[ch]
2026-08-19T12:59:07.8980067Z   ASN.1   crypto/asymmetric_keys/x509_akid.asn1.[ch]
2026-08-19T12:59:07.9018697Z   CC      crypto/asymmetric_keys/x509_loader.o
2026-08-19T12:59:07.9729879Z   CC      fs/nls/nls_cp950.o
2026-08-19T12:59:08.2570122Z   CC      crypto/asymmetric_keys/x509_public_key.o
2026-08-19T12:59:08.4950023Z   CC      security/inode.o
2026-08-19T12:59:08.8001837Z   CC      fs/nls/nls_cp1250.o
2026-08-19T12:59:08.9930116Z   ASN.1   crypto/asymmetric_keys/pkcs7.asn1.[ch]
2026-08-19T12:59:08.9979882Z   CC      crypto/asymmetric_keys/pkcs7_trust.o
2026-08-19T12:59:09.0107555Z   CC      kernel/cpu.o
2026-08-19T12:59:09.5620059Z   CC      fs/nls/nls_cp1251.o
2026-08-19T12:59:09.7110138Z   CC      crypto/asymmetric_keys/pkcs7_verify.o
2026-08-19T12:59:09.8265862Z   CC      security/lsm_audit.o
2026-08-19T12:59:10.3520036Z   CC      fs/nls/nls_ascii.o
2026-08-19T12:59:10.4564274Z   CC      crypto/asymmetric_keys/x509.asn1.o
2026-08-19T12:59:10.5470202Z   CC      crypto/asymmetric_keys/x509_akid.asn1.o
2026-08-19T12:59:10.6359834Z   CC      crypto/asymmetric_keys/x509_cert_parser.o
2026-08-19T12:59:11.0560181Z   CC      fs/nls/nls_iso8859-1.o
2026-08-19T12:59:11.0582004Z   CC      kernel/exit.o
2026-08-19T12:59:11.2969951Z   CC      security/device_cgroup.o
2026-08-19T12:59:11.4189862Z   CC      crypto/asymmetric_keys/pkcs7.asn1.o
2026-08-19T12:59:11.5089950Z   CC      crypto/asymmetric_keys/pkcs7_parser.o
2026-08-19T12:59:11.7693028Z   CC      fs/nls/nls_iso8859-2.o
2026-08-19T12:59:12.5179847Z   CC      fs/nls/nls_iso8859-3.o
2026-08-19T12:59:12.6070178Z   AR      crypto/asymmetric_keys/built-in.a
2026-08-19T12:59:12.6189840Z   CC      crypto/api.o
2026-08-19T12:59:13.1660183Z   AR      security/built-in.a
2026-08-19T12:59:13.1810027Z   CC      kernel/softirq.o
2026-08-19T12:59:13.2313513Z   CC      fs/nls/nls_iso8859-4.o
2026-08-19T12:59:13.6020070Z   CC      fs/fuse/dev.o
2026-08-19T12:59:13.6900503Z   CC      crypto/cipher.o
2026-08-19T12:59:13.9364129Z   CC      fs/nls/nls_iso8859-5.o
2026-08-19T12:59:14.6399994Z   CC      fs/nls/nls_iso8859-6.o
2026-08-19T12:59:14.7649306Z   CC      crypto/compress.o
2026-08-19T12:59:14.9230052Z   CC      kernel/resource.o
2026-08-19T12:59:15.3589950Z   CC      fs/nls/nls_iso8859-7.o
2026-08-19T12:59:15.8004989Z   CC      crypto/crypto_engine.o
2026-08-19T12:59:15.9432655Z   CC      fs/fuse/dir.o
2026-08-19T12:59:16.0409669Z   CC      fs/nls/nls_cp1255.o
2026-08-19T12:59:16.2730634Z   CC      kernel/sysctl.o
2026-08-19T12:59:16.7610541Z   CC      fs/nls/nls_iso8859-9.o
2026-08-19T12:59:16.9091103Z   CC      crypto/algapi.o
2026-08-19T12:59:17.4600080Z   CC      fs/nls/nls_iso8859-13.o
2026-08-19T12:59:17.8030028Z   CC      fs/fuse/file.o
2026-08-19T12:59:18.1370991Z   CC      fs/nls/nls_iso8859-14.o
2026-08-19T12:59:18.7013772Z   CC      crypto/scatterwalk.o
2026-08-19T12:59:18.8389938Z   CC      kernel/capability.o
2026-08-19T12:59:18.8699978Z   CC      fs/nls/nls_iso8859-15.o
2026-08-19T12:59:19.6090117Z   CC      fs/nls/nls_koi8-r.o
2026-08-19T12:59:20.0322392Z   CC      crypto/proc.o
2026-08-19T12:59:20.3499926Z   CC      fs/fuse/inode.o
2026-08-19T12:59:20.3530855Z   CC      fs/nls/nls_koi8-u.o
2026-08-19T12:59:20.3575125Z   CC      kernel/ptrace.o
2026-08-19T12:59:20.7708501Z   CC      crypto/aead.o
2026-08-19T12:59:21.0609840Z   CC      fs/nls/nls_koi8-ru.o
2026-08-19T12:59:21.8019994Z   CC      fs/nls/nls_utf8.o
2026-08-19T12:59:22.0679857Z   CC      kernel/user.o
2026-08-19T12:59:22.2929948Z   CC      crypto/geniv.o
2026-08-19T12:59:22.5175170Z   CC      fs/nls/mac-celtic.o
2026-08-19T12:59:22.5669712Z   CC      fs/fuse/control.o
2026-08-19T12:59:23.2199835Z   CC      kernel/signal.o
2026-08-19T12:59:23.2660971Z   CC      fs/nls/mac-centeuro.o
2026-08-19T12:59:23.8610007Z   CC      fs/fuse/xattr.o
2026-08-19T12:59:23.9511141Z   CC      fs/nls/mac-croatian.o
2026-08-19T12:59:23.9644720Z   CC      crypto/skcipher.o
2026-08-19T12:59:24.6529886Z   CC      fs/nls/mac-cyrillic.o
2026-08-19T12:59:25.3090430Z   CC      fs/fuse/acl.o
2026-08-19T12:59:25.3659945Z   CC      fs/nls/mac-gaelic.o
2026-08-19T12:59:25.7159739Z   CC      kernel/sys.o
2026-08-19T12:59:25.8229834Z   CC      crypto/seqiv.o
2026-08-19T12:59:26.0749897Z   CC      fs/nls/mac-greek.o
2026-08-19T12:59:26.6510117Z   CC      fs/fuse/readdir.o
2026-08-19T12:59:26.7899208Z   CC      crypto/echainiv.o
2026-08-19T12:59:26.8312072Z   CC      fs/nls/mac-iceland.o
2026-08-19T12:59:27.5762583Z   CC      fs/nls/mac-inuit.o
2026-08-19T12:59:27.7150027Z   CC      crypto/ahash.o
2026-08-19T12:59:27.8540005Z   CC      kernel/umh.o
2026-08-19T12:59:28.1014225Z   CC      fs/fuse/ioctl.o
2026-08-19T12:59:28.3090042Z   CC      fs/nls/mac-romanian.o
2026-08-19T12:59:29.0379909Z   CC      fs/nls/mac-roman.o
2026-08-19T12:59:29.2921701Z   CC      crypto/shash.o
2026-08-19T12:59:29.4317424Z   CC      kernel/workqueue.o
2026-08-19T12:59:29.7299647Z   CC      fs/nls/mac-turkish.o
2026-08-19T12:59:29.9749952Z   CC      fs/fuse/passthrough.o
2026-08-19T12:59:30.4232542Z   AR      fs/nls/built-in.a
2026-08-19T12:59:30.4580272Z   CC      block/partitions/core.o
2026-08-19T12:59:30.8820131Z   CC      crypto/akcipher.o
2026-08-19T12:59:31.3450281Z   CC      fs/fuse/backing.o
2026-08-19T12:59:31.8871208Z   CC      kernel/pid.o
2026-08-19T12:59:31.9359868Z   CC      block/partitions/msdos.o
2026-08-19T12:59:32.3951816Z   CC      crypto/kpp.o
2026-08-19T12:59:32.8010758Z   CC      fs/fuse/virtio_fs.o
2026-08-19T12:59:33.0180292Z   CC      block/partitions/efi.o
2026-08-19T12:59:33.9612286Z   ASN.1   crypto/rsapubkey.asn1.[ch]
2026-08-19T12:59:33.9649516Z   ASN.1   crypto/rsaprivkey.asn1.[ch]
2026-08-19T12:59:33.9720160Z   CC      crypto/rsa.o
2026-08-19T12:59:34.0086518Z   CC      kernel/task_work.o
2026-08-19T12:59:34.0409891Z   AR      block/partitions/built-in.a
2026-08-19T12:59:34.0529735Z   CC      block/bdev.o
2026-08-19T12:59:34.2442226Z   AR      fs/fuse/built-in.a
2026-08-19T12:59:34.2653529Z   CC      fs/overlayfs/super.o
2026-08-19T12:59:34.8500056Z   CC      crypto/rsa_helper.o
2026-08-19T12:59:35.0187788Z   CC      kernel/extable.o
2026-08-19T12:59:35.1499921Z   CC      crypto/rsa-pkcs1pad.o
2026-08-19T12:59:35.3348004Z   CC      fs/overlayfs/namei.o
2026-08-19T12:59:35.6759962Z   CC      block/fops.o
2026-08-19T12:59:36.0640144Z   CC      crypto/acompress.o
2026-08-19T12:59:36.1830057Z   CC      kernel/params.o
2026-08-19T12:59:36.3149875Z   CC      fs/overlayfs/util.o
2026-08-19T12:59:36.8319962Z   CC      block/bio.o
2026-08-19T12:59:37.2620060Z   CC      fs/overlayfs/inode.o
2026-08-19T12:59:37.4930639Z   CC      kernel/kthread.o
2026-08-19T12:59:37.6149890Z   CC      crypto/scompress.o
2026-08-19T12:59:38.1714587Z   CC      fs/overlayfs/file.o
2026-08-19T12:59:38.7619895Z   CC      block/elevator.o
2026-08-19T12:59:39.0546802Z   CC      fs/overlayfs/dir.o
2026-08-19T12:59:39.1009597Z   CC      crypto/algboss.o
2026-08-19T12:59:39.1920008Z   CC      kernel/sys_ni.o
2026-08-19T12:59:39.4456017Z   CC      kernel/nsproxy.o
2026-08-19T12:59:40.0419950Z   CC      fs/overlayfs/readdir.o
2026-08-19T12:59:40.2900754Z   CC      crypto/testmgr.o
2026-08-19T12:59:40.4782111Z   CC      block/blk-core.o
2026-08-19T12:59:40.5823527Z   CC      kernel/notifier.o
2026-08-19T12:59:40.9420014Z   CC      fs/overlayfs/copy_up.o
2026-08-19T12:59:41.5404683Z   CC      crypto/cmac.o
2026-08-19T12:59:41.8959986Z   CC      kernel/ksysfs.o
2026-08-19T12:59:41.9399977Z   CC      fs/overlayfs/export.o
2026-08-19T12:59:42.2739790Z   CC      crypto/hmac.o
2026-08-19T12:59:42.7370054Z   CC      block/blk-sysfs.o
2026-08-19T12:59:42.8039826Z   AR      fs/overlayfs/built-in.a
2026-08-19T12:59:42.8219684Z   CC      fs/incfs/data_mgmt.o
2026-08-19T12:59:43.0289927Z   CC      kernel/cred.o
2026-08-19T12:59:43.2601990Z   CC      crypto/xcbc.o
2026-08-19T12:59:43.8720365Z   CC      block/blk-flush.o
2026-08-19T12:59:44.0438012Z   CC      crypto/crypto_null.o
2026-08-19T12:59:44.0501863Z   CC      fs/incfs/format.o
2026-08-19T12:59:44.6339860Z   CC      kernel/reboot.o
2026-08-19T12:59:44.9351881Z   CC      fs/incfs/integrity.o
2026-08-19T12:59:45.2939941Z   CC      crypto/md5.o
2026-08-19T12:59:45.3179852Z   CC      block/blk-settings.o
2026-08-19T12:59:45.7970021Z   CC      fs/incfs/main.o
2026-08-19T12:59:46.2539939Z   CC      kernel/async.o
2026-08-19T12:59:46.3570840Z   CC      crypto/sha1_generic.o
2026-08-19T12:59:46.6019571Z   CC      fs/incfs/pseudo_files.o
2026-08-19T12:59:46.8590000Z   CC      block/blk-ioc.o
2026-08-19T12:59:47.3068549Z   CC      kernel/range.o
2026-08-19T12:59:47.4464260Z   CC      kernel/smpboot.o
2026-08-19T12:59:47.6240103Z   CC      crypto/sha256_generic.o
2026-08-19T12:59:47.8457115Z   CC      fs/incfs/sysfs.o
2026-08-19T12:59:48.3900111Z   CC      block/blk-map.o
2026-08-19T12:59:48.5509946Z   CC      kernel/ucount.o
2026-08-19T12:59:48.6600891Z   CC      fs/incfs/vfs.o
2026-08-19T12:59:48.7790232Z   CC      crypto/sha512_generic.o
2026-08-19T12:59:49.2659887Z   CC      kernel/regset.o
2026-08-19T12:59:49.9270200Z   CC      block/blk-merge.o
2026-08-19T12:59:49.9689936Z   CC      fs/incfs/verity.o
2026-08-19T12:59:50.0711201Z   CC      crypto/blake2b_generic.o
2026-08-19T12:59:50.1059729Z   CC      kernel/delayacct.o
2026-08-19T12:59:50.9306751Z   AR      fs/incfs/built-in.a
2026-08-19T12:59:50.9519772Z   CC      fs/debugfs/inode.o
2026-08-19T12:59:51.2007172Z   CC      kernel/kmod.o
2026-08-19T12:59:51.3289892Z   CC      crypto/gf128mul.o
2026-08-19T12:59:51.6719797Z   CC      block/blk-timeout.o
2026-08-19T12:59:52.3326901Z   CC      fs/debugfs/file.o
2026-08-19T12:59:52.5330730Z   CC      crypto/ecb.o
2026-08-19T12:59:52.7249870Z   CC      kernel/groups.o
2026-08-19T12:59:53.1369952Z   CC      block/blk-lib.o
2026-08-19T12:59:53.2324565Z   CC      crypto/cbc.o
2026-08-19T12:59:53.7539343Z   AR      fs/debugfs/built-in.a
2026-08-19T12:59:53.7723598Z   CC      fs/tracefs/inode.o
2026-08-19T12:59:54.0093969Z   CC      crypto/cts.o
2026-08-19T12:59:54.0802817Z   CC      kernel/kcmp.o
2026-08-19T12:59:54.6309917Z   CC      block/blk-mq.o
2026-08-19T12:59:54.7136053Z   AR      fs/tracefs/built-in.a
2026-08-19T12:59:54.7351667Z   CC      fs/f2fs/dir.o
2026-08-19T12:59:54.9699992Z   CC      crypto/xts.o
2026-08-19T12:59:55.0561335Z   CC      kernel/freezer.o
2026-08-19T12:59:55.9639748Z   CC      crypto/ctr.o
2026-08-19T12:59:56.2450472Z   CC      fs/f2fs/file.o
2026-08-19T12:59:56.6599425Z   CC      kernel/profile.o
2026-08-19T12:59:56.7110031Z   CC      crypto/xctr.o
2026-08-19T12:59:57.1850038Z   CC      block/blk-mq-tag.o
2026-08-19T12:59:57.4581008Z   CC      crypto/hctr2.o
2026-08-19T12:59:58.1399808Z   CC      kernel/stacktrace.o
2026-08-19T12:59:58.4840982Z   CC      crypto/adiantum.o
2026-08-19T12:59:58.6652646Z   CC      block/blk-stat.o
2026-08-19T12:59:58.9139815Z   CC      fs/f2fs/inode.o
2026-08-19T12:59:59.3770065Z   CC      kernel/smp.o
2026-08-19T12:59:59.4170716Z   CC      crypto/nhpoly1305.o
2026-08-19T13:00:00.1119915Z   CC      block/blk-mq-sysfs.o
2026-08-19T13:00:00.4510686Z   CC      fs/f2fs/namei.o
2026-08-19T13:00:00.5009965Z   CC      crypto/gcm.o
2026-08-19T13:00:00.6170030Z   CC      kernel/uid16.o
2026-08-19T13:00:01.1659871Z   CC      block/blk-mq-cpumap.o
2026-08-19T13:00:01.5740055Z   CC      crypto/ccm.o
2026-08-19T13:00:01.7070086Z   CC      kernel/module_signature.o
2026-08-19T13:00:01.8089837Z   CC      kernel/kallsyms.o
2026-08-19T13:00:01.9890063Z   CC      fs/f2fs/hash.o
2026-08-19T13:00:02.5616030Z   CC      block/blk-mq-sched.o
2026-08-19T13:00:02.5909990Z   CC      crypto/chacha20poly1305.o
2026-08-19T13:00:03.1201371Z   CC      fs/f2fs/super.o
2026-08-19T13:00:03.6359779Z   CC      crypto/des_generic.o
2026-08-19T13:00:03.8318100Z   CC      kernel/compat.o
2026-08-19T13:00:04.2218452Z   CC      block/ioctl.o
2026-08-19T13:00:04.4039952Z   CC      crypto/aes_generic.o
2026-08-19T13:00:05.4444230Z   CC      kernel/utsname.o
2026-08-19T13:00:05.5890019Z   CC      crypto/chacha_generic.o
2026-08-19T13:00:05.8950030Z   CC      block/genhd.o
2026-08-19T13:00:06.0299865Z   CC      kernel/user_namespace.o
2026-08-19T13:00:06.2146081Z   CC      fs/f2fs/inline.o
2026-08-19T13:00:06.3189970Z   CC      crypto/poly1305_generic.o
2026-08-19T13:00:07.0756163Z   CC      crypto/deflate.o
2026-08-19T13:00:07.3600082Z   CC      kernel/pid_namespace.o
2026-08-19T13:00:07.5510082Z   CC      block/ioprio.o
2026-08-19T13:00:07.6861421Z   CC      fs/f2fs/checkpoint.o
2026-08-19T13:00:07.9460091Z   CC      crypto/crc32c_generic.o
2026-08-19T13:00:08.6930087Z   CC      crypto/crc32_generic.o
2026-08-19T13:00:08.7859941Z   UPD     kernel/config_data
2026-08-19T13:00:08.7912925Z   CC      kernel/stop_machine.o
2026-08-19T13:00:09.0920431Z   CC      block/badblocks.o
2026-08-19T13:00:09.3797562Z   CC      fs/f2fs/gc.o
2026-08-19T13:00:09.4140792Z   CC      crypto/authenc.o
2026-08-19T13:00:10.1549930Z   CC      kernel/audit.o
2026-08-19T13:00:10.2170249Z   CC      block/blk-rq-qos.o
2026-08-19T13:00:11.0940128Z   CC      crypto/authencesn.o
2026-08-19T13:00:11.1551702Z   CC      fs/f2fs/data.o
2026-08-19T13:00:11.2160018Z   CC      block/disk-events.o
2026-08-19T13:00:12.3140573Z   CC      crypto/lzo.o
2026-08-19T13:00:12.4195149Z   CC      kernel/auditfilter.o
2026-08-19T13:00:12.5919999Z   CC      block/blk-ia-ranges.o
2026-08-19T13:00:13.1261205Z   CC      crypto/lzo-rle.o
2026-08-19T13:00:13.4260028Z   CC      fs/f2fs/node.o
2026-08-19T13:00:13.9759657Z   CC      kernel/auditsc.o
2026-08-19T13:00:13.9882557Z   CC      block/bsg.o
2026-08-19T13:00:13.9942991Z   CC      crypto/lz4.o
2026-08-19T13:00:14.7450091Z   CC      crypto/rng.o
2026-08-19T13:00:15.4273239Z   CC      block/bsg-lib.o
2026-08-19T13:00:15.4440737Z   CC      fs/f2fs/segment.o
2026-08-19T13:00:15.8880173Z   CC      kernel/audit_watch.o
2026-08-19T13:00:16.2469274Z   CC      crypto/ansi_cprng.o
2026-08-19T13:00:16.9079826Z   CC      block/blk-cgroup.o
2026-08-19T13:00:17.0159104Z   CC      crypto/drbg.o
2026-08-19T13:00:17.0699805Z   CC      kernel/audit_fsnotify.o
2026-08-19T13:00:17.9230046Z   CC      fs/f2fs/recovery.o
2026-08-19T13:00:18.0301291Z   CC      crypto/jitterentropy.o
2026-08-19T13:00:18.1160156Z   CC      kernel/audit_tree.o
2026-08-19T13:00:18.1211107Z   CC      crypto/jitterentropy-kcapi.o
2026-08-19T13:00:18.7809854Z   CC      block/blk-cgroup-rwstat.o
2026-08-19T13:00:18.8550098Z   CC      crypto/ghash-generic.o
2026-08-19T13:00:19.2884913Z   CC      fs/f2fs/shrinker.o
2026-08-19T13:00:19.3121241Z   CC      kernel/kprobes.o
2026-08-19T13:00:19.5900896Z   CC      crypto/polyval-generic.o
2026-08-19T13:00:20.2089872Z   CC      block/blk-throttle.o
2026-08-19T13:00:20.3180140Z   CC      fs/f2fs/extent_cache.o
2026-08-19T13:00:20.6839702Z   CC      crypto/zstd.o
2026-08-19T13:00:21.1156005Z   CC      kernel/hung_task.o
2026-08-19T13:00:21.4149821Z   CC      block/blk-ioprio.o
2026-08-19T13:00:21.5849757Z   CC      crypto/ecc.o
2026-08-19T13:00:21.6295910Z   CC      fs/f2fs/sysfs.o
2026-08-19T13:00:22.4382712Z   CC      block/blk-iocost.o
2026-08-19T13:00:22.7429812Z   CC      kernel/watchdog.o
2026-08-19T13:00:23.1049379Z   CC      fs/f2fs/debug.o
2026-08-19T13:00:23.1240654Z   CC      crypto/essiv.o
2026-08-19T13:00:24.1349355Z   CC      block/mq-deadline.o
2026-08-19T13:00:24.1355914Z   CC      kernel/seccomp.o
2026-08-19T13:00:24.1491993Z   CC      crypto/ecdh.o
2026-08-19T13:00:24.3020776Z   CC      fs/f2fs/xattr.o
2026-08-19T13:00:25.0101480Z   CC      crypto/ecdh_helper.o
2026-08-19T13:00:25.3610018Z   CC      block/kyber-iosched.o
2026-08-19T13:00:25.5551470Z   CC      fs/f2fs/acl.o
2026-08-19T13:00:25.7540968Z   CC      crypto/hash_info.o
2026-08-19T13:00:25.7575904Z   CC      kernel/utsname_sysctl.o
2026-08-19T13:00:25.8760436Z   CC      crypto/rsapubkey.asn1.o
2026-08-19T13:00:25.9550033Z   CC      crypto/rsaprivkey.asn1.o
2026-08-19T13:00:26.0410002Z   AR      crypto/built-in.a
2026-08-19T13:00:26.0669771Z   CC      fs/pstore/inode.o
2026-08-19T13:00:26.2180024Z   CC      kernel/taskstats.o
2026-08-19T13:00:26.6509867Z   CC      fs/f2fs/verity.o
2026-08-19T13:00:26.7020651Z   CC      block/bfq-iosched.o
2026-08-19T13:00:27.0360132Z   CC      fs/pstore/platform.o
2026-08-19T13:00:27.3632303Z   CC      kernel/tsacct.o
2026-08-19T13:00:27.6869835Z   CC      fs/f2fs/compress.o
2026-08-19T13:00:28.1449976Z   CC      fs/pstore/pmsg.o
2026-08-19T13:00:28.1897176Z   CC      kernel/tracepoint.o
2026-08-19T13:00:28.5310049Z   CC      block/bfq-wf2q.o
2026-08-19T13:00:28.8388006Z   CC      fs/pstore/ram.o
2026-08-19T13:00:29.4219824Z   CC      kernel/irq_work.o
2026-08-19T13:00:29.5919872Z   CC      block/bfq-cgroup.o
2026-08-19T13:00:29.6340022Z   CC      fs/f2fs/iostat.o
2026-08-19T13:00:29.7516206Z   CC      fs/pstore/ram_core.o
2026-08-19T13:00:30.6359860Z   CC      kernel/cpu_pm.o
2026-08-19T13:00:30.7140286Z   AR      fs/pstore/built-in.a
2026-08-19T13:00:30.7249749Z   CC      block/blk-mq-pci.o
2026-08-19T13:00:30.7368548Z   CC      io_uring/io_uring.o
2026-08-19T13:00:30.9259967Z   CC      fs/f2fs/lz4armv8/lz4accel.o
2026-08-19T13:00:31.2350026Z   AS      fs/f2fs/lz4armv8/lz4armv8.o
2026-08-19T13:00:31.3511262Z   AR      fs/f2fs/built-in.a
2026-08-19T13:00:31.3740048Z   CC      fs/erofs/super.o
2026-08-19T13:00:31.6440066Z   CC      kernel/scs.o
2026-08-19T13:00:32.1478769Z   CC      block/blk-mq-virtio.o
2026-08-19T13:00:32.4269955Z   CC      kernel/cfi.o
2026-08-19T13:00:32.7224702Z   CC      fs/erofs/inode.o
2026-08-19T13:00:33.1410269Z   CC      kernel/jump_label.o
2026-08-19T13:00:33.5799775Z   CC      block/blk-zoned.o
2026-08-19T13:00:33.7809988Z   CC      fs/erofs/data.o
2026-08-19T13:00:34.0340749Z   CC      io_uring/xattr.o
2026-08-19T13:00:34.2229874Z   CC      kernel/context_tracking.o
2026-08-19T13:00:34.8080009Z   CC      fs/erofs/namei.o
2026-08-19T13:00:35.0763174Z   CC      block/blk-mq-debugfs.o
2026-08-19T13:00:35.1034648Z   CC      io_uring/nop.o
2026-08-19T13:00:35.6039879Z   CC      kernel/iomem.o
2026-08-19T13:00:35.8590083Z   CC      fs/erofs/dir.o
2026-08-19T13:00:36.1379889Z   CC      io_uring/fs.o
2026-08-19T13:00:36.6404108Z   CC      block/blk-mq-debugfs-zoned.o
2026-08-19T13:00:36.8309681Z   GZIP    kernel/config_data.gz
2026-08-19T13:00:36.8409540Z   CC      fs/erofs/utils.o
2026-08-19T13:00:36.8640720Z   CC      kernel/configs.o
2026-08-19T13:00:37.2689839Z   CC      io_uring/splice.o
2026-08-19T13:00:37.3499699Z   AR      kernel/built-in.a
2026-08-19T13:00:37.3709660Z   CC      fs/erofs/pcpubuf.o
2026-08-19T13:00:37.5710005Z   CC      block/blk-pm.o
2026-08-19T13:00:37.8781836Z   CC      io_uring/sync.o
2026-08-19T13:00:38.3630059Z   CC      fs/open.o
2026-08-19T13:00:38.3779847Z   CC      fs/erofs/sysfs.o
2026-08-19T13:00:38.9609962Z   CC      block/blk-crypto.o
2026-08-19T13:00:38.9761346Z   CC      io_uring/advise.o
2026-08-19T13:00:39.4100045Z   CC      fs/erofs/xattr.o
2026-08-19T13:00:40.0830133Z   CC      io_uring/filetable.o
2026-08-19T13:00:40.1847650Z   AS      arch/arm64/lib/clear_page.o
2026-08-19T13:00:40.4309364Z   CC      fs/erofs/decompressor.o
2026-08-19T13:00:40.4401280Z   CC      block/blk-crypto-profile.o
2026-08-19T13:00:40.6269905Z   AS      arch/arm64/lib/clear_user.o
2026-08-19T13:00:41.0710225Z   AS      arch/arm64/lib/copy_from_user.o
2026-08-19T13:00:41.4857819Z   CC      fs/erofs/zmap.o
2026-08-19T13:00:41.4929670Z   AS      arch/arm64/lib/copy_page.o
2026-08-19T13:00:41.5030037Z   CC      io_uring/openclose.o
2026-08-19T13:00:41.9145863Z   AS      arch/arm64/lib/copy_to_user.o
2026-08-19T13:00:41.9187990Z   CC      block/blk-crypto-sysfs.o
2026-08-19T13:00:42.3310007Z   CC      arch/arm64/lib/csum.o
2026-08-19T13:00:42.5999984Z   CC      fs/erofs/zdata.o
2026-08-19T13:00:42.9251880Z   CC      block/blk-crypto-fallback.o
2026-08-19T13:00:42.9547367Z   CC      io_uring/uring_cmd.o
2026-08-19T13:00:43.0609888Z   CC      arch/arm64/lib/delay.o
2026-08-19T13:00:44.0469980Z   CC      block/holder.o
2026-08-19T13:00:44.0600202Z   AR      fs/erofs/built-in.a
2026-08-19T13:00:44.0729670Z   CC      fs/read_write.o
2026-08-19T13:00:44.1120025Z   CC      arch/arm64/lib/insn.o
2026-08-19T13:00:44.9459954Z   CC      io_uring/epoll.o
2026-08-19T13:00:45.0379849Z   AS      arch/arm64/lib/memchr.o
2026-08-19T13:00:45.3945160Z   AR      block/built-in.a
2026-08-19T13:00:45.4109774Z   CC      fs/file_table.o
2026-08-19T13:00:45.4539940Z   AS      arch/arm64/lib/memcmp.o
2026-08-19T13:00:45.8615304Z   AS      arch/arm64/lib/memcpy.o
2026-08-19T13:00:45.8657333Z   CC      fs/super.o
2026-08-19T13:00:46.1243334Z   CC      io_uring/statx.o
2026-08-19T13:00:46.2969922Z   AS      arch/arm64/lib/memset.o
2026-08-19T13:00:46.7219837Z   AS      arch/arm64/lib/strchr.o
2026-08-19T13:00:47.0417062Z   CC      lib/kunit/test.o
2026-08-19T13:00:47.1313901Z   AS      arch/arm64/lib/strcmp.o
2026-08-19T13:00:47.1739930Z   CC      io_uring/net.o
2026-08-19T13:00:47.5082476Z   CC      fs/char_dev.o
2026-08-19T13:00:47.5269935Z   AS      arch/arm64/lib/strlen.o
2026-08-19T13:00:47.9499800Z   AS      arch/arm64/lib/strncmp.o
2026-08-19T13:00:48.1129987Z   CC      lib/kunit/resource.o
2026-08-19T13:00:48.4039894Z   AS      arch/arm64/lib/strnlen.o
2026-08-19T13:00:48.7522943Z   CC      io_uring/msg_ring.o
2026-08-19T13:00:48.8356327Z   AS      arch/arm64/lib/strrchr.o
2026-08-19T13:00:48.9250043Z   CC      fs/stat.o
2026-08-19T13:00:49.1249716Z   CC      lib/kunit/string-stream.o
2026-08-19T13:00:49.2950105Z   AS      arch/arm64/lib/tishift.o
2026-08-19T13:00:49.7379854Z   AS      arch/arm64/lib/crc32.o
2026-08-19T13:00:49.8533332Z   AS      arch/arm64/lib/mte.o
2026-08-19T13:00:49.8609747Z   CC      lib/kunit/assert.o
2026-08-19T13:00:49.9753525Z   AR      arch/arm64/lib/lib.a
2026-08-19T13:00:49.9879349Z   AR      arch/arm64/lib/built-in.a
2026-08-19T13:00:50.0065497Z   CC      lib/math/div64.o
2026-08-19T13:00:50.1169950Z   CC      io_uring/timeout.o
2026-08-19T13:00:50.3019960Z   CC      lib/math/gcd.o
2026-08-19T13:00:50.5682100Z   CC      fs/exec.o
2026-08-19T13:00:50.5869924Z   CC      lib/math/lcm.o
2026-08-19T13:00:50.7134198Z   CC      lib/math/int_pow.o
2026-08-19T13:00:50.8409921Z   CC      lib/math/int_sqrt.o
2026-08-19T13:00:50.8532021Z   CC      lib/kunit/try-catch.o
2026-08-19T13:00:51.0950076Z   CC      lib/math/reciprocal_div.o
2026-08-19T13:00:51.2539847Z   CC      io_uring/sqpoll.o
2026-08-19T13:00:51.3700114Z   CC      lib/math/rational.o
2026-08-19T13:00:51.9209853Z   CC      lib/kunit/executor.o
2026-08-19T13:00:52.3679953Z   CC      io_uring/fdinfo.o
2026-08-19T13:00:52.3829739Z   AR      lib/math/built-in.a
2026-08-19T13:00:52.4129786Z   CC      drivers/irqchip/irqchip.o
2026-08-19T13:00:52.6215509Z   CC      fs/pipe.o
2026-08-19T13:00:52.6769980Z   CC      lib/kunit/debugfs.o
2026-08-19T13:00:53.3999821Z   AR      lib/kunit/built-in.a
2026-08-19T13:00:53.4269781Z   CC      lib/crypto/memneq.o
2026-08-19T13:00:53.6606329Z   CC      drivers/irqchip/irq-sun6i-r.o
2026-08-19T13:00:53.7911572Z   CC      io_uring/tctx.o
2026-08-19T13:00:54.3479732Z   CC      fs/namei.o
2026-08-19T13:00:54.4249837Z   CC      lib/crypto/utils.o
2026-08-19T13:00:54.5290124Z   CC      drivers/irqchip/irq-sunxi-nmi.o
2026-08-19T13:00:54.9209886Z   CC      io_uring/poll.o
2026-08-19T13:00:55.4011241Z   CC      drivers/irqchip/irq-gic.o
2026-08-19T13:00:55.4229954Z   CC      lib/crypto/chacha.o
2026-08-19T13:00:55.7349828Z   CC      lib/crypto/libchacha.o
2026-08-19T13:00:56.0970007Z   CC      io_uring/cancel.o
2026-08-19T13:00:56.4713739Z   CC      drivers/irqchip/irq-gic-common.o
2026-08-19T13:00:56.5469947Z   CC      fs/fcntl.o
2026-08-19T13:00:56.8089845Z   CC      lib/crypto/aes.o
2026-08-19T13:00:57.1848183Z   CC      drivers/irqchip/irq-gic-v2m.o
2026-08-19T13:00:57.2071712Z   CC      io_uring/kbuf.o
2026-08-19T13:00:57.9739854Z   CC      lib/crypto/blake2s.o
2026-08-19T13:00:58.1380421Z   CC      fs/ioctl.o
2026-08-19T13:00:58.1859923Z   CC      drivers/irqchip/irq-gic-v3.o
2026-08-19T13:00:58.3989781Z   CC      io_uring/rsrc.o
2026-08-19T13:00:58.9369836Z   CC      lib/crypto/blake2s-generic.o
2026-08-19T13:00:59.7777904Z   CC      fs/readdir.o
2026-08-19T13:00:59.7950046Z   CC      drivers/irqchip/irq-gic-v3-mbi.o
2026-08-19T13:01:00.0543708Z   CC      io_uring/rw.o
2026-08-19T13:01:00.0779772Z   CC      lib/crypto/chacha20poly1305.o
2026-08-19T13:01:00.7910065Z   CC      drivers/irqchip/irq-gic-v3-its.o
2026-08-19T13:01:01.3439948Z   CC      fs/select.o
2026-08-19T13:01:01.4120757Z   CC      lib/crypto/curve25519-hacl64.o
2026-08-19T13:01:01.6800720Z   CC      io_uring/opdef.o
2026-08-19T13:01:02.6660914Z   CC      drivers/irqchip/irq-gic-v3-its-platform-msi.o
2026-08-19T13:01:03.0572061Z   CC      io_uring/notif.o
2026-08-19T13:01:03.5122216Z   CC      drivers/irqchip/irq-gic-v4.o
2026-08-19T13:01:03.6200150Z   CC      fs/dcache.o
2026-08-19T13:01:04.1770109Z   CC      lib/crypto/curve25519-generic.o
2026-08-19T13:01:04.2469723Z   CC      drivers/irqchip/irq-gic-v3-its-pci-msi.o
2026-08-19T13:01:04.3919709Z   CC      io_uring/io-wq.o
2026-08-19T13:01:05.1360266Z   CC      lib/crypto/curve25519.o
2026-08-19T13:01:05.2315728Z   CC      drivers/irqchip/irq-partition-percpu.o
2026-08-19T13:01:05.2752604Z   CC      fs/inode.o
2026-08-19T13:01:05.6490259Z   AR      io_uring/built-in.a
2026-08-19T13:01:05.6631512Z   CC      fs/attr.o
2026-08-19T13:01:05.8352431Z   CC      lib/crypto/des.o
2026-08-19T13:01:06.1360096Z   CC      drivers/irqchip/irq-mbigen.o
2026-08-19T13:01:06.9549918Z   CC      fs/bad_inode.o
2026-08-19T13:01:07.0280016Z   AR      drivers/irqchip/built-in.a
2026-08-19T13:01:07.0349452Z   CC      lib/crypto/poly1305-donna64.o
2026-08-19T13:01:07.0642251Z   AR      drivers/bus/mhi/host/built-in.a
2026-08-19T13:01:07.0789352Z   AR      drivers/bus/mhi/ep/built-in.a
2026-08-19T13:01:07.0906010Z   AR      drivers/bus/mhi/built-in.a
2026-08-19T13:01:07.1029790Z   CC      drivers/bus/qcom-ebi2.o
2026-08-19T13:01:07.2462634Z   CC      sound/core/sound.o
2026-08-19T13:01:07.7549572Z   CC      lib/crypto/poly1305.o
2026-08-19T13:01:07.9320004Z   CC      drivers/bus/simple-pm-bus.o
2026-08-19T13:01:07.9450054Z   CC      fs/file.o
2026-08-19T13:01:08.3059937Z   CC      sound/core/init.o
2026-08-19T13:01:08.6710307Z   AR      drivers/bus/built-in.a
2026-08-19T13:01:08.7001227Z   AR      drivers/phy/allwinner/built-in.a
2026-08-19T13:01:08.7238167Z   AR      drivers/phy/amlogic/built-in.a
2026-08-19T13:01:08.7453700Z   AR      drivers/phy/broadcom/built-in.a
2026-08-19T13:01:08.7562623Z   CC      lib/crypto/sha1.o
2026-08-19T13:01:08.7665008Z   AR      drivers/phy/cadence/built-in.a
2026-08-19T13:01:08.7851872Z   AR      drivers/phy/freescale/built-in.a
2026-08-19T13:01:08.8035367Z   AR      drivers/phy/hisilicon/built-in.a
2026-08-19T13:01:08.8239374Z   AR      drivers/phy/ingenic/built-in.a
2026-08-19T13:01:08.8385690Z   AR      drivers/phy/intel/built-in.a
2026-08-19T13:01:08.8589766Z   AR      drivers/phy/lantiq/built-in.a
2026-08-19T13:01:08.8740258Z   AR      drivers/phy/marvell/built-in.a
2026-08-19T13:01:08.8920213Z   AR      drivers/phy/mediatek/built-in.a
2026-08-19T13:01:08.9054540Z   AR      drivers/phy/microchip/built-in.a
2026-08-19T13:01:08.9220343Z   AR      drivers/phy/motorola/built-in.a
2026-08-19T13:01:08.9367061Z   AR      drivers/phy/mscc/built-in.a
2026-08-19T13:01:08.9527103Z   AR      drivers/phy/qualcomm/built-in.a
2026-08-19T13:01:08.9682254Z   AR      drivers/phy/ralink/built-in.a
2026-08-19T13:01:08.9845986Z   AR      drivers/phy/renesas/built-in.a
2026-08-19T13:01:09.0032237Z   AR      drivers/phy/rockchip/built-in.a
2026-08-19T13:01:09.0207194Z   AR      drivers/phy/samsung/built-in.a
2026-08-19T13:01:09.0370449Z   AR      drivers/phy/socionext/built-in.a
2026-08-19T13:01:09.0537796Z   AR      drivers/phy/st/built-in.a
2026-08-19T13:01:09.0720654Z   AR      drivers/phy/sunplus/built-in.a
2026-08-19T13:01:09.0884946Z   AR      drivers/phy/tegra/built-in.a
2026-08-19T13:01:09.1045433Z   AR      drivers/phy/ti/built-in.a
2026-08-19T13:01:09.1229964Z   AR      drivers/phy/xilinx/built-in.a
2026-08-19T13:01:09.1340056Z   CC      drivers/phy/phy-core.o
2026-08-19T13:01:09.6669829Z   CC      sound/core/memory.o
2026-08-19T13:01:09.7719793Z   CC      lib/crypto/sha256.o
2026-08-19T13:01:10.1350008Z   CC      fs/filesystems.o
2026-08-19T13:01:10.7051948Z   CC      drivers/phy/phy-core-mipi-dphy.o
2026-08-19T13:01:10.8530012Z   CC      sound/core/control.o
2026-08-19T13:01:10.8700008Z   AR      lib/crypto/built-in.a
2026-08-19T13:01:10.8942120Z   CC      lib/zlib_inflate/inffast.o
2026-08-19T13:01:11.1197351Z   CC      lib/zlib_inflate/inflate.o
2026-08-19T13:01:11.4641058Z   CC      lib/zlib_inflate/infutil.o
2026-08-19T13:01:11.5180015Z   CC      fs/namespace.o
2026-08-19T13:01:12.0909062Z   CC      lib/zlib_inflate/inftrees.o
2026-08-19T13:01:12.1099925Z   AR      drivers/phy/built-in.a
2026-08-19T13:01:12.1376241Z   AR      drivers/pinctrl/actions/built-in.a
2026-08-19T13:01:12.1520394Z   AR      drivers/pinctrl/bcm/built-in.a
2026-08-19T13:01:12.1669775Z   AR      drivers/pinctrl/cirrus/built-in.a
2026-08-19T13:01:12.1839892Z   AR      drivers/pinctrl/freescale/built-in.a
2026-08-19T13:01:12.1954220Z   AR      drivers/pinctrl/mediatek/built-in.a
2026-08-19T13:01:12.2122736Z   AR      drivers/pinctrl/mvebu/built-in.a
2026-08-19T13:01:12.2299834Z   AR      drivers/pinctrl/nomadik/built-in.a
2026-08-19T13:01:12.2414578Z   AR      drivers/pinctrl/nuvoton/built-in.a
2026-08-19T13:01:12.2579587Z   AR      drivers/pinctrl/qcom/built-in.a
2026-08-19T13:01:12.2729560Z   AR      drivers/pinctrl/sprd/built-in.a
2026-08-19T13:01:12.2879957Z   AR      drivers/pinctrl/sunplus/built-in.a
2026-08-19T13:01:12.3030037Z   AR      drivers/pinctrl/ti/built-in.a
2026-08-19T13:01:12.3099588Z   CC      drivers/pinctrl/core.o
2026-08-19T13:01:12.3408598Z   CC      lib/zlib_inflate/inflate_syms.o
2026-08-19T13:01:12.6280315Z   CC      sound/core/misc.o
2026-08-19T13:01:13.3174850Z   AR      lib/zlib_inflate/built-in.a
2026-08-19T13:01:13.3388591Z   CC      lib/zlib_deflate/deflate.o
2026-08-19T13:01:13.7799793Z   CC      drivers/pinctrl/pinctrl-utils.o
2026-08-19T13:01:13.8036709Z   CC      fs/seq_file.o
2026-08-19T13:01:13.9639873Z   CC      sound/core/device.o
2026-08-19T13:01:14.1048362Z   CC      lib/zlib_deflate/deftree.o
2026-08-19T13:01:14.4916030Z   CC      lib/zlib_deflate/deflate_syms.o
2026-08-19T13:01:14.8366566Z   CC      drivers/pinctrl/pinmux.o
2026-08-19T13:01:15.0299961Z   CC      sound/core/info.o
2026-08-19T13:01:15.0788976Z   CC      fs/xattr.o
2026-08-19T13:01:15.4259979Z   AR      lib/zlib_deflate/built-in.a
2026-08-19T13:01:15.4438067Z   CC      lib/reed_solomon/reed_solomon.o
2026-08-19T13:01:15.9298693Z   CC      drivers/pinctrl/pinconf.o
2026-08-19T13:01:16.3220044Z   CC      sound/core/vmaster.o
2026-08-19T13:01:16.5169835Z   AR      lib/reed_solomon/built-in.a
2026-08-19T13:01:16.5404746Z   CC      lib/lzo/lzo1x_compress.o
2026-08-19T13:01:16.6970368Z   CC      drivers/pinctrl/pinconf-generic.o
2026-08-19T13:01:16.7119858Z   CC      fs/libfs.o
2026-08-19T13:01:17.4439894Z   CC      sound/core/ctljack.o
2026-08-19T13:01:17.5565936Z   CC      lib/lzo/lzo1x_decompress_safe.o
2026-08-19T13:01:17.7899159Z   CC      drivers/pinctrl/devicetree.o
2026-08-19T13:01:18.1720014Z   CC      sound/core/jack.o
2026-08-19T13:01:18.3890185Z   CC      fs/fs-writeback.o
2026-08-19T13:01:18.5389972Z   AR      lib/lzo/built-in.a
2026-08-19T13:01:18.5583698Z   CC      lib/lz4/lz4_compress.o
2026-08-19T13:01:18.8830097Z   CC      drivers/pinctrl/pinctrl-single.o
2026-08-19T13:01:19.4330158Z   CC      sound/core/hwdep.o
2026-08-19T13:01:19.7051341Z   CC      lib/lz4/lz4hc_compress.o
2026-08-19T13:01:19.9279969Z   AR      drivers/pinctrl/built-in.a
2026-08-19T13:01:19.9490006Z   CC      drivers/gpio/gpiolib.o
2026-08-19T13:01:20.6729871Z   CC      sound/core/timer.o
2026-08-19T13:01:20.8739802Z   CC      lib/lz4/lz4_decompress.o
2026-08-19T13:01:20.9256851Z   CC      fs/pnode.o
2026-08-19T13:01:21.7148349Z   CC      fs/splice.o
2026-08-19T13:01:21.9806412Z   CC      drivers/gpio/gpiolib-devres.o
2026-08-19T13:01:21.9988484Z   AR      lib/lz4/built-in.a
2026-08-19T13:01:22.0219886Z   CC      lib/zstd/zstd_compress_module.o
2026-08-19T13:01:22.2720033Z   CC      sound/core/hrtimer.o
2026-08-19T13:01:23.0430069Z   CC      lib/zstd/compress/fse_compress.o
2026-08-19T13:01:23.0897038Z   CC      sound/core/pcm.o
2026-08-19T13:01:23.2150088Z   CC      drivers/gpio/gpiolib-legacy.o
2026-08-19T13:01:23.2455822Z   CC      lib/zstd/compress/hist.o
2026-08-19T13:01:23.3670463Z   CC      lib/zstd/compress/huf_compress.o
2026-08-19T13:01:23.5399895Z   CC      fs/sync.o
2026-08-19T13:01:23.5889601Z   CC      lib/zstd/compress/zstd_compress.o
2026-08-19T13:01:24.2800114Z   CC      lib/zstd/compress/zstd_compress_literals.o
2026-08-19T13:01:24.3950099Z   CC      drivers/gpio/gpiolib-of.o
2026-08-19T13:01:24.4329762Z   CC      sound/core/pcm_native.o
2026-08-19T13:01:24.4470369Z   CC      lib/zstd/compress/zstd_compress_sequences.o
2026-08-19T13:01:24.6400064Z   CC      lib/zstd/compress/zstd_compress_superblock.o
2026-08-19T13:01:24.8791968Z   CC      lib/zstd/compress/zstd_double_fast.o
2026-08-19T13:01:25.0280055Z   CC      fs/utimes.o
2026-08-19T13:01:25.3489973Z   CC      lib/zstd/compress/zstd_fast.o
2026-08-19T13:01:25.6727021Z   CC      drivers/gpio/gpiolib-cdev.o
2026-08-19T13:01:25.6980001Z   CC      lib/zstd/compress/zstd_lazy.o
2026-08-19T13:01:26.0701182Z   CC      fs/d_path.o
2026-08-19T13:01:26.4755878Z   CC      sound/core/pcm_lib.o
2026-08-19T13:01:26.6890126Z   CC      lib/zstd/compress/zstd_ldm.o
2026-08-19T13:01:26.9269991Z   CC      lib/zstd/compress/zstd_opt.o
2026-08-19T13:01:27.1140048Z   CC      drivers/gpio/gpio-mmio.o
2026-08-19T13:01:27.2430023Z   CC      lib/zstd/zstd_decompress_module.o
2026-08-19T13:01:27.5045353Z   CC      fs/stack.o
2026-08-19T13:01:28.0779925Z   CC      sound/core/pcm_misc.o
2026-08-19T13:01:28.2384725Z   CC      lib/zstd/decompress/huf_decompress.o
2026-08-19T13:01:28.3819949Z   CC      drivers/gpio/gpio-pl061.o
2026-08-19T13:01:28.4795009Z   CC      fs/fs_struct.o
2026-08-19T13:01:28.6240035Z   CC      lib/zstd/decompress/zstd_ddict.o
2026-08-19T13:01:28.7510259Z   CC      lib/zstd/decompress/zstd_decompress.o
2026-08-19T13:01:29.0510014Z   CC      lib/zstd/decompress/zstd_decompress_block.o
2026-08-19T13:01:29.3149736Z   CC      sound/core/pcm_memory.o
2026-08-19T13:01:29.4399735Z   AR      drivers/gpio/built-in.a
2026-08-19T13:01:29.4609814Z   CC      drivers/pwm/core.o
2026-08-19T13:01:29.5000002Z   CC      fs/statfs.o
2026-08-19T13:01:29.7920297Z   CC      lib/zstd/common/debug.o
2026-08-19T13:01:29.8702565Z   CC      lib/zstd/common/entropy_common.o
2026-08-19T13:01:30.6256611Z   CC      sound/core/memalloc.o
2026-08-19T13:01:30.9404457Z   CC      lib/zstd/common/error_private.o
2026-08-19T13:01:30.9418071Z   CC      fs/fs_pin.o
2026-08-19T13:01:31.0190026Z   CC      drivers/pwm/sysfs.o
2026-08-19T13:01:31.0480085Z   CC      lib/zstd/common/fse_decompress.o
2026-08-19T13:01:31.3149728Z   CC      lib/zstd/common/zstd_common.o
2026-08-19T13:01:31.6670734Z   CC      fs/nsfs.o
2026-08-19T13:01:31.8099763Z   AR      drivers/pwm/built-in.a
2026-08-19T13:01:31.8399931Z   CC      drivers/pci/msi/pcidev_msi.o
2026-08-19T13:01:32.0330310Z   CC      sound/core/pcm_timer.o
2026-08-19T13:01:32.3279470Z   AR      lib/zstd/built-in.a
2026-08-19T13:01:32.3510100Z   CC      lib/xz/xz_dec_syms.o
2026-08-19T13:01:32.7648368Z   CC      drivers/pci/msi/msi.o
2026-08-19T13:01:32.8360028Z   CC      fs/fs_types.o
2026-08-19T13:01:32.9269921Z   CC      sound/core/pcm_drm_eld.o
2026-08-19T13:01:33.3640079Z   CC      lib/xz/xz_dec_stream.o
2026-08-19T13:01:33.7400260Z   CC      fs/fs_context.o
2026-08-19T13:01:34.0236479Z   CC      lib/xz/xz_dec_lzma2.o
2026-08-19T13:01:34.1861703Z   CC      sound/core/pcm_iec958.o
2026-08-19T13:01:34.2112392Z   CC      drivers/pci/msi/irqdomain.o
2026-08-19T13:01:34.7279161Z   CC      lib/xz/xz_dec_bcj.o
2026-08-19T13:01:35.2423104Z   CC      fs/fs_parser.o
2026-08-19T13:01:35.4002605Z   AR      lib/xz/built-in.a
2026-08-19T13:01:35.4203739Z   CC      lib/mpi/generic_mpih-lshift.o
2026-08-19T13:01:35.4531368Z   CC      sound/core/pcm_dmaengine.o
2026-08-19T13:01:35.6041488Z   AR      drivers/pci/msi/built-in.a
2026-08-19T13:01:35.6239753Z   CC      drivers/pci/pcie/portdrv_core.o
2026-08-19T13:01:36.2590053Z   CC      lib/mpi/generic_mpih-mul1.o
2026-08-19T13:01:36.3640013Z   CC      fs/fsopen.o
2026-08-19T13:01:36.8701191Z   CC      sound/core/rawmidi.o
2026-08-19T13:01:37.0430132Z   CC      drivers/pci/pcie/portdrv_pci.o
2026-08-19T13:01:37.0780063Z   CC      lib/mpi/generic_mpih-mul2.o
2026-08-19T13:01:37.3613759Z   CC      fs/init.o
2026-08-19T13:01:37.8950746Z   CC      lib/mpi/generic_mpih-mul3.o
2026-08-19T13:01:37.9826391Z   CC      drivers/pci/pcie/rcec.o
2026-08-19T13:01:38.1804766Z   CC      fs/kernel_read_file.o
2026-08-19T13:01:38.4895243Z   CC      sound/core/compress_offload.o
2026-08-19T13:01:38.7140134Z   CC      lib/mpi/generic_mpih-rshift.o
2026-08-19T13:01:38.9139808Z   CC      drivers/pci/pcie/aspm.o
2026-08-19T13:01:39.3549841Z   CC      fs/remap_range.o
2026-08-19T13:01:39.5140824Z   CC      lib/mpi/generic_mpih-sub1.o
2026-08-19T13:01:39.8999805Z   AR      sound/core/built-in.a
2026-08-19T13:01:39.9249977Z   AR      sound/i2c/other/built-in.a
2026-08-19T13:01:39.9339622Z   AR      sound/i2c/built-in.a
2026-08-19T13:01:39.9549997Z   AR      sound/drivers/opl3/built-in.a
2026-08-19T13:01:39.9699800Z   AR      sound/drivers/opl4/built-in.a
2026-08-19T13:01:39.9849762Z   AR      sound/drivers/mpu401/built-in.a
2026-08-19T13:01:39.9999720Z   AR      sound/drivers/vx/built-in.a
2026-08-19T13:01:40.0129763Z   AR      sound/drivers/pcsp/built-in.a
2026-08-19T13:01:40.0209646Z   AR      sound/drivers/built-in.a
2026-08-19T13:01:40.0469729Z   AR      sound/isa/ad1816a/built-in.a
2026-08-19T13:01:40.0589628Z   AR      sound/isa/ad1848/built-in.a
2026-08-19T13:01:40.0739642Z   AR      sound/isa/cs423x/built-in.a
2026-08-19T13:01:40.0879694Z   AR      sound/isa/es1688/built-in.a
2026-08-19T13:01:40.1019811Z   AR      sound/isa/galaxy/built-in.a
2026-08-19T13:01:40.1169660Z   AR      sound/isa/gus/built-in.a
2026-08-19T13:01:40.1339740Z   AR      sound/isa/msnd/built-in.a
2026-08-19T13:01:40.1459591Z   AR      sound/isa/opti9xx/built-in.a
2026-08-19T13:01:40.1609707Z   AR      sound/isa/sb/built-in.a
2026-08-19T13:01:40.1759764Z   AR      sound/isa/wavefront/built-in.a
2026-08-19T13:01:40.1909812Z   AR      sound/isa/wss/built-in.a
2026-08-19T13:01:40.1999617Z   AR      sound/isa/built-in.a
2026-08-19T13:01:40.2240204Z   AR      sound/pci/ac97/built-in.a
2026-08-19T13:01:40.2379781Z   AR      sound/pci/ali5451/built-in.a
2026-08-19T13:01:40.2524059Z   AR      sound/pci/asihpi/built-in.a
2026-08-19T13:01:40.2656449Z   AR      sound/pci/au88x0/built-in.a
2026-08-19T13:01:40.2809668Z   AR      sound/pci/aw2/built-in.a
2026-08-19T13:01:40.2944992Z   AR      sound/pci/ctxfi/built-in.a
2026-08-19T13:01:40.3109933Z   AR      sound/pci/ca0106/built-in.a
2026-08-19T13:01:40.3259583Z   AR      sound/pci/cs46xx/built-in.a
2026-08-19T13:01:40.3404399Z   CC      drivers/pci/pcie/aer.o
2026-08-19T13:01:40.3442282Z   AR      sound/pci/cs5535audio/built-in.a
2026-08-19T13:01:40.3620059Z   AR      sound/pci/lola/built-in.a
2026-08-19T13:01:40.3774145Z   CC      lib/mpi/generic_mpih-add1.o
2026-08-19T13:01:40.3783189Z   AR      sound/pci/lx6464es/built-in.a
2026-08-19T13:01:40.3960993Z   AR      sound/pci/echoaudio/built-in.a
2026-08-19T13:01:40.4120472Z   AR      sound/pci/emu10k1/built-in.a
2026-08-19T13:01:40.4309954Z   AR      sound/pci/hda/built-in.a
2026-08-19T13:01:40.4442386Z   AR      sound/pci/ice1712/built-in.a
2026-08-19T13:01:40.4586843Z   AR      sound/pci/korg1212/built-in.a
2026-08-19T13:01:40.4748043Z   AR      sound/pci/mixart/built-in.a
2026-08-19T13:01:40.4898439Z   AR      sound/pci/nm256/built-in.a
2026-08-19T13:01:40.5057014Z   AR      sound/pci/oxygen/built-in.a
2026-08-19T13:01:40.5202806Z   AR      sound/pci/pcxhr/built-in.a
2026-08-19T13:01:40.5369677Z   AR      sound/pci/riptide/built-in.a
2026-08-19T13:01:40.5488167Z   AR      sound/pci/rme9652/built-in.a
2026-08-19T13:01:40.5655553Z   AR      sound/pci/trident/built-in.a
2026-08-19T13:01:40.5789583Z   AR      sound/pci/ymfpci/built-in.a
2026-08-19T13:01:40.5954451Z   AR      sound/pci/vx222/built-in.a
2026-08-19T13:01:40.6019012Z   AR      sound/pci/built-in.a
2026-08-19T13:01:40.6190965Z   AR      sound/ppc/built-in.a
2026-08-19T13:01:40.6314141Z   AR      sound/arm/built-in.a
2026-08-19T13:01:40.6449560Z   AR      sound/sh/built-in.a
2026-08-19T13:01:40.6610290Z   AR      sound/synth/built-in.a
2026-08-19T13:01:40.6829144Z   AR      sound/usb/misc/built-in.a
2026-08-19T13:01:40.6973032Z   AR      sound/usb/usx2y/built-in.a
2026-08-19T13:01:40.7142133Z   AR      sound/usb/caiaq/built-in.a
2026-08-19T13:01:40.7349838Z   AR      sound/usb/6fire/built-in.a
2026-08-19T13:01:40.7493942Z   AR      sound/usb/hiface/built-in.a
2026-08-19T13:01:40.7771828Z   AR      sound/usb/bcd2000/built-in.a
2026-08-19T13:01:40.7888607Z   CC      sound/usb/card.o
2026-08-19T13:01:40.8746340Z   CC      fs/susfs.o
2026-08-19T13:01:41.2028598Z   CC      lib/mpi/ec.o
2026-08-19T13:01:41.8409989Z   CC      drivers/pci/pcie/err.o
2026-08-19T13:01:42.3647746Z   CC      sound/usb/clock.o
2026-08-19T13:01:42.5227074Z   CC      lib/mpi/mpicoder.o
2026-08-19T13:01:42.7389617Z   CC      drivers/pci/pcie/pme.o
2026-08-19T13:01:42.9500051Z   CC      fs/buffer.o
2026-08-19T13:01:43.3379656Z   CC      sound/usb/endpoint.o
2026-08-19T13:01:43.6518077Z   AR      drivers/pci/pcie/built-in.a
2026-08-19T13:01:43.6905961Z   AR      drivers/pci/endpoint/functions/built-in.a
2026-08-19T13:01:43.7070755Z   CC      drivers/pci/endpoint/pci-epc-core.o
2026-08-19T13:01:43.7880046Z   CC      lib/mpi/mpi-add.o
2026-08-19T13:01:44.9020198Z   CC      sound/usb/format.o
2026-08-19T13:01:45.0089480Z   CC      lib/mpi/mpi-bit.o
2026-08-19T13:01:45.1205918Z   CC      drivers/pci/endpoint/pci-epf-core.o
2026-08-19T13:01:45.1880008Z   CC      fs/direct-io.o
2026-08-19T13:01:45.8624389Z   CC      sound/usb/helper.o
2026-08-19T13:01:46.2700074Z   CC      lib/mpi/mpi-cmp.o
2026-08-19T13:01:46.4680596Z   CC      drivers/pci/endpoint/pci-epc-mem.o
2026-08-19T13:01:46.6699814Z   CC      sound/usb/implicit.o
2026-08-19T13:01:46.7183097Z   CC      fs/mpage.o
2026-08-19T13:01:47.4849954Z   CC      lib/mpi/mpi-sub-ui.o
2026-08-19T13:01:47.6580040Z   CC      sound/usb/mixer.o
2026-08-19T13:01:47.7930016Z   AR      drivers/pci/endpoint/built-in.a
2026-08-19T13:01:47.8208772Z   CC      drivers/pci/controller/dwc/pcie-designware.o
2026-08-19T13:01:48.2960186Z   CC      fs/proc_namespace.o
2026-08-19T13:01:48.6880161Z   CC      lib/mpi/mpi-div.o
2026-08-19T13:01:48.9376179Z   CC      sound/usb/mixer_quirks.o
2026-08-19T13:01:49.1449480Z   CC      fs/eventpoll.o
2026-08-19T13:01:49.2946749Z   CC      drivers/pci/controller/dwc/pcie-designware-host.o
2026-08-19T13:01:49.5490265Z   CC      lib/mpi/mpi-inv.o
2026-08-19T13:01:50.0490077Z   CC      sound/usb/mixer_scarlett.o
2026-08-19T13:01:50.7459944Z   CC      lib/mpi/mpi-mod.o
2026-08-19T13:01:50.7790239Z   CC      drivers/pci/controller/dwc/pcie-designware-ep.o
2026-08-19T13:01:50.8788626Z   CC      fs/anon_inodes.o
2026-08-19T13:01:50.9219722Z   CC      sound/usb/mixer_scarlett_gen2.o
2026-08-19T13:01:51.5949969Z   CC      lib/mpi/mpi-mul.o
2026-08-19T13:01:52.0850008Z   CC      sound/usb/mixer_us16x08.o
2026-08-19T13:01:52.0940055Z   CC      fs/signalfd.o
2026-08-19T13:01:52.1779992Z   CC      drivers/pci/controller/dwc/pcie-designware-plat.o
2026-08-19T13:01:52.7990504Z   CC      lib/mpi/mpih-cmp.o
2026-08-19T13:01:52.9719869Z   CC      sound/usb/mixer_s1810c.o
2026-08-19T13:01:53.1419449Z   CC      fs/timerfd.o
2026-08-19T13:01:53.1529963Z   CC      drivers/pci/controller/dwc/pcie-qcom.o
2026-08-19T13:01:53.6199185Z   CC      lib/mpi/mpih-div.o
2026-08-19T13:01:53.8739934Z   CC      sound/usb/pcm.o
2026-08-19T13:01:54.2251732Z   CC      fs/eventfd.o
2026-08-19T13:01:54.3579132Z   CC      drivers/pci/controller/dwc/pcie-kirin.o
2026-08-19T13:01:54.4570059Z   CC      lib/mpi/mpih-mul.o
2026-08-19T13:01:55.0109895Z   CC      sound/usb/power.o
2026-08-19T13:01:55.3410008Z   CC      lib/mpi/mpi-pow.o
2026-08-19T13:01:55.5059985Z   AR      drivers/pci/controller/dwc/built-in.a
2026-08-19T13:01:55.5239720Z   AR      drivers/pci/controller/mobiveil/built-in.a
2026-08-19T13:01:55.5359597Z   CC      drivers/pci/controller/pci-host-common.o
2026-08-19T13:01:55.6680016Z   CC      fs/userfaultfd.o
2026-08-19T13:01:56.2178754Z   CC      sound/usb/proc.o
2026-08-19T13:01:56.5949952Z   CC      lib/mpi/mpiutil.o
2026-08-19T13:01:56.8387306Z   CC      drivers/pci/controller/pci-host-generic.o
2026-08-19T13:01:57.0590012Z   CC      fs/aio.o
2026-08-19T13:01:57.1204519Z   CC      sound/usb/quirks.o
2026-08-19T13:01:57.7348985Z   AR      drivers/pci/controller/built-in.a
2026-08-19T13:01:57.7559871Z   AR      drivers/pci/switch/built-in.a
2026-08-19T13:01:57.7669950Z   CC      drivers/pci/access.o
2026-08-19T13:01:57.8170002Z   AR      lib/mpi/built-in.a
2026-08-19T13:01:57.8399728Z   CC      lib/fonts/fonts.o
2026-08-19T13:01:58.1160658Z   CC      sound/usb/stream.o
2026-08-19T13:01:58.7910876Z   CC      lib/fonts/font_8x16.o
2026-08-19T13:01:59.1404849Z   CC      fs/locks.o
2026-08-19T13:01:59.1549927Z   CC      drivers/pci/bus.o
2026-08-19T13:01:59.2088509Z   CC      sound/usb/validate.o
2026-08-19T13:01:59.8282039Z   AR      lib/fonts/built-in.a
2026-08-19T13:01:59.8427414Z   CC      lib/argv_split.o
2026-08-19T13:02:00.0010100Z   CC      sound/usb/media.o
2026-08-19T13:02:00.5219815Z   CC      drivers/pci/probe.o
2026-08-19T13:02:00.5350003Z   CC      lib/bug.o
2026-08-19T13:02:00.9529802Z   CC      sound/usb/midi.o
2026-08-19T13:02:01.0798614Z   CC      fs/binfmt_misc.o
2026-08-19T13:02:01.4679954Z   CC      lib/buildid.o
2026-08-19T13:02:02.1774419Z   CC      drivers/pci/host-bridge.o
2026-08-19T13:02:02.2100045Z   CC      fs/binfmt_script.o
2026-08-19T13:02:02.3824566Z   AR      sound/usb/built-in.a
2026-08-19T13:02:02.3879358Z   CC      lib/clz_tab.o
2026-08-19T13:02:02.4019700Z   AR      sound/firewire/built-in.a
2026-08-19T13:02:02.4209821Z   AR      sound/sparc/built-in.a
2026-08-19T13:02:02.4396061Z   AR      sound/spi/built-in.a
2026-08-19T13:02:02.4564999Z   AR      sound/parisc/built-in.a
2026-08-19T13:02:02.4667068Z   CC      lib/cmdline.o
2026-08-19T13:02:02.4789857Z   AR      sound/pcmcia/vx/built-in.a
2026-08-19T13:02:02.4949875Z   AR      sound/pcmcia/pdaudiocf/built-in.a
2026-08-19T13:02:02.5019567Z   AR      sound/pcmcia/built-in.a
2026-08-19T13:02:02.5199547Z   AR      sound/mips/built-in.a
2026-08-19T13:02:02.5450502Z   AR      sound/soc/codecs/built-in.a
2026-08-19T13:02:02.5629808Z   AR      sound/soc/generic/built-in.a
2026-08-19T13:02:02.5789867Z   AR      sound/soc/apple/built-in.a
2026-08-19T13:02:02.5919547Z   AR      sound/soc/adi/built-in.a
2026-08-19T13:02:02.6089691Z   AR      sound/soc/amd/built-in.a
2026-08-19T13:02:02.6249565Z   AR      sound/soc/atmel/built-in.a
2026-08-19T13:02:02.6387518Z   AR      sound/soc/au1x/built-in.a
2026-08-19T13:02:02.6542536Z   AR      sound/soc/bcm/built-in.a
2026-08-19T13:02:02.6699410Z   AR      sound/soc/cirrus/built-in.a
2026-08-19T13:02:02.6869695Z   AR      sound/soc/dwc/built-in.a
2026-08-19T13:02:02.7071577Z   AR      sound/soc/fsl/built-in.a
2026-08-19T13:02:02.7246885Z   AR      sound/soc/hisilicon/built-in.a
2026-08-19T13:02:02.7399879Z   AR      sound/soc/jz4740/built-in.a
2026-08-19T13:02:02.7549003Z   AR      sound/soc/img/built-in.a
2026-08-19T13:02:02.7770871Z   AR      sound/soc/intel/common/built-in.a
2026-08-19T13:02:02.7949785Z   AR      sound/soc/intel/boards/built-in.a
2026-08-19T13:02:02.7952005Z   CC      lib/cpumask.o
2026-08-19T13:02:02.8025127Z   AR      sound/soc/intel/built-in.a
2026-08-19T13:02:02.8229888Z   AR      sound/soc/mediatek/built-in.a
2026-08-19T13:02:02.8361503Z   AR      sound/soc/meson/built-in.a
2026-08-19T13:02:02.8539638Z   AR      sound/soc/mxs/built-in.a
2026-08-19T13:02:02.8669690Z   AR      sound/soc/kirkwood/built-in.a
2026-08-19T13:02:02.8826090Z   AR      sound/soc/pxa/built-in.a
2026-08-19T13:02:02.8989703Z   AR      sound/soc/qcom/built-in.a
2026-08-19T13:02:02.9139737Z   AR      sound/soc/rockchip/built-in.a
2026-08-19T13:02:02.9279700Z   AR      sound/soc/samsung/built-in.a
2026-08-19T13:02:02.9419847Z   AR      sound/soc/sh/built-in.a
2026-08-19T13:02:02.9570618Z   AR      sound/soc/sof/built-in.a
2026-08-19T13:02:02.9609619Z   CC      fs/binfmt_elf.o
2026-08-19T13:02:02.9729936Z   AR      sound/soc/spear/built-in.a
2026-08-19T13:02:02.9879841Z   AR      sound/soc/sprd/built-in.a
2026-08-19T13:02:03.0029933Z   AR      sound/soc/sti/built-in.a
2026-08-19T13:02:03.0179719Z   AR      sound/soc/stm/built-in.a
2026-08-19T13:02:03.0300114Z   AR      sound/soc/sunxi/built-in.a
2026-08-19T13:02:03.0449683Z   AR      sound/soc/tegra/built-in.a
2026-08-19T13:02:03.0619812Z   AR      sound/soc/ti/built-in.a
2026-08-19T13:02:03.0736399Z   AR      sound/soc/uniphier/built-in.a
2026-08-19T13:02:03.0892567Z   AR      sound/soc/ux500/built-in.a
2026-08-19T13:02:03.1038025Z   AR      sound/soc/xilinx/built-in.a
2026-08-19T13:02:03.1219876Z   AR      sound/soc/xtensa/built-in.a
2026-08-19T13:02:03.1309528Z   CC      sound/soc/soc-core.o
2026-08-19T13:02:03.4820090Z   CC      drivers/pci/remove.o
2026-08-19T13:02:03.9709767Z   CC      lib/ctype.o
2026-08-19T13:02:04.0940390Z   CC      lib/dec_and_lock.o
2026-08-19T13:02:04.2749976Z   CC      fs/compat_binfmt_elf.o
2026-08-19T13:02:04.6049921Z   CC      lib/decompress.o
2026-08-19T13:02:04.7281540Z   CC      lib/decompress_inflate.o
2026-08-19T13:02:04.8122946Z   CC      drivers/pci/pci.o
2026-08-19T13:02:05.3163863Z   CC      sound/soc/soc-dapm.o
2026-08-19T13:02:05.4370180Z   CC      lib/decompress_unlz4.o
2026-08-19T13:02:05.5679913Z   CC      fs/mbcache.o
2026-08-19T13:02:06.1901577Z   CC      lib/decompress_unzstd.o
2026-08-19T13:02:06.6567036Z   CC      fs/posix_acl.o
2026-08-19T13:02:06.8157014Z   CC      drivers/pci/pci-driver.o
2026-08-19T13:02:06.9869972Z   CC      lib/dump_stack.o
2026-08-19T13:02:07.5441959Z   CC      sound/soc/soc-jack.o
2026-08-19T13:02:07.9474031Z   CC      fs/coredump.o
2026-08-19T13:02:08.2359854Z   CC      lib/earlycpio.o
2026-08-19T13:02:08.4630067Z   CC      drivers/pci/search.o
2026-08-19T13:02:08.4645992Z   CC      lib/extable.o
2026-08-19T13:02:09.1970152Z   CC      lib/fdt.o
2026-08-19T13:02:09.2109894Z   CC      sound/soc/soc-utils.o
2026-08-19T13:02:09.3520558Z   CC      lib/fdt_addresses.o
2026-08-19T13:02:09.4760133Z   CC      lib/fdt_empty_tree.o
2026-08-19T13:02:09.6099966Z   CC      lib/fdt_ro.o
2026-08-19T13:02:09.7380429Z   CC      drivers/pci/pci-sysfs.o
2026-08-19T13:02:09.8290043Z   CC      fs/drop_caches.o
2026-08-19T13:02:09.8379789Z   CC      lib/fdt_rw.o
2026-08-19T13:02:10.0611498Z   CC      lib/fdt_strerror.o
2026-08-19T13:02:10.1675336Z   CC      lib/fdt_sw.o
2026-08-19T13:02:10.3576790Z   CC      lib/fdt_wip.o
2026-08-19T13:02:10.4998645Z   CC      lib/flex_proportions.o
2026-08-19T13:02:10.5964501Z   CC      sound/soc/soc-dai.o
2026-08-19T13:02:10.7710140Z   CC      drivers/pci/rom.o
2026-08-19T13:02:10.8049826Z   CC      fs/sysctls.o
2026-08-19T13:02:11.0099828Z   CC      lib/idr.o
2026-08-19T13:02:11.1730153Z   AR      fs/built-in.a
2026-08-19T13:02:11.2015358Z   CC      sound/soc/soc-component.o
2026-08-19T13:02:11.9258752Z   CC      lib/irq_regs.o
2026-08-19T13:02:12.0110351Z   CC      drivers/pci/setup-res.o
2026-08-19T13:02:12.0794241Z   CC      drivers/video/backlight/backlight.o
2026-08-19T13:02:12.3187629Z   CC      lib/is_single_threaded.o
2026-08-19T13:02:12.6866903Z   CC      sound/soc/soc-pcm.o
2026-08-19T13:02:12.9480488Z   CC      lib/klist.o
2026-08-19T13:02:13.2970299Z   CC      drivers/pci/irq.o
2026-08-19T13:02:13.6419989Z   CC      lib/kobject.o
2026-08-19T13:02:13.6482972Z   AR      drivers/video/backlight/built-in.a
2026-08-19T13:02:13.6751324Z   CC      drivers/video/fbdev/core/fb_cmdline.o
2026-08-19T13:02:14.4390841Z   CC      sound/soc/soc-devres.o
2026-08-19T13:02:14.5792514Z   CC      drivers/pci/vpd.o
2026-08-19T13:02:14.6289789Z   CC      lib/kobject_uevent.o
2026-08-19T13:02:15.1680061Z   AR      drivers/video/fbdev/core/built-in.a
2026-08-19T13:02:15.1860002Z   AR      drivers/video/fbdev/omap/built-in.a
2026-08-19T13:02:15.2164335Z   AR      drivers/video/fbdev/omap2/omapfb/dss/built-in.a
2026-08-19T13:02:15.2328477Z   AR      drivers/video/fbdev/omap2/omapfb/displays/built-in.a
2026-08-19T13:02:15.2417992Z   AR      drivers/video/fbdev/omap2/omapfb/built-in.a
2026-08-19T13:02:15.2573862Z   AR      drivers/video/fbdev/omap2/built-in.a
2026-08-19T13:02:15.2674494Z   AR      drivers/video/fbdev/built-in.a
2026-08-19T13:02:15.2809756Z   CC      drivers/video/hdmi.o
2026-08-19T13:02:15.8455860Z   CC      sound/soc/soc-ops.o
2026-08-19T13:02:15.9730041Z   CC      drivers/pci/setup-bus.o
2026-08-19T13:02:16.4239935Z   CC      drivers/video/display_timing.o
2026-08-19T13:02:16.5160079Z   CC      lib/logic_pio.o
2026-08-19T13:02:17.1659993Z   CC      drivers/video/videomode.o
2026-08-19T13:02:17.2390103Z   CC      sound/soc/soc-link.o
2026-08-19T13:02:17.3880015Z   CC      lib/maple_tree.o
2026-08-19T13:02:17.4469825Z   CC      drivers/video/of_display_timing.o
2026-08-19T13:02:17.5509854Z   CC      drivers/pci/vc.o
2026-08-19T13:02:18.3260102Z   CC      drivers/video/of_videomode.o
2026-08-19T13:02:18.4980668Z   CC      drivers/pci/mmap.o
2026-08-19T13:02:18.6019825Z   CC      sound/soc/soc-card.o
2026-08-19T13:02:19.1558642Z   AR      drivers/video/built-in.a
2026-08-19T13:02:19.1890295Z   CC      net/core/sock.o
2026-08-19T13:02:19.3949733Z   CC      drivers/pci/setup-irq.o
2026-08-19T13:02:19.7892312Z   CC      lib/memcat_p.o
2026-08-19T13:02:19.9186371Z   CC      sound/soc/soc-topology.o
2026-08-19T13:02:20.3377278Z   CC      drivers/pci/proc.o
2026-08-19T13:02:20.5570185Z   CC      lib/nmi_backtrace.o
2026-08-19T13:02:21.3510569Z   CC      drivers/pci/slot.o
2026-08-19T13:02:21.4619930Z   CC      lib/plist.o
2026-08-19T13:02:21.5910975Z   CC      lib/radix-tree.o
2026-08-19T13:02:21.6170053Z   CC      sound/soc/soc-generic-dmaengine-pcm.o
2026-08-19T13:02:22.5120096Z   CC      net/core/request_sock.o
2026-08-19T13:02:22.6579986Z   CC      drivers/pci/of.o
2026-08-19T13:02:22.8909679Z   CC      lib/ratelimit.o
2026-08-19T13:02:23.0650153Z   CC      sound/soc/soc-compress.o
2026-08-19T13:02:23.5390034Z   CC      lib/rbtree.o
2026-08-19T13:02:23.9220262Z   CC      net/core/skbuff.o
2026-08-19T13:02:24.0004451Z   CC      drivers/pci/quirks.o
2026-08-19T13:02:24.0510516Z   CC      lib/seq_buf.o
2026-08-19T13:02:24.4729610Z   AR      sound/soc/built-in.a
2026-08-19T13:02:24.4917109Z   AR      sound/atmel/built-in.a
2026-08-19T13:02:24.5072260Z   AR      sound/hda/built-in.a
2026-08-19T13:02:24.5227863Z   AR      sound/x86/built-in.a
2026-08-19T13:02:24.5385779Z   AR      sound/xen/built-in.a
2026-08-19T13:02:24.5579955Z   AR      sound/virtio/built-in.a
2026-08-19T13:02:24.5659798Z   CC      sound/sound_core.o
2026-08-19T13:02:25.0599782Z   CC      lib/show_mem.o
2026-08-19T13:02:25.5382909Z   CC      sound/last.o
2026-08-19T13:02:26.0110005Z   CC      lib/siphash.o
2026-08-19T13:02:26.2593202Z   CC      drivers/pci/ats.o
2026-08-19T13:02:26.2817793Z   AR      sound/built-in.a
2026-08-19T13:02:26.3067430Z   CC      net/llc/llc_core.o
2026-08-19T13:02:26.9380227Z   TEST    lib/test_fortify/read_overflow-memchr.log
2026-08-19T13:02:27.4219270Z   CC      net/core/datagram.o
2026-08-19T13:02:27.4904893Z   TEST    lib/test_fortify/read_overflow-memchr_inv.log
2026-08-19T13:02:27.5318348Z   CC      drivers/pci/iov.o
2026-08-19T13:02:27.8830370Z   CC      net/llc/llc_input.o
2026-08-19T13:02:27.9629835Z   TEST    lib/test_fortify/read_overflow-memcmp.log
2026-08-19T13:02:28.4915208Z   TEST    lib/test_fortify/read_overflow-memscan.log
2026-08-19T13:02:28.9629729Z   CC      drivers/pci/syscall.o
2026-08-19T13:02:28.9810148Z   TEST    lib/test_fortify/read_overflow2-memcmp.log
2026-08-19T13:02:29.4419567Z   TEST    lib/test_fortify/read_overflow2-memcpy.log
2026-08-19T13:02:29.5374459Z   CC      net/llc/llc_output.o
2026-08-19T13:02:29.6729964Z   CC      net/core/stream.o
2026-08-19T13:02:29.9122160Z   TEST    lib/test_fortify/read_overflow2-memmove.log
2026-08-19T13:02:30.0052821Z   CC      drivers/pci/ecam.o
2026-08-19T13:02:30.4394392Z   TEST    lib/test_fortify/read_overflow2_field-memcpy.log
2026-08-19T13:02:30.9270720Z   TEST    lib/test_fortify/read_overflow2_field-memmove.log
2026-08-19T13:02:31.1419933Z   AR      net/llc/built-in.a
2026-08-19T13:02:31.1554121Z   TEST    lib/test_fortify/write_overflow-memcpy.log
2026-08-19T13:02:31.3945699Z   AR      drivers/pci/built-in.a
2026-08-19T13:02:31.4262191Z   AR      drivers/idle/built-in.a
2026-08-19T13:02:31.4299646Z   CC      virt/lib/irqbypass.o
2026-08-19T13:02:31.4479732Z   AR      drivers/char/ipmi/built-in.a
2026-08-19T13:02:31.4769968Z   CC      drivers/amba/bus.o
2026-08-19T13:02:31.5969803Z   CC      net/core/scm.o
2026-08-19T13:02:31.6501645Z   TEST    lib/test_fortify/write_overflow-memmove.log
2026-08-19T13:02:32.1019984Z   TEST    lib/test_fortify/write_overflow-memset.log
2026-08-19T13:02:32.4772188Z   AR      virt/lib/built-in.a
2026-08-19T13:02:32.4950089Z   AR      virt/built-in.a
2026-08-19T13:02:32.5230166Z   AR      drivers/clk/actions/built-in.a
2026-08-19T13:02:32.5393263Z   AR      drivers/clk/analogbits/built-in.a
2026-08-19T13:02:32.5569922Z   AR      drivers/clk/bcm/built-in.a
2026-08-19T13:02:32.5739200Z   CC      drivers/clk/hisilicon/clk.o
2026-08-19T13:02:32.6149684Z   TEST    lib/test_fortify/write_overflow-strcpy-lit.log
2026-08-19T13:02:33.0701950Z   TEST    lib/test_fortify/write_overflow-strcpy.log
2026-08-19T13:02:33.1378297Z   AR      drivers/amba/built-in.a
2026-08-19T13:02:33.1586733Z   CC      net/ethernet/eth.o
2026-08-19T13:02:33.5874007Z   TEST    lib/test_fortify/write_overflow-strlcpy-src.log
2026-08-19T13:02:33.6169952Z   CC      net/core/gen_stats.o
2026-08-19T13:02:33.8149688Z   CC      drivers/clk/hisilicon/clkgate-separated.o
2026-08-19T13:02:34.0635643Z   TEST    lib/test_fortify/write_overflow-strlcpy.log
2026-08-19T13:02:34.5450073Z   CC      drivers/clk/hisilicon/clkdivider-hi6220.o
2026-08-19T13:02:34.5910379Z   TEST    lib/test_fortify/write_overflow-strncpy-src.log
2026-08-19T13:02:35.0670079Z   TEST    lib/test_fortify/write_overflow-strncpy.log
2026-08-19T13:02:35.2539847Z   CC      drivers/clk/hisilicon/clk-hisi-phase.o
2026-08-19T13:02:35.3518453Z   CC      net/core/gen_estimator.o
2026-08-19T13:02:35.4989379Z   AR      net/ethernet/built-in.a
2026-08-19T13:02:35.5159995Z   TEST    lib/test_fortify/write_overflow-strscpy.log
2026-08-19T13:02:35.5749918Z   AR      drivers/clk/imgtec/built-in.a
2026-08-19T13:02:35.5950840Z   AR      drivers/dma/idxd/built-in.a
2026-08-19T13:02:35.6109935Z   AR      drivers/dma/mediatek/built-in.a
2026-08-19T13:02:35.6270066Z   AR      drivers/dma/qcom/built-in.a
2026-08-19T13:02:35.6409816Z   AR      drivers/dma/ti/built-in.a
2026-08-19T13:02:35.6559747Z   AR      drivers/dma/xilinx/built-in.a
2026-08-19T13:02:35.6669785Z   CC      drivers/dma/dmaengine.o
2026-08-19T13:02:35.9810192Z   TEST    lib/test_fortify/write_overflow_field-memcpy.log
2026-08-19T13:02:36.4580316Z   CC      drivers/clk/hisilicon/crg-hi3516cv300.o
2026-08-19T13:02:36.5130836Z   TEST    lib/test_fortify/write_overflow_field-memmove.log
2026-08-19T13:02:37.0406080Z   TEST    lib/test_fortify/write_overflow_field-memset.log
2026-08-19T13:02:37.2140732Z   CC      net/core/net_namespace.o
2026-08-19T13:02:37.2869950Z   CC      drivers/dma/virt-dma.o
2026-08-19T13:02:37.2899545Z   CC      drivers/clk/hisilicon/clk-hi3519.o
2026-08-19T13:02:37.5089951Z   CC      lib/timerqueue.o
2026-08-19T13:02:38.0029837Z   CC      lib/vsprintf.o
2026-08-19T13:02:38.1380087Z   CC      drivers/clk/hisilicon/clk-hi3559a.o
2026-08-19T13:02:38.5629996Z   CC      drivers/dma/of-dma.o
2026-08-19T13:02:38.9899841Z   CC      drivers/clk/hisilicon/clk-hi3660.o
2026-08-19T13:02:39.2958362Z   CC      net/core/secure_seq.o
2026-08-19T13:02:39.8304542Z   AR      drivers/dma/built-in.a
2026-08-19T13:02:39.8380273Z   CC      drivers/clk/hisilicon/clk-hi3670.o
2026-08-19T13:02:39.8439888Z   CC      net/core/flow_dissector.o
2026-08-19T13:02:40.5089841Z   CC      lib/win_minmax.o
2026-08-19T13:02:40.6550112Z   CC      drivers/clk/hisilicon/crg-hi3798cv200.o
2026-08-19T13:02:41.4694618Z   CC      lib/xarray.o
2026-08-19T13:02:41.5188164Z   CC      drivers/clk/hisilicon/clk-hi6220.o
2026-08-19T13:02:41.5450910Z   CC      net/802/p8022.o
2026-08-19T13:02:42.3655779Z   CC      drivers/clk/hisilicon/reset.o
2026-08-19T13:02:42.5589861Z   CC      lib/lockref.o
2026-08-19T13:02:42.5849920Z   CC      net/core/sysctl_net_core.o
2026-08-19T13:02:43.0879772Z   CC      lib/bcd.o
2026-08-19T13:02:43.1810230Z   CC      net/802/psnap.o
2026-08-19T13:02:43.2049997Z   CC      lib/sort.o
2026-08-19T13:02:43.3394669Z   CC      lib/parser.o
2026-08-19T13:02:43.5090204Z   CC      drivers/clk/hisilicon/clk-hi6220-stub.o
2026-08-19T13:02:44.1138759Z   CC      lib/debug_locks.o
2026-08-19T13:02:44.3480063Z   CC      drivers/clk/hisilicon/clk-hi3660-stub.o
2026-08-19T13:02:44.6199778Z   CC      lib/random32.o
2026-08-19T13:02:44.7829865Z   CC      net/core/dev.o
2026-08-19T13:02:44.8890055Z   CC      net/802/stp.o
2026-08-19T13:02:45.1929966Z   AR      drivers/clk/hisilicon/built-in.a
2026-08-19T13:02:45.2095110Z   AR      drivers/clk/imx/built-in.a
2026-08-19T13:02:45.2260042Z   AR      drivers/clk/ingenic/built-in.a
2026-08-19T13:02:45.2449933Z   AR      drivers/clk/mediatek/built-in.a
2026-08-19T13:02:45.2582394Z   AR      drivers/clk/microchip/built-in.a
2026-08-19T13:02:45.2790055Z   AR      drivers/clk/mstar/built-in.a
2026-08-19T13:02:45.2939753Z   AR      drivers/clk/mvebu/built-in.a
2026-08-19T13:02:45.3089793Z   AR      drivers/clk/ralink/built-in.a
2026-08-19T13:02:45.3239820Z   AR      drivers/clk/renesas/built-in.a
2026-08-19T13:02:45.3389806Z   AR      drivers/clk/socfpga/built-in.a
2026-08-19T13:02:45.3539820Z   AR      drivers/clk/sprd/built-in.a
2026-08-19T13:02:45.3665390Z   AR      drivers/clk/sunxi/built-in.a
2026-08-19T13:02:45.3950308Z   AR      drivers/clk/sunxi-ng/built-in.a
2026-08-19T13:02:45.4060622Z   CC      lib/bust_spinlocks.o
2026-08-19T13:02:45.4109667Z   AR      drivers/clk/ti/built-in.a
2026-08-19T13:02:45.4272536Z   AR      drivers/clk/versatile/built-in.a
2026-08-19T13:02:45.4469928Z   AR      drivers/clk/xilinx/built-in.a
2026-08-19T13:02:45.4589673Z   CC      drivers/clk/clk-devres.o
2026-08-19T13:02:46.3069973Z   CC      lib/kasprintf.o
2026-08-19T13:02:46.5310034Z   CC      drivers/clk/clk-bulk.o
2026-08-19T13:02:46.5615050Z   AR      net/802/built-in.a
2026-08-19T13:02:46.5767987Z   CC      drivers/clk/clkdev.o
2026-08-19T13:02:47.0319798Z   CC      lib/bitmap.o
2026-08-19T13:02:47.6944753Z   AR      drivers/soc/apple/built-in.a
2026-08-19T13:02:47.7119931Z   AR      drivers/soc/aspeed/built-in.a
2026-08-19T13:02:47.7149992Z   CC      drivers/clk/clk.o
2026-08-19T13:02:47.7389974Z   AR      drivers/soc/bcm/bcm63xx/built-in.a
2026-08-19T13:02:47.7531181Z   AR      drivers/soc/bcm/built-in.a
2026-08-19T13:02:47.7707244Z   AR      drivers/soc/fsl/built-in.a
2026-08-19T13:02:47.7861612Z   AR      drivers/soc/fujitsu/built-in.a
2026-08-19T13:02:47.8039861Z   AR      drivers/soc/imx/built-in.a
2026-08-19T13:02:47.8173761Z   AR      drivers/soc/ixp4xx/built-in.a
2026-08-19T13:02:47.8334150Z   AR      drivers/soc/mediatek/built-in.a
2026-08-19T13:02:47.8499800Z   AR      drivers/soc/microchip/built-in.a
2026-08-19T13:02:47.8659385Z   AR      drivers/soc/pxa/built-in.a
2026-08-19T13:02:47.8804336Z   AR      drivers/soc/amlogic/built-in.a
2026-08-19T13:02:47.9030235Z   CC      drivers/soc/qcom/qcom-geni-se.o
2026-08-19T13:02:48.4137734Z   CC      lib/scatterlist.o
2026-08-19T13:02:49.3400914Z   CC      drivers/soc/qcom/smem_state.o
2026-08-19T13:02:49.6019909Z   CC      net/core/dev_addr_lists.o
2026-08-19T13:02:49.8683034Z   CC      lib/list_sort.o
2026-08-19T13:02:50.1440339Z   CC      drivers/clk/clk-divider.o
2026-08-19T13:02:50.1933831Z   CC      lib/uuid.o
2026-08-19T13:02:50.3827640Z   AR      drivers/soc/qcom/built-in.a
2026-08-19T13:02:50.4000452Z   AR      drivers/soc/renesas/built-in.a
2026-08-19T13:02:50.4149184Z   AR      drivers/soc/rockchip/built-in.a
2026-08-19T13:02:50.4308453Z   CC      drivers/soc/sunxi/sunxi_mbus.o
2026-08-19T13:02:50.6499839Z   CC      lib/iov_iter.o
2026-08-19T13:02:51.2900760Z   CC      drivers/soc/sunxi/sunxi_sram.o
2026-08-19T13:02:51.3453386Z   CC      net/core/dst.o
2026-08-19T13:02:51.4070020Z   CC      drivers/clk/clk-fixed-factor.o
2026-08-19T13:02:52.4540710Z   CC      lib/clz_ctz.o
2026-08-19T13:02:52.5075435Z   AR      drivers/soc/sunxi/built-in.a
2026-08-19T13:02:52.5259802Z   AR      drivers/soc/ti/built-in.a
2026-08-19T13:02:52.5399734Z   AR      drivers/soc/xilinx/built-in.a
2026-08-19T13:02:52.5590156Z   CC      drivers/soc/oplus/oplus_resctrl/resctrl.o
2026-08-19T13:02:52.5719845Z   CC      drivers/clk/clk-fixed-rate.o
2026-08-19T13:02:52.7328567Z   CC      lib/bsearch.o
2026-08-19T13:02:53.5714296Z   CC      net/core/netevent.o
2026-08-19T13:02:53.5825470Z   CC      drivers/soc/oplus/oplus_resctrl/iocost.o
2026-08-19T13:02:53.8060015Z   CC      drivers/clk/clk-gate.o
2026-08-19T13:02:53.9223790Z   CC      lib/find_bit.o
2026-08-19T13:02:54.2991534Z   CC      lib/llist.o
2026-08-19T13:02:54.6076385Z   CC      lib/memweight.o
2026-08-19T13:02:54.9388973Z   CC      lib/kfifo.o
2026-08-19T13:02:55.0136853Z   CC      drivers/clk/clk-multiplier.o
2026-08-19T13:02:55.0417269Z   AR      drivers/soc/oplus/oplus_resctrl/built-in.a
2026-08-19T13:02:55.0669954Z   CC      drivers/soc/oplus/storage/common/io_metrics/procfs.o
2026-08-19T13:02:55.1337640Z   CC      net/core/neighbour.o
2026-08-19T13:02:56.0200970Z   CC      drivers/clk/clk-mux.o
2026-08-19T13:02:56.0900131Z   CC      drivers/soc/oplus/storage/common/io_metrics/io_metrics_entry.o
2026-08-19T13:02:56.2242707Z   CC      lib/percpu-refcount.o
2026-08-19T13:02:57.1780358Z   CC      drivers/soc/oplus/storage/common/io_metrics/block_metrics.o
2026-08-19T13:02:57.1939875Z   CC      drivers/clk/clk-composite.o
2026-08-19T13:02:57.4235289Z   CC      lib/rhashtable.o
2026-08-19T13:02:57.9292768Z   CC      net/core/rtnetlink.o
2026-08-19T13:02:58.2587638Z   CC      drivers/soc/oplus/storage/common/io_metrics/f2fs_metrics.o
2026-08-19T13:02:58.2719884Z   CC      drivers/clk/clk-fractional-divider.o
2026-08-19T13:02:58.8639825Z   CC      lib/base64.o
2026-08-19T13:02:59.1739789Z   CC      lib/once.o
2026-08-19T13:02:59.3979854Z   CC      drivers/clk/clk-gpio.o
2026-08-19T13:02:59.6191169Z   CC      drivers/soc/oplus/storage/common/io_metrics/ufs_metrics.o
2026-08-19T13:03:00.1741849Z   CC      lib/refcount.o
2026-08-19T13:03:00.1820666Z   CC      drivers/clk/clk-conf.o
2026-08-19T13:03:00.6770426Z   CC      lib/usercopy.o
2026-08-19T13:03:00.7060088Z   CC      drivers/soc/oplus/storage/common/io_metrics/abnormal_io.o
2026-08-19T13:03:01.0019778Z   CC      net/core/utils.o
2026-08-19T13:03:01.2404686Z   CC      drivers/clk/clk-scpi.o
2026-08-19T13:03:01.4660833Z   CC      lib/errseq.o
2026-08-19T13:03:01.7761330Z   CC      lib/bucket_locks.o
2026-08-19T13:03:02.0514560Z   AR      drivers/clk/built-in.a
2026-08-19T13:03:02.0760116Z   CC      net/sched/sch_generic.o
2026-08-19T13:03:02.2642571Z   AR      drivers/soc/oplus/storage/common/io_metrics/built-in.a
2026-08-19T13:03:02.2860299Z   CC      drivers/soc/oplus/storage/common/fmonitor/oplus_file_monitor.o
2026-08-19T13:03:02.9380135Z   CC      lib/generic-radix-tree.o
2026-08-19T13:03:02.9779479Z   CC      net/core/link_watch.o
2026-08-19T13:03:03.5080190Z   AR      drivers/soc/oplus/storage/common/fmonitor/built-in.a
2026-08-19T13:03:03.5169749Z   AR      drivers/soc/oplus/storage/built-in.a
2026-08-19T13:03:03.5289725Z   AR      drivers/soc/built-in.a
2026-08-19T13:03:03.5520841Z   CC      drivers/virtio/virtio.o
2026-08-19T13:03:03.8794500Z   CC      lib/string_helpers.o
2026-08-19T13:03:04.6789912Z   CC      net/sched/sch_mq.o
2026-08-19T13:03:04.8461014Z   CC      drivers/virtio/virtio_ring.o
2026-08-19T13:03:04.9760208Z   CC      net/core/filter.o
2026-08-19T13:03:05.1021501Z   CC      lib/hexdump.o
2026-08-19T13:03:05.4081101Z   CC      lib/kstrtox.o
2026-08-19T13:03:05.8810085Z   CC      net/sched/sch_frag.o
2026-08-19T13:03:06.2589926Z   CC      lib/pci_iomap.o
2026-08-19T13:03:06.3400198Z   CC      drivers/virtio/virtio_anchor.o
2026-08-19T13:03:07.5900159Z   AR      drivers/virtio/built-in.a
2026-08-19T13:03:07.6210032Z   CC      drivers/regulator/core.o
2026-08-19T13:03:07.6490095Z   CC      lib/iomap_copy.o
2026-08-19T13:03:08.0720022Z   CC      net/sched/sch_api.o
2026-08-19T13:03:08.4837436Z   CC      lib/devres.o
2026-08-19T13:03:09.3590004Z   CC      net/core/sock_diag.o
2026-08-19T13:03:09.8759993Z   CC      lib/trace_readwrite.o
2026-08-19T13:03:09.9140157Z   CC      drivers/regulator/dummy.o
2026-08-19T13:03:10.5399856Z   CC      net/sched/sch_blackhole.o
2026-08-19T13:03:10.9751237Z   CC      drivers/regulator/fixed-helper.o
2026-08-19T13:03:11.2890694Z   CC      lib/hweight.o
2026-08-19T13:03:11.4997499Z   CC      net/core/dev_ioctl.o
2026-08-19T13:03:11.5753377Z   CC      lib/interval_tree.o
2026-08-19T13:03:11.7309401Z   CC      net/sched/cls_api.o
2026-08-19T13:03:11.9921649Z   CC      drivers/regulator/helpers.o
2026-08-19T13:03:12.1039986Z   CC      lib/assoc_array.o
2026-08-19T13:03:12.8349692Z   CC      lib/list_debug.o
2026-08-19T13:03:13.3429988Z   CC      lib/bitrev.o
2026-08-19T13:03:13.4309978Z   CC      lib/linear_ranges.o
2026-08-19T13:03:13.5549844Z   CC      drivers/regulator/devres.o
2026-08-19T13:03:13.6600036Z   CC      net/core/tso.o
2026-08-19T13:03:14.4121161Z   CC      lib/crc-ccitt.o
2026-08-19T13:03:14.5740092Z   CC      net/sched/act_api.o
2026-08-19T13:03:15.0933322Z   CC      drivers/regulator/irq_helpers.o
2026-08-19T13:03:15.3780004Z   CC      lib/crc16.o
2026-08-19T13:03:15.7269989Z   CC      net/core/sock_reuseport.o
2026-08-19T13:03:16.3194533Z   HOSTCC  lib/gen_crc32table
2026-08-19T13:03:16.4529996Z   CC      lib/libcrc32c.o
2026-08-19T13:03:16.5970151Z   CC      drivers/regulator/of_regulator.o
2026-08-19T13:03:16.8250127Z   CC      net/sched/act_police.o
2026-08-19T13:03:17.4660124Z   CC      lib/crc8.o
2026-08-19T13:03:18.0280220Z   CC      net/core/fib_notifier.o
2026-08-19T13:03:18.0959983Z   CC      net/sched/act_gact.o
2026-08-19T13:03:18.1120084Z   CC      drivers/regulator/fixed.o
2026-08-19T13:03:18.4745142Z   CC      lib/xxhash.o
2026-08-19T13:03:19.1910006Z   AR      drivers/regulator/built-in.a
2026-08-19T13:03:19.2220079Z   CC      drivers/reset/hisilicon/hi6220_reset.o
2026-08-19T13:03:19.3690113Z   CC      net/sched/act_mirred.o
2026-08-19T13:03:19.5469811Z   CC      lib/genalloc.o
2026-08-19T13:03:19.7050211Z   CC      net/core/xdp.o
2026-08-19T13:03:20.0496913Z   CC      drivers/reset/hisilicon/reset-hi3660.o
2026-08-19T13:03:20.7443379Z   CC      net/sched/act_skbedit.o
2026-08-19T13:03:20.9049986Z   AR      drivers/reset/hisilicon/built-in.a
2026-08-19T13:03:20.9179654Z   CC      drivers/reset/core.o
2026-08-19T13:03:20.9389741Z   CC      lib/textsearch.o
2026-08-19T13:03:22.0180137Z   CC      lib/ts_kmp.o
2026-08-19T13:03:22.0202529Z   CC      net/core/flow_offload.o
2026-08-19T13:03:22.1179803Z   CC      drivers/reset/reset-scmi.o
2026-08-19T13:03:22.2839917Z   CC      net/sched/act_bpf.o
2026-08-19T13:03:22.7530065Z   CC      lib/ts_bm.o
2026-08-19T13:03:22.8909960Z   CC      drivers/reset/reset-simple.o
2026-08-19T13:03:23.4929991Z   CC      lib/ts_fsm.o
2026-08-19T13:03:23.7860009Z   CC      net/sched/sch_fifo.o
2026-08-19T13:03:23.8638535Z   CC      net/core/gro.o
2026-08-19T13:03:24.1039938Z   CC      drivers/reset/reset-sunxi.o
2026-08-19T13:03:24.2300643Z   CC      lib/percpu_counter.o
2026-08-19T13:03:24.9225353Z   AR      drivers/reset/built-in.a
2026-08-19T13:03:24.9497949Z   AR      drivers/tty/vt/built-in.a
2026-08-19T13:03:24.9644856Z   CC      drivers/tty/hvc/hvc_dcc.o
2026-08-19T13:03:25.3160103Z   CC      lib/audit.o
2026-08-19T13:03:25.5530190Z   CC      net/sched/sch_htb.o
2026-08-19T13:03:25.8480753Z   CC      drivers/tty/hvc/hvc_console.o
2026-08-19T13:03:26.1181474Z   CC      lib/compat_audit.o
2026-08-19T13:03:26.2075617Z   CC      lib/syscall.o
2026-08-19T13:03:26.3430024Z   CC      net/core/net-sysfs.o
2026-08-19T13:03:27.0580026Z   CC      net/sched/sch_ingress.o
2026-08-19T13:03:27.0760010Z   CC      lib/dynamic_debug.o
2026-08-19T13:03:27.1789870Z   AR      drivers/tty/hvc/built-in.a
2026-08-19T13:03:27.2079845Z   CC      drivers/tty/serial/8250/8250_core.o
2026-08-19T13:03:28.3179938Z   CC      net/sched/sch_sfq.o
2026-08-19T13:03:28.4790539Z   CC      net/core/page_pool.o
2026-08-19T13:03:28.6965717Z   CC      drivers/tty/serial/8250/8250_port.o
2026-08-19T13:03:29.2860033Z   CC      lib/errname.o
2026-08-19T13:03:29.5066158Z   CC      lib/nlattr.o
2026-08-19T13:03:29.9471325Z   CC      net/sched/sch_tbf.o
2026-08-19T13:03:30.0089943Z   CC      net/core/net-procfs.o
2026-08-19T13:03:30.3713833Z   CC      drivers/tty/serial/8250/8250_dma.o
2026-08-19T13:03:31.0579878Z   CC      lib/checksum.o
2026-08-19T13:03:31.2103552Z   CC      net/sched/sch_prio.o
2026-08-19T13:03:31.2233455Z   CC      net/core/fib_rules.o
2026-08-19T13:03:31.7009733Z   CC      drivers/tty/serial/8250/8250_dwlib.o
2026-08-19T13:03:31.8200087Z   CC      lib/cpu_rmap.o
2026-08-19T13:03:32.5288097Z   CC      net/sched/sch_multiq.o
2026-08-19T13:03:32.8760390Z   CC      lib/dynamic_queue_limits.o
2026-08-19T13:03:33.0352579Z   CC      drivers/tty/serial/8250/8250_pci.o
2026-08-19T13:03:33.3365782Z   CC      lib/glob.o
2026-08-19T13:03:33.6160258Z   CC      net/core/net-traces.o
2026-08-19T13:03:33.7980037Z   CC      net/sched/sch_netem.o
2026-08-19T13:03:34.3129897Z   CC      lib/strncpy_from_user.o
2026-08-19T13:03:34.5500724Z   CC      drivers/tty/serial/8250/8250_early.o
2026-08-19T13:03:35.3404930Z   CC      net/sched/sch_codel.o
2026-08-19T13:03:35.5040056Z   CC      lib/strnlen_user.o
2026-08-19T13:03:35.5139876Z   CC      drivers/tty/serial/8250/8250_fsl.o
2026-08-19T13:03:36.7149872Z   CC      lib/net_utils.o
2026-08-19T13:03:36.8444178Z   CC      net/sched/sch_fq_codel.o
2026-08-19T13:03:36.8774626Z   CC      drivers/tty/serial/8250/8250_dw.o
2026-08-19T13:03:37.6489896Z   CC      net/core/selftests.o
2026-08-19T13:03:37.9266258Z   CC      drivers/tty/serial/8250/8250_pericom.o
2026-08-19T13:03:38.1170002Z   CC      lib/sg_pool.o
2026-08-19T13:03:38.3299981Z   CC      net/sched/sch_cake.o
2026-08-19T13:03:38.9121551Z   CC      drivers/tty/serial/8250/8250_of.o
2026-08-19T13:03:39.2650322Z   CC      lib/memregion.o
2026-08-19T13:03:39.8399991Z   AR      drivers/tty/serial/8250/built-in.a
2026-08-19T13:03:39.8539979Z   CC      drivers/tty/serial/serial_core.o
2026-08-19T13:03:40.0429910Z   CC      net/core/ptp_classifier.o
2026-08-19T13:03:40.1159847Z   CC      lib/stackdepot.o
2026-08-19T13:03:40.3590399Z   CC      net/sched/sch_fq.o
2026-08-19T13:03:41.3346030Z   CC      lib/bootconfig.o
2026-08-19T13:03:41.5660097Z   CC      drivers/tty/serial/earlycon.o
2026-08-19T13:03:41.8199845Z   CC      net/core/netprio_cgroup.o
2026-08-19T13:03:42.0511524Z   CC      net/sched/sch_pie.o
2026-08-19T13:03:42.1619779Z   CC      lib/asn1_decoder.o
2026-08-19T13:03:42.4960416Z   CC      drivers/tty/serial/amba-pl011.o
2026-08-19T13:03:43.1859989Z   GEN     lib/oid_registry_data.c
2026-08-19T13:03:43.1949631Z   CC      net/core/dst_cache.o
2026-08-19T13:03:43.1968080Z   CC      lib/ucs2_string.o
2026-08-19T13:03:43.8071863Z   CC      drivers/tty/serial/samsung_tty.o
2026-08-19T13:03:44.1115524Z   CC      net/sched/sch_fq_pie.o
2026-08-19T13:03:44.1700003Z   CC      lib/sbitmap.o
2026-08-19T13:03:44.9089844Z   CC      drivers/tty/serial/qcom_geni_serial.o
2026-08-19T13:03:45.1880107Z   CC      net/core/gro_cells.o
2026-08-19T13:03:45.3750013Z   CC      lib/group_cpus.o
2026-08-19T13:03:45.6589983Z   CC      net/sched/cls_u32.o
2026-08-19T13:03:45.9670119Z   CC      drivers/tty/serial/sprd_serial.o
2026-08-19T13:03:46.2060083Z   CC      lib/devmem_is_allowed.o
2026-08-19T13:03:46.8633686Z   CC      net/core/skmsg.o
2026-08-19T13:03:46.9590752Z   CC      drivers/tty/serial/serial_mctrl_gpio.o
2026-08-19T13:03:47.0219765Z   GEN     lib/test_fortify.log
2026-08-19T13:03:47.0249333Z   GEN     lib/crc32table.h
2026-08-19T13:03:47.0309339Z   CC      lib/oid_registry.o
2026-08-19T13:03:47.0333050Z   CC      net/sched/cls_fw.o
2026-08-19T13:03:48.0289984Z   CC      lib/string.o
2026-08-19T13:03:48.2979967Z   CC      net/sched/cls_basic.o
2026-08-19T13:03:48.3049656Z   AR      drivers/tty/serial/built-in.a
2026-08-19T13:03:48.3248340Z   CC      drivers/tty/serdev/core.o
2026-08-19T13:03:48.8360678Z   CC      lib/crc32.o
2026-08-19T13:03:49.4120001Z   CC      net/core/sock_map.o
2026-08-19T13:03:49.5000173Z   CC      drivers/tty/serdev/serdev-ttyport.o
2026-08-19T13:03:49.5929748Z   CC      net/sched/cls_flow.o
2026-08-19T13:03:50.2209778Z   AR      lib/lib.a
2026-08-19T13:03:50.2519818Z   AR      lib/built-in.a
2026-08-19T13:03:50.2789904Z   AR      drivers/tty/ipwireless/built-in.a
2026-08-19T13:03:50.2947654Z   CC      net/netlink/af_netlink.o
2026-08-19T13:03:50.3556625Z   AR      drivers/tty/serdev/built-in.a
2026-08-19T13:03:50.3689889Z   CC      drivers/tty/tty_io.o
2026-08-19T13:03:51.2906813Z   CC      net/sched/cls_bpf.o
2026-08-19T13:03:52.0605275Z   CC      net/core/bpf_sk_storage.o
2026-08-19T13:03:52.1079819Z   CC      drivers/tty/n_tty.o
2026-08-19T13:03:52.7989974Z   CC      net/sched/cls_matchall.o
2026-08-19T13:03:53.2050032Z   CC      net/netlink/genetlink.o
2026-08-19T13:03:53.6929992Z   CC      drivers/tty/tty_ioctl.o
2026-08-19T13:03:54.0835700Z   CC      net/sched/ematch.o
2026-08-19T13:03:54.2770079Z   CC      net/core/of_net.o
2026-08-19T13:03:55.0799857Z   CC      drivers/tty/tty_ldisc.o
2026-08-19T13:03:55.3085713Z   CC      net/netlink/policy.o
2026-08-19T13:03:55.8329841Z   CC      net/sched/em_cmp.o
2026-08-19T13:03:55.9439841Z   AR      net/core/built-in.a
2026-08-19T13:03:55.9739858Z   CC      drivers/char/hw_random/core.o
2026-08-19T13:03:56.3354853Z   AR      net/netlink/built-in.a
2026-08-19T13:03:56.3559800Z   AR      drivers/char/agp/built-in.a
2026-08-19T13:03:56.3740058Z   CC      drivers/tty/tty_buffer.o
2026-08-19T13:03:56.3819793Z   AR      drivers/iommu/amd/built-in.a
2026-08-19T13:03:56.3982250Z   AR      drivers/iommu/intel/built-in.a
2026-08-19T13:03:56.4231713Z   AR      drivers/iommu/arm/arm-smmu/built-in.a
2026-08-19T13:03:56.4415032Z   AR      drivers/iommu/arm/arm-smmu-v3/built-in.a
2026-08-19T13:03:56.4511286Z   AR      drivers/iommu/arm/built-in.a
2026-08-19T13:03:56.4649835Z   CC      drivers/iommu/iommu.o
2026-08-19T13:03:57.0770504Z   CC      net/sched/em_nbyte.o
2026-08-19T13:03:57.1281154Z   CC      drivers/char/hw_random/hisi-rng.o
2026-08-19T13:03:57.7250061Z   CC      drivers/tty/tty_port.o
2026-08-19T13:03:57.9069878Z   CC      drivers/char/hw_random/arm_smccc_trng.o
2026-08-19T13:03:58.2770443Z   CC      net/sched/em_u32.o
2026-08-19T13:03:58.3568777Z   CC      drivers/iommu/iommu-traces.o
2026-08-19T13:03:58.6453103Z   CC      drivers/char/hw_random/cn10k-rng.o
2026-08-19T13:03:59.0224640Z   CC      drivers/tty/tty_mutex.o
2026-08-19T13:03:59.4619304Z   CC      net/sched/em_meta.o
2026-08-19T13:03:59.6012074Z   AR      drivers/char/hw_random/built-in.a
2026-08-19T13:03:59.6159548Z   CC      drivers/char/mem.o
2026-08-19T13:03:59.8538171Z   CC      drivers/iommu/iommu-sysfs.o
2026-08-19T13:04:00.2950540Z   CC      drivers/tty/tty_ldsem.o
2026-08-19T13:04:00.6417837Z   CC      drivers/char/random.o
2026-08-19T13:04:00.9613523Z   CC      net/sched/em_text.o
2026-08-19T13:04:01.1613165Z   CC      drivers/iommu/dma-iommu.o
2026-08-19T13:04:01.1990035Z   CC      drivers/tty/tty_baudrate.o
2026-08-19T13:04:02.1957627Z   AR      net/sched/built-in.a
2026-08-19T13:04:02.2164944Z   CC      net/bpf/test_run.o
2026-08-19T13:04:02.4337159Z   CC      drivers/char/misc.o
2026-08-19T13:04:02.4709981Z   CC      drivers/tty/tty_jobctrl.o
2026-08-19T13:04:02.8210868Z   CC      drivers/iommu/io-pgtable.o
2026-08-19T13:04:03.7359979Z   AR      drivers/char/built-in.a
2026-08-19T13:04:03.7489799Z   CC      net/bpf/bpf_dummy_struct_ops.o
2026-08-19T13:04:03.9126417Z   CC      drivers/tty/n_null.o
2026-08-19T13:04:04.0990009Z   CC      drivers/iommu/io-pgtable-arm-v7s.o
2026-08-19T13:04:04.7705007Z   CC      drivers/tty/pty.o
2026-08-19T13:04:04.7718508Z   CC      net/ethtool/ioctl.o
2026-08-19T13:04:05.0346874Z   AR      net/bpf/built-in.a
2026-08-19T13:04:05.0708716Z   CC      net/netfilter/ipset/ip_set_core.o
2026-08-19T13:04:05.0900818Z   CC      drivers/iommu/io-pgtable-arm.o
2026-08-19T13:04:05.7330011Z   CC      drivers/tty/tty_audit.o
2026-08-19T13:04:06.1123102Z   CC      drivers/iommu/iova.o
2026-08-19T13:04:06.6930021Z   CC      drivers/tty/sysrq.o
2026-08-19T13:04:07.4048297Z   CC      net/netfilter/ipset/ip_set_getport.o
2026-08-19T13:04:07.4374787Z   CC      net/ethtool/common.o
2026-08-19T13:04:07.4630084Z   CC      drivers/iommu/of_iommu.o
2026-08-19T13:04:08.3870163Z   CC      drivers/tty/ttynull.o
2026-08-19T13:04:08.7920858Z   AR      drivers/iommu/built-in.a
2026-08-19T13:04:08.8110646Z   CC      net/netfilter/ipset/pfxlen.o
2026-08-19T13:04:09.1909975Z   CC      net/ethtool/netlink.o
2026-08-19T13:04:09.2640574Z   AR      drivers/tty/built-in.a
2026-08-19T13:04:09.2905627Z   AR      drivers/gpu/host1x/built-in.a
2026-08-19T13:04:09.3152679Z   AR      drivers/gpu/drm/arm/built-in.a
2026-08-19T13:04:09.3291573Z   AR      drivers/gpu/drm/display/built-in.a
2026-08-19T13:04:09.3500296Z   CC      drivers/gpu/drm/ttm/ttm_tt.o
2026-08-19T13:04:09.7710017Z   AR      drivers/gpu/drm/rcar-du/built-in.a
2026-08-19T13:04:09.7859076Z   AR      drivers/gpu/vga/built-in.a
2026-08-19T13:04:09.8043450Z   AR      drivers/gpu/drm/omapdrm/built-in.a
2026-08-19T13:04:09.8197142Z   CC      drivers/gpu/trace/trace_gpu_mem.o
2026-08-19T13:04:10.9399947Z   CC      drivers/gpu/drm/ttm/ttm_bo.o
2026-08-19T13:04:11.1710963Z   CC      net/ethtool/bitset.o
2026-08-19T13:04:11.1971398Z   CC      net/netfilter/ipset/ip_set_bitmap_ip.o
2026-08-19T13:04:11.2629873Z   AR      drivers/gpu/trace/built-in.a
2026-08-19T13:04:11.2919850Z   CC      drivers/base/power/sysfs.o
2026-08-19T13:04:12.3800106Z   CC      drivers/base/power/generic_ops.o
2026-08-19T13:04:12.4095433Z   CC      drivers/gpu/drm/ttm/ttm_bo_util.o
2026-08-19T13:04:12.6104574Z   CC      net/ethtool/strset.o
2026-08-19T13:04:12.8690038Z   CC      net/netfilter/ipset/ip_set_bitmap_ipmac.o
2026-08-19T13:04:13.4015516Z   CC      drivers/base/power/common.o
2026-08-19T13:04:13.8570134Z   CC      drivers/gpu/drm/ttm/ttm_bo_vm.o
2026-08-19T13:04:14.0400014Z   CC      net/ethtool/linkinfo.o
2026-08-19T13:04:14.5090142Z   CC      drivers/base/power/qos.o
2026-08-19T13:04:14.5420572Z   CC      net/netfilter/ipset/ip_set_bitmap_port.o
2026-08-19T13:04:15.2592234Z   CC      drivers/gpu/drm/ttm/ttm_module.o
2026-08-19T13:04:15.3711767Z   CC      net/ethtool/linkmodes.o
2026-08-19T13:04:15.9330355Z   CC      net/netfilter/ipset/ip_set_hash_ip.o
2026-08-19T13:04:16.0419203Z   CC      drivers/gpu/drm/ttm/ttm_execbuf_util.o
2026-08-19T13:04:16.0739896Z   CC      drivers/base/power/runtime.o
2026-08-19T13:04:16.6630206Z   CC      net/ethtool/linkstate.o
2026-08-19T13:04:17.4100211Z   CC      drivers/base/power/wakeirq.o
2026-08-19T13:04:17.4432464Z   CC      drivers/gpu/drm/ttm/ttm_range_manager.o
2026-08-19T13:04:17.9537330Z   CC      net/netfilter/ipset/ip_set_hash_ipmac.o
2026-08-19T13:04:18.0379888Z   CC      net/ethtool/debug.o
2026-08-19T13:04:18.6519991Z   CC      drivers/base/power/main.o
2026-08-19T13:04:18.7200108Z   CC      drivers/gpu/drm/ttm/ttm_resource.o
2026-08-19T13:04:19.3329996Z   CC      net/ethtool/wol.o
2026-08-19T13:04:19.9880153Z   CC      net/netfilter/ipset/ip_set_hash_ipmark.o
2026-08-19T13:04:20.2298385Z   CC      drivers/gpu/drm/ttm/ttm_pool.o
2026-08-19T13:04:20.5774045Z   CC      drivers/base/power/wakeup.o
2026-08-19T13:04:20.6280109Z   CC      net/ethtool/features.o
2026-08-19T13:04:21.7650056Z   CC      drivers/gpu/drm/ttm/ttm_device.o
2026-08-19T13:04:21.9889987Z   CC      net/ethtool/privflags.o
2026-08-19T13:04:22.1634735Z   CC      net/netfilter/ipset/ip_set_hash_ipport.o
2026-08-19T13:04:22.3520051Z   CC      drivers/base/power/wakeup_stats.o
2026-08-19T13:04:23.1089940Z   CC      drivers/base/power/domain.o
2026-08-19T13:04:23.1459617Z   CC      drivers/gpu/drm/ttm/ttm_sys_manager.o
2026-08-19T13:04:23.2499823Z   CC      net/ethtool/rings.o
2026-08-19T13:04:23.9421729Z   AR      drivers/gpu/drm/ttm/built-in.a
2026-08-19T13:04:23.9628317Z   AR      drivers/gpu/drm/tilcdc/built-in.a
2026-08-19T13:04:23.9779700Z   AR      drivers/gpu/drm/imx/built-in.a
2026-08-19T13:04:23.9950008Z   AR      drivers/gpu/drm/i2c/built-in.a
2026-08-19T13:04:24.0099753Z   AR      drivers/gpu/drm/panel/built-in.a
2026-08-19T13:04:24.0319815Z   AR      drivers/gpu/drm/bridge/analogix/built-in.a
2026-08-19T13:04:24.0479750Z   AR      drivers/gpu/drm/bridge/cadence/built-in.a
2026-08-19T13:04:24.0649716Z   AR      drivers/gpu/drm/bridge/imx/built-in.a
2026-08-19T13:04:24.0799860Z   AR      drivers/gpu/drm/bridge/synopsys/built-in.a
2026-08-19T13:04:24.0889754Z   AR      drivers/gpu/drm/bridge/built-in.a
2026-08-19T13:04:24.1069785Z   AR      drivers/gpu/drm/hisilicon/built-in.a
2026-08-19T13:04:24.1219819Z   AR      drivers/gpu/drm/mxsfb/built-in.a
2026-08-19T13:04:24.1398310Z   AR      drivers/gpu/drm/tiny/built-in.a
2026-08-19T13:04:24.1549620Z   AR      drivers/gpu/drm/xlnx/built-in.a
2026-08-19T13:04:24.1699823Z   AR      drivers/gpu/drm/gud/built-in.a
2026-08-19T13:04:24.1884494Z   AR      drivers/gpu/drm/solomon/built-in.a
2026-08-19T13:04:24.1981401Z   CC      drivers/gpu/drm/drm_aperture.o
2026-08-19T13:04:24.2323062Z   CC      net/netfilter/ipset/ip_set_hash_ipportip.o
2026-08-19T13:04:24.5470623Z   CC      net/ethtool/channels.o
2026-08-19T13:04:24.8859907Z   CC      drivers/base/power/domain_governor.o
2026-08-19T13:04:25.2529799Z   CC      drivers/gpu/drm/drm_auth.o
2026-08-19T13:04:25.6529643Z   CC      drivers/base/power/clock_ops.o
2026-08-19T13:04:25.8949785Z   CC      net/ethtool/coalesce.o
2026-08-19T13:04:26.3160033Z   CC      net/netfilter/ipset/ip_set_hash_ipportnet.o
2026-08-19T13:04:26.6429944Z   CC      drivers/gpu/drm/drm_cache.o
2026-08-19T13:04:26.8399776Z   AR      drivers/base/power/built-in.a
2026-08-19T13:04:26.8729748Z   CC      drivers/base/firmware_loader/builtin/main.o
2026-08-19T13:04:27.2229995Z   CC      net/ethtool/pause.o
2026-08-19T13:04:27.6017956Z   AR      drivers/base/firmware_loader/builtin/built-in.a
2026-08-19T13:04:27.6159326Z   CC      drivers/base/firmware_loader/fallback_table.o
2026-08-19T13:04:27.8960111Z   CC      drivers/gpu/drm/drm_file.o
2026-08-19T13:04:28.5320558Z   CC      net/netfilter/ipset/ip_set_hash_mac.o
2026-08-19T13:04:28.5680005Z   CC      net/ethtool/eee.o
2026-08-19T13:04:28.9479954Z   CC      drivers/base/firmware_loader/main.o
2026-08-19T13:04:29.4340088Z   CC      drivers/gpu/drm/drm_gem.o
2026-08-19T13:04:29.8918408Z   CC      net/ethtool/tsinfo.o
2026-08-19T13:04:30.1329880Z   CC      net/netfilter/ipset/ip_set_hash_net.o
2026-08-19T13:04:30.4880128Z   CC      drivers/base/firmware_loader/fallback.o
2026-08-19T13:04:31.1889143Z   CC      net/ethtool/cabletest.o
2026-08-19T13:04:31.2130490Z   CC      drivers/gpu/drm/drm_ioctl.o
2026-08-19T13:04:31.3420474Z   CC      drivers/base/firmware_loader/sysfs.o
2026-08-19T13:04:32.3109869Z   CC      net/netfilter/ipset/ip_set_hash_netport.o
2026-08-19T13:04:32.3410857Z   AR      drivers/base/firmware_loader/built-in.a
2026-08-19T13:04:32.3622359Z   CC      drivers/base/regmap/regmap.o
2026-08-19T13:04:32.8039752Z   CC      drivers/gpu/drm/drm_drv.o
2026-08-19T13:04:33.1923947Z   CC      net/ethtool/tunnels.o
2026-08-19T13:04:34.3129981Z   CC      drivers/gpu/drm/drm_sysfs.o
2026-08-19T13:04:34.4739925Z   CC      net/netfilter/ipset/ip_set_hash_netiface.o
2026-08-19T13:04:34.4986303Z   CC      drivers/base/regmap/regcache.o
2026-08-19T13:04:34.7759075Z   CC      net/ethtool/fec.o
2026-08-19T13:04:35.8389932Z   CC      drivers/base/regmap/regcache-rbtree.o
2026-08-19T13:04:35.9279798Z   CC      drivers/gpu/drm/drm_mm.o
2026-08-19T13:04:36.1920019Z   CC      net/ethtool/eeprom.o
2026-08-19T13:04:36.7140078Z   CC      net/netfilter/ipset/ip_set_hash_netnet.o
2026-08-19T13:04:36.7259971Z   CC      drivers/base/regmap/regcache-flat.o
2026-08-19T13:04:37.0819841Z   CC      drivers/gpu/drm/drm_crtc.o
2026-08-19T13:04:37.5721323Z   CC      net/ethtool/stats.o
2026-08-19T13:04:37.5850643Z   CC      drivers/base/regmap/regmap-debugfs.o
2026-08-19T13:04:38.5300020Z   CC      drivers/base/regmap/regmap-i2c.o
2026-08-19T13:04:38.5740130Z   CC      drivers/gpu/drm/drm_fourcc.o
2026-08-19T13:04:38.8850910Z   CC      net/netfilter/ipset/ip_set_hash_netportnet.o
2026-08-19T13:04:38.9450221Z   CC      net/ethtool/phc_vclocks.o
2026-08-19T13:04:39.4210173Z   CC      drivers/gpu/drm/drm_modes.o
2026-08-19T13:04:40.1039859Z   CC      drivers/base/regmap/regmap-spi.o
2026-08-19T13:04:40.1889828Z   CC      net/ethtool/module.o
2026-08-19T13:04:41.1689952Z   CC      drivers/gpu/drm/drm_edid.o
2026-08-19T13:04:41.1798176Z   CC      net/netfilter/ipset/ip_set_list_set.o
2026-08-19T13:04:41.3989878Z   CC      drivers/base/regmap/regmap-spmi.o
2026-08-19T13:04:41.5820698Z   CC      net/ethtool/pse-pd.o
2026-08-19T13:04:42.5736846Z   CC      drivers/base/regmap/regmap-mmio.o
2026-08-19T13:04:42.6842079Z   AR      net/netfilter/ipset/built-in.a
2026-08-19T13:04:42.6954532Z   CC      net/netfilter/core.o
2026-08-19T13:04:42.9059965Z   AR      net/ethtool/built-in.a
2026-08-19T13:04:42.9379948Z   CC      drivers/block/brd.o
2026-08-19T13:04:43.5804637Z   CC      drivers/gpu/drm/drm_displayid.o
2026-08-19T13:04:43.8120021Z   CC      drivers/base/regmap/regmap-irq.o
2026-08-19T13:04:44.0040036Z   CC      drivers/block/loop.o
2026-08-19T13:04:44.3289963Z   CC      drivers/gpu/drm/drm_trace_points.o
2026-08-19T13:04:45.0740445Z   CC      net/netfilter/nf_log.o
2026-08-19T13:04:45.1714981Z   AR      drivers/base/regmap/built-in.a
2026-08-19T13:04:45.1963814Z   AR      drivers/base/test/built-in.a
2026-08-19T13:04:45.2076320Z   CC      drivers/base/component.o
2026-08-19T13:04:45.3280666Z   CC      drivers/gpu/drm/drm_prime.o
2026-08-19T13:04:45.3652141Z   CC      drivers/block/ublk_drv.o
2026-08-19T13:04:46.3680533Z   CC      drivers/base/core.o
2026-08-19T13:04:46.7010133Z   AR      drivers/block/built-in.a
2026-08-19T13:04:46.7159123Z   CC      drivers/gpu/drm/drm_vma_manager.o
2026-08-19T13:04:46.8267748Z   CC      net/ipv4/netfilter/nf_defrag_ipv4.o
2026-08-19T13:04:47.0811203Z   CC      net/netfilter/nf_queue.o
2026-08-19T13:04:47.9344892Z   CC      drivers/gpu/drm/drm_modeset_lock.o
2026-08-19T13:04:48.6293329Z   CC      drivers/base/bus.o
2026-08-19T13:04:49.0589084Z   CC      net/ipv4/netfilter/nf_socket_ipv4.o
2026-08-19T13:04:49.3209899Z   CC      drivers/gpu/drm/drm_atomic.o
2026-08-19T13:04:49.5089889Z   CC      net/netfilter/nf_sockopt.o
2026-08-19T13:04:49.7099763Z   CC      drivers/base/dd.o
2026-08-19T13:04:50.9280885Z   CC      drivers/gpu/drm/drm_bridge.o
2026-08-19T13:04:51.0929719Z   CC      drivers/base/syscore.o
2026-08-19T13:04:51.3829942Z   CC      net/netfilter/utils.o
2026-08-19T13:04:51.5720136Z   CC      net/ipv4/netfilter/nf_tproxy_ipv4.o
2026-08-19T13:04:52.3789887Z   CC      drivers/gpu/drm/drm_framebuffer.o
2026-08-19T13:04:52.7127130Z   CC      drivers/base/driver.o
2026-08-19T13:04:53.6900565Z   CC      net/netfilter/nfnetlink.o
2026-08-19T13:04:53.7069608Z   CC      drivers/base/class.o
2026-08-19T13:04:53.9400269Z   CC      net/ipv4/netfilter/nf_reject_ipv4.o
2026-08-19T13:04:54.0219937Z   CC      drivers/gpu/drm/drm_connector.o
2026-08-19T13:04:55.0712909Z   CC      drivers/base/platform.o
2026-08-19T13:04:55.6830039Z   CC      net/netfilter/nfnetlink_queue.o
2026-08-19T13:04:55.9069910Z   CC      drivers/gpu/drm/drm_blend.o
2026-08-19T13:04:56.2468662Z   CC      net/ipv4/netfilter/nf_nat_h323.o
2026-08-19T13:04:56.5640313Z   CC      drivers/base/cpu.o
2026-08-19T13:04:57.2959870Z   CC      drivers/gpu/drm/drm_encoder.o
2026-08-19T13:04:57.4669983Z   CC      net/netfilter/nfnetlink_log.o
2026-08-19T13:04:57.8787298Z   CC      drivers/base/firmware.o
2026-08-19T13:04:57.9510175Z   CC      net/ipv4/netfilter/nf_nat_pptp.o
2026-08-19T13:04:58.6679161Z   CC      drivers/gpu/drm/drm_mode_object.o
2026-08-19T13:04:58.8799865Z   CC      drivers/base/init.o
2026-08-19T13:04:59.0720093Z   CC      net/netfilter/nf_conntrack_core.o
2026-08-19T13:04:59.3959828Z   CC      net/ipv4/netfilter/ip_tables.o
2026-08-19T13:04:59.8229978Z   CC      drivers/base/map.o
2026-08-19T13:05:00.0749862Z   CC      drivers/gpu/drm/drm_property.o
2026-08-19T13:05:00.5102830Z   CC      drivers/base/devres.o
2026-08-19T13:05:01.5226984Z   CC      drivers/gpu/drm/drm_plane.o
2026-08-19T13:05:01.7429715Z   CC      drivers/base/attribute_container.o
2026-08-19T13:05:01.8271408Z   CC      net/netfilter/nf_conntrack_standalone.o
2026-08-19T13:05:01.8639850Z   CC      net/ipv4/netfilter/iptable_filter.o
2026-08-19T13:05:02.7780227Z   CC      drivers/base/transport_class.o
2026-08-19T13:05:02.9843181Z   CC      drivers/gpu/drm/drm_color_mgmt.o
2026-08-19T13:05:03.2887911Z   CC      net/ipv4/netfilter/iptable_mangle.o
2026-08-19T13:05:03.8390142Z   CC      drivers/base/topology.o
2026-08-19T13:05:04.1810521Z   CC      net/netfilter/nf_conntrack_expect.o
2026-08-19T13:05:04.4189896Z   CC      drivers/gpu/drm/drm_print.o
2026-08-19T13:05:04.6781419Z   CC      net/ipv4/netfilter/iptable_nat.o
2026-08-19T13:05:04.7164411Z   CC      drivers/base/container.o
2026-08-19T13:05:05.4800044Z   CC      drivers/base/property.o
2026-08-19T13:05:05.6140143Z   CC      drivers/gpu/drm/drm_dumb_buffers.o
2026-08-19T13:05:06.1990042Z   CC      net/ipv4/netfilter/iptable_raw.o
2026-08-19T13:05:06.5040703Z   CC      net/netfilter/nf_conntrack_helper.o
2026-08-19T13:05:06.5465662Z   CC      drivers/gpu/drm/drm_mode_config.o
2026-08-19T13:05:07.1879827Z   CC      drivers/base/cacheinfo.o
2026-08-19T13:05:07.5131527Z   CC      net/ipv4/netfilter/iptable_security.o
2026-08-19T13:05:08.0394765Z   CC      drivers/base/swnode.o
2026-08-19T13:05:08.0510049Z   CC      drivers/gpu/drm/drm_vblank.o
2026-08-19T13:05:08.8340071Z   CC      net/netfilter/nf_conntrack_proto.o
2026-08-19T13:05:08.9418737Z   CC      net/ipv4/netfilter/ipt_REJECT.o
2026-08-19T13:05:09.2657007Z   CC      drivers/base/auxiliary.o
2026-08-19T13:05:09.6200028Z   CC      drivers/gpu/drm/drm_syncobj.o
2026-08-19T13:05:10.3060089Z   CC      net/ipv4/netfilter/arp_tables.o
2026-08-19T13:05:10.3919819Z   CC      drivers/base/devtmpfs.o
2026-08-19T13:05:11.2419805Z   CC      drivers/gpu/drm/drm_lease.o
2026-08-19T13:05:11.2470299Z   CC      net/netfilter/nf_conntrack_proto_generic.o
2026-08-19T13:05:11.5860887Z   CC      drivers/base/memory.o
2026-08-19T13:05:12.4483054Z   CC      drivers/gpu/drm/drm_writeback.o
2026-08-19T13:05:12.5860048Z   CC      net/ipv4/netfilter/arpt_mangle.o
2026-08-19T13:05:12.7050113Z   CC      net/netfilter/nf_conntrack_proto_tcp.o
2026-08-19T13:05:12.7891183Z   CC      drivers/base/module.o
2026-08-19T13:05:13.5268113Z   CC      drivers/base/hypervisor.o
2026-08-19T13:05:13.7800907Z   CC      drivers/gpu/drm/drm_client.o
2026-08-19T13:05:13.9510054Z   CC      net/ipv4/netfilter/arptable_filter.o
2026-08-19T13:05:14.4950059Z   CC      net/netfilter/nf_conntrack_proto_udp.o
2026-08-19T13:05:14.5679832Z   CC      drivers/base/soc.o
2026-08-19T13:05:15.1211883Z   CC      net/ipv4/netfilter/nf_dup_ipv4.o
2026-08-19T13:05:15.2375907Z   CC      drivers/gpu/drm/drm_client_modeset.o
2026-08-19T13:05:15.5830002Z   CC      drivers/base/pinctrl.o
2026-08-19T13:05:16.1369993Z   CC      net/netfilter/nf_conntrack_proto_icmp.o
2026-08-19T13:05:16.3360049Z   CC      drivers/base/devcoredump.o
2026-08-19T13:05:16.8760058Z   CC      drivers/gpu/drm/drm_atomic_uapi.o
2026-08-19T13:05:17.2543127Z   AR      net/ipv4/netfilter/built-in.a
2026-08-19T13:05:17.2654159Z   CC      net/ipv4/route.o
2026-08-19T13:05:17.5939951Z   CC      drivers/base/platform-msi.o
2026-08-19T13:05:17.6209964Z   CC      net/netfilter/nf_conntrack_extend.o
2026-08-19T13:05:18.4669884Z   CC      drivers/gpu/drm/drm_managed.o
2026-08-19T13:05:18.7950008Z   CC      drivers/base/arch_topology.o
2026-08-19T13:05:19.7820001Z   CC      net/netfilter/nf_conntrack_acct.o
2026-08-19T13:05:19.8750043Z   CC      drivers/gpu/drm/drm_vblank_work.o
2026-08-19T13:05:20.1709950Z   CC      net/ipv4/inetpeer.o
2026-08-19T13:05:20.5959998Z   CC      drivers/base/trace.o
2026-08-19T13:05:21.2629713Z   CC      net/netfilter/nf_conntrack_seqadj.o
2026-08-19T13:05:21.3060013Z   CC      drivers/gpu/drm/drm_ioc32.o
2026-08-19T13:05:21.5947665Z   AR      drivers/base/built-in.a
2026-08-19T13:05:21.6138325Z   CC      net/xfrm/xfrm_policy.o
2026-08-19T13:05:22.2039990Z   CC      net/ipv4/protocol.o
2026-08-19T13:05:22.6490960Z   CC      drivers/gpu/drm/drm_panel.o
2026-08-19T13:05:23.7080800Z   CC      net/netfilter/nf_conntrack_proto_icmpv6.o
2026-08-19T13:05:24.0888109Z   CC      net/ipv4/ip_input.o
2026-08-19T13:05:24.2450192Z   CC      drivers/gpu/drm/drm_of.o
2026-08-19T13:05:24.9739862Z   CC      net/xfrm/xfrm_state.o
2026-08-19T13:05:25.3001628Z   CC      net/netfilter/nf_conntrack_ecache.o
2026-08-19T13:05:25.6969776Z   CC      drivers/gpu/drm/drm_pci.o
2026-08-19T13:05:26.4999853Z   CC      net/ipv4/ip_fragment.o
2026-08-19T13:05:26.7095326Z   CC      drivers/gpu/drm/drm_debugfs.o
2026-08-19T13:05:27.5189894Z   CC      net/netfilter/nf_conntrack_proto_dccp.o
2026-08-19T13:05:27.7425186Z   CC      net/xfrm/xfrm_hash.o
2026-08-19T13:05:28.2179881Z   CC      drivers/gpu/drm/drm_debugfs_crc.o
2026-08-19T13:05:28.4969930Z   CC      net/xfrm/xfrm_input.o
2026-08-19T13:05:28.6550718Z   CC      net/ipv4/ip_forward.o
2026-08-19T13:05:29.0053864Z   CC      net/netfilter/nf_conntrack_proto_sctp.o
2026-08-19T13:05:29.7080075Z   CC      drivers/gpu/drm/drm_nomodeset.o
2026-08-19T13:05:30.2969809Z   CC      net/ipv4/ip_options.o
2026-08-19T13:05:30.6550045Z   CC      net/netfilter/nf_conntrack_proto_gre.o
2026-08-19T13:05:30.7460003Z   CC      drivers/gpu/drm/drm_panel_orientation_quirks.o
2026-08-19T13:05:30.9499883Z   CC      net/xfrm/xfrm_output.o
2026-08-19T13:05:32.0313110Z   CC      drivers/gpu/drm/drm_gem_shmem_helper.o
2026-08-19T13:05:32.4090043Z   CC      net/ipv4/ip_output.o
2026-08-19T13:05:32.8160116Z   CC      net/netfilter/nf_conntrack_bpf.o
2026-08-19T13:05:33.3390173Z   CC      net/xfrm/xfrm_sysctl.o
2026-08-19T13:05:33.6290913Z   CC      drivers/gpu/drm/drm_bridge_connector.o
2026-08-19T13:05:34.4052433Z   CC      net/netfilter/nf_conntrack_netlink.o
2026-08-19T13:05:34.8089590Z   CC      net/xfrm/xfrm_replay.o
2026-08-19T13:05:35.0060082Z   CC      net/ipv4/ip_sockglue.o
2026-08-19T13:05:35.0216096Z   CC      drivers/gpu/drm/drm_crtc_helper.o
2026-08-19T13:05:36.2630063Z   CC      net/netfilter/nf_conntrack_amanda.o
2026-08-19T13:05:36.7970387Z   CC      drivers/gpu/drm/drm_encoder_slave.o
2026-08-19T13:05:36.8519227Z   CC      net/xfrm/xfrm_device.o
2026-08-19T13:05:37.4100271Z   CC      net/ipv4/inet_hashtables.o
2026-08-19T13:05:38.2740504Z   CC      net/xfrm/xfrm_proc.o
2026-08-19T13:05:38.3870592Z   CC      net/netfilter/nf_conntrack_ftp.o
2026-08-19T13:05:38.4839768Z   CC      drivers/gpu/drm/drm_flip_work.o
2026-08-19T13:05:39.6864032Z   CC      net/xfrm/xfrm_algo.o
2026-08-19T13:05:39.8249831Z   CC      drivers/gpu/drm/drm_probe_helper.o
2026-08-19T13:05:39.9669213Z   CC      net/ipv4/inet_timewait_sock.o
2026-08-19T13:05:40.8839852Z   CC      net/netfilter/nf_conntrack_h323_main.o
2026-08-19T13:05:41.5825667Z   CC      drivers/gpu/drm/drm_plane_helper.o
2026-08-19T13:05:41.8159969Z   CC      net/xfrm/xfrm_user.o
2026-08-19T13:05:42.0209796Z   CC      net/ipv4/inet_connection_sock.o
2026-08-19T13:05:43.2212293Z   CC      drivers/gpu/drm/drm_atomic_helper.o
2026-08-19T13:05:43.5050603Z   CC      net/netfilter/nf_conntrack_h323_asn1.o
2026-08-19T13:05:43.8136413Z   CC      net/netfilter/nf_conntrack_irc.o
2026-08-19T13:05:44.3740120Z   CC      net/xfrm/xfrm_ipcomp.o
2026-08-19T13:05:44.6331102Z   CC      net/ipv4/tcp.o
2026-08-19T13:05:44.9660134Z   CC      drivers/gpu/drm/drm_kms_helper_common.o
2026-08-19T13:05:45.8569270Z   CC      drivers/gpu/drm/drm_simple_kms_helper.o
2026-08-19T13:05:46.0099100Z   CC      net/netfilter/nf_conntrack_broadcast.o
2026-08-19T13:05:46.5940114Z   CC      net/xfrm/xfrm_interface_core.o
2026-08-19T13:05:47.1682787Z   CC      drivers/gpu/drm/drm_modeset_helper.o
2026-08-19T13:05:47.8379963Z   CC      net/ipv4/tcp_input.o
2026-08-19T13:05:48.1779903Z   CC      net/netfilter/nf_conntrack_netbios_ns.o
2026-08-19T13:05:48.4969815Z   AR      net/xfrm/built-in.a
2026-08-19T13:05:48.5220392Z   AR      drivers/misc/eeprom/built-in.a
2026-08-19T13:05:48.5417515Z   AR      drivers/misc/cb710/built-in.a
2026-08-19T13:05:48.5672454Z   AR      drivers/misc/ti-st/built-in.a
2026-08-19T13:05:48.5839888Z   AR      drivers/misc/lis3lv02d/built-in.a
2026-08-19T13:05:48.5970882Z   AR      drivers/misc/cardreader/built-in.a
2026-08-19T13:05:48.6099807Z   CC      drivers/misc/ntsync.o
2026-08-19T13:05:48.7841712Z   CC      drivers/gpu/drm/drm_gem_atomic_helper.o
2026-08-19T13:05:49.6805215Z   CC      drivers/misc/sram.o
2026-08-19T13:05:49.7280065Z   CC      net/netfilter/nf_conntrack_pptp.o
2026-08-19T13:05:50.2340090Z   CC      drivers/gpu/drm/drm_gem_framebuffer_helper.o
2026-08-19T13:05:50.5730259Z   CC      drivers/misc/uid_sys_stats.o
2026-08-19T13:05:51.5039987Z   CC      net/ipv4/tcp_output.o
2026-08-19T13:05:51.5796848Z   AR      drivers/misc/built-in.a
2026-08-19T13:05:51.5979094Z   CC      drivers/mfd/act8945a.o
2026-08-19T13:05:51.8789876Z   CC      drivers/gpu/drm/drm_atomic_state_helper.o
2026-08-19T13:05:51.8969929Z   CC      net/netfilter/nf_conntrack_sane.o
2026-08-19T13:05:52.6799977Z   CC      drivers/mfd/mfd-core.o
2026-08-19T13:05:53.3720461Z   CC      drivers/gpu/drm/drm_damage_helper.o
2026-08-19T13:05:53.3950002Z   CC      net/netfilter/nf_conntrack_tftp.o
2026-08-19T13:05:54.2519989Z   CC      drivers/mfd/syscon.o
2026-08-19T13:05:54.5880023Z   CC      net/ipv4/tcp_timer.o
2026-08-19T13:05:54.7330577Z   CC      drivers/gpu/drm/drm_format_helper.o
2026-08-19T13:05:55.4739690Z   CC      net/netfilter/nf_log_syslog.o
2026-08-19T13:05:55.5159996Z   AR      drivers/mfd/built-in.a
2026-08-19T13:05:55.5351718Z   CC      net/unix/af_unix.o
2026-08-19T13:05:55.9670021Z   CC      drivers/gpu/drm/drm_self_refresh_helper.o
2026-08-19T13:05:57.0137500Z   CC      net/ipv4/tcp_ipv4.o
2026-08-19T13:05:57.0988600Z   CC      net/netfilter/nf_nat_core.o
2026-08-19T13:05:57.3690009Z   CC      drivers/gpu/drm/drm_rect.o
2026-08-19T13:05:58.0553025Z   CC      net/unix/garbage.o
2026-08-19T13:05:58.4469905Z   CC      drivers/gpu/drm/bridge/panel.o
2026-08-19T13:05:59.3631009Z   CC      net/unix/sysctl_net_unix.o
2026-08-19T13:05:59.4334357Z   CC      net/netfilter/nf_nat_proto.o
2026-08-19T13:05:59.8720054Z   CC      drivers/gpu/drm/drm_mipi_dsi.o
2026-08-19T13:05:59.9259858Z   CC      net/ipv4/tcp_minisocks.o
2026-08-19T13:06:00.7016709Z   CC      net/unix/unix_bpf.o
2026-08-19T13:06:01.0599935Z   AR      drivers/gpu/drm/built-in.a
2026-08-19T13:06:01.0780119Z   AR      drivers/gpu/built-in.a
2026-08-19T13:06:01.0989710Z   AR      drivers/nfc/built-in.a
2026-08-19T13:06:01.1179728Z   CC      drivers/nvdimm/core.o
2026-08-19T13:06:02.0750013Z   CC      net/netfilter/nf_nat_helper.o
2026-08-19T13:06:02.3148210Z   CC      net/unix/scm.o
2026-08-19T13:06:02.3952113Z   CC      net/ipv4/tcp_cong.o
2026-08-19T13:06:02.6769902Z   CC      drivers/nvdimm/bus.o
2026-08-19T13:06:04.1942853Z   AR      net/unix/built-in.a
2026-08-19T13:06:04.2259893Z   CC      net/ipv4/tcp_metrics.o
2026-08-19T13:06:04.3600254Z   CC      drivers/nvdimm/dimm_devs.o
2026-08-19T13:06:04.5059996Z   CC      net/netfilter/nf_nat_redirect.o
2026-08-19T13:06:04.8489635Z   AR      drivers/dax/hmem/built-in.a
2026-08-19T13:06:04.8564050Z   CC      drivers/dax/super.o
2026-08-19T13:06:05.9449491Z   CC      drivers/nvdimm/nd_perf.o
2026-08-19T13:06:05.9939737Z   CC      net/ipv4/tcp_fastopen.o
2026-08-19T13:06:06.2891236Z   CC      drivers/dax/bus.o
2026-08-19T13:06:06.9060074Z   CC      net/netfilter/nf_nat_masquerade.o
2026-08-19T13:06:07.3580375Z   CC      drivers/nvdimm/dimm.o
2026-08-19T13:06:07.6586762Z   AR      drivers/dax/built-in.a
2026-08-19T13:06:07.6729813Z   CC      drivers/nvdimm/region_devs.o
2026-08-19T13:06:08.3729950Z   CC      net/ipv6/netfilter/ip6_tables.o
2026-08-19T13:06:08.4258507Z   CC      net/ipv4/tcp_rate.o
2026-08-19T13:06:09.2930091Z   CC      drivers/nvdimm/region.o
2026-08-19T13:06:09.3060584Z   CC      net/netfilter/nf_nat_bpf.o
2026-08-19T13:06:10.3439042Z   CC      drivers/nvdimm/namespace_devs.o
2026-08-19T13:06:10.5900062Z   CC      net/ipv4/tcp_recovery.o
2026-08-19T13:06:10.8140146Z   CC      net/netfilter/nf_nat_amanda.o
2026-08-19T13:06:11.0399969Z   CC      net/ipv6/netfilter/ip6table_filter.o
2026-08-19T13:06:12.1249985Z   CC      drivers/nvdimm/label.o
2026-08-19T13:06:12.1579914Z   CC      net/ipv4/tcp_ulp.o
2026-08-19T13:06:12.2559845Z   CC      net/netfilter/nf_nat_ftp.o
2026-08-19T13:06:12.6490215Z   CC      net/ipv6/netfilter/ip6table_mangle.o
2026-08-19T13:06:13.3250015Z   CC      drivers/nvdimm/badrange.o
2026-08-19T13:06:13.7343600Z   CC      net/netfilter/nf_nat_irc.o
2026-08-19T13:06:14.2347752Z   CC      net/ipv6/netfilter/ip6table_raw.o
2026-08-19T13:06:14.5249948Z   CC      net/ipv4/tcp_offload.o
2026-08-19T13:06:14.8003740Z   CC      drivers/nvdimm/claim.o
2026-08-19T13:06:15.1497486Z   CC      net/netfilter/nf_nat_tftp.o
2026-08-19T13:06:15.8089899Z   CC      net/ipv6/netfilter/ip6table_nat.o
2026-08-19T13:06:16.2754593Z   CC      drivers/nvdimm/btt_devs.o
2026-08-19T13:06:16.6080019Z   CC      net/netfilter/nf_conncount.o
2026-08-19T13:06:16.8210028Z   CC      net/ipv4/tcp_plb.o
2026-08-19T13:06:17.5360527Z   CC      net/ipv6/netfilter/nf_defrag_ipv6_hooks.o
2026-08-19T13:06:17.8030081Z   CC      drivers/nvdimm/pfn_devs.o
2026-08-19T13:06:18.8029957Z   CC      net/netfilter/x_tables.o
2026-08-19T13:06:19.1210047Z   CC      net/ipv4/datagram.o
2026-08-19T13:06:19.3669510Z   CC      drivers/nvdimm/dax_devs.o
2026-08-19T13:06:19.9753412Z   CC      net/ipv6/netfilter/nf_conntrack_reasm.o
2026-08-19T13:06:20.8384533Z   CC      drivers/nvdimm/pmem.o
2026-08-19T13:06:21.3880357Z   CC      net/ipv4/raw.o
2026-08-19T13:06:21.4000107Z   CC      net/netfilter/xt_tcpudp.o
2026-08-19T13:06:21.9940059Z   CC      drivers/nvdimm/btt.o
2026-08-19T13:06:22.3909869Z   CC      net/ipv6/netfilter/nf_socket_ipv6.o
2026-08-19T13:06:22.9292540Z   CC      net/netfilter/xt_mark.o
2026-08-19T13:06:23.7857912Z   CC      net/ipv4/udp.o
2026-08-19T13:06:23.8550591Z   CC      drivers/nvdimm/of_pmem.o
2026-08-19T13:06:24.0029919Z   CC      net/netfilter/xt_connmark.o
2026-08-19T13:06:24.6906905Z   CC      net/ipv6/netfilter/nf_tproxy_ipv6.o
2026-08-19T13:06:24.8277593Z   AR      drivers/nvdimm/built-in.a
2026-08-19T13:06:24.8572420Z   CC      drivers/dma-buf/heaps/deferred-free-helper.o
2026-08-19T13:06:25.5479842Z   CC      net/netfilter/xt_set.o
2026-08-19T13:06:26.2960646Z   CC      drivers/dma-buf/heaps/page_pool.o
2026-08-19T13:06:26.9280136Z   CC      net/netfilter/xt_nat.o
2026-08-19T13:06:26.9660349Z   CC      net/ipv4/udplite.o
2026-08-19T13:06:27.0439916Z   CC      net/ipv6/netfilter/nf_reject_ipv6.o
2026-08-19T13:06:27.7894546Z   AR      drivers/dma-buf/heaps/built-in.a
2026-08-19T13:06:27.8018704Z   CC      drivers/dma-buf/dma-buf.o
2026-08-19T13:06:28.3989976Z   CC      net/netfilter/xt_CLASSIFY.o
2026-08-19T13:06:29.0270131Z   CC      net/ipv4/udp_offload.o
2026-08-19T13:06:29.2590477Z   CC      drivers/dma-buf/dma-fence.o
2026-08-19T13:06:29.4900048Z   CC      net/ipv6/netfilter/nf_dup_ipv6.o
2026-08-19T13:06:29.9730205Z   CC      net/netfilter/xt_CONNSECMARK.o
2026-08-19T13:06:30.8460165Z   CC      drivers/dma-buf/dma-fence-array.o
2026-08-19T13:06:31.1388743Z   CC      net/ipv4/arp.o
2026-08-19T13:06:31.4747980Z   CC      net/netfilter/xt_CT.o
2026-08-19T13:06:31.6390293Z   CC      net/ipv6/netfilter/ip6t_rpfilter.o
2026-08-19T13:06:31.7420611Z   CC      drivers/dma-buf/dma-fence-chain.o
2026-08-19T13:06:32.6139848Z   CC      drivers/dma-buf/dma-fence-unwrap.o
2026-08-19T13:06:33.1430012Z   CC      net/ipv6/netfilter/ip6t_REJECT.o
2026-08-19T13:06:33.1859960Z   CC      net/netfilter/xt_DSCP.o
2026-08-19T13:06:33.5289901Z   CC      drivers/dma-buf/dma-resv.o
2026-08-19T13:06:33.7249976Z   CC      net/ipv4/icmp.o
2026-08-19T13:06:34.4810774Z   CC      net/netfilter/xt_HL.o
2026-08-19T13:06:34.7437283Z   AR      net/ipv6/netfilter/built-in.a
2026-08-19T13:06:34.7554806Z   CC      net/ipv6/af_inet6.o
2026-08-19T13:06:34.8410199Z   CC      drivers/dma-buf/dma-heap.o
2026-08-19T13:06:35.8288108Z   CC      net/netfilter/xt_LOG.o
2026-08-19T13:06:36.3000249Z   CC      drivers/dma-buf/sync_file.o
2026-08-19T13:06:36.3740160Z   CC      net/ipv4/devinet.o
2026-08-19T13:06:37.3660057Z   CC      drivers/dma-buf/dma-buf-sysfs-stats.o
2026-08-19T13:06:37.4245938Z   CC      net/netfilter/xt_NETMAP.o
2026-08-19T13:06:37.4251610Z   CC      net/ipv6/anycast.o
2026-08-19T13:06:38.2519576Z   AR      drivers/dma-buf/built-in.a
2026-08-19T13:06:38.2800214Z   AR      drivers/cxl/core/built-in.a
2026-08-19T13:06:38.2919707Z   AR      drivers/cxl/built-in.a
2026-08-19T13:06:38.3069609Z   AR      drivers/macintosh/built-in.a
2026-08-19T13:06:38.3249616Z   CC      drivers/scsi/scsi.o
2026-08-19T13:06:38.8883850Z   CC      net/ipv4/af_inet.o
2026-08-19T13:06:38.9419815Z   CC      net/ipv6/ip6_output.o
2026-08-19T13:06:39.0340998Z   CC      net/netfilter/xt_NFLOG.o
2026-08-19T13:06:40.1590035Z   CC      drivers/scsi/hosts.o
2026-08-19T13:06:40.2404779Z   CC      net/netfilter/xt_NFQUEUE.o
2026-08-19T13:06:41.6283353Z   CC      net/netfilter/xt_REDIRECT.o
2026-08-19T13:06:41.6548530Z   CC      drivers/scsi/scsi_ioctl.o
2026-08-19T13:06:41.7856341Z   CC      net/ipv4/igmp.o
2026-08-19T13:06:41.9460324Z   CC      net/ipv6/ip6_input.o
2026-08-19T13:06:43.2579809Z   CC      net/netfilter/xt_MASQUERADE.o
2026-08-19T13:06:43.3340316Z   CC      drivers/scsi/scsicam.o
2026-08-19T13:06:44.4089887Z   CC      net/ipv4/fib_frontend.o
2026-08-19T13:06:44.5326582Z   CC      net/ipv6/addrconf.o
2026-08-19T13:06:44.7490279Z   CC      net/netfilter/xt_SECMARK.o
2026-08-19T13:06:44.7525526Z   CC      drivers/scsi/scsi_error.o
2026-08-19T13:06:45.9389950Z   CC      net/netfilter/xt_TPROXY.o
2026-08-19T13:06:46.4510015Z   CC      drivers/scsi/scsi_lib.o
2026-08-19T13:06:47.1139995Z   CC      net/ipv4/fib_semantics.o
2026-08-19T13:06:47.5781093Z   CC      net/netfilter/xt_TCPMSS.o
2026-08-19T13:06:47.8695500Z   CC      net/ipv6/addrlabel.o
2026-08-19T13:06:48.2689977Z   CC      drivers/scsi/scsi_lib_dma.o
2026-08-19T13:06:49.2359952Z   CC      net/netfilter/xt_TEE.o
2026-08-19T13:06:49.3436126Z   CC      net/ipv6/route.o
2026-08-19T13:06:49.7383229Z   CC      net/ipv4/fib_trie.o
2026-08-19T13:06:49.7437341Z   CC      drivers/scsi/scsi_scan.o
2026-08-19T13:06:50.6470074Z   CC      net/netfilter/xt_TRACE.o
2026-08-19T13:06:51.3800135Z   GEN     drivers/scsi/scsi_devinfo_tbl.c
2026-08-19T13:06:51.3859786Z   CC      drivers/scsi/scsi_devinfo.o
2026-08-19T13:06:51.8190987Z   CC      net/netfilter/xt_IDLETIMER.o
2026-08-19T13:06:52.5884777Z   CC      net/ipv4/fib_notifier.o
2026-08-19T13:06:52.8229975Z   CC      drivers/scsi/scsi_sysctl.o
2026-08-19T13:06:52.9049840Z   CC      net/ipv6/ip6_fib.o
2026-08-19T13:06:53.1360015Z   CC      net/netfilter/xt_addrtype.o
2026-08-19T13:06:53.8009919Z   CC      drivers/scsi/scsi_debugfs.o
2026-08-19T13:06:53.9009994Z   CC      net/ipv4/inet_fragment.o
2026-08-19T13:06:54.7445806Z   CC      net/netfilter/xt_bpf.o
2026-08-19T13:06:54.8189925Z   CC      drivers/scsi/scsi_trace.o
2026-08-19T13:06:55.4999915Z   CC      net/ipv6/ipv6_sockglue.o
2026-08-19T13:06:55.8210759Z   CC      drivers/scsi/scsi_logging.o
2026-08-19T13:06:55.9914952Z   CC      net/netfilter/xt_comment.o
2026-08-19T13:06:56.2199921Z   CC      net/ipv4/ping.o
2026-08-19T13:06:57.1770657Z   CC      net/netfilter/xt_connbytes.o
2026-08-19T13:06:57.2049421Z   CC      drivers/scsi/scsi_pm.o
2026-08-19T13:06:58.1049809Z   CC      net/ipv6/ndisc.o
2026-08-19T13:06:58.4572358Z   CC      net/ipv4/ip_tunnel_core.o
2026-08-19T13:06:58.6431376Z   CC      net/netfilter/xt_connlimit.o
2026-08-19T13:06:58.6910035Z   CC      drivers/scsi/scsi_bsg.o
2026-08-19T13:06:59.7420293Z   CC      drivers/scsi/scsi_common.o
2026-08-19T13:07:00.1820001Z   CC      net/netfilter/xt_conntrack.o
2026-08-19T13:07:00.7280943Z   CC      drivers/scsi/sd.o
2026-08-19T13:07:00.7398473Z   CC      net/ipv6/udp.o
2026-08-19T13:07:00.8328070Z   CC      net/ipv4/gre_offload.o
2026-08-19T13:07:01.6930160Z   CC      net/netfilter/xt_dscp.o
2026-08-19T13:07:02.1110014Z   CC      drivers/scsi/sd_zbc.o
2026-08-19T13:07:02.4067730Z   CC      net/ipv4/metrics.o
2026-08-19T13:07:03.0329958Z   CC      net/netfilter/xt_ecn.o
2026-08-19T13:07:03.2099828Z   CC      drivers/scsi/scsi_sysfs.o
2026-08-19T13:07:03.6710221Z   CC      net/ipv6/udplite.o
2026-08-19T13:07:04.6084156Z   CC      net/netfilter/xt_esp.o
2026-08-19T13:07:04.7610576Z   CC      net/ipv4/netlink.o
2026-08-19T13:07:04.9291152Z   AR      drivers/scsi/built-in.a
2026-08-19T13:07:04.9566820Z   CC      drivers/nvme/host/core.o
2026-08-19T13:07:05.0939673Z   CC      net/ipv6/raw.o
2026-08-19T13:07:06.1521034Z   CC      net/netfilter/xt_hashlimit.o
2026-08-19T13:07:06.7230564Z   CC      net/ipv4/nexthop.o
2026-08-19T13:07:07.6929951Z   CC      drivers/nvme/host/ioctl.o
2026-08-19T13:07:07.7840040Z   CC      net/ipv6/icmp.o
2026-08-19T13:07:08.0090158Z   CC      net/netfilter/xt_helper.o
2026-08-19T13:07:08.9270174Z   CC      drivers/nvme/host/trace.o
2026-08-19T13:07:09.4309071Z   CC      net/ipv4/udp_tunnel_stub.o
2026-08-19T13:07:09.5330065Z   CC      net/netfilter/xt_hl.o
2026-08-19T13:07:10.0705644Z   CC      net/ipv6/mcast.o
2026-08-19T13:07:10.5020310Z   CC      drivers/nvme/host/multipath.o
2026-08-19T13:07:10.9210070Z   CC      net/netfilter/xt_iprange.o
2026-08-19T13:07:11.6709900Z   CC      net/ipv4/ip_tunnel.o
2026-08-19T13:07:11.7130077Z   CC      drivers/nvme/host/zns.o
2026-08-19T13:07:12.2799967Z   CC      net/netfilter/xt_l2tp.o
2026-08-19T13:07:12.8906416Z   CC      drivers/nvme/host/pci.o
2026-08-19T13:07:12.9699789Z   CC      net/ipv6/reassembly.o
2026-08-19T13:07:13.8920747Z   CC      net/netfilter/xt_length.o
2026-08-19T13:07:14.2719750Z   CC      net/ipv4/sysctl_net_ipv4.o
2026-08-19T13:07:14.5560051Z   CC      net/ipv6/tcp_ipv6.o
2026-08-19T13:07:14.5779992Z   AR      drivers/nvme/host/built-in.a
2026-08-19T13:07:14.5929680Z   AR      drivers/nvme/target/built-in.a
2026-08-19T13:07:14.6020081Z   AR      drivers/nvme/built-in.a
2026-08-19T13:07:14.6249958Z   CC      drivers/spi/spi.o
2026-08-19T13:07:15.2539867Z   CC      net/netfilter/xt_limit.o
2026-08-19T13:07:16.4691814Z   CC      net/netfilter/xt_mac.o
2026-08-19T13:07:16.6179743Z   CC      net/ipv4/proc.o
2026-08-19T13:07:17.1129919Z   CC      drivers/spi/spi-mem.o
2026-08-19T13:07:17.3679836Z   CC      net/ipv6/ping.o
2026-08-19T13:07:18.0960078Z   CC      net/netfilter/xt_multiport.o
2026-08-19T13:07:18.3489941Z   CC      net/ipv4/fib_rules.o
2026-08-19T13:07:18.5233191Z   AR      drivers/spi/built-in.a
2026-08-19T13:07:18.5430273Z   CC      drivers/spmi/spmi.o
2026-08-19T13:07:19.5490224Z   CC      net/ipv6/exthdrs.o
2026-08-19T13:07:19.6869839Z   CC      net/netfilter/xt_owner.o
2026-08-19T13:07:20.1489806Z   AR      drivers/spmi/built-in.a
2026-08-19T13:07:20.1739072Z   CC      drivers/net/wireguard/main.o
2026-08-19T13:07:20.6539953Z   CC      net/ipv4/ipmr_base.o
2026-08-19T13:07:21.0410060Z   CC      net/netfilter/xt_pkttype.o
2026-08-19T13:07:21.6682513Z   CC      drivers/net/wireguard/noise.o
2026-08-19T13:07:21.9809996Z   CC      net/ipv6/datagram.o
2026-08-19T13:07:22.3949400Z   CC      net/netfilter/xt_policy.o
2026-08-19T13:07:22.7358187Z   CC      net/ipv4/ipip.o
2026-08-19T13:07:23.2591740Z   CC      drivers/net/wireguard/device.o
2026-08-19T13:07:23.8731103Z   CC      net/netfilter/xt_quota.o
2026-08-19T13:07:24.2970286Z   CC      net/ipv6/ip6_flowlabel.o
2026-08-19T13:07:24.3109800Z   CC      net/ipv4/gre_demux.o
2026-08-19T13:07:24.8250017Z   CC      drivers/net/wireguard/peer.o
2026-08-19T13:07:25.0409823Z   CC      net/netfilter/xt_quota2.o
2026-08-19T13:07:26.2919758Z   CC      net/netfilter/xt_recent.o
2026-08-19T13:07:26.3757982Z   CC      drivers/net/wireguard/timers.o
2026-08-19T13:07:26.4309914Z   CC      net/ipv6/inet6_connection_sock.o
2026-08-19T13:07:26.4799626Z   CC      net/ipv4/ip_gre.o
2026-08-19T13:07:27.7769025Z   CC      net/netfilter/xt_socket.o
2026-08-19T13:07:27.8938104Z   CC      drivers/net/wireguard/queueing.o
2026-08-19T13:07:28.7109830Z   CC      net/ipv6/udp_offload.o
2026-08-19T13:07:28.9450396Z   CC      net/ipv4/udp_tunnel_core.o
2026-08-19T13:07:29.4480224Z   CC      net/netfilter/xt_state.o
2026-08-19T13:07:29.4532183Z   CC      drivers/net/wireguard/send.o
2026-08-19T13:07:30.0560043Z   CC      net/ipv6/seg6.o
2026-08-19T13:07:30.9310544Z   CC      net/netfilter/xt_statistic.o
2026-08-19T13:07:31.1250498Z   CC      net/ipv4/udp_tunnel_nic.o
2026-08-19T13:07:31.1630178Z   CC      drivers/net/wireguard/receive.o
2026-08-19T13:07:31.4589759Z   CC      net/ipv6/fib6_notifier.o
2026-08-19T13:07:32.0450215Z   CC      net/netfilter/xt_string.o
2026-08-19T13:07:32.7851183Z   CC      net/ipv4/ip_vti.o
2026-08-19T13:07:32.8489992Z   CC      drivers/net/wireguard/socket.o
2026-08-19T13:07:32.8510592Z   CC      net/ipv6/rpl.o
2026-08-19T13:07:33.1760147Z   CC      net/netfilter/xt_time.o
2026-08-19T13:07:34.1829954Z   CC      net/ipv6/ioam6.o
2026-08-19T13:07:34.3750067Z   CC      net/netfilter/xt_u32.o
2026-08-19T13:07:34.4435344Z   CC      net/ipv4/esp4.o
2026-08-19T13:07:34.4670699Z   CC      drivers/net/wireguard/peerlookup.o
2026-08-19T13:07:35.5560235Z   AR      net/netfilter/built-in.a
2026-08-19T13:07:35.5825377Z   CC      drivers/net/phy/mdio-boardinfo.o
2026-08-19T13:07:35.8334677Z   CC      net/ipv6/sysctl_net_ipv6.o
2026-08-19T13:07:35.9300028Z   CC      drivers/net/wireguard/allowedips.o
2026-08-19T13:07:36.9879992Z   CC      net/ipv4/tunnel4.o
2026-08-19T13:07:37.0620087Z   CC      drivers/net/phy/mdio_devres.o
2026-08-19T13:07:37.2862503Z   CC      net/ipv6/ip6mr.o
2026-08-19T13:07:37.4014639Z   CC      drivers/net/wireguard/ratelimiter.o
2026-08-19T13:07:38.5599939Z   CC      drivers/net/phy/phylink.o
2026-08-19T13:07:38.7790066Z   CC      drivers/net/wireguard/cookie.o
2026-08-19T13:07:39.0620305Z   CC      net/ipv4/netfilter.o
2026-08-19T13:07:40.1765309Z   CC      drivers/net/wireguard/netlink.o
2026-08-19T13:07:40.2709822Z   CC      net/ipv6/xfrm6_policy.o
2026-08-19T13:07:40.6516933Z   CC      drivers/net/phy/phy.o
2026-08-19T13:07:41.1889839Z   CC      net/ipv4/inet_diag.o
2026-08-19T13:07:41.6897495Z   CC      net/ipv6/xfrm6_state.o
2026-08-19T13:07:41.7344610Z   AR      drivers/net/wireguard/built-in.a
2026-08-19T13:07:41.7534223Z   AR      drivers/firewire/built-in.a
2026-08-19T13:07:41.7730014Z   CC      net/packet/af_packet.o
2026-08-19T13:07:42.8492230Z   CC      drivers/net/phy/phy-c45.o
2026-08-19T13:07:43.1337280Z   CC      net/ipv6/xfrm6_input.o
2026-08-19T13:07:43.5719824Z   CC      net/ipv4/tcp_diag.o
2026-08-19T13:07:44.4319874Z   CC      drivers/net/phy/phy-core.o
2026-08-19T13:07:44.7616330Z   AR      net/packet/built-in.a
2026-08-19T13:07:44.7809965Z   CC      net/key/af_key.o
2026-08-19T13:07:45.0890616Z   CC      net/ipv4/udp_diag.o
2026-08-19T13:07:45.4737294Z   CC      net/ipv6/xfrm6_output.o
2026-08-19T13:07:46.0089893Z   CC      drivers/net/phy/phy_device.o
2026-08-19T13:07:46.5020345Z   CC      net/ipv4/tcp_bbr.o
2026-08-19T13:07:46.6450111Z   AR      net/key/built-in.a
2026-08-19T13:07:46.6649750Z   AR      drivers/net/pse-pd/built-in.a
2026-08-19T13:07:46.6829856Z   CC      drivers/uio/uio.o
2026-08-19T13:07:47.1120016Z   CC      net/ipv6/xfrm6_protocol.o
2026-08-19T13:07:48.0839830Z   AR      drivers/uio/built-in.a
2026-08-19T13:07:48.1000000Z   CC      drivers/net/phy/linkmode.o
2026-08-19T13:07:48.1092389Z   AR      net/bridge/netfilter/built-in.a
2026-08-19T13:07:48.1183764Z   CC      net/bridge/br.o
2026-08-19T13:07:48.1669826Z   CC      net/ipv4/tcp_bbr3.o
2026-08-19T13:07:49.2369829Z   CC      net/ipv6/netfilter.o
2026-08-19T13:07:49.5408536Z   CC      drivers/net/phy/mdio_bus.o
2026-08-19T13:07:49.5600095Z   CC      net/bridge/br_device.o
2026-08-19T13:07:49.9926178Z   CC      net/ipv4/tcp_cubic.o
2026-08-19T13:07:51.4791969Z   CC      drivers/net/phy/mdio_device.o
2026-08-19T13:07:51.5829968Z   CC      net/ipv4/tcp_bpf.o
2026-08-19T13:07:51.7651673Z   CC      net/ipv6/fib6_rules.o
2026-08-19T13:07:51.8045338Z   CC      net/bridge/br_fdb.o
2026-08-19T13:07:53.0359856Z   CC      drivers/net/phy/swphy.o
2026-08-19T13:07:53.8512888Z   CC      net/ipv6/proc.o
2026-08-19T13:07:54.0510008Z   CC      net/ipv4/udp_bpf.o
2026-08-19T13:07:54.4039967Z   CC      net/bridge/br_forward.o
2026-08-19T13:07:54.5760113Z   CC      drivers/net/phy/phy_led_triggers.o
2026-08-19T13:07:55.4612751Z   CC      net/ipv6/esp6.o
2026-08-19T13:07:56.3099829Z   CC      drivers/net/phy/ax88796b.o
2026-08-19T13:07:56.3814683Z   CC      net/ipv4/xfrm4_policy.o
2026-08-19T13:07:56.6288228Z   CC      net/bridge/br_if.o
2026-08-19T13:07:57.4139891Z   CC      drivers/net/phy/fixed_phy.o
2026-08-19T13:07:57.7870050Z   CC      net/ipv4/xfrm4_state.o
2026-08-19T13:07:58.1070179Z   CC      net/ipv6/ipcomp6.o
2026-08-19T13:07:58.8989708Z   CC      net/bridge/br_input.o
2026-08-19T13:07:59.1109878Z   AR      drivers/net/phy/built-in.a
2026-08-19T13:07:59.1319886Z   CC      drivers/net/mdio/fwnode_mdio.o
2026-08-19T13:07:59.2360917Z   CC      net/ipv4/xfrm4_input.o
2026-08-19T13:07:59.6390025Z   CC      net/ipv6/xfrm6_tunnel.o
2026-08-19T13:08:00.7160707Z   CC      drivers/net/mdio/of_mdio.o
2026-08-19T13:08:01.2149537Z   CC      net/bridge/br_ioctl.o
2026-08-19T13:08:01.3316569Z   CC      net/ipv4/xfrm4_output.o
2026-08-19T13:08:01.7820075Z   CC      net/ipv6/tunnel6.o
2026-08-19T13:08:02.4233780Z   AR      drivers/net/mdio/built-in.a
2026-08-19T13:08:02.4429997Z   AR      drivers/net/pcs/built-in.a
2026-08-19T13:08:02.4699838Z   AR      drivers/net/ethernet/3com/built-in.a
2026-08-19T13:08:02.4844942Z   AR      drivers/net/ethernet/8390/built-in.a
2026-08-19T13:08:02.5029868Z   AR      drivers/net/ethernet/adaptec/built-in.a
2026-08-19T13:08:02.5165983Z   AR      drivers/net/ethernet/adi/built-in.a
2026-08-19T13:08:02.5329743Z   AR      drivers/net/ethernet/agere/built-in.a
2026-08-19T13:08:02.5500618Z   AR      drivers/net/ethernet/alacritech/built-in.a
2026-08-19T13:08:02.5659814Z   AR      drivers/net/ethernet/allwinner/built-in.a
2026-08-19T13:08:02.5809807Z   AR      drivers/net/ethernet/alteon/built-in.a
2026-08-19T13:08:02.5989914Z   AR      drivers/net/ethernet/amazon/built-in.a
2026-08-19T13:08:02.6139868Z   AR      drivers/net/ethernet/amd/built-in.a
2026-08-19T13:08:02.6300887Z   AR      drivers/net/ethernet/aquantia/built-in.a
2026-08-19T13:08:02.6469717Z   AR      drivers/net/ethernet/arc/built-in.a
2026-08-19T13:08:02.6629766Z   AR      drivers/net/ethernet/asix/built-in.a
2026-08-19T13:08:02.6789962Z   AR      drivers/net/ethernet/atheros/built-in.a
2026-08-19T13:08:02.6959843Z   AR      drivers/net/ethernet/cadence/built-in.a
2026-08-19T13:08:02.7161856Z   AR      drivers/net/ethernet/broadcom/built-in.a
2026-08-19T13:08:02.7308493Z   AR      drivers/net/ethernet/brocade/built-in.a
2026-08-19T13:08:02.7609998Z   CC      net/ipv4/xfrm4_protocol.o
2026-08-19T13:08:02.7621158Z   AR      drivers/net/ethernet/cavium/common/built-in.a
2026-08-19T13:08:02.7688094Z   CC      net/bridge/br_stp.o
2026-08-19T13:08:02.7790214Z   AR      drivers/net/ethernet/cavium/thunder/built-in.a
2026-08-19T13:08:02.7969989Z   AR      drivers/net/ethernet/cavium/liquidio/built-in.a
2026-08-19T13:08:02.8112874Z   AR      drivers/net/ethernet/cavium/octeon/built-in.a
2026-08-19T13:08:02.8229817Z   AR      drivers/net/ethernet/cavium/built-in.a
2026-08-19T13:08:02.8409961Z   AR      drivers/net/ethernet/chelsio/built-in.a
2026-08-19T13:08:02.8542542Z   AR      drivers/net/ethernet/cisco/built-in.a
2026-08-19T13:08:02.8709838Z   AR      drivers/net/ethernet/cortina/built-in.a
2026-08-19T13:08:02.8859552Z   AR      drivers/net/ethernet/dec/built-in.a
2026-08-19T13:08:02.9039853Z   AR      drivers/net/ethernet/dlink/built-in.a
2026-08-19T13:08:02.9189688Z   AR      drivers/net/ethernet/emulex/built-in.a
2026-08-19T13:08:02.9370065Z   AR      drivers/net/ethernet/engleder/built-in.a
2026-08-19T13:08:02.9489113Z   AR      drivers/net/ethernet/ezchip/built-in.a
2026-08-19T13:08:02.9647534Z   AR      drivers/net/ethernet/fungible/built-in.a
2026-08-19T13:08:02.9802939Z   AR      drivers/net/ethernet/google/built-in.a
2026-08-19T13:08:02.9960758Z   AR      drivers/net/ethernet/hisilicon/built-in.a
2026-08-19T13:08:03.0119556Z   AR      drivers/net/ethernet/huawei/built-in.a
2026-08-19T13:08:03.0299872Z   AR      drivers/net/ethernet/intel/built-in.a
2026-08-19T13:08:03.0449432Z   AR      drivers/net/ethernet/i825xx/built-in.a
2026-08-19T13:08:03.0615662Z   AR      drivers/net/ethernet/microsoft/built-in.a
2026-08-19T13:08:03.0759490Z   AR      drivers/net/ethernet/litex/built-in.a
2026-08-19T13:08:03.0982513Z   AR      drivers/net/ethernet/marvell/octeon_ep/built-in.a
2026-08-19T13:08:03.1129613Z   AR      drivers/net/ethernet/marvell/octeontx2/built-in.a
2026-08-19T13:08:03.1259690Z   AR      drivers/net/ethernet/marvell/prestera/built-in.a
2026-08-19T13:08:03.1359625Z   AR      drivers/net/ethernet/marvell/built-in.a
2026-08-19T13:08:03.1505038Z   AR      drivers/net/ethernet/mellanox/built-in.a
2026-08-19T13:08:03.1659843Z   AR      drivers/net/ethernet/micrel/built-in.a
2026-08-19T13:08:03.1824803Z   AR      drivers/net/ethernet/microchip/built-in.a
2026-08-19T13:08:03.1989801Z   AR      drivers/net/ethernet/mscc/built-in.a
2026-08-19T13:08:03.2100593Z   AR      drivers/net/ethernet/myricom/built-in.a
2026-08-19T13:08:03.2249424Z   AR      drivers/net/ethernet/natsemi/built-in.a
2026-08-19T13:08:03.2372623Z   AR      drivers/net/ethernet/neterion/built-in.a
2026-08-19T13:08:03.2569830Z   AR      drivers/net/ethernet/netronome/built-in.a
2026-08-19T13:08:03.2719646Z   AR      drivers/net/ethernet/ni/built-in.a
2026-08-19T13:08:03.2869747Z   AR      drivers/net/ethernet/nvidia/built-in.a
2026-08-19T13:08:03.3019826Z   AR      drivers/net/ethernet/oki-semi/built-in.a
2026-08-19T13:08:03.3189835Z   AR      drivers/net/ethernet/packetengines/built-in.a
2026-08-19T13:08:03.3369788Z   AR      drivers/net/ethernet/qlogic/built-in.a
2026-08-19T13:08:03.3579899Z   AR      drivers/net/ethernet/qualcomm/emac/built-in.a
2026-08-19T13:08:03.3779935Z   AR      drivers/net/ethernet/qualcomm/built-in.a
2026-08-19T13:08:03.3990000Z   AR      drivers/net/ethernet/realtek/built-in.a
2026-08-19T13:08:03.4149921Z   AR      drivers/net/ethernet/renesas/built-in.a
2026-08-19T13:08:03.4334613Z   AR      drivers/net/ethernet/rdc/built-in.a
2026-08-19T13:08:03.4520958Z   AR      drivers/net/ethernet/rocker/built-in.a
2026-08-19T13:08:03.4679878Z   AR      drivers/net/ethernet/samsung/built-in.a
2026-08-19T13:08:03.4830360Z   AR      drivers/net/ethernet/seeq/built-in.a
2026-08-19T13:08:03.4962478Z   AR      drivers/net/ethernet/silan/built-in.a
2026-08-19T13:08:03.5109544Z   AR      drivers/net/ethernet/sis/built-in.a
2026-08-19T13:08:03.5260190Z   AR      drivers/net/ethernet/sfc/built-in.a
2026-08-19T13:08:03.5409980Z   AR      drivers/net/ethernet/smsc/built-in.a
2026-08-19T13:08:03.5539231Z   AR      drivers/net/ethernet/socionext/built-in.a
2026-08-19T13:08:03.5689612Z   AR      drivers/net/ethernet/stmicro/built-in.a
2026-08-19T13:08:03.5839668Z   AR      drivers/net/ethernet/sun/built-in.a
2026-08-19T13:08:03.5968279Z   AR      drivers/net/ethernet/tehuti/built-in.a
2026-08-19T13:08:03.6120159Z   AR      drivers/net/ethernet/ti/built-in.a
2026-08-19T13:08:03.6330587Z   AR      drivers/net/ethernet/vertexcom/built-in.a
2026-08-19T13:08:03.6482729Z   AR      drivers/net/ethernet/via/built-in.a
2026-08-19T13:08:03.6629694Z   AR      drivers/net/ethernet/wangxun/built-in.a
2026-08-19T13:08:03.6779706Z   AR      drivers/net/ethernet/wiznet/built-in.a
2026-08-19T13:08:03.6912350Z   AR      drivers/net/ethernet/xilinx/built-in.a
2026-08-19T13:08:03.7180358Z   AR      drivers/net/ethernet/synopsys/built-in.a
2026-08-19T13:08:03.7520248Z   AR      drivers/net/ethernet/pensando/built-in.a
2026-08-19T13:08:03.7659455Z   AR      drivers/net/ethernet/built-in.a
2026-08-19T13:08:03.7695726Z   CC      net/ipv6/mip6.o
2026-08-19T13:08:03.7949842Z   AR      drivers/net/wireless/microchip/built-in.a
2026-08-19T13:08:03.8149936Z   AR      drivers/net/wireless/purelifi/built-in.a
2026-08-19T13:08:03.8251791Z   AR      drivers/net/wireless/silabs/built-in.a
2026-08-19T13:08:03.8341678Z   AR      drivers/net/wireless/built-in.a
2026-08-19T13:08:03.9421178Z   CC      drivers/net/dummy.o
2026-08-19T13:08:04.9158252Z   CC      net/ipv4/bpf_tcp_ca.o
2026-08-19T13:08:04.9745542Z   CC      net/bridge/br_stp_bpdu.o
2026-08-19T13:08:05.0510300Z   CC      drivers/net/ifb.o
2026-08-19T13:08:05.1820957Z   CC      net/ipv6/ip6_vti.o
2026-08-19T13:08:06.3560035Z   CC      drivers/net/macsec.o
2026-08-19T13:08:06.4560075Z   CC      net/bridge/br_stp_if.o
2026-08-19T13:08:06.5199947Z   AR      net/ipv4/built-in.a
2026-08-19T13:08:06.5419778Z   AR      drivers/cdrom/built-in.a
2026-08-19T13:08:06.5500642Z   CC      net/ipv6/sit.o
2026-08-19T13:08:07.0660078Z   CC      drivers/net/loopback.o
2026-08-19T13:08:07.9098752Z   CC      net/bridge/br_stp_timer.o
2026-08-19T13:08:08.5200359Z   CC      net/ipv6/ip6_tunnel.o
2026-08-19T13:08:09.0785309Z   CC      net/devlink/leftover.o
2026-08-19T13:08:09.1459951Z   CC      drivers/net/tun.o
2026-08-19T13:08:09.3080023Z   CC      net/bridge/br_netlink.o
2026-08-19T13:08:10.9491250Z   CC      net/bridge/br_netlink_tunnel.o
2026-08-19T13:08:11.4149933Z   CC      net/ipv6/ip6_gre.o
2026-08-19T13:08:12.2879974Z   CC      drivers/net/veth.o
2026-08-19T13:08:12.4870634Z   CC      net/bridge/br_arp_nd_proxy.o
2026-08-19T13:08:13.1067049Z   AR      net/devlink/built-in.a
2026-08-19T13:08:13.1270202Z   AR      drivers/auxdisplay/built-in.a
2026-08-19T13:08:13.1400043Z   CC      net/ipv6/addrconf_core.o
2026-08-19T13:08:13.3673852Z   CC      net/bridge/br_sysfs_if.o
2026-08-19T13:08:14.0719990Z   CC      net/ipv6/exthdrs_core.o
2026-08-19T13:08:14.2531339Z   AR      drivers/net/built-in.a
2026-08-19T13:08:14.2829596Z   CC      drivers/usb/common/common.o
2026-08-19T13:08:14.8316441Z   CC      net/bridge/br_sysfs_br.o
2026-08-19T13:08:15.1520018Z   CC      drivers/usb/core/usb.o
2026-08-19T13:08:15.8072866Z   CC      drivers/usb/common/debug.o
2026-08-19T13:08:16.0380017Z   CC      net/ipv6/ip6_checksum.o
2026-08-19T13:08:16.1297341Z   AR      drivers/usb/common/built-in.a
2026-08-19T13:08:16.1481385Z   CC      drivers/usb/phy/phy.o
2026-08-19T13:08:16.2955025Z   CC      net/bridge/br_multicast.o
2026-08-19T13:08:16.7676918Z   CC      drivers/usb/core/hub.o
2026-08-19T13:08:17.3539836Z   CC      drivers/usb/phy/of.o
2026-08-19T13:08:18.1246151Z   CC      net/ipv6/ip6_icmp.o
2026-08-19T13:08:18.8352490Z   AR      drivers/usb/phy/built-in.a
2026-08-19T13:08:18.8562532Z   CC      drivers/usb/dwc3/core.o
2026-08-19T13:08:18.9045802Z   CC      drivers/usb/core/hcd.o
2026-08-19T13:08:19.5118617Z   CC      net/bridge/br_mdb.o
2026-08-19T13:08:20.2586340Z   CC      net/ipv6/output_core.o
2026-08-19T13:08:20.7148070Z   CC      drivers/usb/dwc3/trace.o
2026-08-19T13:08:20.7820064Z   CC      drivers/usb/core/urb.o
2026-08-19T13:08:21.1140048Z   CC      net/bridge/br_multicast_eht.o
2026-08-19T13:08:22.1880094Z   CC      drivers/usb/core/message.o
2026-08-19T13:08:22.3009794Z   CC      net/ipv6/protocol.o
2026-08-19T13:08:22.6020007Z   CC      drivers/usb/dwc3/host.o
2026-08-19T13:08:22.7928019Z   AR      net/bridge/built-in.a
2026-08-19T13:08:22.8175700Z   CC      drivers/input/serio/serio.o
2026-08-19T13:08:23.6969970Z   CC      drivers/usb/dwc3/gadget.o
2026-08-19T13:08:23.9670080Z   CC      drivers/usb/core/driver.o
2026-08-19T13:08:24.1037465Z   CC      drivers/input/serio/serport.o
2026-08-19T13:08:24.2100015Z   CC      net/ipv6/ip6_offload.o
2026-08-19T13:08:25.1029918Z   CC      drivers/input/serio/libps2.o
2026-08-19T13:08:25.3570040Z   CC      drivers/usb/dwc3/ep0.o
2026-08-19T13:08:25.3860094Z   CC      drivers/usb/core/config.o
2026-08-19T13:08:25.8022885Z   CC      net/ipv6/tcpv6_offload.o
2026-08-19T13:08:26.2900159Z   AR      drivers/input/serio/built-in.a
2026-08-19T13:08:26.3099683Z   CC      drivers/usb/host/pci-quirks.o
2026-08-19T13:08:26.5191857Z   CC      drivers/usb/core/file.o
2026-08-19T13:08:26.6249944Z   CC      drivers/usb/dwc3/drd.o
2026-08-19T13:08:27.4150627Z   CC      net/ipv6/exthdrs_offload.o
2026-08-19T13:08:27.7979946Z   CC      drivers/usb/core/buffer.o
2026-08-19T13:08:27.8069676Z   CC      drivers/usb/host/ehci-hcd.o
2026-08-19T13:08:27.8129718Z   CC      drivers/usb/dwc3/debugfs.o
2026-08-19T13:08:28.7250321Z   CC      drivers/usb/core/sysfs.o
2026-08-19T13:08:28.7381047Z   CC      net/ipv6/inet6_hashtables.o
2026-08-19T13:08:29.0581455Z   CC      drivers/usb/dwc3/dwc3-haps.o
2026-08-19T13:08:29.7169822Z   CC      drivers/usb/core/endpoint.o
2026-08-19T13:08:29.9837818Z   CC      drivers/usb/dwc3/dwc3-of-simple.o
2026-08-19T13:08:30.0753822Z   CC      drivers/usb/host/ehci-pci.o
2026-08-19T13:08:30.6019866Z   CC      drivers/usb/core/devio.o
2026-08-19T13:08:30.9065290Z   CC      drivers/usb/dwc3/dwc3-qcom.o
2026-08-19T13:08:31.0360000Z   CC      net/ipv6/ip6_udp_tunnel.o
2026-08-19T13:08:31.0600691Z   CC      drivers/usb/host/ehci-platform.o
2026-08-19T13:08:32.0755642Z   AR      drivers/usb/dwc3/built-in.a
2026-08-19T13:08:32.0960478Z   CC      net/strparser/strparser.o
2026-08-19T13:08:32.1863250Z   CC      drivers/usb/core/notify.o
2026-08-19T13:08:32.2329984Z   CC      drivers/usb/host/xhci.o
2026-08-19T13:08:33.2419969Z   CC      net/ipv6/mcast_snoop.o
2026-08-19T13:08:33.4419809Z   CC      drivers/usb/core/generic.o
2026-08-19T13:08:34.2079864Z   AR      net/strparser/built-in.a
2026-08-19T13:08:34.2355141Z   CC      drivers/input/keyboard/atkbd.o
2026-08-19T13:08:34.3460511Z   CC      drivers/usb/host/xhci-mem.o
2026-08-19T13:08:34.5970959Z   CC      drivers/usb/core/quirks.o
2026-08-19T13:08:35.2095353Z   CC      drivers/input/keyboard/gpio_keys.o
2026-08-19T13:08:35.2342978Z   AR      net/ipv6/built-in.a
2026-08-19T13:08:35.2550224Z   CC      net/8021q/vlan_core.o
2026-08-19T13:08:35.5410016Z   CC      drivers/usb/core/devices.o
2026-08-19T13:08:36.1209932Z   AR      drivers/input/keyboard/built-in.a
2026-08-19T13:08:36.1409856Z   AR      drivers/input/mouse/built-in.a
2026-08-19T13:08:36.1570021Z   CC      drivers/input/joystick/xpad.o
2026-08-19T13:08:36.2829369Z   CC      drivers/usb/host/xhci-ext-caps.o
2026-08-19T13:08:36.5560018Z   CC      drivers/usb/core/phy.o
2026-08-19T13:08:37.1065172Z   AR      drivers/input/joystick/built-in.a
2026-08-19T13:08:37.1260775Z   AR      drivers/input/touchscreen/built-in.a
2026-08-19T13:08:37.1460004Z   CC      drivers/input/misc/uinput.o
2026-08-19T13:08:37.3769866Z   AR      net/8021q/built-in.a
2026-08-19T13:08:37.3949855Z   CC      net/wireless/wext-core.o
2026-08-19T13:08:37.6185124Z   CC      drivers/usb/host/xhci-ring.o
2026-08-19T13:08:38.0047014Z   CC      drivers/usb/core/port.o
2026-08-19T13:08:38.0410187Z   AR      drivers/input/misc/built-in.a
2026-08-19T13:08:38.0549665Z   CC      drivers/input/input.o
2026-08-19T13:08:38.9663755Z   CC      drivers/usb/core/of.o
2026-08-19T13:08:39.2802873Z   CC      net/wireless/wext-proc.o
2026-08-19T13:08:39.5060083Z   CC      drivers/input/input-compat.o
2026-08-19T13:08:39.6159659Z   CC      drivers/usb/host/xhci-hub.o
2026-08-19T13:08:40.4200007Z   CC      net/wireless/wext-spy.o
2026-08-19T13:08:40.4470412Z   CC      drivers/usb/core/hcd-pci.o
2026-08-19T13:08:40.6309755Z   CC      drivers/input/input-mt.o
2026-08-19T13:08:41.3309844Z   CC      drivers/usb/host/xhci-dbg.o
2026-08-19T13:08:41.7669943Z   CC      drivers/input/input-poller.o
2026-08-19T13:08:41.8384958Z   AR      drivers/usb/core/built-in.a
2026-08-19T13:08:41.8530494Z   CC      net/wireless/wext-priv.o
2026-08-19T13:08:42.1423422Z   CC      drivers/input/ff-core.o
2026-08-19T13:08:42.5246026Z   CC      drivers/usb/host/xhci-trace.o
2026-08-19T13:08:42.8240296Z   CC      drivers/rtc/lib.o
2026-08-19T13:08:43.0259978Z   AR      net/wireless/built-in.a
2026-08-19T13:08:43.0459754Z   CC      net/vmw_vsock/af_vsock.o
2026-08-19T13:08:43.2455262Z   CC      drivers/input/touchscreen.o
2026-08-19T13:08:44.0417931Z   CC      drivers/rtc/class.o
2026-08-19T13:08:44.3420885Z   CC      drivers/input/ff-memless.o
2026-08-19T13:08:44.6080431Z   CC      drivers/usb/host/xhci-debugfs.o
2026-08-19T13:08:45.2619809Z   CC      net/vmw_vsock/af_vsock_tap.o
2026-08-19T13:08:45.3179739Z   CC      drivers/rtc/interface.o
2026-08-19T13:08:45.4307667Z   CC      drivers/input/vivaldi-fmap.o
2026-08-19T13:08:45.6019986Z   CC      drivers/usb/host/xhci-pci.o
2026-08-19T13:08:46.4370240Z   CC      drivers/input/input-leds.o
2026-08-19T13:08:46.9319853Z   CC      drivers/usb/host/xhci-pci-renesas.o
2026-08-19T13:08:46.9747507Z   CC      drivers/rtc/nvmem.o
2026-08-19T13:08:47.1731338Z   CC      net/vmw_vsock/vsock_addr.o
2026-08-19T13:08:47.2129972Z   CC      drivers/input/evdev.o
2026-08-19T13:08:48.0970659Z   CC      drivers/rtc/dev.o
2026-08-19T13:08:48.4079847Z   AR      drivers/input/built-in.a
2026-08-19T13:08:48.4320201Z   CC      drivers/usb/storage/uas.o
2026-08-19T13:08:48.6000084Z   CC      drivers/usb/host/xhci-plat.o
2026-08-19T13:08:48.9856361Z   CC      drivers/rtc/proc.o
2026-08-19T13:08:49.0060077Z   CC      net/vmw_vsock/diag.o
2026-08-19T13:08:49.6379292Z   CC      drivers/usb/storage/scsiglue.o
2026-08-19T13:08:49.8121258Z   CC      drivers/rtc/sysfs.o
2026-08-19T13:08:50.2970425Z   CC      net/vmw_vsock/virtio_transport_common.o
2026-08-19T13:08:50.3219759Z   AR      drivers/usb/host/built-in.a
2026-08-19T13:08:50.3398480Z   CC      net/xdp/xsk.o
2026-08-19T13:08:51.0464701Z   CC      drivers/rtc/rtc-pl030.o
2026-08-19T13:08:51.1222977Z   CC      drivers/usb/storage/protocol.o
2026-08-19T13:08:52.0704552Z   CC      drivers/rtc/rtc-pl031.o
2026-08-19T13:08:52.4179944Z   CC      net/vmw_vsock/vsock_loopback.o
2026-08-19T13:08:52.6177417Z   CC      drivers/usb/storage/transport.o
2026-08-19T13:08:52.8224110Z   CC      net/xdp/xdp_umem.o
2026-08-19T13:08:53.1051706Z   AR      drivers/rtc/built-in.a
2026-08-19T13:08:53.1409789Z   CC      drivers/i2c/algos/i2c-algo-bit.o
2026-08-19T13:08:53.7779824Z   AR      net/vmw_vsock/built-in.a
2026-08-19T13:08:53.8007657Z   AR      drivers/usb/misc/built-in.a
2026-08-19T13:08:53.8250267Z   CC      drivers/usb/gadget/udc/core.o
2026-08-19T13:08:54.2012627Z   CC      net/xdp/xsk_queue.o
2026-08-19T13:08:54.2209986Z   CC      drivers/usb/storage/usb.o
2026-08-19T13:08:54.7569908Z   AR      drivers/i2c/algos/built-in.a
2026-08-19T13:08:54.7751551Z   AR      drivers/i2c/busses/built-in.a
2026-08-19T13:08:54.7929781Z   AR      drivers/i2c/muxes/built-in.a
2026-08-19T13:08:54.8049668Z   CC      drivers/i2c/i2c-boardinfo.o
2026-08-19T13:08:55.3119814Z   CC      drivers/usb/gadget/udc/trace.o
2026-08-19T13:08:55.5550052Z   CC      net/xdp/xskmap.o
2026-08-19T13:08:55.8570346Z   CC      drivers/usb/storage/initializers.o
2026-08-19T13:08:56.4210213Z   CC      drivers/i2c/i2c-core-base.o
2026-08-19T13:08:56.5200395Z   AR      drivers/usb/gadget/udc/built-in.a
2026-08-19T13:08:56.5470470Z   CC      drivers/usb/gadget/function/f_acm.o
2026-08-19T13:08:56.8630605Z   CC      drivers/usb/storage/sierra_ms.o
2026-08-19T13:08:57.0510629Z   CC      net/xdp/xsk_buff_pool.o
2026-08-19T13:08:57.4509828Z   CC      drivers/usb/gadget/function/u_serial.o
2026-08-19T13:08:57.8910061Z   CC      drivers/usb/storage/option_ms.o
2026-08-19T13:08:58.4080046Z   CC      drivers/i2c/i2c-core-smbus.o
2026-08-19T13:08:58.7499879Z   CC      drivers/usb/gadget/function/f_serial.o
2026-08-19T13:08:58.9106482Z   CC      drivers/usb/storage/usual-tables.o
2026-08-19T13:08:59.0579315Z   AR      net/xdp/built-in.a
2026-08-19T13:08:59.1549648Z   CC      net/devres.o
2026-08-19T13:08:59.5980083Z   CC      drivers/usb/gadget/function/u_ether.o
2026-08-19T13:08:59.7909894Z   AR      drivers/usb/storage/built-in.a
2026-08-19T13:08:59.8169967Z   AR      drivers/i3c/master/built-in.a
2026-08-19T13:08:59.8288425Z   CC      drivers/i3c/device.o
2026-08-19T13:09:00.2839739Z   CC      drivers/i2c/i2c-core-of.o
2026-08-19T13:09:00.7830160Z   CC      net/socket.o
2026-08-19T13:09:01.3240016Z   CC      drivers/i3c/master.o
2026-08-19T13:09:01.4163727Z   CC      drivers/usb/gadget/function/f_ncm.o
2026-08-19T13:09:01.8337004Z   AR      drivers/i2c/built-in.a
2026-08-19T13:09:01.8553236Z   AR      drivers/usb/gadget/legacy/built-in.a
2026-08-19T13:09:01.8793667Z   CC      drivers/usb/typec/altmodes/displayport.o
2026-08-19T13:09:02.6827604Z   CC      drivers/usb/gadget/function/f_ecm.o
2026-08-19T13:09:03.1320046Z   AR      drivers/i3c/built-in.a
2026-08-19T13:09:03.1502555Z   CC      drivers/usb/typec/tcpm/tcpm.o
2026-08-19T13:09:03.3379424Z   AR      drivers/usb/typec/altmodes/built-in.a
2026-08-19T13:09:03.3735684Z   CC      drivers/usb/roles/class.o
2026-08-19T13:09:03.6489880Z   CC      net/compat.o
2026-08-19T13:09:03.8860089Z   CC      drivers/usb/gadget/function/f_eem.o
2026-08-19T13:09:04.6266978Z   AR      drivers/usb/roles/built-in.a
2026-08-19T13:09:04.6399726Z   CC      drivers/usb/gadget/usbstring.o
2026-08-19T13:09:05.0660095Z   CC      drivers/usb/gadget/function/f_mass_storage.o
2026-08-19T13:09:05.1039903Z   CC      drivers/usb/typec/tcpm/tcpci.o
2026-08-19T13:09:05.2250110Z   CC      net/sysctl_net.o
2026-08-19T13:09:05.8687700Z   CC      drivers/usb/gadget/function/storage_common.o
2026-08-19T13:09:06.7122406Z   AR      drivers/usb/typec/tcpm/built-in.a
2026-08-19T13:09:06.7321009Z   CC      drivers/usb/typec/ucsi/ucsi.o
2026-08-19T13:09:06.8197912Z   CC      drivers/usb/typec/ucsi/trace.o
2026-08-19T13:09:07.1209626Z   AR      net/built-in.a
2026-08-19T13:09:07.1732013Z   CC      drivers/media/i2c/ir-kbd-i2c.o
2026-08-19T13:09:07.3370134Z   CC      drivers/usb/gadget/function/f_fs.o
2026-08-19T13:09:07.8598048Z   AR      drivers/media/tuners/built-in.a
2026-08-19T13:09:07.8810037Z   CC      drivers/usb/gadget/config.o
2026-08-19T13:09:08.0109502Z   CC      drivers/usb/typec/ucsi/psy.o
2026-08-19T13:09:08.3299859Z   AR      drivers/media/i2c/built-in.a
2026-08-19T13:09:08.3499955Z   CC      drivers/media/mc/mc-device.o
2026-08-19T13:09:08.7490106Z   CC      drivers/usb/typec/ucsi/displayport.o
2026-08-19T13:09:09.2160070Z   CC      drivers/usb/gadget/function/u_audio.o
2026-08-19T13:09:09.4351110Z   AR      drivers/pps/clients/built-in.a
2026-08-19T13:09:09.4507792Z   AR      drivers/pps/generators/built-in.a
2026-08-19T13:09:09.4600507Z   AR      drivers/usb/typec/ucsi/built-in.a
2026-08-19T13:09:09.4627681Z   CC      drivers/pps/pps.o
2026-08-19T13:09:09.4776736Z   AR      drivers/usb/typec/mux/built-in.a
2026-08-19T13:09:09.4879609Z   CC      drivers/usb/typec/class.o
2026-08-19T13:09:09.8479970Z   CC      drivers/media/mc/mc-devnode.o
2026-08-19T13:09:10.5499133Z   CC      drivers/pps/kapi.o
2026-08-19T13:09:10.7225875Z   CC      drivers/usb/gadget/function/f_uac2.o
2026-08-19T13:09:10.7299778Z   CC      drivers/usb/typec/mux.o
2026-08-19T13:09:10.7559876Z   CC      drivers/media/mc/mc-entity.o
2026-08-19T13:09:11.5889058Z   CC      drivers/pps/sysfs.o
2026-08-19T13:09:11.8269910Z   CC      drivers/usb/gadget/function/f_uvc.o
2026-08-19T13:09:11.8439917Z   CC      drivers/usb/typec/bus.o
2026-08-19T13:09:12.2010417Z   CC      drivers/media/mc/mc-request.o
2026-08-19T13:09:12.2769902Z   AR      drivers/pps/built-in.a
2026-08-19T13:09:12.2970063Z   CC      drivers/ptp/ptp_clock.o
2026-08-19T13:09:12.9534581Z   CC      drivers/usb/typec/pd.o
2026-08-19T13:09:13.0569628Z   CC      drivers/usb/gadget/function/uvc_queue.o
2026-08-19T13:09:13.5536195Z   CC      drivers/media/mc/mc-dev-allocator.o
2026-08-19T13:09:13.9129971Z   CC      drivers/ptp/ptp_chardev.o
2026-08-19T13:09:14.0057778Z   CC      drivers/usb/typec/retimer.o
2026-08-19T13:09:14.2149920Z   CC      drivers/usb/gadget/function/uvc_v4l2.o
2026-08-19T13:09:14.8629955Z   AR      drivers/media/mc/built-in.a
2026-08-19T13:09:14.8869854Z   CC      drivers/media/v4l2-core/v4l2-async.o
2026-08-19T13:09:15.0250599Z   CC      drivers/ptp/ptp_sysfs.o
2026-08-19T13:09:15.0896685Z   AR      drivers/usb/typec/built-in.a
2026-08-19T13:09:15.1147948Z   AR      drivers/media/rc/keymaps/built-in.a
2026-08-19T13:09:15.1259713Z   CC      drivers/media/rc/rc-main.o
2026-08-19T13:09:15.4400083Z   CC      drivers/usb/gadget/function/uvc_video.o
2026-08-19T13:09:16.0960032Z   CC      drivers/ptp/ptp_vclock.o
2026-08-19T13:09:16.5370159Z   CC      drivers/media/v4l2-core/v4l2-fwnode.o
2026-08-19T13:09:16.6069845Z   CC      drivers/media/rc/rc-ir-raw.o
2026-08-19T13:09:16.6708146Z   CC      drivers/usb/gadget/function/uvc_configfs.o
2026-08-19T13:09:17.6457389Z   CC      drivers/ptp/ptp_kvm_arm.o
2026-08-19T13:09:17.8006465Z   CC      drivers/usb/gadget/function/f_midi.o
2026-08-19T13:09:17.9236613Z   CC      drivers/media/rc/lirc_dev.o
2026-08-19T13:09:18.1451239Z   CC      drivers/media/v4l2-core/v4l2-mem2mem.o
2026-08-19T13:09:18.4685536Z   CC      drivers/ptp/ptp_kvm_common.o
2026-08-19T13:09:18.7790033Z   CC      drivers/usb/gadget/function/f_hid.o
2026-08-19T13:09:19.3106395Z   CC      drivers/media/rc/bpf-lirc.o
2026-08-19T13:09:19.4769845Z   AR      drivers/ptp/built-in.a
2026-08-19T13:09:19.4979835Z   CC      drivers/usb/gadget/epautoconf.o
2026-08-19T13:09:19.8339876Z   CC      drivers/usb/gadget/function/f_accessory.o
2026-08-19T13:09:19.9179996Z   CC      drivers/media/v4l2-core/v4l2-dv-timings.o
2026-08-19T13:09:20.6378149Z   AR      drivers/media/rc/built-in.a
2026-08-19T13:09:20.6659748Z   CC      drivers/media/cec/core/cec-core.o
2026-08-19T13:09:20.7710457Z   CC      drivers/power/reset/hisi-reboot.o
2026-08-19T13:09:21.3190464Z   CC      drivers/media/v4l2-core/v4l2-dev.o
2026-08-19T13:09:21.3590053Z   CC      drivers/usb/gadget/function/f_audio_source.o
2026-08-19T13:09:21.5452744Z   CC      drivers/power/reset/syscon-reboot.o
2026-08-19T13:09:21.9579887Z   CC      drivers/media/cec/core/cec-adap.o
2026-08-19T13:09:22.3107871Z   AR      drivers/usb/gadget/function/built-in.a
2026-08-19T13:09:22.3250617Z   CC      drivers/usb/gadget/composite.o
2026-08-19T13:09:22.4010043Z   AR      drivers/power/reset/built-in.a
2026-08-19T13:09:22.4219842Z   CC      drivers/power/supply/power_supply_core.o
2026-08-19T13:09:23.3232838Z   CC      drivers/media/v4l2-core/v4l2-ioctl.o
2026-08-19T13:09:23.5568496Z   CC      drivers/media/cec/core/cec-api.o
2026-08-19T13:09:23.6500047Z   CC      drivers/power/supply/power_supply_sysfs.o
2026-08-19T13:09:24.1592944Z   CC      drivers/usb/gadget/functions.o
2026-08-19T13:09:24.6490074Z   CC      drivers/media/cec/core/cec-notifier.o
2026-08-19T13:09:24.7359898Z   CC      drivers/power/supply/power_supply_leds.o
2026-08-19T13:09:25.4190103Z   CC      drivers/usb/gadget/configfs.o
2026-08-19T13:09:25.4449991Z   AR      drivers/power/supply/built-in.a
2026-08-19T13:09:25.4492421Z   CC      drivers/media/v4l2-core/v4l2-device.o
2026-08-19T13:09:25.4579852Z   AR      drivers/power/built-in.a
2026-08-19T13:09:25.4805745Z   AR      drivers/media/common/b2c2/built-in.a
2026-08-19T13:09:25.4959928Z   AR      drivers/media/common/siano/built-in.a
2026-08-19T13:09:25.5109860Z   AR      drivers/media/common/v4l2-tpg/built-in.a
2026-08-19T13:09:25.5289934Z   CC      drivers/media/common/videobuf2/videobuf2-core.o
2026-08-19T13:09:26.2350180Z   CC      drivers/media/cec/core/cec-pin.o
2026-08-19T13:09:26.8953236Z   CC      drivers/usb/gadget/u_f.o
2026-08-19T13:09:27.1450275Z   CC      drivers/media/v4l2-core/v4l2-fh.o
2026-08-19T13:09:27.5679834Z   CC      drivers/media/common/videobuf2/frame_vector.o
2026-08-19T13:09:27.5754206Z   AR      drivers/media/cec/core/built-in.a
2026-08-19T13:09:27.5956717Z   AR      drivers/media/cec/i2c/built-in.a
2026-08-19T13:09:27.6203535Z   AR      drivers/media/cec/platform/meson/built-in.a
2026-08-19T13:09:27.6310001Z   AR      drivers/media/cec/platform/built-in.a
2026-08-19T13:09:27.6481778Z   AR      drivers/media/cec/usb/built-in.a
2026-08-19T13:09:27.6562898Z   AR      drivers/media/cec/built-in.a
2026-08-19T13:09:27.6810349Z   AR      drivers/thermal/broadcom/built-in.a
2026-08-19T13:09:27.6997493Z   AR      drivers/thermal/samsung/built-in.a
2026-08-19T13:09:27.7159624Z   AR      drivers/thermal/intel/built-in.a
2026-08-19T13:09:27.7285892Z   AR      drivers/thermal/st/built-in.a
2026-08-19T13:09:27.7558095Z   AR      drivers/thermal/qcom/built-in.a
2026-08-19T13:09:27.7739841Z   AR      drivers/thermal/tegra/built-in.a
2026-08-19T13:09:27.7869732Z   CC      drivers/thermal/thermal_core.o
2026-08-19T13:09:28.0387240Z   AR      drivers/usb/gadget/built-in.a
2026-08-19T13:09:28.0507886Z   AR      drivers/usb/built-in.a
2026-08-19T13:09:28.0679728Z   CC      drivers/thermal/thermal_sysfs.o
2026-08-19T13:09:28.7949862Z   CC      drivers/media/v4l2-core/v4l2-event.o
2026-08-19T13:09:28.9089992Z   CC      drivers/media/common/videobuf2/vb2-trace.o
2026-08-19T13:09:28.9590014Z   CC      drivers/watchdog/watchdog_core.o
2026-08-19T13:09:29.7749801Z   CC      drivers/thermal/thermal_helpers.o
2026-08-19T13:09:30.0188173Z   CC      drivers/media/v4l2-core/v4l2-subdev.o
2026-08-19T13:09:30.3976313Z   CC      drivers/media/common/videobuf2/videobuf2-dma-contig.o
2026-08-19T13:09:30.5800032Z   CC      drivers/watchdog/watchdog_dev.o
2026-08-19T13:09:30.8945672Z   CC      drivers/thermal/thermal_netlink.o
2026-08-19T13:09:31.7969960Z   AR      drivers/watchdog/built-in.a
2026-08-19T13:09:31.8029739Z   CC      drivers/media/v4l2-core/v4l2-common.o
2026-08-19T13:09:31.8209957Z   CC      drivers/md/dm-uevent.o
2026-08-19T13:09:31.8520365Z   CC      drivers/media/common/videobuf2/videobuf2-dma-sg.o
2026-08-19T13:09:32.5209167Z   CC      drivers/thermal/thermal_of.o
2026-08-19T13:09:33.2519543Z   CC      drivers/md/dm-zone.o
2026-08-19T13:09:33.3175550Z   CC      drivers/media/common/videobuf2/videobuf2-memops.o
2026-08-19T13:09:33.4429872Z   CC      drivers/media/v4l2-core/v4l2-ctrls-core.o
2026-08-19T13:09:33.6226719Z   CC      drivers/thermal/gov_step_wise.o
2026-08-19T13:09:34.4195574Z   CC      drivers/thermal/gov_user_space.o
2026-08-19T13:09:34.6667952Z   CC      drivers/media/common/videobuf2/videobuf2-v4l2.o
2026-08-19T13:09:34.9378542Z   CC      drivers/md/dm.o
2026-08-19T13:09:35.1052405Z   CC      drivers/media/v4l2-core/v4l2-ctrls-api.o
2026-08-19T13:09:35.1378947Z   CC      drivers/thermal/gov_power_allocator.o
2026-08-19T13:09:36.3529937Z   CC      drivers/thermal/cpufreq_cooling.o
2026-08-19T13:09:36.4750063Z   CC      drivers/media/common/videobuf2/videobuf2-vmalloc.o
2026-08-19T13:09:36.9120078Z   CC      drivers/md/dm-table.o
2026-08-19T13:09:36.9388660Z   CC      drivers/media/v4l2-core/v4l2-ctrls-request.o
2026-08-19T13:09:37.6168065Z   CC      drivers/thermal/cpuidle_cooling.o
2026-08-19T13:09:37.9177175Z   AR      drivers/media/common/videobuf2/built-in.a
2026-08-19T13:09:37.9290851Z   AR      drivers/media/common/built-in.a
2026-08-19T13:09:37.9455689Z   CC      drivers/media/v4l2-core/v4l2-ctrls-defs.o
2026-08-19T13:09:38.3374420Z   CC      drivers/thermal/devfreq_cooling.o
2026-08-19T13:09:38.4086653Z   AR      drivers/media/platform/allegro-dvt/built-in.a
2026-08-19T13:09:38.4328771Z   AR      drivers/media/platform/amlogic/meson-ge2d/built-in.a
2026-08-19T13:09:38.4419511Z   AR      drivers/media/platform/amlogic/built-in.a
2026-08-19T13:09:38.4608605Z   AR      drivers/media/platform/amphion/built-in.a
2026-08-19T13:09:38.4749851Z   AR      drivers/media/platform/aspeed/built-in.a
2026-08-19T13:09:38.4921962Z   AR      drivers/media/platform/atmel/built-in.a
2026-08-19T13:09:38.5093843Z   AR      drivers/media/platform/cadence/built-in.a
2026-08-19T13:09:38.5239692Z   AR      drivers/media/platform/chips-media/built-in.a
2026-08-19T13:09:38.5379505Z   AR      drivers/media/platform/intel/built-in.a
2026-08-19T13:09:38.5539690Z   AR      drivers/media/platform/marvell/built-in.a
2026-08-19T13:09:38.5739781Z   AR      drivers/media/platform/mediatek/jpeg/built-in.a
2026-08-19T13:09:38.5879543Z   AR      drivers/media/platform/mediatek/mdp/built-in.a
2026-08-19T13:09:38.6029714Z   AR      drivers/media/platform/mediatek/vcodec/built-in.a
2026-08-19T13:09:38.6179676Z   AR      drivers/media/platform/mediatek/vpu/built-in.a
2026-08-19T13:09:38.6335634Z   AR      drivers/media/platform/mediatek/mdp3/built-in.a
2026-08-19T13:09:38.6510016Z   AR      drivers/media/platform/mediatek/built-in.a
2026-08-19T13:09:38.6717641Z   AR      drivers/media/platform/nvidia/tegra-vde/built-in.a
2026-08-19T13:09:38.6718687Z   CC      drivers/md/dm-target.o
2026-08-19T13:09:38.6809386Z   AR      drivers/media/platform/nvidia/built-in.a
2026-08-19T13:09:38.7099759Z   AR      drivers/media/platform/nxp/dw100/built-in.a
2026-08-19T13:09:38.7254565Z   AR      drivers/media/platform/nxp/imx-jpeg/built-in.a
2026-08-19T13:09:38.7369675Z   AR      drivers/media/platform/nxp/built-in.a
2026-08-19T13:09:38.7654284Z   AR      drivers/media/platform/qcom/camss/built-in.a
2026-08-19T13:09:38.7819788Z   AR      drivers/media/platform/qcom/venus/built-in.a
2026-08-19T13:09:38.7941344Z   AR      drivers/media/platform/qcom/built-in.a
2026-08-19T13:09:38.8210213Z   AR      drivers/media/platform/renesas/rcar-vin/built-in.a
2026-08-19T13:09:38.8359879Z   AR      drivers/media/platform/renesas/vsp1/built-in.a
2026-08-19T13:09:38.8471739Z   AR      drivers/media/platform/renesas/built-in.a
2026-08-19T13:09:38.8752287Z   AR      drivers/media/platform/rockchip/rga/built-in.a
2026-08-19T13:09:38.8930066Z   AR      drivers/media/platform/rockchip/rkisp1/built-in.a
2026-08-19T13:09:38.9009200Z   AR      drivers/media/platform/rockchip/built-in.a
2026-08-19T13:09:38.9296138Z   AR      drivers/media/platform/samsung/exynos-gsc/built-in.a
2026-08-19T13:09:38.9459701Z   AR      drivers/media/platform/samsung/exynos4-is/built-in.a
2026-08-19T13:09:38.9618029Z   AR      drivers/media/platform/samsung/s3c-camif/built-in.a
2026-08-19T13:09:38.9780118Z   AR      drivers/media/platform/samsung/s5p-g2d/built-in.a
2026-08-19T13:09:38.9930347Z   AR      drivers/media/platform/samsung/s5p-jpeg/built-in.a
2026-08-19T13:09:39.0109667Z   AR      drivers/media/platform/samsung/s5p-mfc/built-in.a
2026-08-19T13:09:39.0199508Z   AR      drivers/media/platform/samsung/built-in.a
2026-08-19T13:09:39.0433159Z   AR      drivers/media/platform/st/sti/bdisp/built-in.a
2026-08-19T13:09:39.0619910Z   AR      drivers/media/platform/st/sti/c8sectpfe/built-in.a
2026-08-19T13:09:39.0733141Z   AR      drivers/media/platform/st/sti/delta/built-in.a
2026-08-19T13:09:39.0871254Z   AR      drivers/media/platform/st/sti/hva/built-in.a
2026-08-19T13:09:39.1010005Z   AR      drivers/media/platform/st/stm32/built-in.a
2026-08-19T13:09:39.1109851Z   AR      drivers/media/platform/st/built-in.a
2026-08-19T13:09:39.1360399Z   AR      drivers/media/platform/sunxi/sun4i-csi/built-in.a
2026-08-19T13:09:39.1630397Z   AR      drivers/media/platform/sunxi/sun6i-csi/built-in.a
2026-08-19T13:09:39.1804385Z   AR      drivers/media/platform/sunxi/sun6i-mipi-csi2/built-in.a
2026-08-19T13:09:39.1969690Z   AR      drivers/media/platform/sunxi/sun8i-a83t-mipi-csi2/built-in.a
2026-08-19T13:09:39.2110441Z   AR      drivers/media/platform/sunxi/sun8i-di/built-in.a
2026-08-19T13:09:39.2235897Z   AR      drivers/media/platform/sunxi/sun8i-rotate/built-in.a
2026-08-19T13:09:39.2317645Z   AR      drivers/media/platform/sunxi/built-in.a
2026-08-19T13:09:39.2549155Z   AR      drivers/media/platform/ti/am437x/built-in.a
2026-08-19T13:09:39.2693401Z   AR      drivers/media/platform/ti/cal/built-in.a
2026-08-19T13:09:39.2834057Z   AR      drivers/media/platform/ti/vpe/built-in.a
2026-08-19T13:09:39.2969730Z   AR      drivers/media/platform/ti/davinci/built-in.a
2026-08-19T13:09:39.3009536Z   CC      drivers/media/v4l2-core/v4l2-compat-ioctl32.o
2026-08-19T13:09:39.3131666Z   AR      drivers/media/platform/ti/omap/built-in.a
2026-08-19T13:09:39.3353299Z   AR      drivers/media/platform/ti/omap3isp/built-in.a
2026-08-19T13:09:39.3451777Z   AR      drivers/media/platform/ti/built-in.a
2026-08-19T13:09:39.3669509Z   AR      drivers/media/platform/verisilicon/built-in.a
2026-08-19T13:09:39.3911746Z   AR      drivers/media/platform/via/built-in.a
2026-08-19T13:09:39.3990305Z   CC      drivers/thermal/hisi_thermal.o
2026-08-19T13:09:39.4089952Z   AR      drivers/media/platform/xilinx/built-in.a
2026-08-19T13:09:39.4179590Z   AR      drivers/media/platform/built-in.a
2026-08-19T13:09:39.4352706Z   CC      drivers/edac/edac_mc.o
2026-08-19T13:09:40.2061770Z   CC      drivers/md/dm-linear.o
2026-08-19T13:09:40.3039932Z   AR      drivers/thermal/built-in.a
2026-08-19T13:09:40.3308239Z   AR      drivers/media/pci/b2c2/built-in.a
2026-08-19T13:09:40.3459533Z   AR      drivers/media/pci/pluto2/built-in.a
2026-08-19T13:09:40.3629796Z   AR      drivers/media/pci/dm1105/built-in.a
2026-08-19T13:09:40.3779706Z   AR      drivers/media/pci/pt1/built-in.a
2026-08-19T13:09:40.3929719Z   AR      drivers/media/pci/pt3/built-in.a
2026-08-19T13:09:40.4063610Z   AR      drivers/media/pci/mantis/built-in.a
2026-08-19T13:09:40.4211673Z   AR      drivers/media/pci/ngene/built-in.a
2026-08-19T13:09:40.4379744Z   AR      drivers/media/pci/ddbridge/built-in.a
2026-08-19T13:09:40.4539943Z   AR      drivers/media/pci/smipcie/built-in.a
2026-08-19T13:09:40.4679709Z   AR      drivers/media/pci/netup_unidvb/built-in.a
2026-08-19T13:09:40.4888139Z   AR      drivers/media/pci/intel/ipu3/built-in.a
2026-08-19T13:09:40.4972887Z   AR      drivers/media/pci/intel/built-in.a
2026-08-19T13:09:40.5100540Z   AR      drivers/media/pci/built-in.a
2026-08-19T13:09:40.5207313Z   CC      drivers/media/v4l2-core/v4l2-mc.o
2026-08-19T13:09:40.9406662Z   CC      drivers/edac/edac_device.o
2026-08-19T13:09:41.0242157Z   CC      drivers/md/dm-stripe.o
2026-08-19T13:09:41.1949266Z   CC      drivers/opp/core.o
2026-08-19T13:09:42.0609931Z   CC      drivers/md/dm-ioctl.o
2026-08-19T13:09:42.2399870Z   CC      drivers/media/v4l2-core/v4l2-spi.o
2026-08-19T13:09:42.3620995Z   CC      drivers/edac/edac_mc_sysfs.o
2026-08-19T13:09:42.9579738Z   CC      drivers/opp/cpu.o
2026-08-19T13:09:43.3679817Z   CC      drivers/edac/edac_module.o
2026-08-19T13:09:43.8064737Z   CC      drivers/md/dm-io.o
2026-08-19T13:09:43.8631218Z   CC      drivers/media/v4l2-core/v4l2-trace.o
2026-08-19T13:09:44.1140315Z   CC      drivers/opp/of.o
2026-08-19T13:09:44.6559841Z   CC      drivers/edac/edac_device_sysfs.o
2026-08-19T13:09:45.3474787Z   CC      drivers/opp/debugfs.o
2026-08-19T13:09:45.4319866Z   CC      drivers/md/dm-kcopyd.o
2026-08-19T13:09:45.6069992Z   CC      drivers/edac/wq.o
2026-08-19T13:09:45.6550331Z   CC      drivers/media/v4l2-core/v4l2-i2c.o
2026-08-19T13:09:46.1363313Z   AR      drivers/opp/built-in.a
2026-08-19T13:09:46.1569322Z   CC      drivers/cpufreq/cpufreq.o
2026-08-19T13:09:46.9100140Z   CC      drivers/edac/edac_pci.o
2026-08-19T13:09:47.0380216Z   CC      drivers/md/dm-sysfs.o
2026-08-19T13:09:47.2879887Z   AR      drivers/media/v4l2-core/built-in.a
2026-08-19T13:09:47.3140871Z   AR      drivers/media/usb/b2c2/built-in.a
2026-08-19T13:09:47.3329788Z   AR      drivers/media/usb/dvb-usb/built-in.a
2026-08-19T13:09:47.3479942Z   AR      drivers/media/usb/dvb-usb-v2/built-in.a
2026-08-19T13:09:47.3671452Z   AR      drivers/media/usb/s2255/built-in.a
2026-08-19T13:09:47.3869824Z   AR      drivers/media/usb/siano/built-in.a
2026-08-19T13:09:47.4012803Z   AR      drivers/media/usb/ttusb-budget/built-in.a
2026-08-19T13:09:47.4156776Z   AR      drivers/media/usb/ttusb-dec/built-in.a
2026-08-19T13:09:47.4383200Z   CC      drivers/media/usb/gspca/gspca.o
2026-08-19T13:09:48.1191959Z   CC      drivers/md/dm-stats.o
2026-08-19T13:09:48.1649974Z   CC      drivers/cpufreq/freq_table.o
2026-08-19T13:09:48.3229854Z   CC      drivers/edac/edac_pci_sysfs.o
2026-08-19T13:09:49.3048059Z   CC      drivers/media/usb/gspca/autogain_functions.o
2026-08-19T13:09:49.3064110Z   CC      drivers/cpufreq/cpufreq_stats.o
2026-08-19T13:09:49.4247915Z   CC      drivers/md/dm-rq.o
2026-08-19T13:09:49.6620049Z   AR      drivers/edac/built-in.a
2026-08-19T13:09:49.6829832Z   CC      drivers/media/usb/uvc/uvc_driver.o
2026-08-19T13:09:50.1090032Z   CC      drivers/cpufreq/cpufreq_times.o
2026-08-19T13:09:50.9079832Z   CC      drivers/cpufreq/cpufreq_performance.o
2026-08-19T13:09:50.9980024Z   AR      drivers/media/usb/gspca/built-in.a
2026-08-19T13:09:51.0159938Z   CC      drivers/md/dm-io-rewind.o
2026-08-19T13:09:51.0249894Z   CC      drivers/cpufreq/cpufreq_powersave.o
2026-08-19T13:09:51.2883951Z   CC      drivers/media/usb/uvc/uvc_queue.o
2026-08-19T13:09:51.6560098Z   CC      drivers/cpuidle/governors/menu.o
2026-08-19T13:09:51.7850007Z   CC      drivers/cpufreq/cpufreq_conservative.o
2026-08-19T13:09:52.1083356Z   CC      drivers/md/dm-builtin.o
2026-08-19T13:09:52.3959860Z   CC      drivers/cpuidle/governors/teo.o
2026-08-19T13:09:52.4733810Z   CC      drivers/media/usb/uvc/uvc_v4l2.o
2026-08-19T13:09:52.6309869Z   CC      drivers/cpufreq/cpufreq_governor.o
2026-08-19T13:09:53.4199881Z   AR      drivers/cpuidle/governors/built-in.a
2026-08-19T13:09:53.4394434Z   CC      drivers/cpuidle/cpuidle.o
2026-08-19T13:09:53.7225895Z   CC      drivers/md/dm-bufio.o
2026-08-19T13:09:53.8709939Z   CC      drivers/media/usb/uvc/uvc_video.o
2026-08-19T13:09:54.0790004Z   CC      drivers/cpufreq/cpufreq_governor_attr_set.o
2026-08-19T13:09:55.1830047Z   CC      drivers/cpuidle/driver.o
2026-08-19T13:09:55.2200100Z   CC      drivers/media/usb/uvc/uvc_ctrl.o
2026-08-19T13:09:55.3741011Z   CC      drivers/cpufreq/scmi-cpufreq.o
2026-08-19T13:09:55.4619769Z   CC      drivers/md/dm-crypt.o
2026-08-19T13:09:56.2111888Z   CC      drivers/cpufreq/scpi-cpufreq.o
2026-08-19T13:09:56.3889797Z   CC      drivers/cpuidle/governor.o
2026-08-19T13:09:56.7990047Z   CC      drivers/media/usb/uvc/uvc_status.o
2026-08-19T13:09:56.9965358Z   AR      drivers/cpufreq/built-in.a
2026-08-19T13:09:57.0090339Z   CC      drivers/media/usb/uvc/uvc_isight.o
2026-08-19T13:09:57.3550063Z   CC      drivers/md/dm-default-key.o
2026-08-19T13:09:57.3659830Z   CC      drivers/cpuidle/sysfs.o
2026-08-19T13:09:57.9870107Z   AR      drivers/media/mmc/siano/built-in.a
2026-08-19T13:09:57.9989903Z   AR      drivers/media/mmc/built-in.a
2026-08-19T13:09:58.0074204Z   CC      drivers/md/dm-snap.o
2026-08-19T13:09:58.1686652Z   CC      drivers/cpuidle/dt_idle_states.o
2026-08-19T13:09:58.2160046Z   CC      drivers/media/usb/uvc/uvc_debugfs.o
2026-08-19T13:09:58.3490655Z   AR      drivers/media/firewire/built-in.a
2026-08-19T13:09:58.3585012Z   CC      drivers/media/usb/uvc/uvc_metadata.o
2026-08-19T13:09:59.2394596Z   CC      drivers/cpuidle/dt_idle_genpd.o
2026-08-19T13:09:59.4073964Z   CC      drivers/mmc/core/core.o
2026-08-19T13:09:59.5790018Z   CC      drivers/media/usb/uvc/uvc_entity.o
2026-08-19T13:09:59.6290071Z   CC      drivers/md/dm-exception-store.o
2026-08-19T13:10:00.0154688Z   CC      drivers/cpuidle/cpuidle-psci.o
2026-08-19T13:10:00.7817313Z   AR      drivers/media/usb/uvc/built-in.a
2026-08-19T13:10:00.7929931Z   AR      drivers/media/usb/built-in.a
2026-08-19T13:10:00.8109794Z   AR      drivers/media/spi/built-in.a
2026-08-19T13:10:00.8249863Z   AR      drivers/media/test-drivers/built-in.a
2026-08-19T13:10:00.8451368Z   AR      drivers/media/radio/built-in.a
2026-08-19T13:10:00.8545883Z   AR      drivers/media/built-in.a
2026-08-19T13:10:00.8729567Z   CC      drivers/md/dm-snap-transient.o
2026-08-19T13:10:00.8777720Z   CC      drivers/cpuidle/cpuidle-psci-domain.o
2026-08-19T13:10:01.0062561Z   CC      drivers/mmc/host/sdhci.o
2026-08-19T13:10:01.3590318Z   CC      drivers/mmc/core/bus.o
2026-08-19T13:10:01.6210396Z   AR      drivers/cpuidle/built-in.a
2026-08-19T13:10:01.6314427Z   CC      drivers/md/dm-snap-persistent.o
2026-08-19T13:10:01.8504514Z   CC      drivers/mmc/core/host.o
2026-08-19T13:10:02.7150976Z   CC      drivers/md/dm-verity-fec.o
2026-08-19T13:10:02.7988597Z   CC      drivers/mmc/core/mmc.o
2026-08-19T13:10:03.1408138Z   CC      drivers/mmc/host/sdhci-pltfm.o
2026-08-19T13:10:03.3840055Z   CC      drivers/ufs/core/ufshcd.o
2026-08-19T13:10:03.8270022Z   CC      drivers/md/dm-verity-target.o
2026-08-19T13:10:04.4584899Z   CC      drivers/mmc/core/mmc_ops.o
2026-08-19T13:10:04.5786156Z   AR      drivers/mmc/host/built-in.a
2026-08-19T13:10:04.5989357Z   CC      drivers/ufs/host/tc-dwc-g210-pltfrm.o
2026-08-19T13:10:04.9870002Z   CC      drivers/md/dm-user.o
2026-08-19T13:10:05.6424924Z   CC      drivers/ufs/host/ufshcd-dwc.o
2026-08-19T13:10:05.9380068Z   CC      drivers/mmc/core/sd.o
2026-08-19T13:10:06.0798647Z   AR      drivers/md/built-in.a
2026-08-19T13:10:06.1080473Z   AR      drivers/leds/flash/built-in.a
2026-08-19T13:10:06.1274473Z   AR      drivers/leds/rgb/built-in.a
2026-08-19T13:10:06.1463965Z   CC      drivers/leds/trigger/ledtrig-timer.o
2026-08-19T13:10:06.7049981Z   CC      drivers/ufs/core/ufs-sysfs.o
2026-08-19T13:10:06.9489610Z   CC      drivers/leds/trigger/ledtrig-transient.o
2026-08-19T13:10:07.0909996Z   CC      drivers/ufs/host/tc-dwc-g210.o
2026-08-19T13:10:07.1065446Z   CC      drivers/mmc/core/sd_ops.o
2026-08-19T13:10:07.7180762Z   AR      drivers/leds/trigger/built-in.a
2026-08-19T13:10:07.7359817Z   AR      drivers/leds/blink/built-in.a
2026-08-19T13:10:07.7519978Z   AR      drivers/leds/simple/built-in.a
2026-08-19T13:10:07.7659972Z   CC      drivers/leds/led-core.o
2026-08-19T13:10:07.9701580Z   CC      drivers/ufs/core/ufs-mcq.o
2026-08-19T13:10:08.5536438Z   CC      drivers/mmc/core/sdio.o
2026-08-19T13:10:08.5539825Z   CC      drivers/ufs/host/ufshcd-pci.o
2026-08-19T13:10:08.8632996Z   CC      drivers/leds/led-class.o
2026-08-19T13:10:09.6010930Z   CC      drivers/ufs/core/ufs-debugfs.o
2026-08-19T13:10:09.6444360Z   CC      drivers/ufs/host/ufshcd-pltfrm.o
2026-08-19T13:10:09.6775668Z   CC      drivers/mmc/core/sdio_ops.o
2026-08-19T13:10:09.9721412Z   CC      drivers/leds/led-class-flash.o
2026-08-19T13:10:10.6440086Z   CC      drivers/ufs/core/ufs_bsg.o
2026-08-19T13:10:10.6732959Z   CC      drivers/mmc/core/sdio_bus.o
2026-08-19T13:10:11.0530022Z   CC      drivers/leds/led-class-multicolor.o
2026-08-19T13:10:11.1586934Z   CC      drivers/ufs/host/ufs-hisi.o
2026-08-19T13:10:11.6936540Z   CC      drivers/ufs/core/ufshcd-crypto.o
2026-08-19T13:10:12.1199999Z   CC      drivers/leds/led-triggers.o
2026-08-19T13:10:12.1409905Z   CC      drivers/mmc/core/sdio_cis.o
2026-08-19T13:10:12.2119891Z   AR      drivers/ufs/host/built-in.a
2026-08-19T13:10:12.2359923Z   AR      drivers/firmware/arm_ffa/built-in.a
2026-08-19T13:10:12.2537635Z   CC      drivers/firmware/arm_scmi/bus.o
2026-08-19T13:10:12.7444943Z   AR      drivers/ufs/core/built-in.a
2026-08-19T13:10:12.7549994Z   AR      drivers/ufs/built-in.a
2026-08-19T13:10:12.7689697Z   CC      drivers/firmware/arm_scmi/driver.o
2026-08-19T13:10:13.2104515Z   CC      drivers/mmc/core/sdio_io.o
2026-08-19T13:10:13.3463678Z   AR      drivers/leds/built-in.a
2026-08-19T13:10:13.3528272Z   CC      drivers/mmc/core/sdio_irq.o
2026-08-19T13:10:13.3588618Z   CC      drivers/mmc/core/slot-gpio.o
2026-08-19T13:10:14.2568530Z   CC      drivers/firmware/arm_scmi/notify.o
2026-08-19T13:10:14.6270043Z   AR      drivers/firmware/broadcom/built-in.a
2026-08-19T13:10:14.6489688Z   AR      drivers/crypto/allwinner/built-in.a
2026-08-19T13:10:14.6639701Z   AR      drivers/crypto/xilinx/built-in.a
2026-08-19T13:10:14.6782619Z   AR      drivers/crypto/hisilicon/built-in.a
2026-08-19T13:10:14.6898410Z   AR      drivers/crypto/keembay/built-in.a
2026-08-19T13:10:14.6999495Z   AR      drivers/crypto/built-in.a
2026-08-19T13:10:14.7109434Z   CC      drivers/firmware/arm_scmi/base.o
2026-08-19T13:10:14.7621688Z   AR      drivers/firmware/cirrus/built-in.a
2026-08-19T13:10:14.7779577Z   CC      drivers/clocksource/timer-of.o
2026-08-19T13:10:14.7948489Z   CC      drivers/mmc/core/regulator.o
2026-08-19T13:10:15.5516811Z   CC      drivers/hid/usbhid/hid-core.o
2026-08-19T13:10:15.6042993Z   CC      drivers/firmware/arm_scmi/clock.o
2026-08-19T13:10:15.8320945Z   CC      drivers/clocksource/timer-probe.o
2026-08-19T13:10:16.2658652Z   CC      drivers/mmc/core/pwrseq.o
2026-08-19T13:10:16.4040049Z   CC      drivers/firmware/arm_scmi/perf.o
2026-08-19T13:10:16.6940493Z   CC      drivers/clocksource/mmio.o
2026-08-19T13:10:17.0813464Z   CC      drivers/hid/usbhid/hiddev.o
2026-08-19T13:10:17.3223961Z   CC      drivers/firmware/arm_scmi/power.o
2026-08-19T13:10:17.6571730Z   CC      drivers/clocksource/timer-sun4i.o
2026-08-19T13:10:17.6730098Z   CC      drivers/mmc/core/debugfs.o
2026-08-19T13:10:18.0755772Z   CC      drivers/firmware/arm_scmi/reset.o
2026-08-19T13:10:18.4029773Z   CC      drivers/clocksource/arm_arch_timer.o
2026-08-19T13:10:18.4321584Z   AR      drivers/hid/usbhid/built-in.a
2026-08-19T13:10:18.4469690Z   CC      drivers/hid/hid-core.o
2026-08-19T13:10:18.6779886Z   CC      drivers/mmc/core/crypto.o
2026-08-19T13:10:18.8539952Z   CC      drivers/firmware/arm_scmi/sensors.o
2026-08-19T13:10:19.8046126Z   CC      drivers/firmware/arm_scmi/system.o
2026-08-19T13:10:19.8319392Z   CC      drivers/clocksource/timer-sp804.o
2026-08-19T13:10:20.0229094Z   CC      drivers/hid/hid-input.o
2026-08-19T13:10:20.0894559Z   CC      drivers/mmc/core/block.o
2026-08-19T13:10:20.5990054Z   CC      drivers/clocksource/dummy_timer.o
2026-08-19T13:10:20.6009905Z   CC      drivers/firmware/arm_scmi/voltage.o
2026-08-19T13:10:21.4014506Z   AR      drivers/clocksource/built-in.a
2026-08-19T13:10:21.4179178Z   AR      drivers/firmware/meson/built-in.a
2026-08-19T13:10:21.4183397Z   CC      drivers/firmware/arm_scmi/powercap.o
2026-08-19T13:10:21.4292487Z   CC      drivers/hid/hid-quirks.o
2026-08-19T13:10:21.4579763Z   CC      drivers/mmc/core/queue.o
2026-08-19T13:10:21.4820473Z   CC      drivers/of/base.o
2026-08-19T13:10:22.3550052Z   CC      drivers/firmware/arm_scmi/shmem.o
2026-08-19T13:10:22.5549749Z   CC      drivers/hid/hid-debug.o
2026-08-19T13:10:22.7317287Z   CC      drivers/of/device.o
2026-08-19T13:10:22.9930298Z   AR      drivers/mmc/core/built-in.a
2026-08-19T13:10:23.0049795Z   AR      drivers/mmc/built-in.a
2026-08-19T13:10:23.1948581Z   CC      drivers/firmware/efi/libstub/efi-stub-helper.o
2026-08-19T13:10:23.2259973Z   CC      drivers/firmware/arm_scmi/mailbox.o
2026-08-19T13:10:23.9409751Z   CC      drivers/hid/hidraw.o
2026-08-19T13:10:24.0390224Z   CC      drivers/of/platform.o
2026-08-19T13:10:24.0459756Z   CC      drivers/firmware/arm_scmi/smc.o
2026-08-19T13:10:24.1453215Z   CC      drivers/firmware/efi/libstub/gop.o
2026-08-19T13:10:24.9880016Z   CC      drivers/firmware/arm_scmi/msg.o
2026-08-19T13:10:25.1110166Z   CC      drivers/hid/uhid.o
2026-08-19T13:10:25.1550008Z   CC      drivers/firmware/efi/libstub/secureboot.o
2026-08-19T13:10:25.5990060Z   CC      drivers/of/property.o
2026-08-19T13:10:25.7512791Z   CC      drivers/firmware/arm_scmi/virtio.o
2026-08-19T13:10:26.0770055Z   CC      drivers/firmware/efi/libstub/tpm.o
2026-08-19T13:10:26.3109002Z   CC      drivers/hid/hid-generic.o
2026-08-19T13:10:26.7593001Z   AR      drivers/firmware/arm_scmi/built-in.a
2026-08-19T13:10:26.7739723Z   CC      drivers/of/kobj.o
2026-08-19T13:10:26.9330734Z   CC      drivers/firmware/efi/efi.o
2026-08-19T13:10:27.0130043Z   CC      drivers/hid/hid-apple.o
2026-08-19T13:10:27.0764635Z   CC      drivers/firmware/efi/libstub/file.o
2026-08-19T13:10:27.3720065Z   CC      drivers/of/fdt.o
2026-08-19T13:10:27.8740055Z   CC      drivers/hid/hid-elecom.o
2026-08-19T13:10:28.0369986Z   CC      drivers/firmware/efi/libstub/mem.o
2026-08-19T13:10:28.3929779Z   CC      drivers/vhost/vsock.o
2026-08-19T13:10:28.5955696Z   CC      drivers/hid/hid-lg.o
2026-08-19T13:10:28.8179470Z   CC      drivers/of/fdt_address.o
2026-08-19T13:10:28.9350336Z   CC      drivers/firmware/efi/libstub/random.o
2026-08-19T13:10:29.4065589Z   CC      drivers/of/address.o
2026-08-19T13:10:29.5289826Z   CC      drivers/hid/hid-lg-g15.o
2026-08-19T13:10:29.8319862Z   CC      drivers/firmware/efi/libstub/randomalloc.o
2026-08-19T13:10:29.8839804Z   CC      drivers/vhost/vhost.o
2026-08-19T13:10:30.4409962Z   CC      drivers/hid/hid-logitech-dj.o
2026-08-19T13:10:30.7741759Z   CC      drivers/firmware/efi/libstub/pci.o
2026-08-19T13:10:30.8350006Z   CC      drivers/of/irq.o
2026-08-19T13:10:31.5473427Z   CC      drivers/hid/hid-logitech-hidpp.o
2026-08-19T13:10:31.7261601Z   CC      drivers/firmware/efi/libstub/skip_spaces.o
2026-08-19T13:10:31.7450274Z   CC      drivers/vhost/iotlb.o
2026-08-19T13:10:31.8239615Z   CC      drivers/firmware/efi/libstub/lib-cmdline.o
2026-08-19T13:10:32.0424943Z   CC      drivers/firmware/efi/libstub/lib-ctype.o
2026-08-19T13:10:32.0998742Z   CC      drivers/of/of_reserved_mem.o
2026-08-19T13:10:32.1308217Z   CC      drivers/firmware/efi/libstub/alignedmem.o
2026-08-19T13:10:32.7760103Z   AR      drivers/vhost/built-in.a
2026-08-19T13:10:32.7929889Z   AR      drivers/firmware/imx/built-in.a
2026-08-19T13:10:32.8019803Z   CC      drivers/firmware/efi/libstub/relocate.o
2026-08-19T13:10:32.8049658Z   CC      drivers/hid/hid-magicmouse.o
2026-08-19T13:10:33.0727017Z   CC      drivers/firmware/efi/libstub/vsprintf.o
2026-08-19T13:10:33.3732563Z   AR      drivers/of/built-in.a
2026-08-19T13:10:33.3891053Z   CC      drivers/firmware/efi/vars.o
2026-08-19T13:10:33.4329827Z   CC      drivers/hid/hid-microsoft.o
2026-08-19T13:10:33.6687450Z   CC      drivers/firmware/efi/libstub/fdt.o
2026-08-19T13:10:33.7490926Z   CC      drivers/firmware/psci/psci.o
2026-08-19T13:10:34.2100085Z   CC      drivers/hid/hid-multitouch.o
2026-08-19T13:10:34.6130191Z   AR      drivers/staging/media/deprecated/vpfe_capture/built-in.a
2026-08-19T13:10:34.6169873Z   CC      drivers/firmware/efi/libstub/lib-fdt_rw.o
2026-08-19T13:10:34.6330658Z   AR      drivers/staging/media/deprecated/saa7146/common/built-in.a
2026-08-19T13:10:34.6488279Z   AR      drivers/staging/media/deprecated/saa7146/av7110/built-in.a
2026-08-19T13:10:34.6680689Z   AR      drivers/staging/media/deprecated/saa7146/saa7146/built-in.a
2026-08-19T13:10:34.6893641Z   AR      drivers/staging/media/deprecated/saa7146/ttpci/built-in.a
2026-08-19T13:10:34.6981283Z   AR      drivers/staging/media/deprecated/saa7146/built-in.a
2026-08-19T13:10:34.7094357Z   AR      drivers/staging/media/built-in.a
2026-08-19T13:10:34.7397542Z   AR      drivers/staging/iio/accel/built-in.a
2026-08-19T13:10:34.7561740Z   AR      drivers/staging/iio/adc/built-in.a
2026-08-19T13:10:34.7722392Z   AR      drivers/staging/iio/addac/built-in.a
2026-08-19T13:10:34.7906992Z   AR      drivers/staging/iio/frequency/built-in.a
2026-08-19T13:10:34.8072024Z   AR      drivers/staging/iio/impedance-analyzer/built-in.a
2026-08-19T13:10:34.8073062Z   CC      drivers/firmware/efi/libstub/lib-fdt_ro.o
2026-08-19T13:10:34.8279771Z   AR      drivers/staging/iio/meter/built-in.a
2026-08-19T13:10:34.8417438Z   AR      drivers/staging/iio/resolver/built-in.a
2026-08-19T13:10:34.8489855Z   AR      drivers/firmware/psci/built-in.a
2026-08-19T13:10:34.8540475Z   AR      drivers/staging/iio/built-in.a
2026-08-19T13:10:34.8614668Z   CC      drivers/hid/hid-nintendo.o
2026-08-19T13:10:34.8719496Z   CC      drivers/staging/android/ashmem.o
2026-08-19T13:10:35.0427223Z   CC      drivers/firmware/efi/libstub/lib-fdt_wip.o
2026-08-19T13:10:35.1569996Z   AR      drivers/platform/surface/built-in.a
2026-08-19T13:10:35.1619664Z   CC      drivers/firmware/efi/libstub/lib-fdt.o
2026-08-19T13:10:35.1649457Z   AR      drivers/platform/built-in.a
2026-08-19T13:10:35.1759884Z   CC      drivers/firmware/efi/reboot.o
2026-08-19T13:10:35.3309863Z   CC      drivers/firmware/efi/libstub/lib-fdt_empty_tree.o
2026-08-19T13:10:35.4497057Z   CC      drivers/firmware/efi/libstub/lib-fdt_sw.o
2026-08-19T13:10:35.6230090Z   CC      drivers/firmware/efi/libstub/efi-stub.o
2026-08-19T13:10:35.7515300Z   CC      drivers/hid/hid-prodikeys.o
2026-08-19T13:10:36.0310152Z   CC      drivers/firmware/smccc/smccc.o
2026-08-19T13:10:36.4840766Z   AR      drivers/staging/android/built-in.a
2026-08-19T13:10:36.4943587Z   AR      drivers/staging/built-in.a
2026-08-19T13:10:36.5100009Z   CC      drivers/firmware/efi/libstub/string.o
2026-08-19T13:10:36.5856004Z   CC      drivers/hid/hid-picolcd_core.o
2026-08-19T13:10:36.7295841Z   CC      drivers/firmware/efi/libstub/intrinsics.o
2026-08-19T13:10:36.7412993Z   AR      drivers/firmware/tegra/built-in.a
2026-08-19T13:10:36.7568047Z   AR      drivers/firmware/xilinx/built-in.a
2026-08-19T13:10:36.7688053Z   CC      drivers/firmware/efi/memattr.o
2026-08-19T13:10:37.0244132Z   CC      drivers/firmware/smccc/kvm_guest.o
2026-08-19T13:10:37.6899974Z   CC      drivers/mailbox/mailbox.o
2026-08-19T13:10:37.6931002Z   CC      drivers/firmware/efi/libstub/systable.o
2026-08-19T13:10:37.7670040Z   CC      drivers/hid/hid-picolcd_debugfs.o
2026-08-19T13:10:38.2140096Z   CC      drivers/firmware/smccc/soc_id.o
2026-08-19T13:10:38.5995022Z   CC      drivers/firmware/efi/libstub/arm64-stub.o
2026-08-19T13:10:38.9379958Z   CC      drivers/mailbox/hi3660-mailbox.o
2026-08-19T13:10:38.9500031Z   CC      drivers/hid/hid-plantronics.o
2026-08-19T13:10:38.9869927Z   AR      drivers/firmware/smccc/built-in.a
2026-08-19T13:10:38.9989848Z   CC      drivers/firmware/efi/tpm.o
2026-08-19T13:10:39.5209829Z   CC      drivers/firmware/efi/libstub/smbios.o
2026-08-19T13:10:39.7440089Z   CC      drivers/hid/hid-playstation.o
2026-08-19T13:10:39.8010266Z   CC      drivers/mailbox/hi6220-mailbox.o
2026-08-19T13:10:40.4230286Z   STUBCPY drivers/firmware/efi/libstub/alignedmem.stub.o
2026-08-19T13:10:40.4404772Z   STUBCPY drivers/firmware/efi/libstub/arm64-stub.stub.o
2026-08-19T13:10:40.4448682Z   CC      drivers/hwspinlock/hwspinlock_core.o
2026-08-19T13:10:40.4589934Z   STUBCPY drivers/firmware/efi/libstub/efi-stub-helper.stub.o
2026-08-19T13:10:40.4719809Z   STUBCPY drivers/firmware/efi/libstub/efi-stub.stub.o
2026-08-19T13:10:40.4860976Z   STUBCPY drivers/firmware/efi/libstub/fdt.stub.o
2026-08-19T13:10:40.5007041Z   STUBCPY drivers/firmware/efi/libstub/file.stub.o
2026-08-19T13:10:40.5153630Z   STUBCPY drivers/firmware/efi/libstub/gop.stub.o
2026-08-19T13:10:40.5319982Z   STUBCPY drivers/firmware/efi/libstub/intrinsics.stub.o
2026-08-19T13:10:40.5466375Z   STUBCPY drivers/firmware/efi/libstub/lib-cmdline.stub.o
2026-08-19T13:10:40.5629966Z   STUBCPY drivers/firmware/efi/libstub/lib-ctype.stub.o
2026-08-19T13:10:40.5741926Z   STUBCPY drivers/firmware/efi/libstub/lib-fdt.stub.o
2026-08-19T13:10:40.5900145Z   STUBCPY drivers/firmware/efi/libstub/lib-fdt_empty_tree.stub.o
2026-08-19T13:10:40.6045497Z   STUBCPY drivers/firmware/efi/libstub/lib-fdt_ro.stub.o
2026-08-19T13:10:40.6100193Z   CC      drivers/hid/hid-roccat.o
2026-08-19T13:10:40.6240933Z   STUBCPY drivers/firmware/efi/libstub/lib-fdt_rw.stub.o
2026-08-19T13:10:40.6378580Z   STUBCPY drivers/firmware/efi/libstub/lib-fdt_sw.stub.o
2026-08-19T13:10:40.6570111Z   STUBCPY drivers/firmware/efi/libstub/lib-fdt_wip.stub.o
2026-08-19T13:10:40.6681482Z   STUBCPY drivers/firmware/efi/libstub/mem.stub.o
2026-08-19T13:10:40.6824459Z   STUBCPY drivers/firmware/efi/libstub/pci.stub.o
2026-08-19T13:10:40.6958524Z   STUBCPY drivers/firmware/efi/libstub/random.stub.o
2026-08-19T13:10:40.7136734Z   STUBCPY drivers/firmware/efi/libstub/randomalloc.stub.o
2026-08-19T13:10:40.7276316Z   STUBCPY drivers/firmware/efi/libstub/relocate.stub.o
2026-08-19T13:10:40.7377271Z   CC      drivers/mailbox/gunyah-msgq.o
2026-08-19T13:10:40.7445438Z   STUBCPY drivers/firmware/efi/libstub/secureboot.stub.o
2026-08-19T13:10:40.7630074Z   STUBCPY drivers/firmware/efi/libstub/skip_spaces.stub.o
2026-08-19T13:10:40.7809971Z   STUBCPY drivers/firmware/efi/libstub/smbios.stub.o
2026-08-19T13:10:40.7929729Z   STUBCPY drivers/firmware/efi/libstub/string.stub.o
2026-08-19T13:10:40.8069385Z   STUBCPY drivers/firmware/efi/libstub/systable.stub.o
2026-08-19T13:10:40.8240058Z   STUBCPY drivers/firmware/efi/libstub/tpm.stub.o
2026-08-19T13:10:40.8389634Z   STUBCPY drivers/firmware/efi/libstub/vsprintf.stub.o
2026-08-19T13:10:40.8573448Z   AR      drivers/firmware/efi/libstub/lib.a
2026-08-19T13:10:40.8729912Z   CC      drivers/firmware/efi/memmap.o
2026-08-19T13:10:41.5489859Z   AR      drivers/hwspinlock/built-in.a
2026-08-19T13:10:41.5609913Z   CC      drivers/hid/hid-roccat-common.o
2026-08-19T13:10:41.6969802Z   CC      drivers/firmware/arm_scpi.o
2026-08-19T13:10:41.8185096Z   CC      drivers/firmware/efi/fdtparams.o
2026-08-19T13:10:41.9779881Z   CC      drivers/mailbox/sun6i-msgbox.o
2026-08-19T13:10:42.6900761Z   CC      drivers/firmware/efi/esrt.o
2026-08-19T13:10:42.7718094Z   CC      drivers/hid/hid-roccat-arvo.o
2026-08-19T13:10:42.8517183Z   AR      drivers/mailbox/built-in.a
2026-08-19T13:10:42.8729791Z   CC      drivers/remoteproc/remoteproc_core.o
2026-08-19T13:10:43.1210366Z   CC      drivers/firmware/efi/efi-pstore.o
2026-08-19T13:10:43.6410007Z   CC      drivers/hid/hid-roccat-isku.o
2026-08-19T13:10:43.6439538Z   CC      drivers/remoteproc/remoteproc_coredump.o
2026-08-19T13:10:43.9761604Z   CC      drivers/firmware/efi/runtime-wrappers.o
2026-08-19T13:10:44.4569858Z   CC      drivers/rpmsg/rpmsg_core.o
2026-08-19T13:10:44.5109983Z   CC      drivers/hid/hid-roccat-kone.o
2026-08-19T13:10:44.9418458Z   CC      drivers/firmware/efi/efi-init.o
2026-08-19T13:10:44.9729905Z   CC      drivers/remoteproc/remoteproc_debugfs.o
2026-08-19T13:10:45.4589803Z   CC      drivers/hid/hid-roccat-koneplus.o
2026-08-19T13:10:45.5290033Z   CC      drivers/rpmsg/rpmsg_char.o
2026-08-19T13:10:45.9050032Z   CC      drivers/firmware/efi/arm-runtime.o
2026-08-19T13:10:45.9449990Z   CC      drivers/remoteproc/remoteproc_sysfs.o
2026-08-19T13:10:46.3240096Z   CC      drivers/hid/hid-roccat-konepure.o
2026-08-19T13:10:46.9150032Z   CC      drivers/remoteproc/remoteproc_virtio.o
2026-08-19T13:10:46.9189764Z   CC      drivers/firmware/efi/earlycon.o
2026-08-19T13:10:46.9530902Z   AR      drivers/rpmsg/built-in.a
2026-08-19T13:10:46.9789878Z   AR      drivers/virt/vboxguest/built-in.a
2026-08-19T13:10:46.9962895Z   CC      drivers/virt/gunyah/gunyah_platform_hooks.o
2026-08-19T13:10:47.1721567Z   CC      drivers/hid/hid-roccat-kovaplus.o
2026-08-19T13:10:47.8797707Z   AR      drivers/firmware/efi/built-in.a
2026-08-19T13:10:47.8917257Z   AR      drivers/firmware/built-in.a
2026-08-19T13:10:47.9220104Z   AR      drivers/devfreq/event/built-in.a
2026-08-19T13:10:47.9394857Z   CC      drivers/devfreq/devfreq.o
2026-08-19T13:10:48.1213406Z   CC      drivers/hid/hid-roccat-lua.o
2026-08-19T13:10:48.2280088Z   CC      drivers/virt/gunyah/rsc_mgr.o
2026-08-19T13:10:48.2520550Z   CC      drivers/remoteproc/remoteproc_elf_loader.o
2026-08-19T13:10:48.9953372Z   CC      drivers/hid/hid-roccat-pyra.o
2026-08-19T13:10:49.5590663Z   CC      drivers/remoteproc/remoteproc_cdev.o
2026-08-19T13:10:49.5980571Z   CC      drivers/virt/gunyah/rsc_mgr_rpc.o
2026-08-19T13:10:49.6501047Z   CC      drivers/devfreq/devfreq-event.o
2026-08-19T13:10:49.9380228Z   CC      drivers/hid/hid-roccat-ryos.o
2026-08-19T13:10:50.5219915Z   AR      drivers/remoteproc/built-in.a
2026-08-19T13:10:50.5339803Z   CC      drivers/devfreq/governor_simpleondemand.o
2026-08-19T13:10:50.6875210Z   CC      drivers/hid/hid-roccat-savu.o
2026-08-19T13:10:50.8220036Z   CC      drivers/virt/gunyah/vm_mgr.o
2026-08-19T13:10:50.8730014Z   CC      drivers/extcon/extcon.o
2026-08-19T13:10:51.2662513Z   CC      drivers/devfreq/governor_performance.o
2026-08-19T13:10:51.6025075Z   CC      drivers/hid/hid-sony.o
2026-08-19T13:10:52.0267778Z   CC      drivers/devfreq/governor_powersave.o
2026-08-19T13:10:52.0761102Z   CC      drivers/extcon/devres.o
2026-08-19T13:10:52.2633613Z   CC      drivers/virt/gunyah/vm_mgr_mm.o
2026-08-19T13:10:52.6729973Z   CC      drivers/hid/hid-steam.o
2026-08-19T13:10:52.7749999Z   CC      drivers/devfreq/governor_userspace.o
2026-08-19T13:10:53.1566157Z   AR      drivers/extcon/built-in.a
2026-08-19T13:10:53.1761281Z   CC      drivers/virt/gunyah/gunyah_vcpu.o
2026-08-19T13:10:53.1890386Z   AR      drivers/iio/accel/built-in.a
2026-08-19T13:10:53.2069764Z   AR      drivers/iio/adc/built-in.a
2026-08-19T13:10:53.2239167Z   AR      drivers/iio/addac/built-in.a
2026-08-19T13:10:53.2383357Z   AR      drivers/iio/afe/built-in.a
2026-08-19T13:10:53.2579885Z   AR      drivers/iio/amplifiers/built-in.a
2026-08-19T13:10:53.2720062Z   AR      drivers/iio/buffer/built-in.a
2026-08-19T13:10:53.2873498Z   AR      drivers/iio/cdc/built-in.a
2026-08-19T13:10:53.3049853Z   AR      drivers/iio/chemical/built-in.a
2026-08-19T13:10:53.3303145Z   AR      drivers/iio/common/cros_ec_sensors/built-in.a
2026-08-19T13:10:53.3469635Z   AR      drivers/iio/common/hid-sensors/built-in.a
2026-08-19T13:10:53.3619667Z   AR      drivers/iio/common/ms_sensors/built-in.a
2026-08-19T13:10:53.3760527Z   AR      drivers/iio/common/scmi_sensors/built-in.a
2026-08-19T13:10:53.3920316Z   AR      drivers/iio/common/ssp_sensors/built-in.a
2026-08-19T13:10:53.4050557Z   AR      drivers/iio/common/st_sensors/built-in.a
2026-08-19T13:10:53.4135485Z   AR      drivers/iio/common/built-in.a
2026-08-19T13:10:53.4304785Z   AR      drivers/iio/dac/built-in.a
2026-08-19T13:10:53.4472389Z   AR      drivers/iio/dummy/built-in.a
2026-08-19T13:10:53.4650087Z   AR      drivers/iio/gyro/built-in.a
2026-08-19T13:10:53.4781716Z   AR      drivers/iio/filter/built-in.a
2026-08-19T13:10:53.4814864Z   CC      drivers/hid/hid-uclogic-core.o
2026-08-19T13:10:53.4949473Z   AR      drivers/iio/frequency/built-in.a
2026-08-19T13:10:53.5130581Z   AR      drivers/iio/health/built-in.a
2026-08-19T13:10:53.5203987Z   CC      drivers/devfreq/governor_passive.o
2026-08-19T13:10:53.5252687Z   AR      drivers/iio/humidity/built-in.a
2026-08-19T13:10:53.5470690Z   AR      drivers/iio/imu/bmi160/built-in.a
2026-08-19T13:10:53.5632452Z   AR      drivers/iio/imu/bno055/built-in.a
2026-08-19T13:10:53.5823581Z   AR      drivers/iio/imu/inv_icm42600/built-in.a
2026-08-19T13:10:53.5992493Z   AR      drivers/iio/imu/inv_mpu6050/built-in.a
2026-08-19T13:10:53.6175545Z   AR      drivers/iio/imu/st_lsm6dsx/built-in.a
2026-08-19T13:10:53.6322777Z   AR      drivers/iio/imu/st_lsm9ds0/built-in.a
2026-08-19T13:10:53.6411102Z   AR      drivers/iio/imu/built-in.a
2026-08-19T13:10:53.6619985Z   AR      drivers/iio/light/built-in.a
2026-08-19T13:10:53.6777129Z   AR      drivers/iio/magnetometer/built-in.a
2026-08-19T13:10:53.6960046Z   AR      drivers/iio/multiplexer/built-in.a
2026-08-19T13:10:53.7121105Z   AR      drivers/iio/orientation/built-in.a
2026-08-19T13:10:53.7270538Z   AR      drivers/iio/position/built-in.a
2026-08-19T13:10:53.7458415Z   AR      drivers/iio/potentiometer/built-in.a
2026-08-19T13:10:53.7636054Z   AR      drivers/iio/potentiostat/built-in.a
2026-08-19T13:10:53.7789470Z   AR      drivers/iio/pressure/built-in.a
2026-08-19T13:10:53.7970124Z   AR      drivers/iio/proximity/built-in.a
2026-08-19T13:10:53.8119794Z   AR      drivers/iio/resolver/built-in.a
2026-08-19T13:10:53.8289823Z   AR      drivers/iio/temperature/built-in.a
2026-08-19T13:10:53.8443762Z   AR      drivers/iio/test/built-in.a
2026-08-19T13:10:53.8619886Z   AR      drivers/iio/trigger/built-in.a
2026-08-19T13:10:53.8709528Z   CC      drivers/iio/industrialio-core.o
2026-08-19T13:10:54.1380701Z   CC      drivers/virt/gunyah/gunyah_irqfd.o
2026-08-19T13:10:54.3418039Z   AR      drivers/devfreq/built-in.a
2026-08-19T13:10:54.3680045Z   CC      drivers/powercap/powercap_sys.o
2026-08-19T13:10:54.3769888Z   CC      drivers/hid/hid-uclogic-rdesc.o
2026-08-19T13:10:55.0009850Z   CC      drivers/virt/gunyah/gunyah_ioeventfd.o
2026-08-19T13:10:55.1913286Z   CC      drivers/iio/industrialio-event.o
2026-08-19T13:10:55.2169987Z   CC      drivers/hid/hid-uclogic-params.o
2026-08-19T13:10:55.4895213Z   CC      drivers/powercap/idle_inject.o
2026-08-19T13:10:55.8379893Z   AR      drivers/virt/gunyah/built-in.a
2026-08-19T13:10:55.8479526Z   AR      drivers/virt/built-in.a
2026-08-19T13:10:55.8699701Z   CC      drivers/perf/arm_pmu.o
2026-08-19T13:10:56.1890935Z   CC      drivers/hid/wacom_wac.o
2026-08-19T13:10:56.5010409Z   CC      drivers/iio/inkern.o
2026-08-19T13:10:56.6185152Z   AR      drivers/powercap/built-in.a
2026-08-19T13:10:56.6381131Z   CC      drivers/ras/ras.o
2026-08-19T13:10:56.9010469Z   CC      drivers/perf/arm_pmu_platform.o
2026-08-19T13:10:57.5910937Z   CC      drivers/hid/wacom_sys.o
2026-08-19T13:10:57.6682506Z   CC      drivers/iio/industrialio-buffer.o
2026-08-19T13:10:57.9112057Z   AR      drivers/perf/built-in.a
2026-08-19T13:10:57.9215517Z   CC      drivers/hid/hid-wiimote-core.o
2026-08-19T13:10:58.3373521Z   CC      drivers/ras/debugfs.o
2026-08-19T13:10:58.7982191Z   CC      drivers/iio/industrialio-trigger.o
2026-08-19T13:10:58.8839847Z   CC      drivers/hid/hid-wiimote-modules.o
2026-08-19T13:10:59.0995217Z   AR      drivers/hwtracing/intel_th/built-in.a
2026-08-19T13:10:59.1170434Z   CC      drivers/android/binderfs.o
2026-08-19T13:10:59.3140037Z   AR      drivers/ras/built-in.a
2026-08-19T13:10:59.3339874Z   CC      drivers/nvmem/core.o
2026-08-19T13:10:59.8270004Z   CC      drivers/hid/hid-wiimote-debug.o
2026-08-19T13:11:00.0790243Z   CC      drivers/android/binder.o
2026-08-19T13:11:00.0927340Z   AR      drivers/iio/built-in.a
2026-08-19T13:11:00.1051363Z   CC      drivers/android/binder_alloc.o
2026-08-19T13:11:00.5409885Z   AR      drivers/nvmem/built-in.a
2026-08-19T13:11:00.5573234Z   CC      drivers/gnss/core.o
2026-08-19T13:11:00.6180021Z   AR      drivers/hid/built-in.a
2026-08-19T13:11:00.6339814Z   CC      drivers/android/android_debug_symbols.o
2026-08-19T13:11:01.4692229Z   CC      drivers/interconnect/qcom/icc-common.o
2026-08-19T13:11:01.8709779Z   AR      drivers/gnss/built-in.a
2026-08-19T13:11:01.8809621Z   CC      drivers/android/vendor_hooks.o
2026-08-19T13:11:02.0880510Z   CC      drivers/interconnect/core.o
2026-08-19T13:11:02.4450324Z   AR      drivers/interconnect/qcom/built-in.a
2026-08-19T13:11:02.4820506Z -- KernelSU-Next Git repo detected at: /home/runner/work/OnePlus_KernelSU_SUSFS/OnePlus_KernelSU_SUSFS/OP-ACE-3-PRO-6.1.75/kernel_platform/KernelSU-Next
2026-08-19T13:11:02.4879602Z -- KernelSU-Next version: 33239
2026-08-19T13:11:02.4880044Z -- KernelSU-Next tag: v3.3.0
2026-08-19T13:11:02.4880387Z -- KernelSU-Next new DCACHE flush: 1
2026-08-19T13:11:02.4880830Z -- KernelSU-Next Manager signature size: 0x3e6
2026-08-19T13:11:02.4881663Z -- KernelSU-Next Manager signature hash: 79e590113c4c4c0c222978e413a5faa801666957b1212a328e46c00c69821bf7
2026-08-19T13:11:02.4936914Z 
2026-08-19T13:11:02.4937427Z -- SUSFS_VERSION: v2.2.0
2026-08-19T13:11:02.5022223Z   CC      drivers/kernelsu/core/init.o
2026-08-19T13:11:03.2102321Z   CC      drivers/kernelsu/feature/kernel_umount.o
2026-08-19T13:11:03.2800156Z   CC      drivers/kernelsu/feature/sulog.o
2026-08-19T13:11:03.7374772Z   CC      drivers/interconnect/bulk.o
2026-08-19T13:11:03.9415368Z   CC      drivers/android/debug_kinfo.o
2026-08-19T13:11:03.9870065Z   CC      drivers/kernelsu/feature/sucompat.o
2026-08-19T13:11:04.8237737Z   AR      drivers/interconnect/built-in.a
2026-08-19T13:11:04.8329205Z   CC      drivers/kernelsu/hook/setuid_hook.o
2026-08-19T13:11:05.2285681Z   CC      drivers/kernelsu/extras.o
2026-08-19T13:11:05.4800400Z   CC      drivers/kernelsu/infra/file_wrapper.o
2026-08-19T13:11:05.4829315Z   CC      drivers/kernelsu/infra/event_queue.o
2026-08-19T13:11:05.9990102Z   AR      drivers/android/built-in.a
2026-08-19T13:11:06.0119995Z   CC      drivers/kernelsu/infra/seccomp_cache.o
2026-08-19T13:11:06.1290089Z   CC      drivers/kernelsu/infra/su_mount_ns.o
2026-08-19T13:11:06.2761703Z   CC      drivers/kernelsu/manager/apk_sign.o
2026-08-19T13:11:06.9410185Z   CC      drivers/kernelsu/manager/pkg_observer.o
2026-08-19T13:11:07.0470364Z   CC      drivers/kernelsu/manager/throne_tracker.o
2026-08-19T13:11:07.1150019Z   CC      drivers/kernelsu/policy/allowlist.o
2026-08-19T13:11:07.2740118Z   CC      drivers/kernelsu/policy/app_profile.o
2026-08-19T13:11:07.6827374Z   CC      drivers/kernelsu/policy/feature.o
2026-08-19T13:11:07.7990029Z   CC      drivers/kernelsu/runtime/boot_event.o
2026-08-19T13:11:07.9270534Z   CC      drivers/kernelsu/runtime/ksud_integration.o
2026-08-19T13:11:08.0210136Z   CC      drivers/kernelsu/selinux/selinux.o
2026-08-19T13:11:08.0579970Z   CC      drivers/kernelsu/selinux/rules.o
2026-08-19T13:11:08.4630134Z   CC      drivers/kernelsu/selinux/sepolicy.o
2026-08-19T13:11:08.7730659Z   CC      drivers/kernelsu/sulog/event.o
2026-08-19T13:11:09.4849881Z   CC      drivers/kernelsu/sulog/fd.o
2026-08-19T13:11:09.6001520Z   CC      drivers/kernelsu/supercall/dispatch.o
2026-08-19T13:11:09.6269874Z   CC      drivers/kernelsu/supercall/perm.o
2026-08-19T13:11:09.8469810Z   CC      drivers/kernelsu/supercall/supercall.o
2026-08-19T13:11:10.1780595Z   CC      drivers/kernelsu/feature/adb_root.o
2026-08-19T13:11:10.2130750Z   CC      drivers/kernelsu/feature/selinux_hide.o
2026-08-19T13:11:11.2942548Z   AR      drivers/kernelsu/built-in.a
2026-08-19T13:11:11.3036135Z   AR      drivers/built-in.a
2026-08-19T13:11:11.3429848Z   AR      built-in.a
2026-08-19T13:11:11.4454995Z   AR      vmlinux.a
2026-08-19T13:11:13.1183786Z   GEN     .tmp_initcalls.lds
2026-08-19T13:11:15.1783010Z   LD      vmlinux.o
2026-08-19T13:13:46.2324706Z   OBJCOPY modules.builtin.modinfo
2026-08-19T13:13:47.0577015Z   GEN     modules.builtin
2026-08-19T13:13:47.1476477Z   GEN     .vmlinux.objs
2026-08-19T13:13:47.1602346Z   MODPOST vmlinux.symvers
2026-08-19T13:13:47.7002182Z   CC      .vmlinux.export.o
2026-08-19T13:13:48.0170039Z   UPD     include/generated/utsversion.h
2026-08-19T13:13:48.0210250Z   CC      init/version-timestamp.o
2026-08-19T13:13:48.3180540Z   LD      .tmp_vmlinux.btf
2026-08-19T13:13:51.9808029Z   BTF     .btf.vmlinux.bin.o
2026-08-19T13:14:25.4170777Z   LD      .tmp_vmlinux.kallsyms1
2026-08-19T13:14:25.8912569Z   NM      .tmp_vmlinux.kallsyms1.syms
2026-08-19T13:14:29.3911873Z   KSYMS   .tmp_vmlinux.kallsyms1.S
2026-08-19T13:14:30.3654374Z   AS      .tmp_vmlinux.kallsyms1.S
2026-08-19T13:14:32.0292907Z   LD      .tmp_vmlinux.kallsyms2
2026-08-19T13:14:32.5059449Z   NM      .tmp_vmlinux.kallsyms2.syms
2026-08-19T13:14:35.9701598Z   KSYMS   .tmp_vmlinux.kallsyms2.S
2026-08-19T13:14:36.9621323Z   AS      .tmp_vmlinux.kallsyms2.S
2026-08-19T13:14:38.0320291Z   LD      vmlinux
2026-08-19T13:14:41.1865074Z   BTFIDS  vmlinux
2026-08-19T13:14:41.1968216Z WARN: multiple IDs found for 'file': 198, 18809 - using 198
2026-08-19T13:14:41.1969950Z WARN: multiple IDs found for 'path': 205, 18810 - using 205
2026-08-19T13:14:41.1970933Z WARN: multiple IDs found for 'task_struct': 988, 18850 - using 988
2026-08-19T13:14:41.1971717Z WARN: multiple IDs found for 'cgroup': 1117, 18867 - using 1117
2026-08-19T13:14:41.1972376Z WARN: multiple IDs found for 'seq_file': 708, 18881 - using 708
2026-08-19T13:14:41.1972938Z WARN: multiple IDs found for 'vm_area_struct': 537, 18901 - using 537
2026-08-19T13:14:42.2356346Z   NM      System.map
2026-08-19T13:14:45.7245296Z   SORTTAB vmlinux
2026-08-19T13:14:45.7591180Z   OBJCOPY arch/arm64/boot/Image
2026-08-19T13:14:45.8556763Z make[1]: Leaving directory '/home/runner/work/OnePlus_KernelSU_SUSFS/OnePlus_KernelSU_SUSFS/OP-ACE-3-PRO-6.1.75/kernel_platform/common/out'
2026-08-19T13:14:45.8601629Z ============================================
2026-08-19T13:14:45.8604346Z ✅ Build Completed Successfully
2026-08-19T13:14:45.8604763Z ============================================
2026-08-19T13:14:45.8605165Z Duration: 19m 36s
2026-08-19T13:14:45.8670828Z Image: 36MiB
2026-08-19T13:14:45.8671042Z 
2026-08-19T13:14:45.8671299Z 📊 ccache Post-Build Statistics
2026-08-19T13:14:45.8671586Z ============================================
2026-08-19T13:14:45.8735215Z Cacheable calls:   3196 / 4799 (66.60%)
2026-08-19T13:14:45.8735604Z   Hits:             163 / 3196 ( 5.10%)
2026-08-19T13:14:45.8735855Z     Direct:         163 /  163 (100.0%)
2026-08-19T13:14:45.8736109Z     Preprocessed:     0 /  163 ( 0.00%)
2026-08-19T13:14:45.8736348Z   Misses:          3033 / 3196 (94.90%)
2026-08-19T13:14:45.8736581Z Uncacheable calls: 1603 / 4799 (33.40%)
2026-08-19T13:14:45.8736816Z Local storage:
2026-08-19T13:14:45.8737306Z   Cache size (GB):  0.5 / 12.0 ( 4.54%)
2026-08-19T13:14:45.8737620Z   Hits:             163 / 3196 ( 5.10%)
2026-08-19T13:14:45.8737994Z   Misses:          3033 / 3196 (94.90%)
2026-08-19T13:14:45.8738346Z ============================================
2026-08-19T13:14:45.8741089Z ##[endgroup]
2026-08-19T13:14:45.8760413Z ##[end-action id=build.build_kernel_step;outcome=success;conclusion=success;duration_ms=1183792]
2026-08-19T13:14:45.8765081Z ##[start-action display=📊 ccache Post-Build Statistics;id=build.ccache_stats]
2026-08-19T13:14:45.8787015Z ##[end-action id=build.ccache_stats;outcome=skipped;conclusion=skipped;duration_ms=0]
2026-08-19T13:14:45.8789176Z ##[start-action display=Collect Build Stats / Validate Image;id=build.collect_stats]
2026-08-19T13:14:45.8805344Z ##[group]Run set -euo pipefail
2026-08-19T13:14:45.8805660Z [36;1mset -euo pipefail[0m
2026-08-19T13:14:45.8805918Z [36;1mecho "::group::Collect Build stats"[0m
2026-08-19T13:14:45.8806280Z [36;1mIMG="$COMMON_KERNEL_FOLDER/out/arch/arm64/boot/Image"[0m
2026-08-19T13:14:45.8806601Z [36;1m[0m
2026-08-19T13:14:45.8806990Z [36;1mif [ -f "$KERNEL_PLATFORM_FOLDER/out/$OP_ANDROID_VERSION-$OP_KERNEL_VERSION/dist/Image" ]; then[0m
2026-08-19T13:14:45.8807595Z [36;1m  IMG="$KERNEL_PLATFORM_FOLDER/out/$OP_ANDROID_VERSION-$OP_KERNEL_VERSION/dist/Image"[0m
2026-08-19T13:14:45.8808148Z [36;1melif [ -f "$KERNEL_PLATFORM_FOLDER/bazel-bin/common/kernel_aarch64/Image" ]; then[0m
2026-08-19T13:14:45.8808654Z [36;1m  IMG="$KERNEL_PLATFORM_FOLDER/bazel-bin/common/kernel_aarch64/Image"[0m
2026-08-19T13:14:45.8809403Z [36;1mfi[0m
2026-08-19T13:14:45.8809591Z [36;1m[0m
2026-08-19T13:14:45.8809827Z [36;1mif [ -f "$COMMON_KERNEL_FOLDER/build.log" ]; then[0m
2026-08-19T13:14:45.8810275Z [36;1m  WARNINGS_COUNT="$(grep -ciE '\bwarning:' "$COMMON_KERNEL_FOLDER/build.log" || true)"[0m
2026-08-19T13:14:45.8810722Z [36;1m  [ -n "$WARNINGS_COUNT" ] || WARNINGS_COUNT="0"[0m
2026-08-19T13:14:45.8811017Z [36;1melse[0m
2026-08-19T13:14:45.8811231Z [36;1m  WARNINGS_COUNT="0"[0m
2026-08-19T13:14:45.8811459Z [36;1mfi[0m
2026-08-19T13:14:45.8811641Z [36;1m[0m
2026-08-19T13:14:45.8811832Z [36;1mif [ ! -f "$IMG" ]; then[0m
2026-08-19T13:14:45.8812116Z [36;1m  echo "::error::Kernel Image not found at: $IMG"[0m
2026-08-19T13:14:45.8812407Z [36;1m  exit 1[0m
2026-08-19T13:14:45.8812601Z [36;1mfi[0m
2026-08-19T13:14:45.8812792Z [36;1m[0m
2026-08-19T13:14:45.8813019Z [36;1mif ! file "$IMG" | grep -qi 'ARM64'; then[0m
2026-08-19T13:14:45.8813341Z [36;1m  echo "::error::Image is not ARM64 format"[0m
2026-08-19T13:14:45.8813633Z [36;1m  file "$IMG"[0m
2026-08-19T13:14:45.8813848Z [36;1m  exit 1[0m
2026-08-19T13:14:45.8814045Z [36;1mfi[0m
2026-08-19T13:14:45.8814228Z [36;1m[0m
2026-08-19T13:14:45.8814425Z [36;1mIMG_SIZE=$(stat -c %s "$IMG")[0m
2026-08-19T13:14:45.8814688Z [36;1mMIN_SIZE=6102400[0m
2026-08-19T13:14:45.8814946Z [36;1mif [ "$IMG_SIZE" -lt "$MIN_SIZE" ]; then[0m
2026-08-19T13:14:45.8815385Z [36;1m  echo "::error::Image size too small: $(numfmt --to=iec-i --suffix=B "$IMG_SIZE")"[0m
2026-08-19T13:14:45.8815805Z [36;1m  exit 1[0m
2026-08-19T13:14:45.8815994Z [36;1mfi[0m
2026-08-19T13:14:45.8816176Z [36;1m[0m
2026-08-19T13:14:45.8816414Z [36;1mIMG_SHA256=$(sha256sum "$IMG" | awk '{print $1}')[0m
2026-08-19T13:14:45.8816728Z [36;1mBUILD_TIME="${BUILD_TIME:-0}"[0m
2026-08-19T13:14:45.8816975Z [36;1m[0m
2026-08-19T13:14:45.8817272Z [36;1mKERNEL_UNAME=$(strings "$IMG" | grep -E 'Linux version.*#' | tail -n1)[0m
2026-08-19T13:14:45.8817664Z [36;1mecho "Kernel Uname: $KERNEL_UNAME"[0m
2026-08-19T13:14:45.8817994Z [36;1mecho "KERNEL_UNAME=$KERNEL_UNAME" >> "$GITHUB_ENV"[0m
2026-08-19T13:14:45.8818300Z [36;1m[0m
2026-08-19T13:14:45.8818582Z [36;1mprintf 'warnings_count=%s\n' "$WARNINGS_COUNT" >> "$GITHUB_OUTPUT"[0m
2026-08-19T13:14:45.8819154Z [36;1mprintf 'image_sha256=%s\n' "$IMG_SHA256" >> "$GITHUB_OUTPUT"[0m
2026-08-19T13:14:45.8819722Z [36;1mprintf 'build_time=%s\n' "$BUILD_TIME" >> "$GITHUB_OUTPUT"[0m
2026-08-19T13:14:45.8820046Z [36;1m[0m
2026-08-19T13:14:45.8820253Z [36;1mecho "✅ Validation passed:"[0m
2026-08-19T13:14:45.8820547Z [36;1mecho "   - Warnings: $WARNINGS_COUNT"[0m
2026-08-19T13:14:45.8820926Z [36;1mecho "   - Image size: $(numfmt --to=iec-i --suffix=B "$IMG_SIZE")"[0m
2026-08-19T13:14:45.8821292Z [36;1mecho "   - SHA256: $IMG_SHA256"[0m
2026-08-19T13:14:45.8821576Z [36;1mecho "   - Build time: ${BUILD_TIME}s"[0m
2026-08-19T13:14:45.8821861Z [36;1mecho "::endgroup::"[0m
2026-08-19T13:14:45.8907841Z shell: /usr/bin/bash --noprofile --norc -e -o pipefail {0}
2026-08-19T13:14:45.8908184Z env:
2026-08-19T13:14:45.8908547Z   CCACHE_DIR: /home/runner/work/OnePlus_KernelSU_SUSFS/OnePlus_KernelSU_SUSFS/.ccache
2026-08-19T13:14:45.8909124Z   CCACHE_MAXSIZE: 12G
2026-08-19T13:14:45.8909362Z   CCACHE_COMPILERCHECK: content
2026-08-19T13:14:45.8909751Z   CCACHE_BASEDIR: /home/runner/work/OnePlus_KernelSU_SUSFS/OnePlus_KernelSU_SUSFS
2026-08-19T13:14:45.8910159Z   CCACHE_NOHASHDIR: true
2026-08-19T13:14:45.8910396Z   CCACHE_IGNOREOPTIONS: --sysroot*
2026-08-19T13:14:45.8910651Z   CCACHE_COMPRESSION: true
2026-08-19T13:14:45.8910885Z   CCACHE_COMPRESSION_LEVEL: 3
2026-08-19T13:14:45.8911115Z   CCACHE_DIRECT: true
2026-08-19T13:14:45.8911324Z   CCACHE_FILE_CLONE: true
2026-08-19T13:14:45.8911543Z   CCACHE_INODE_CACHE: true
2026-08-19T13:14:45.8911765Z   CCACHE_IS_KERNEL_COMPILING: true
2026-08-19T13:14:45.8911999Z   CCACHE_UMASK: 002
2026-08-19T13:14:45.8912452Z   CCACHE_SLOPPINESS: file_macro,time_macros,include_file_mtime,include_file_ctime,pch_defines,system_headers,locale
2026-08-19T13:14:45.8913129Z   ACTION_REPO: 
2026-08-19T13:14:45.8913321Z   ACTION_REF: 
2026-08-19T13:14:45.8913529Z   OP_MODEL: OP-ACE-3-PRO-6.1.75
2026-08-19T13:14:45.8913776Z   OP_SOC: pineapple
2026-08-19T13:14:45.8913982Z   OP_BRANCH: wild/sm8650
2026-08-19T13:14:45.8914224Z   OP_MANIFEST: oneplus_ace3_pro_6.1.75_v.xml
2026-08-19T13:14:45.8914497Z   OP_ANDROID_VERSION: android14
2026-08-19T13:14:45.8914733Z   OP_KERNEL_VERSION: 6.1
2026-08-19T13:14:45.8914941Z   OP_OS_VERSION: A15
2026-08-19T13:14:45.8915140Z   OP_LTO: thin
2026-08-19T13:14:45.8915331Z   OP_ZYC_COMPILER: 
2026-08-19T13:14:45.8915668Z   OP_C_COMPILER: kernel_platform/prebuilts/clang/host/linux-x86/clang-r487747c/bin
2026-08-19T13:14:45.8916055Z   OP_RUST_COMPILER: 
2026-08-19T13:14:45.8916256Z   OP_BINDGEN: 
2026-08-19T13:14:45.8916446Z   OP_RUST_BUILD: false
2026-08-19T13:14:45.8916659Z   OP_DISK_CLEANUP: false
2026-08-19T13:14:45.8916869Z   OP_HMBIRD: false
2026-08-19T13:14:45.8917065Z   OP_SUSFS: true
2026-08-19T13:14:45.8917254Z   OP_OPT: true
2026-08-19T13:14:45.8917432Z   OP_DS: true
2026-08-19T13:14:45.8917614Z   OP_BBG: true
2026-08-19T13:14:45.8917792Z   OP_BBR: true
2026-08-19T13:14:45.8917974Z   OP_BBR3: true
2026-08-19T13:14:45.8918159Z   OP_TTL: true
2026-08-19T13:14:45.8918341Z   OP_IP_SET: true
2026-08-19T13:14:45.8918536Z   OP_UNICODE: true
2026-08-19T13:14:45.8918727Z   OP_NTSYNC: true
2026-08-19T13:14:45.8920722Z   OP_BLACKLIST_MODULES: kernelsu,oplus_security_guard,oplus_qr_scan,oplus_score,oplus_vip_task,oplus_dns_cache,oplus_network_linkpower_module,oplus_data_module,oplus_secure_harden,oplus_security_keventupload,oplus_secure_guard_new,oplus_secure_guard,coresight_tpda,coresight_tgu,coresight_trace_noc,coresight_cti,coresight_qmi,coresight_dummy,coresight_remote_etm,coresight_tpdm,coresight_uetm,coresight_stm,coresight_tmc_sec,f_fs_ipc_log,qcom_iommu_debug,qti_battery_debug,rdbg,stm_heartbeat,stm_p_ost,stm_core,stm_ftrace,stm_console,spmi_pmic_arb_debug
2026-08-19T13:14:45.8922715Z   OP_UNAME: OP-WILD
2026-08-19T13:14:45.8922932Z   CONFIG: OP-ACE-3-PRO-6.1.75
2026-08-19T13:14:45.8923175Z   REPO: /usr/local/bin/repo
2026-08-19T13:14:45.8923600Z   CONFIG_FOLDER: /home/runner/work/OnePlus_KernelSU_SUSFS/OnePlus_KernelSU_SUSFS/OP-ACE-3-PRO-6.1.75
2026-08-19T13:14:45.8924278Z   ARTIFACTS_FOLDER: /home/runner/work/OnePlus_KernelSU_SUSFS/OnePlus_KernelSU_SUSFS/OP-ACE-3-PRO-6.1.75/artifacts
2026-08-19T13:14:45.8925211Z   KERNEL_PLATFORM_FOLDER: /home/runner/work/OnePlus_KernelSU_SUSFS/OnePlus_KernelSU_SUSFS/OP-ACE-3-PRO-6.1.75/kernel_platform
2026-08-19T13:14:45.8926025Z   COMMON_KERNEL_FOLDER: /home/runner/work/OnePlus_KernelSU_SUSFS/OnePlus_KernelSU_SUSFS/OP-ACE-3-PRO-6.1.75/kernel_platform/common
2026-08-19T13:14:45.8926838Z   MSM_KERNEL_FOLDER: /home/runner/work/OnePlus_KernelSU_SUSFS/OnePlus_KernelSU_SUSFS/OP-ACE-3-PRO-6.1.75/kernel_platform/msm-kernel
2026-08-19T13:14:45.8927577Z   AK3_FOLDER: /home/runner/work/OnePlus_KernelSU_SUSFS/OnePlus_KernelSU_SUSFS/OP-ACE-3-PRO-6.1.75/AnyKernel3
2026-08-19T13:14:45.8928248Z   DEBUG_ARTIFACTS_FOLDER: /home/runner/work/OnePlus_KernelSU_SUSFS/OnePlus_KernelSU_SUSFS/debug_artifacts
2026-08-19T13:14:45.8929004Z   KERNEL_PATCHES_FOLDER: /home/runner/work/OnePlus_KernelSU_SUSFS/OnePlus_KernelSU_SUSFS/kernel_patches
2026-08-19T13:14:45.8929602Z   SUSFS_FOLDER: /home/runner/work/OnePlus_KernelSU_SUSFS/OnePlus_KernelSU_SUSFS/susfs4ksu
2026-08-19T13:14:45.8930266Z   KSU_FOLDER: /home/runner/work/OnePlus_KernelSU_SUSFS/OnePlus_KernelSU_SUSFS/OP-ACE-3-PRO-6.1.75/kernel_platform/KernelSU
2026-08-19T13:14:45.8931040Z   KSUN_FOLDER: /home/runner/work/OnePlus_KernelSU_SUSFS/OnePlus_KernelSU_SUSFS/OP-ACE-3-PRO-6.1.75/kernel_platform/KernelSU-Next
2026-08-19T13:14:45.8931602Z   DEBUG_ZIP_NAME: debug_OP-ACE-3-PRO-6.1.75_A15.zip
2026-08-19T13:14:45.8931893Z   ANDROID_VER: android14
2026-08-19T13:14:45.8932108Z   KERNEL_VER: 6.1
2026-08-19T13:14:45.8932308Z   TKERNEL_VER: 6.1.75
2026-08-19T13:14:45.8932532Z   KERNEL_FULL_VER: android14-6.1.75
2026-08-19T13:14:45.8932937Z   SUSFS_KERNEL_BRANCH: gki-android14-6.1
2026-08-19T13:14:45.8933195Z   BUILD_USER: OnePlus
2026-08-19T13:14:45.8933401Z   BUILD_HOST: ubuntu-build
2026-08-19T13:14:45.8934029Z   CLANG_BIN_PATH: /home/runner/work/OnePlus_KernelSU_SUSFS/OnePlus_KernelSU_SUSFS/OP-ACE-3-PRO-6.1.75/kernel_platform/prebuilts/clang/host/linux-x86/clang-r487747c/bin
2026-08-19T13:14:45.8935182Z   CLANG_VERSION: Android (10087095, +pgo, +bolt, +lto, -mlgo, based on r487747c) clang version 17.0.2 (https://android.googlesource.com/toolchain/llvm-project d9f89f4d16663d5012e5c09495f3b30ece3d2362)
2026-08-19T13:14:45.8935906Z   CLANG_VERSION_SHORT: 4e90edd6
2026-08-19T13:14:45.8936561Z   LIBCLANG_PATH: /home/runner/work/OnePlus_KernelSU_SUSFS/OnePlus_KernelSU_SUSFS/OP-ACE-3-PRO-6.1.75/kernel_platform/prebuilts/clang/host/linux-x86/clang-r487747c/bin/../lib
2026-08-19T13:14:45.8937280Z   SUSFS_COMMIT_SHA: e287d59066380bf6de4396532d4a42edf4408701
2026-08-19T13:14:45.8937587Z   NEED_HOOKS: false
2026-08-19T13:14:45.8937843Z   KSU_COMMIT_SHA: 234f6e040fcbca18b16d2398e1aa225712ec99ad
2026-08-19T13:14:45.8938136Z   KSUVER: 33239
2026-08-19T13:14:45.8938326Z   SUSVER: v2.2.0
2026-08-19T13:14:45.8938547Z   CUSTOM_LOCALVERSION: -android14-OP-WILD
2026-08-19T13:14:45.8939007Z   CONFIG_FAKE_DISABLE: CONFIG_TCP_CONG_ADVANCED CONFIG_IP6_NF_NAT
2026-08-19T13:14:45.8939393Z   EFFECTIVE_BUILD_TIMESTAMP: Wed Aug 19 12:55:02 UTC 2026
2026-08-19T13:14:45.8939692Z   BUILD_START: 1787144109
2026-08-19T13:14:45.8939906Z   BUILD_END: 1787145285
2026-08-19T13:14:45.8940112Z   BUILD_TIME: 1176
2026-08-19T13:14:45.8940312Z ##[endgroup]
2026-08-19T13:14:45.9014252Z ##[group]Collect Build stats
2026-08-19T13:14:46.3241310Z Kernel Uname: Linux version 6.1.75-android14-OP-WILD (OnePlus@ubuntu-build) (Android (10087095, +pgo, +bolt, +lto, -mlgo, based on r487747c) clang version 17.0.2 (https://android.googlesource.com/toolchain/llvm-project d9f89f4d16663d5012e5c09495f3b30ece3d2362), LLD 17.0.2) #1 SMP PREEMPT Wed Aug 19 12:55:02 UTC 2026
2026-08-19T13:14:46.3243024Z ✅ Validation passed:
2026-08-19T13:14:46.3243263Z    - Warnings: 1
2026-08-19T13:14:46.3257431Z    - Image size: 36MiB
2026-08-19T13:14:46.3257965Z    - SHA256: 33cb07326d32433a5275889e82a5f694b977dc4e5863fb7f304020f80f13c1ca
2026-08-19T13:14:46.3258558Z    - Build time: 1176s
2026-08-19T13:14:46.3259292Z ##[endgroup]
2026-08-19T13:14:46.3265292Z ##[end-action id=build.collect_stats;outcome=success;conclusion=success;duration_ms=447]
2026-08-19T13:14:46.3267636Z ##[start-action display=Create Kernel ZIP;id=build.create_zip]
2026-08-19T13:14:46.3283947Z ##[group]Run set -euo pipefail
2026-08-19T13:14:46.3284265Z [36;1mset -euo pipefail[0m
2026-08-19T13:14:46.3284545Z [36;1mecho "::group::Create kernel ZIP package"[0m
2026-08-19T13:14:46.3284833Z [36;1m[0m
2026-08-19T13:14:46.3285112Z [36;1mIMAGE_PATH="$COMMON_KERNEL_FOLDER/out/arch/arm64/boot/Image"[0m
2026-08-19T13:14:46.3285448Z [36;1m[0m
2026-08-19T13:14:46.3285825Z [36;1mif [ -f "$KERNEL_PLATFORM_FOLDER/out/$OP_ANDROID_VERSION-$OP_KERNEL_VERSION/dist/Image" ]; then[0m
2026-08-19T13:14:46.3286453Z [36;1m  IMAGE_PATH="$KERNEL_PLATFORM_FOLDER/out/$OP_ANDROID_VERSION-$OP_KERNEL_VERSION/dist/Image"[0m
2026-08-19T13:14:46.3287049Z [36;1melif [ -f "$KERNEL_PLATFORM_FOLDER/bazel-bin/common/kernel_aarch64/Image" ]; then[0m
2026-08-19T13:14:46.3287578Z [36;1m  IMAGE_PATH="$KERNEL_PLATFORM_FOLDER/bazel-bin/common/kernel_aarch64/Image"[0m
2026-08-19T13:14:46.3287958Z [36;1mfi[0m
2026-08-19T13:14:46.3288151Z [36;1m[0m
2026-08-19T13:14:46.3288351Z [36;1mif [ ! -f "$IMAGE_PATH" ]; then[0m
2026-08-19T13:14:46.3288678Z [36;1m  echo "::error::Built Image not found at: $IMAGE_PATH"[0m
2026-08-19T13:14:46.3289508Z [36;1m  exit 1[0m
2026-08-19T13:14:46.3289719Z [36;1mfi[0m
2026-08-19T13:14:46.3289905Z [36;1m[0m
2026-08-19T13:14:46.3290115Z [36;1mcp "$IMAGE_PATH" "$AK3_FOLDER/Image"[0m
2026-08-19T13:14:46.3290384Z [36;1m[0m
2026-08-19T13:14:46.3290686Z [36;1mmv "${ARTIFACTS_FOLDER}/${OP_MODEL}_${OP_OS_VERSION}.txt" "$AK3_FOLDER/"[0m
2026-08-19T13:14:46.3291288Z [36;1mcd "$AK3_FOLDER"[0m
2026-08-19T13:14:46.3291505Z [36;1m[0m
2026-08-19T13:14:46.3291815Z [36;1msed -i 's/do.check_boot_version=.*/do.check_boot_version=1/' anykernel.sh[0m
2026-08-19T13:14:46.3292185Z [36;1m[0m
2026-08-19T13:14:46.3292375Z [36;1mcase "$OP_BRANCH" in[0m
2026-08-19T13:14:46.3292620Z [36;1m  wild/sm8850|wild/sm8845)[0m
2026-08-19T13:14:46.3292962Z [36;1m    echo "Applying BBG efisp abl whitelist control patch"[0m
2026-08-19T13:14:46.3293577Z [36;1m    patch -p1 < "$KERNEL_PATCHES_FOLDER/common/bbg/0001-Enable-volume-input-to-enable-bbg-efisp-patch.patch"[0m
2026-08-19T13:14:46.3294079Z [36;1m  ;;[0m
2026-08-19T13:14:46.3294265Z [36;1mesac[0m
2026-08-19T13:14:46.3294439Z [36;1m[0m
2026-08-19T13:14:46.3294714Z [36;1mZIP_MODEL=$(echo "$OP_MODEL" | sed 's/-[0-9]\+\.[0-9]\+\.[0-9]\+$//')[0m
2026-08-19T13:14:46.3295066Z [36;1mif [ "true" = true ]; then[0m
2026-08-19T13:14:46.3295554Z [36;1m  ZIP_NAME="AK3_${ZIP_MODEL}_${OP_OS_VERSION}_${KERNEL_FULL_VER}_KSUN_${KSUVER:-unknown}_SuSFS_${SUSVER:-unknown}.zip"[0m
2026-08-19T13:14:46.3296034Z [36;1melse[0m
2026-08-19T13:14:46.3296380Z [36;1m  ZIP_NAME="AK3_${ZIP_MODEL}_${OP_OS_VERSION}_${KERNEL_FULL_VER}_KSUN_${KSUVER:-unknown}.zip"[0m
2026-08-19T13:14:46.3296780Z [36;1mfi[0m
2026-08-19T13:14:46.3296991Z [36;1mmkdir -p "$ARTIFACTS_FOLDER"[0m
2026-08-19T13:14:46.3297244Z [36;1m[0m
2026-08-19T13:14:46.3297470Z [36;1mecho "Creating flashable ZIP: $ZIP_NAME"[0m
2026-08-19T13:14:46.3297756Z [36;1m[0m
2026-08-19T13:14:46.3297968Z [36;1mif ! zip -r9 "$ZIP_NAME" ./* \[0m
2026-08-19T13:14:46.3298343Z [36;1m     -x "*.git*" \[0m
2026-08-19T13:14:46.3298594Z [36;1m     -x "$ZIP_NAME" \[0m
2026-08-19T13:14:46.3299178Z [36;1m     -x "README.md" 2>&1 | tee /tmp/zip.log; then[0m
2026-08-19T13:14:46.3299589Z [36;1m  echo "::error::Failed to create ZIP package"[0m
2026-08-19T13:14:46.3299882Z [36;1m  exit 1[0m
2026-08-19T13:14:46.3300080Z [36;1mfi[0m
2026-08-19T13:14:46.3300263Z [36;1m[0m
2026-08-19T13:14:46.3300480Z [36;1mmv "$ZIP_NAME" "$ARTIFACTS_FOLDER/"[0m
2026-08-19T13:14:46.3300746Z [36;1m[0m
2026-08-19T13:14:46.3301059Z [36;1mfind "$ARTIFACTS_FOLDER" -maxdepth 1 -type f ! -name "$ZIP_NAME" -delete[0m
2026-08-19T13:14:46.3301430Z [36;1m[0m
2026-08-19T13:14:46.3301674Z [36;1mZIP_SIZE=$(stat -c%s "$ARTIFACTS_FOLDER/$ZIP_NAME")[0m
2026-08-19T13:14:46.3302254Z [36;1mZIP_SHA256=$(sha256sum "$ARTIFACTS_FOLDER/$ZIP_NAME" | awk '{print $1}')[0m
2026-08-19T13:14:46.3302711Z [36;1mprintf 'zip_sha256=%s\n' "$ZIP_SHA256" >> "$GITHUB_OUTPUT"[0m
2026-08-19T13:14:46.3303028Z [36;1m[0m
2026-08-19T13:14:46.3303250Z [36;1mecho "zip_name=$ZIP_NAME" >> "$GITHUB_OUTPUT"[0m
2026-08-19T13:14:46.3303569Z [36;1mecho "ZIP_NAME=$ZIP_NAME" >> "$GITHUB_ENV"[0m
2026-08-19T13:14:46.3303838Z [36;1m[0m
2026-08-19T13:14:46.3304010Z [36;1mecho ""[0m
2026-08-19T13:14:46.3304249Z [36;1mecho "✅ Kernel ZIP created successfully"[0m
2026-08-19T13:14:46.3304548Z [36;1mecho "   Name: $ZIP_NAME"[0m
2026-08-19T13:14:46.3304886Z [36;1mecho "   Size: $(numfmt --to=iec-i --suffix=B "$ZIP_SIZE")"[0m
2026-08-19T13:14:46.3305227Z [36;1mecho "   SHA256: $ZIP_SHA256"[0m
2026-08-19T13:14:46.3305486Z [36;1mecho "::endgroup::"[0m
2026-08-19T13:14:46.3347848Z shell: /usr/bin/bash --noprofile --norc -e -o pipefail {0}
2026-08-19T13:14:46.3348183Z env:
2026-08-19T13:14:46.3348519Z   CCACHE_DIR: /home/runner/work/OnePlus_KernelSU_SUSFS/OnePlus_KernelSU_SUSFS/.ccache
2026-08-19T13:14:46.3349186Z   CCACHE_MAXSIZE: 12G
2026-08-19T13:14:46.3349419Z   CCACHE_COMPILERCHECK: content
2026-08-19T13:14:46.3349784Z   CCACHE_BASEDIR: /home/runner/work/OnePlus_KernelSU_SUSFS/OnePlus_KernelSU_SUSFS
2026-08-19T13:14:46.3350169Z   CCACHE_NOHASHDIR: true
2026-08-19T13:14:46.3350410Z   CCACHE_IGNOREOPTIONS: --sysroot*
2026-08-19T13:14:46.3350667Z   CCACHE_COMPRESSION: true
2026-08-19T13:14:46.3350900Z   CCACHE_COMPRESSION_LEVEL: 3
2026-08-19T13:14:46.3351138Z   CCACHE_DIRECT: true
2026-08-19T13:14:46.3351354Z   CCACHE_FILE_CLONE: true
2026-08-19T13:14:46.3351741Z   CCACHE_INODE_CACHE: true
2026-08-19T13:14:46.3351978Z   CCACHE_IS_KERNEL_COMPILING: true
2026-08-19T13:14:46.3352225Z   CCACHE_UMASK: 002
2026-08-19T13:14:46.3352680Z   CCACHE_SLOPPINESS: file_macro,time_macros,include_file_mtime,include_file_ctime,pch_defines,system_headers,locale
2026-08-19T13:14:46.3353192Z   ACTION_REPO: 
2026-08-19T13:14:46.3353388Z   ACTION_REF: 
2026-08-19T13:14:46.3353600Z   OP_MODEL: OP-ACE-3-PRO-6.1.75
2026-08-19T13:14:46.3353846Z   OP_SOC: pineapple
2026-08-19T13:14:46.3354050Z   OP_BRANCH: wild/sm8650
2026-08-19T13:14:46.3354298Z   OP_MANIFEST: oneplus_ace3_pro_6.1.75_v.xml
2026-08-19T13:14:46.3354579Z   OP_ANDROID_VERSION: android14
2026-08-19T13:14:46.3354822Z   OP_KERNEL_VERSION: 6.1
2026-08-19T13:14:46.3355040Z   OP_OS_VERSION: A15
2026-08-19T13:14:46.3355246Z   OP_LTO: thin
2026-08-19T13:14:46.3355441Z   OP_ZYC_COMPILER: 
2026-08-19T13:14:46.3355789Z   OP_C_COMPILER: kernel_platform/prebuilts/clang/host/linux-x86/clang-r487747c/bin
2026-08-19T13:14:46.3356182Z   OP_RUST_COMPILER: 
2026-08-19T13:14:46.3356383Z   OP_BINDGEN: 
2026-08-19T13:14:46.3356581Z   OP_RUST_BUILD: false
2026-08-19T13:14:46.3356798Z   OP_DISK_CLEANUP: false
2026-08-19T13:14:46.3357015Z   OP_HMBIRD: false
2026-08-19T13:14:46.3357211Z   OP_SUSFS: true
2026-08-19T13:14:46.3357402Z   OP_OPT: true
2026-08-19T13:14:46.3357587Z   OP_DS: true
2026-08-19T13:14:46.3357775Z   OP_BBG: true
2026-08-19T13:14:46.3357959Z   OP_BBR: true
2026-08-19T13:14:46.3358148Z   OP_BBR3: true
2026-08-19T13:14:46.3358338Z   OP_TTL: true
2026-08-19T13:14:46.3358522Z   OP_IP_SET: true
2026-08-19T13:14:46.3358721Z   OP_UNICODE: true
2026-08-19T13:14:46.3359117Z   OP_NTSYNC: true
2026-08-19T13:14:46.3360963Z   OP_BLACKLIST_MODULES: kernelsu,oplus_security_guard,oplus_qr_scan,oplus_score,oplus_vip_task,oplus_dns_cache,oplus_network_linkpower_module,oplus_data_module,oplus_secure_harden,oplus_security_keventupload,oplus_secure_guard_new,oplus_secure_guard,coresight_tpda,coresight_tgu,coresight_trace_noc,coresight_cti,coresight_qmi,coresight_dummy,coresight_remote_etm,coresight_tpdm,coresight_uetm,coresight_stm,coresight_tmc_sec,f_fs_ipc_log,qcom_iommu_debug,qti_battery_debug,rdbg,stm_heartbeat,stm_p_ost,stm_core,stm_ftrace,stm_console,spmi_pmic_arb_debug
2026-08-19T13:14:46.3362829Z   OP_UNAME: OP-WILD
2026-08-19T13:14:46.3363044Z   CONFIG: OP-ACE-3-PRO-6.1.75
2026-08-19T13:14:46.3363287Z   REPO: /usr/local/bin/repo
2026-08-19T13:14:46.3363852Z   CONFIG_FOLDER: /home/runner/work/OnePlus_KernelSU_SUSFS/OnePlus_KernelSU_SUSFS/OP-ACE-3-PRO-6.1.75
2026-08-19T13:14:46.3364537Z   ARTIFACTS_FOLDER: /home/runner/work/OnePlus_KernelSU_SUSFS/OnePlus_KernelSU_SUSFS/OP-ACE-3-PRO-6.1.75/artifacts
2026-08-19T13:14:46.3365284Z   KERNEL_PLATFORM_FOLDER: /home/runner/work/OnePlus_KernelSU_SUSFS/OnePlus_KernelSU_SUSFS/OP-ACE-3-PRO-6.1.75/kernel_platform
2026-08-19T13:14:46.3366079Z   COMMON_KERNEL_FOLDER: /home/runner/work/OnePlus_KernelSU_SUSFS/OnePlus_KernelSU_SUSFS/OP-ACE-3-PRO-6.1.75/kernel_platform/common
2026-08-19T13:14:46.3366896Z   MSM_KERNEL_FOLDER: /home/runner/work/OnePlus_KernelSU_SUSFS/OnePlus_KernelSU_SUSFS/OP-ACE-3-PRO-6.1.75/kernel_platform/msm-kernel
2026-08-19T13:14:46.3367635Z   AK3_FOLDER: /home/runner/work/OnePlus_KernelSU_SUSFS/OnePlus_KernelSU_SUSFS/OP-ACE-3-PRO-6.1.75/AnyKernel3
2026-08-19T13:14:46.3368295Z   DEBUG_ARTIFACTS_FOLDER: /home/runner/work/OnePlus_KernelSU_SUSFS/OnePlus_KernelSU_SUSFS/debug_artifacts
2026-08-19T13:14:46.3369051Z   KERNEL_PATCHES_FOLDER: /home/runner/work/OnePlus_KernelSU_SUSFS/OnePlus_KernelSU_SUSFS/kernel_patches
2026-08-19T13:14:46.3369649Z   SUSFS_FOLDER: /home/runner/work/OnePlus_KernelSU_SUSFS/OnePlus_KernelSU_SUSFS/susfs4ksu
2026-08-19T13:14:46.3370304Z   KSU_FOLDER: /home/runner/work/OnePlus_KernelSU_SUSFS/OnePlus_KernelSU_SUSFS/OP-ACE-3-PRO-6.1.75/kernel_platform/KernelSU
2026-08-19T13:14:46.3371079Z   KSUN_FOLDER: /home/runner/work/OnePlus_KernelSU_SUSFS/OnePlus_KernelSU_SUSFS/OP-ACE-3-PRO-6.1.75/kernel_platform/KernelSU-Next
2026-08-19T13:14:46.3371639Z   DEBUG_ZIP_NAME: debug_OP-ACE-3-PRO-6.1.75_A15.zip
2026-08-19T13:14:46.3372068Z   ANDROID_VER: android14
2026-08-19T13:14:46.3372288Z   KERNEL_VER: 6.1
2026-08-19T13:14:46.3372486Z   TKERNEL_VER: 6.1.75
2026-08-19T13:14:46.3372709Z   KERNEL_FULL_VER: android14-6.1.75
2026-08-19T13:14:46.3372981Z   SUSFS_KERNEL_BRANCH: gki-android14-6.1
2026-08-19T13:14:46.3373241Z   BUILD_USER: OnePlus
2026-08-19T13:14:46.3373450Z   BUILD_HOST: ubuntu-build
2026-08-19T13:14:46.3374079Z   CLANG_BIN_PATH: /home/runner/work/OnePlus_KernelSU_SUSFS/OnePlus_KernelSU_SUSFS/OP-ACE-3-PRO-6.1.75/kernel_platform/prebuilts/clang/host/linux-x86/clang-r487747c/bin
2026-08-19T13:14:46.3375224Z   CLANG_VERSION: Android (10087095, +pgo, +bolt, +lto, -mlgo, based on r487747c) clang version 17.0.2 (https://android.googlesource.com/toolchain/llvm-project d9f89f4d16663d5012e5c09495f3b30ece3d2362)
2026-08-19T13:14:46.3375964Z   CLANG_VERSION_SHORT: 4e90edd6
2026-08-19T13:14:46.3376618Z   LIBCLANG_PATH: /home/runner/work/OnePlus_KernelSU_SUSFS/OnePlus_KernelSU_SUSFS/OP-ACE-3-PRO-6.1.75/kernel_platform/prebuilts/clang/host/linux-x86/clang-r487747c/bin/../lib
2026-08-19T13:14:46.3377346Z   SUSFS_COMMIT_SHA: e287d59066380bf6de4396532d4a42edf4408701
2026-08-19T13:14:46.3377651Z   NEED_HOOKS: false
2026-08-19T13:14:46.3377903Z   KSU_COMMIT_SHA: 234f6e040fcbca18b16d2398e1aa225712ec99ad
2026-08-19T13:14:46.3378195Z   KSUVER: 33239
2026-08-19T13:14:46.3378391Z   SUSVER: v2.2.0
2026-08-19T13:14:46.3378617Z   CUSTOM_LOCALVERSION: -android14-OP-WILD
2026-08-19T13:14:46.3379066Z   CONFIG_FAKE_DISABLE: CONFIG_TCP_CONG_ADVANCED CONFIG_IP6_NF_NAT
2026-08-19T13:14:46.3379446Z   EFFECTIVE_BUILD_TIMESTAMP: Wed Aug 19 12:55:02 UTC 2026
2026-08-19T13:14:46.3379751Z   BUILD_START: 1787144109
2026-08-19T13:14:46.3379968Z   BUILD_END: 1787145285
2026-08-19T13:14:46.3380177Z   BUILD_TIME: 1176
2026-08-19T13:14:46.3381234Z   KERNEL_UNAME: Linux version 6.1.75-android14-OP-WILD (OnePlus@ubuntu-build) (Android (10087095, +pgo, +bolt, +lto, -mlgo, based on r487747c) clang version 17.0.2 (https://android.googlesource.com/toolchain/llvm-project d9f89f4d16663d5012e5c09495f3b30ece3d2362), LLD 17.0.2) #1 SMP PREEMPT Wed Aug 19 12:55:02 UTC 2026
2026-08-19T13:14:46.3382313Z ##[endgroup]
2026-08-19T13:14:46.3464149Z ##[group]Create kernel ZIP package
2026-08-19T13:14:46.3668168Z Creating flashable ZIP: AK3_OP-ACE-3-PRO_A15_android14-6.1.75_KSUN_33239_SuSFS_v2.2.0.zip
2026-08-19T13:14:51.1794762Z   adding: Image (deflated 60%)
2026-08-19T13:14:51.1799476Z   adding: LICENSE (deflated 73%)
2026-08-19T13:14:51.1799857Z   adding: META-INF/ (stored 0%)
2026-08-19T13:14:51.1800124Z   adding: META-INF/com/ (stored 0%)
2026-08-19T13:14:51.1800751Z   adding: META-INF/com/google/ (stored 0%)
2026-08-19T13:14:51.1801268Z   adding: META-INF/com/google/android/ (stored 0%)
2026-08-19T13:14:51.1801941Z   adding: META-INF/com/google/android/updater-script (deflated 1%)
2026-08-19T13:14:51.1811356Z   adding: META-INF/com/google/android/update-binary (deflated 73%)
2026-08-19T13:14:51.1811971Z   adding: OP-ACE-3-PRO-6.1.75_A15.txt (stored 0%)
2026-08-19T13:14:51.1812412Z   adding: anykernel.sh (deflated 61%)
2026-08-19T13:14:51.1814592Z   adding: banner (deflated 87%)
2026-08-19T13:14:51.1814853Z   adding: tools/ (stored 0%)
2026-08-19T13:14:51.2906370Z   adding: tools/magiskboot (deflated 41%)
2026-08-19T13:14:51.3048982Z   adding: tools/fec (deflated 53%)
2026-08-19T13:14:51.3075888Z   adding: tools/ak3-core.sh (deflated 73%)
2026-08-19T13:14:51.3468034Z   adding: tools/getevent (deflated 55%)
2026-08-19T13:14:51.3909505Z   adding: tools/magiskpolicy (deflated 51%)
2026-08-19T13:14:51.4636012Z   adding: tools/httools_static (deflated 53%)
2026-08-19T13:14:51.5237058Z   adding: tools/lptools_static (deflated 52%)
2026-08-19T13:14:51.8482682Z   adding: tools/snapshotupdater_static (deflated 53%)
2026-08-19T13:14:52.0072828Z   adding: tools/busybox (deflated 39%)
2026-08-19T13:14:52.0314854Z 
2026-08-19T13:14:52.0315641Z ✅ Kernel ZIP created successfully
2026-08-19T13:14:52.0316287Z    Name: AK3_OP-ACE-3-PRO_A15_android14-6.1.75_KSUN_33239_SuSFS_v2.2.0.zip
2026-08-19T13:14:52.0330290Z    Size: 18MiB
2026-08-19T13:14:52.0330813Z    SHA256: f0f99dca51e41e7ca7204500d545866d464717b8f892521db3fa17948bab28f6
2026-08-19T13:14:52.0331489Z ##[endgroup]
2026-08-19T13:14:52.0338286Z ##[end-action id=build.create_zip;outcome=success;conclusion=success;duration_ms=5706]
2026-08-19T13:14:52.0340718Z ##[start-action display=Final Build Summary;id=build.__run_39]
2026-08-19T13:14:52.0360909Z ##[group]Run set -euo pipefail
2026-08-19T13:14:52.0361275Z [36;1mset -euo pipefail[0m
2026-08-19T13:14:52.0361505Z [36;1m[0m
2026-08-19T13:14:52.0361714Z [36;1m# Get commit SHAs with fallback[0m
2026-08-19T13:14:52.0362015Z [36;1mKSU_SHA="${KSU_COMMIT_SHA:-unknown}"[0m
2026-08-19T13:14:52.0362329Z [36;1mSUSFS_SHA="${SUSFS_COMMIT_SHA:-unknown}"[0m
2026-08-19T13:14:52.0362608Z [36;1m[0m
2026-08-19T13:14:52.0362784Z [36;1m{[0m
2026-08-19T13:14:52.0363006Z [36;1m  echo "Model: OP-ACE-3-PRO-6.1.75"[0m
2026-08-19T13:14:52.0363308Z [36;1m  echo "OS Version: A15"[0m
2026-08-19T13:14:52.0363585Z [36;1m  echo "Android: android14"[0m
2026-08-19T13:14:52.0363844Z [36;1m  echo "Kernel base: 6.1"[0m
2026-08-19T13:14:52.0364117Z [36;1m  echo "Kernel full: android14-6.1.75"[0m
2026-08-19T13:14:52.0365348Z [36;1m  echo "Kernel Uname: Linux version 6.1.75-android14-OP-WILD (OnePlus@ubuntu-build) (Android (10087095, +pgo, +bolt, +lto, -mlgo, based on r487747c) clang version 17.0.2 (https://android.googlesource.com/toolchain/llvm-project d9f89f4d16663d5012e5c09495f3b30ece3d2362), LLD 17.0.2) #1 SMP PREEMPT Wed Aug 19 12:55:02 UTC 2026"[0m
2026-08-19T13:14:52.0366499Z [36;1m  echo "Build User: OnePlus"[0m
2026-08-19T13:14:52.0366773Z [36;1m  echo "Build Host: ubuntu-build"[0m
2026-08-19T13:14:52.0367046Z [36;1m  if [ "KSUN" = "KSUN" ]; then[0m
2026-08-19T13:14:52.0367338Z [36;1m    echo "KSUN Version: ${KSUVER:-unknown}"[0m
2026-08-19T13:14:52.0367663Z [36;1m    echo "KSUN commit SHA: ${KSU_SHA:-unknown}"[0m
2026-08-19T13:14:52.0367948Z [36;1m  else[0m
2026-08-19T13:14:52.0368183Z [36;1m    echo "KSU Version: ${KSUVER:-unknown}"[0m
2026-08-19T13:14:52.0368499Z [36;1m    echo "KSU commit SHA: ${KSU_SHA:-unknown}"[0m
2026-08-19T13:14:52.0368776Z [36;1m  fi[0m
2026-08-19T13:14:52.0369197Z [36;1m  if [ "true" = true ]; then[0m
2026-08-19T13:14:52.0369477Z [36;1m    echo "SUSFS Version: ${SUSVER:-unknown}"[0m
2026-08-19T13:14:52.0369784Z [36;1m    echo "SUSFS commit SHA: $SUSFS_SHA"[0m
2026-08-19T13:14:52.0370255Z [36;1m  fi[0m
2026-08-19T13:14:52.0370461Z [36;1m  echo "Optimization: O2"[0m
2026-08-19T13:14:52.0370720Z [36;1m  echo "Clean Build: true"[0m
2026-08-19T13:14:52.0370961Z [36;1m  echo ""[0m
2026-08-19T13:14:52.0371188Z [36;1m  echo "=== OnePlus Features ==="[0m
2026-08-19T13:14:52.0371473Z [36;1m  echo "Kernel Optimisations: true"[0m
2026-08-19T13:14:52.0371749Z [36;1m  echo "BBR: true"[0m
2026-08-19T13:14:52.0371980Z [36;1m  echo "BBRv3: true"[0m
2026-08-19T13:14:52.0372209Z [36;1m  echo "BBG: true"[0m
2026-08-19T13:14:52.0372443Z [36;1m  echo "HMBIRD SCX: false"[0m
2026-08-19T13:14:52.0372697Z [36;1m  echo "TTL: true"[0m
2026-08-19T13:14:52.0372972Z [36;1m  echo "IP_SET & IPv6 NAT: true"[0m
2026-08-19T13:14:52.0373276Z [36;1m  echo "Unicode Fix: true"[0m
2026-08-19T13:14:52.0373530Z [36;1m  echo "NTSync: true"[0m
2026-08-19T13:14:52.0373774Z [36;1m  echo "Droidspaces: true"[0m
2026-08-19T13:14:52.0374011Z [36;1m  echo ""[0m
2026-08-19T13:14:52.0374389Z [36;1m  echo "Image SHA256: 33cb07326d32433a5275889e82a5f694b977dc4e5863fb7f304020f80f13c1ca"[0m
2026-08-19T13:14:52.0375011Z [36;1m  echo "AnyKernel3 ZIP SHA256: f0f99dca51e41e7ca7204500d545866d464717b8f892521db3fa17948bab28f6"[0m
2026-08-19T13:14:52.0375508Z [36;1m  echo "Compiler: ${CLANG_VERSION:-unknown}"[0m
2026-08-19T13:14:52.0375808Z [36;1m  echo "Warnings Count: 1"[0m
2026-08-19T13:14:52.0376060Z [36;1m  echo "Build Time: 1176s"[0m
2026-08-19T13:14:52.0376323Z [36;1m  if [ "true" == "false" ]; then[0m
2026-08-19T13:14:52.0376733Z [36;1m    echo "ccache Hit Rate: "[0m
2026-08-19T13:14:52.0377002Z [36;1m    echo "ccache Direct Rate: "[0m
2026-08-19T13:14:52.0377255Z [36;1m  else[0m
2026-08-19T13:14:52.0377488Z [36;1m    echo "ccache: Disabled (clean build)"[0m
2026-08-19T13:14:52.0377772Z [36;1m  fi[0m
2026-08-19T13:14:52.0378141Z [36;1m  echo "Artifact Name: AK3_OP-ACE-3-PRO_A15_android14-6.1.75_KSUN_33239_SuSFS_v2.2.0.zip"[0m
2026-08-19T13:14:52.0378572Z [36;1m} | tee summary.txt[0m
2026-08-19T13:14:52.0378967Z [36;1m[0m
2026-08-19T13:14:52.0379163Z [36;1m{[0m
2026-08-19T13:14:52.0379402Z [36;1m  echo "### 🎯 Kernel Build Summary"[0m
2026-08-19T13:14:52.0379686Z [36;1m  echo ""[0m
2026-08-19T13:14:52.0379903Z [36;1m  echo "| Metric | Value |"[0m
2026-08-19T13:14:52.0380159Z [36;1m  echo "|--------|-------|"[0m
2026-08-19T13:14:52.0380438Z [36;1m  echo "| **Model** | OP-ACE-3-PRO-6.1.75 |"[0m
2026-08-19T13:14:52.0380742Z [36;1m  echo "| **OS Version** | A15 |"[0m
2026-08-19T13:14:52.0381052Z [36;1m  echo "| **Kernel Version** | android14-6.1.75 |"[0m
2026-08-19T13:14:52.0382300Z [36;1m  echo "| **Kernel Uname** | \`Linux version 6.1.75-android14-OP-WILD (OnePlus@ubuntu-build) (Android (10087095, +pgo, +bolt, +lto, -mlgo, based on r487747c) clang version 17.0.2 (https://android.googlesource.com/toolchain/llvm-project d9f89f4d16663d5012e5c09495f3b30ece3d2362), LLD 17.0.2) #1 SMP PREEMPT Wed Aug 19 12:55:02 UTC 2026\` |"[0m
2026-08-19T13:14:52.0383507Z [36;1m  echo "| **Build User** | OnePlus |"[0m
2026-08-19T13:14:52.0383818Z [36;1m  echo "| **Build Host** | ubuntu-build |"[0m
2026-08-19T13:14:52.0384111Z [36;1m  if [ "KSUN" = "KSUN" ]; then[0m
2026-08-19T13:14:52.0384417Z [36;1m    echo "| **KSUN Version** | ${KSUVER:-unknown} |"[0m
2026-08-19T13:14:52.0384712Z [36;1m  else[0m
2026-08-19T13:14:52.0384950Z [36;1m    echo "| **KSU Version** | ${KSUVER:-unknown} |"[0m
2026-08-19T13:14:52.0385237Z [36;1m  fi[0m
2026-08-19T13:14:52.0385426Z [36;1m  [0m
2026-08-19T13:14:52.0385639Z [36;1m  if [ "$KSU_SHA" != "unknown" ]; then[0m
2026-08-19T13:14:52.0385927Z [36;1m    if [ "KSUN" = "KSUN" ]; then[0m
2026-08-19T13:14:52.0386431Z [36;1m      echo "| **KSUN Commit** | [\`${KSU_SHA:0:8}\`](https://github.com/KernelSU-Next/KernelSU-Next/commit/$KSU_SHA) |"[0m
2026-08-19T13:14:52.0386898Z [36;1m    else[0m
2026-08-19T13:14:52.0387268Z [36;1m      echo "| **KSU Commit** | [\`${KSU_SHA:0:8}\`](https://github.com/tiann/KernelSU/commit/$KSU_SHA) |"[0m
2026-08-19T13:14:52.0387819Z [36;1m    fi[0m
2026-08-19T13:14:52.0388012Z [36;1m  else[0m
2026-08-19T13:14:52.0388229Z [36;1m    echo "| **KSU Commit** | unknown |"[0m
2026-08-19T13:14:52.0388500Z [36;1m  fi[0m
2026-08-19T13:14:52.0388688Z [36;1m  [0m
2026-08-19T13:14:52.0389085Z [36;1m  if [ "true" = true ]; then[0m
2026-08-19T13:14:52.0389405Z [36;1m    echo "| **SUSFS Version** | ${SUSVER:-unknown} |"[0m
2026-08-19T13:14:52.0389703Z [36;1m    [0m
2026-08-19T13:14:52.0389917Z [36;1m    if [ "$SUSFS_SHA" != "unknown" ]; then[0m
2026-08-19T13:14:52.0390413Z [36;1m      echo "| **SUSFS Commit** | [\`${SUSFS_SHA:0:8}\`](https://gitlab.com/simonpunk/susfs4ksu/-/commit/$SUSFS_SHA) |"[0m
2026-08-19T13:14:52.0390869Z [36;1m    else[0m
2026-08-19T13:14:52.0391098Z [36;1m      echo "| **SUSFS Commit** | unknown |"[0m
2026-08-19T13:14:52.0391367Z [36;1m    fi[0m
2026-08-19T13:14:52.0391553Z [36;1m  fi[0m
2026-08-19T13:14:52.0391732Z [36;1m  [0m
2026-08-19T13:14:52.0391920Z [36;1m  echo ""[0m
2026-08-19T13:14:52.0392147Z [36;1m  echo "### 🔧 OnePlus Features"[0m
2026-08-19T13:14:52.0392402Z [36;1m  echo ""[0m
2026-08-19T13:14:52.0392611Z [36;1m  echo "| Feature | Status |"[0m
2026-08-19T13:14:52.0392871Z [36;1m  echo "|---------|--------|"[0m
2026-08-19T13:14:52.0393149Z [36;1m  echo "| **Kernel Optimisations** | true |"[0m
2026-08-19T13:14:52.0393438Z [36;1m  echo "| **BBR** | true |"[0m
2026-08-19T13:14:52.0393688Z [36;1m  echo "| **BBRv3** | true |"[0m
2026-08-19T13:14:52.0393931Z [36;1m  echo "| **BBG** | true |"[0m
2026-08-19T13:14:52.0394325Z [36;1m  echo "| **HMBIRD SCX** | false |"[0m
2026-08-19T13:14:52.0394598Z [36;1m  echo "| **TTL** | true |"[0m
2026-08-19T13:14:52.0394860Z [36;1m  echo "| **IP_SET & IPv6 NAT** | true |"[0m
2026-08-19T13:14:52.0395151Z [36;1m  echo "| **Unicode Fix** | true |"[0m
2026-08-19T13:14:52.0395417Z [36;1m  echo "| **NTSync** | true |"[0m
2026-08-19T13:14:52.0395684Z [36;1m  echo "| **Droidspaces** | true |"[0m
2026-08-19T13:14:52.0395941Z [36;1m  [0m
2026-08-19T13:14:52.0396125Z [36;1m  echo ""[0m
2026-08-19T13:14:52.0396330Z [36;1m  echo "### 📊 Build Metrics"[0m
2026-08-19T13:14:52.0396571Z [36;1m  echo ""[0m
2026-08-19T13:14:52.0396774Z [36;1m  echo "| Metric | Value |"[0m
2026-08-19T13:14:52.0397013Z [36;1m  echo "|--------|-------|"[0m
2026-08-19T13:14:52.0397264Z [36;1m  echo "| **Optimization** | O2 |"[0m
2026-08-19T13:14:52.0397541Z [36;1m  echo "| **Clean Build** | true |"[0m
2026-08-19T13:14:52.0397805Z [36;1m  echo "| **Build Time** | 1176s |"[0m
2026-08-19T13:14:52.0398053Z [36;1m  [0m
2026-08-19T13:14:52.0398246Z [36;1m  if [ "true" == "false" ]; then[0m
2026-08-19T13:14:52.0398518Z [36;1m    echo "| **ccache Hit Rate** |  |"[0m
2026-08-19T13:14:52.0398986Z [36;1m    echo "| **ccache Direct Rate** |  |"[0m
2026-08-19T13:14:52.0399270Z [36;1m  fi[0m
2026-08-19T13:14:52.0399449Z [36;1m  [0m
2026-08-19T13:14:52.0399835Z [36;1m  echo "| **Image SHA256** | \`33cb07326d32433a5275889e82a5f694b977dc4e5863fb7f304020f80f13c1ca\` |"[0m
2026-08-19T13:14:52.0400284Z [36;1m  echo "| **Warnings** | 1 |"[0m
2026-08-19T13:14:52.0400589Z [36;1m  echo "| **Compiler** | \`${CLANG_VERSION:-unknown}\` |"[0m
2026-08-19T13:14:52.0401097Z [36;1m  echo "| **Artifact Name** | \`AK3_OP-ACE-3-PRO_A15_android14-6.1.75_KSUN_33239_SuSFS_v2.2.0.zip\` |"[0m
2026-08-19T13:14:52.0401739Z [36;1m  echo "| **AnyKernel3 SHA256** | \`f0f99dca51e41e7ca7204500d545866d464717b8f892521db3fa17948bab28f6\` |"[0m
2026-08-19T13:14:52.0402205Z [36;1m} >> "$GITHUB_STEP_SUMMARY"[0m
2026-08-19T13:14:52.0445319Z shell: /usr/bin/bash --noprofile --norc -e -o pipefail {0}
2026-08-19T13:14:52.0445663Z env:
2026-08-19T13:14:52.0446009Z   CCACHE_DIR: /home/runner/work/OnePlus_KernelSU_SUSFS/OnePlus_KernelSU_SUSFS/.ccache
2026-08-19T13:14:52.0446424Z   CCACHE_MAXSIZE: 12G
2026-08-19T13:14:52.0446659Z   CCACHE_COMPILERCHECK: content
2026-08-19T13:14:52.0447029Z   CCACHE_BASEDIR: /home/runner/work/OnePlus_KernelSU_SUSFS/OnePlus_KernelSU_SUSFS
2026-08-19T13:14:52.0447571Z   CCACHE_NOHASHDIR: true
2026-08-19T13:14:52.0447814Z   CCACHE_IGNOREOPTIONS: --sysroot*
2026-08-19T13:14:52.0448070Z   CCACHE_COMPRESSION: true
2026-08-19T13:14:52.0448304Z   CCACHE_COMPRESSION_LEVEL: 3
2026-08-19T13:14:52.0448535Z   CCACHE_DIRECT: true
2026-08-19T13:14:52.0448748Z   CCACHE_FILE_CLONE: true
2026-08-19T13:14:52.0449147Z   CCACHE_INODE_CACHE: true
2026-08-19T13:14:52.0449373Z   CCACHE_IS_KERNEL_COMPILING: true
2026-08-19T13:14:52.0449611Z   CCACHE_UMASK: 002
2026-08-19T13:14:52.0450071Z   CCACHE_SLOPPINESS: file_macro,time_macros,include_file_mtime,include_file_ctime,pch_defines,system_headers,locale
2026-08-19T13:14:52.0450582Z   ACTION_REPO: 
2026-08-19T13:14:52.0450782Z   ACTION_REF: 
2026-08-19T13:14:52.0450996Z   OP_MODEL: OP-ACE-3-PRO-6.1.75
2026-08-19T13:14:52.0451236Z   OP_SOC: pineapple
2026-08-19T13:14:52.0451443Z   OP_BRANCH: wild/sm8650
2026-08-19T13:14:52.0451685Z   OP_MANIFEST: oneplus_ace3_pro_6.1.75_v.xml
2026-08-19T13:14:52.0451966Z   OP_ANDROID_VERSION: android14
2026-08-19T13:14:52.0452196Z   OP_KERNEL_VERSION: 6.1
2026-08-19T13:14:52.0452405Z   OP_OS_VERSION: A15
2026-08-19T13:14:52.0452608Z   OP_LTO: thin
2026-08-19T13:14:52.0452798Z   OP_ZYC_COMPILER: 
2026-08-19T13:14:52.0453140Z   OP_C_COMPILER: kernel_platform/prebuilts/clang/host/linux-x86/clang-r487747c/bin
2026-08-19T13:14:52.0453526Z   OP_RUST_COMPILER: 
2026-08-19T13:14:52.0453728Z   OP_BINDGEN: 
2026-08-19T13:14:52.0453922Z   OP_RUST_BUILD: false
2026-08-19T13:14:52.0454135Z   OP_DISK_CLEANUP: false
2026-08-19T13:14:52.0454353Z   OP_HMBIRD: false
2026-08-19T13:14:52.0454686Z   OP_SUSFS: true
2026-08-19T13:14:52.0454878Z   OP_OPT: true
2026-08-19T13:14:52.0455064Z   OP_DS: true
2026-08-19T13:14:52.0455250Z   OP_BBG: true
2026-08-19T13:14:52.0455434Z   OP_BBR: true
2026-08-19T13:14:52.0455618Z   OP_BBR3: true
2026-08-19T13:14:52.0455806Z   OP_TTL: true
2026-08-19T13:14:52.0455990Z   OP_IP_SET: true
2026-08-19T13:14:52.0456190Z   OP_UNICODE: true
2026-08-19T13:14:52.0456387Z   OP_NTSYNC: true
2026-08-19T13:14:52.0458221Z   OP_BLACKLIST_MODULES: kernelsu,oplus_security_guard,oplus_qr_scan,oplus_score,oplus_vip_task,oplus_dns_cache,oplus_network_linkpower_module,oplus_data_module,oplus_secure_harden,oplus_security_keventupload,oplus_secure_guard_new,oplus_secure_guard,coresight_tpda,coresight_tgu,coresight_trace_noc,coresight_cti,coresight_qmi,coresight_dummy,coresight_remote_etm,coresight_tpdm,coresight_uetm,coresight_stm,coresight_tmc_sec,f_fs_ipc_log,qcom_iommu_debug,qti_battery_debug,rdbg,stm_heartbeat,stm_p_ost,stm_core,stm_ftrace,stm_console,spmi_pmic_arb_debug
2026-08-19T13:14:52.0460277Z   OP_UNAME: OP-WILD
2026-08-19T13:14:52.0460496Z   CONFIG: OP-ACE-3-PRO-6.1.75
2026-08-19T13:14:52.0460737Z   REPO: /usr/local/bin/repo
2026-08-19T13:14:52.0461164Z   CONFIG_FOLDER: /home/runner/work/OnePlus_KernelSU_SUSFS/OnePlus_KernelSU_SUSFS/OP-ACE-3-PRO-6.1.75
2026-08-19T13:14:52.0461840Z   ARTIFACTS_FOLDER: /home/runner/work/OnePlus_KernelSU_SUSFS/OnePlus_KernelSU_SUSFS/OP-ACE-3-PRO-6.1.75/artifacts
2026-08-19T13:14:52.0462586Z   KERNEL_PLATFORM_FOLDER: /home/runner/work/OnePlus_KernelSU_SUSFS/OnePlus_KernelSU_SUSFS/OP-ACE-3-PRO-6.1.75/kernel_platform
2026-08-19T13:14:52.0463379Z   COMMON_KERNEL_FOLDER: /home/runner/work/OnePlus_KernelSU_SUSFS/OnePlus_KernelSU_SUSFS/OP-ACE-3-PRO-6.1.75/kernel_platform/common
2026-08-19T13:14:52.0464184Z   MSM_KERNEL_FOLDER: /home/runner/work/OnePlus_KernelSU_SUSFS/OnePlus_KernelSU_SUSFS/OP-ACE-3-PRO-6.1.75/kernel_platform/msm-kernel
2026-08-19T13:14:52.0464915Z   AK3_FOLDER: /home/runner/work/OnePlus_KernelSU_SUSFS/OnePlus_KernelSU_SUSFS/OP-ACE-3-PRO-6.1.75/AnyKernel3
2026-08-19T13:14:52.0465574Z   DEBUG_ARTIFACTS_FOLDER: /home/runner/work/OnePlus_KernelSU_SUSFS/OnePlus_KernelSU_SUSFS/debug_artifacts
2026-08-19T13:14:52.0466214Z   KERNEL_PATCHES_FOLDER: /home/runner/work/OnePlus_KernelSU_SUSFS/OnePlus_KernelSU_SUSFS/kernel_patches
2026-08-19T13:14:52.0466807Z   SUSFS_FOLDER: /home/runner/work/OnePlus_KernelSU_SUSFS/OnePlus_KernelSU_SUSFS/susfs4ksu
2026-08-19T13:14:52.0467602Z   KSU_FOLDER: /home/runner/work/OnePlus_KernelSU_SUSFS/OnePlus_KernelSU_SUSFS/OP-ACE-3-PRO-6.1.75/kernel_platform/KernelSU
2026-08-19T13:14:52.0468388Z   KSUN_FOLDER: /home/runner/work/OnePlus_KernelSU_SUSFS/OnePlus_KernelSU_SUSFS/OP-ACE-3-PRO-6.1.75/kernel_platform/KernelSU-Next
2026-08-19T13:14:52.0469151Z   DEBUG_ZIP_NAME: debug_OP-ACE-3-PRO-6.1.75_A15.zip
2026-08-19T13:14:52.0469445Z   ANDROID_VER: android14
2026-08-19T13:14:52.0469662Z   KERNEL_VER: 6.1
2026-08-19T13:14:52.0469860Z   TKERNEL_VER: 6.1.75
2026-08-19T13:14:52.0470084Z   KERNEL_FULL_VER: android14-6.1.75
2026-08-19T13:14:52.0470360Z   SUSFS_KERNEL_BRANCH: gki-android14-6.1
2026-08-19T13:14:52.0470619Z   BUILD_USER: OnePlus
2026-08-19T13:14:52.0470831Z   BUILD_HOST: ubuntu-build
2026-08-19T13:14:52.0471461Z   CLANG_BIN_PATH: /home/runner/work/OnePlus_KernelSU_SUSFS/OnePlus_KernelSU_SUSFS/OP-ACE-3-PRO-6.1.75/kernel_platform/prebuilts/clang/host/linux-x86/clang-r487747c/bin
2026-08-19T13:14:52.0472604Z   CLANG_VERSION: Android (10087095, +pgo, +bolt, +lto, -mlgo, based on r487747c) clang version 17.0.2 (https://android.googlesource.com/toolchain/llvm-project d9f89f4d16663d5012e5c09495f3b30ece3d2362)
2026-08-19T13:14:52.0473323Z   CLANG_VERSION_SHORT: 4e90edd6
2026-08-19T13:14:52.0473975Z   LIBCLANG_PATH: /home/runner/work/OnePlus_KernelSU_SUSFS/OnePlus_KernelSU_SUSFS/OP-ACE-3-PRO-6.1.75/kernel_platform/prebuilts/clang/host/linux-x86/clang-r487747c/bin/../lib
2026-08-19T13:14:52.0474708Z   SUSFS_COMMIT_SHA: e287d59066380bf6de4396532d4a42edf4408701
2026-08-19T13:14:52.0475016Z   NEED_HOOKS: false
2026-08-19T13:14:52.0475405Z   KSU_COMMIT_SHA: 234f6e040fcbca18b16d2398e1aa225712ec99ad
2026-08-19T13:14:52.0475698Z   KSUVER: 33239
2026-08-19T13:14:52.0475890Z   SUSVER: v2.2.0
2026-08-19T13:14:52.0476112Z   CUSTOM_LOCALVERSION: -android14-OP-WILD
2026-08-19T13:14:52.0476454Z   CONFIG_FAKE_DISABLE: CONFIG_TCP_CONG_ADVANCED CONFIG_IP6_NF_NAT
2026-08-19T13:14:52.0476829Z   EFFECTIVE_BUILD_TIMESTAMP: Wed Aug 19 12:55:02 UTC 2026
2026-08-19T13:14:52.0477128Z   BUILD_START: 1787144109
2026-08-19T13:14:52.0477338Z   BUILD_END: 1787145285
2026-08-19T13:14:52.0477544Z   BUILD_TIME: 1176
2026-08-19T13:14:52.0478598Z   KERNEL_UNAME: Linux version 6.1.75-android14-OP-WILD (OnePlus@ubuntu-build) (Android (10087095, +pgo, +bolt, +lto, -mlgo, based on r487747c) clang version 17.0.2 (https://android.googlesource.com/toolchain/llvm-project d9f89f4d16663d5012e5c09495f3b30ece3d2362), LLD 17.0.2) #1 SMP PREEMPT Wed Aug 19 12:55:02 UTC 2026
2026-08-19T13:14:52.0479967Z   ZIP_NAME: AK3_OP-ACE-3-PRO_A15_android14-6.1.75_KSUN_33239_SuSFS_v2.2.0.zip
2026-08-19T13:14:52.0480334Z ##[endgroup]
2026-08-19T13:14:52.0559309Z Model: OP-ACE-3-PRO-6.1.75
2026-08-19T13:14:52.0559715Z OS Version: A15
2026-08-19T13:14:52.0560024Z Android: android14
2026-08-19T13:14:52.0560336Z Kernel base: 6.1
2026-08-19T13:14:52.0560631Z Kernel full: android14-6.1.75
2026-08-19T13:14:52.0561817Z Kernel Uname: Linux version 6.1.75-android14-OP-WILD (OnePlus@ubuntu-build) (Android (10087095, +pgo, +bolt, +lto, -mlgo, based on r487747c) clang version 17.0.2 (https://android.googlesource.com/toolchain/llvm-project d9f89f4d16663d5012e5c09495f3b30ece3d2362), LLD 17.0.2) #1 SMP PREEMPT Wed Aug 19 12:55:02 UTC 2026
2026-08-19T13:14:52.0562933Z Build User: OnePlus
2026-08-19T13:14:52.0563144Z Build Host: ubuntu-build
2026-08-19T13:14:52.0563366Z KSUN Version: 33239
2026-08-19T13:14:52.0563640Z KSUN commit SHA: 234f6e040fcbca18b16d2398e1aa225712ec99ad
2026-08-19T13:14:52.0563944Z SUSFS Version: v2.2.0
2026-08-19T13:14:52.0564204Z SUSFS commit SHA: e287d59066380bf6de4396532d4a42edf4408701
2026-08-19T13:14:52.0564509Z Optimization: O2
2026-08-19T13:14:52.0564705Z Clean Build: true
2026-08-19T13:14:52.0564825Z 
2026-08-19T13:14:52.0564911Z === OnePlus Features ===
2026-08-19T13:14:52.0565139Z Kernel Optimisations: true
2026-08-19T13:14:52.0565355Z BBR: true
2026-08-19T13:14:52.0565535Z BBRv3: true
2026-08-19T13:14:52.0565709Z BBG: true
2026-08-19T13:14:52.0565883Z HMBIRD SCX: false
2026-08-19T13:14:52.0566072Z TTL: true
2026-08-19T13:14:52.0566465Z IP_SET & IPv6 NAT: true
2026-08-19T13:14:52.0566687Z Unicode Fix: true
2026-08-19T13:14:52.0566926Z NTSync: true
2026-08-19T13:14:52.0567387Z Droidspaces: true
2026-08-19T13:14:52.0567590Z 
2026-08-19T13:14:52.0567918Z Image SHA256: 33cb07326d32433a5275889e82a5f694b977dc4e5863fb7f304020f80f13c1ca
2026-08-19T13:14:52.0568762Z AnyKernel3 ZIP SHA256: f0f99dca51e41e7ca7204500d545866d464717b8f892521db3fa17948bab28f6
2026-08-19T13:14:52.0569936Z Compiler: Android (10087095, +pgo, +bolt, +lto, -mlgo, based on r487747c) clang version 17.0.2 (https://android.googlesource.com/toolchain/llvm-project d9f89f4d16663d5012e5c09495f3b30ece3d2362)
2026-08-19T13:14:52.0570682Z Warnings Count: 1
2026-08-19T13:14:52.0570887Z Build Time: 1176s
2026-08-19T13:14:52.0571099Z ccache: Disabled (clean build)
2026-08-19T13:14:52.0571471Z Artifact Name: AK3_OP-ACE-3-PRO_A15_android14-6.1.75_KSUN_33239_SuSFS_v2.2.0.zip
2026-08-19T13:14:52.0597437Z ##[end-action id=build.__run_39;outcome=success;conclusion=success;duration_ms=25]
2026-08-19T13:14:52.0599833Z ##[start-action display=Upload Debug Artifacts;id=build.__actions_upload-artifact]
2026-08-19T13:14:52.0607028Z ##[end-action id=build.__actions_upload-artifact;outcome=skipped;conclusion=skipped;duration_ms=0]
2026-08-19T13:14:52.0609134Z ##[start-action display=Upload Artifacts;id=build.__actions_upload-artifact_2]
2026-08-19T13:14:52.0646199Z ##[group]Run actions/upload-artifact@v7
2026-08-19T13:14:52.0646475Z with:
2026-08-19T13:14:52.0646771Z   name: AK3_OP-ACE-3-PRO_A15_android14-6.1.75_KSUN_33239_SuSFS_v2.2.0.zip
2026-08-19T13:14:52.0647715Z   path: /home/runner/work/OnePlus_KernelSU_SUSFS/OnePlus_KernelSU_SUSFS/OP-ACE-3-PRO-6.1.75/artifacts/AK3_OP-ACE-3-PRO_A15_android14-6.1.75_KSUN_33239_SuSFS_v2.2.0.zip
2026-08-19T13:14:52.0648369Z   archive: false
2026-08-19T13:14:52.0648584Z   compression-level: 0
2026-08-19T13:14:52.0648945Z   retention-days: 90
2026-08-19T13:14:52.0649168Z   if-no-files-found: warn
2026-08-19T13:14:52.0649394Z   overwrite: false
2026-08-19T13:14:52.0649616Z   include-hidden-files: false
2026-08-19T13:14:52.0649849Z env:
2026-08-19T13:14:52.0650172Z   CCACHE_DIR: /home/runner/work/OnePlus_KernelSU_SUSFS/OnePlus_KernelSU_SUSFS/.ccache
2026-08-19T13:14:52.0650574Z   CCACHE_MAXSIZE: 12G
2026-08-19T13:14:52.0650794Z   CCACHE_COMPILERCHECK: content
2026-08-19T13:14:52.0651160Z   CCACHE_BASEDIR: /home/runner/work/OnePlus_KernelSU_SUSFS/OnePlus_KernelSU_SUSFS
2026-08-19T13:14:52.0651560Z   CCACHE_NOHASHDIR: true
2026-08-19T13:14:52.0651801Z   CCACHE_IGNOREOPTIONS: --sysroot*
2026-08-19T13:14:52.0652064Z   CCACHE_COMPRESSION: true
2026-08-19T13:14:52.0652297Z   CCACHE_COMPRESSION_LEVEL: 3
2026-08-19T13:14:52.0652533Z   CCACHE_DIRECT: true
2026-08-19T13:14:52.0652743Z   CCACHE_FILE_CLONE: true
2026-08-19T13:14:52.0652958Z   CCACHE_INODE_CACHE: true
2026-08-19T13:14:52.0653186Z   CCACHE_IS_KERNEL_COMPILING: true
2026-08-19T13:14:52.0653424Z   CCACHE_UMASK: 002
2026-08-19T13:14:52.0653882Z   CCACHE_SLOPPINESS: file_macro,time_macros,include_file_mtime,include_file_ctime,pch_defines,system_headers,locale
2026-08-19T13:14:52.0654391Z   ACTION_REPO: 
2026-08-19T13:14:52.0654589Z   ACTION_REF: 
2026-08-19T13:14:52.0654802Z   OP_MODEL: OP-ACE-3-PRO-6.1.75
2026-08-19T13:14:52.0655044Z   OP_SOC: pineapple
2026-08-19T13:14:52.0655250Z   OP_BRANCH: wild/sm8650
2026-08-19T13:14:52.0655491Z   OP_MANIFEST: oneplus_ace3_pro_6.1.75_v.xml
2026-08-19T13:14:52.0655772Z   OP_ANDROID_VERSION: android14
2026-08-19T13:14:52.0656000Z   OP_KERNEL_VERSION: 6.1
2026-08-19T13:14:52.0656219Z   OP_OS_VERSION: A15
2026-08-19T13:14:52.0656428Z   OP_LTO: thin
2026-08-19T13:14:52.0656619Z   OP_ZYC_COMPILER: 
2026-08-19T13:14:52.0656957Z   OP_C_COMPILER: kernel_platform/prebuilts/clang/host/linux-x86/clang-r487747c/bin
2026-08-19T13:14:52.0657344Z   OP_RUST_COMPILER: 
2026-08-19T13:14:52.0657542Z   OP_BINDGEN: 
2026-08-19T13:14:52.0657741Z   OP_RUST_BUILD: false
2026-08-19T13:14:52.0657958Z   OP_DISK_CLEANUP: false
2026-08-19T13:14:52.0658172Z   OP_HMBIRD: false
2026-08-19T13:14:52.0658516Z   OP_SUSFS: true
2026-08-19T13:14:52.0658719Z   OP_OPT: true
2026-08-19T13:14:52.0659205Z   OP_DS: true
2026-08-19T13:14:52.0659401Z   OP_BBG: true
2026-08-19T13:14:52.0659591Z   OP_BBR: true
2026-08-19T13:14:52.0659776Z   OP_BBR3: true
2026-08-19T13:14:52.0659965Z   OP_TTL: true
2026-08-19T13:14:52.0660154Z   OP_IP_SET: true
2026-08-19T13:14:52.0660353Z   OP_UNICODE: true
2026-08-19T13:14:52.0660548Z   OP_NTSYNC: true
2026-08-19T13:14:52.0662417Z   OP_BLACKLIST_MODULES: kernelsu,oplus_security_guard,oplus_qr_scan,oplus_score,oplus_vip_task,oplus_dns_cache,oplus_network_linkpower_module,oplus_data_module,oplus_secure_harden,oplus_security_keventupload,oplus_secure_guard_new,oplus_secure_guard,coresight_tpda,coresight_tgu,coresight_trace_noc,coresight_cti,coresight_qmi,coresight_dummy,coresight_remote_etm,coresight_tpdm,coresight_uetm,coresight_stm,coresight_tmc_sec,f_fs_ipc_log,qcom_iommu_debug,qti_battery_debug,rdbg,stm_heartbeat,stm_p_ost,stm_core,stm_ftrace,stm_console,spmi_pmic_arb_debug
2026-08-19T13:14:52.0664325Z   OP_UNAME: OP-WILD
2026-08-19T13:14:52.0664547Z   CONFIG: OP-ACE-3-PRO-6.1.75
2026-08-19T13:14:52.0664794Z   REPO: /usr/local/bin/repo
2026-08-19T13:14:52.0665226Z   CONFIG_FOLDER: /home/runner/work/OnePlus_KernelSU_SUSFS/OnePlus_KernelSU_SUSFS/OP-ACE-3-PRO-6.1.75
2026-08-19T13:14:52.0665912Z   ARTIFACTS_FOLDER: /home/runner/work/OnePlus_KernelSU_SUSFS/OnePlus_KernelSU_SUSFS/OP-ACE-3-PRO-6.1.75/artifacts
2026-08-19T13:14:52.0666664Z   KERNEL_PLATFORM_FOLDER: /home/runner/work/OnePlus_KernelSU_SUSFS/OnePlus_KernelSU_SUSFS/OP-ACE-3-PRO-6.1.75/kernel_platform
2026-08-19T13:14:52.0667610Z   COMMON_KERNEL_FOLDER: /home/runner/work/OnePlus_KernelSU_SUSFS/OnePlus_KernelSU_SUSFS/OP-ACE-3-PRO-6.1.75/kernel_platform/common
2026-08-19T13:14:52.0668482Z   MSM_KERNEL_FOLDER: /home/runner/work/OnePlus_KernelSU_SUSFS/OnePlus_KernelSU_SUSFS/OP-ACE-3-PRO-6.1.75/kernel_platform/msm-kernel
2026-08-19T13:14:52.0669365Z   AK3_FOLDER: /home/runner/work/OnePlus_KernelSU_SUSFS/OnePlus_KernelSU_SUSFS/OP-ACE-3-PRO-6.1.75/AnyKernel3
2026-08-19T13:14:52.0670036Z   DEBUG_ARTIFACTS_FOLDER: /home/runner/work/OnePlus_KernelSU_SUSFS/OnePlus_KernelSU_SUSFS/debug_artifacts
2026-08-19T13:14:52.0670685Z   KERNEL_PATCHES_FOLDER: /home/runner/work/OnePlus_KernelSU_SUSFS/OnePlus_KernelSU_SUSFS/kernel_patches
2026-08-19T13:14:52.0671281Z   SUSFS_FOLDER: /home/runner/work/OnePlus_KernelSU_SUSFS/OnePlus_KernelSU_SUSFS/susfs4ksu
2026-08-19T13:14:52.0671941Z   KSU_FOLDER: /home/runner/work/OnePlus_KernelSU_SUSFS/OnePlus_KernelSU_SUSFS/OP-ACE-3-PRO-6.1.75/kernel_platform/KernelSU
2026-08-19T13:14:52.0672730Z   KSUN_FOLDER: /home/runner/work/OnePlus_KernelSU_SUSFS/OnePlus_KernelSU_SUSFS/OP-ACE-3-PRO-6.1.75/kernel_platform/KernelSU-Next
2026-08-19T13:14:52.0673295Z   DEBUG_ZIP_NAME: debug_OP-ACE-3-PRO-6.1.75_A15.zip
2026-08-19T13:14:52.0673590Z   ANDROID_VER: android14
2026-08-19T13:14:52.0673813Z   KERNEL_VER: 6.1
2026-08-19T13:14:52.0674015Z   TKERNEL_VER: 6.1.75
2026-08-19T13:14:52.0674244Z   KERNEL_FULL_VER: android14-6.1.75
2026-08-19T13:14:52.0674525Z   SUSFS_KERNEL_BRANCH: gki-android14-6.1
2026-08-19T13:14:52.0674789Z   BUILD_USER: OnePlus
2026-08-19T13:14:52.0675004Z   BUILD_HOST: ubuntu-build
2026-08-19T13:14:52.0675640Z   CLANG_BIN_PATH: /home/runner/work/OnePlus_KernelSU_SUSFS/OnePlus_KernelSU_SUSFS/OP-ACE-3-PRO-6.1.75/kernel_platform/prebuilts/clang/host/linux-x86/clang-r487747c/bin
2026-08-19T13:14:52.0676798Z   CLANG_VERSION: Android (10087095, +pgo, +bolt, +lto, -mlgo, based on r487747c) clang version 17.0.2 (https://android.googlesource.com/toolchain/llvm-project d9f89f4d16663d5012e5c09495f3b30ece3d2362)
2026-08-19T13:14:52.0677539Z   CLANG_VERSION_SHORT: 4e90edd6
2026-08-19T13:14:52.0678203Z   LIBCLANG_PATH: /home/runner/work/OnePlus_KernelSU_SUSFS/OnePlus_KernelSU_SUSFS/OP-ACE-3-PRO-6.1.75/kernel_platform/prebuilts/clang/host/linux-x86/clang-r487747c/bin/../lib
2026-08-19T13:14:52.0679033Z   SUSFS_COMMIT_SHA: e287d59066380bf6de4396532d4a42edf4408701
2026-08-19T13:14:52.0679349Z   NEED_HOOKS: false
2026-08-19T13:14:52.0679748Z   KSU_COMMIT_SHA: 234f6e040fcbca18b16d2398e1aa225712ec99ad
2026-08-19T13:14:52.0680055Z   KSUVER: 33239
2026-08-19T13:14:52.0680259Z   SUSVER: v2.2.0
2026-08-19T13:14:52.0680488Z   CUSTOM_LOCALVERSION: -android14-OP-WILD
2026-08-19T13:14:52.0680836Z   CONFIG_FAKE_DISABLE: CONFIG_TCP_CONG_ADVANCED CONFIG_IP6_NF_NAT
2026-08-19T13:14:52.0681220Z   EFFECTIVE_BUILD_TIMESTAMP: Wed Aug 19 12:55:02 UTC 2026
2026-08-19T13:14:52.0681533Z   BUILD_START: 1787144109
2026-08-19T13:14:52.0681750Z   BUILD_END: 1787145285
2026-08-19T13:14:52.0681966Z   BUILD_TIME: 1176
2026-08-19T13:14:52.0683039Z   KERNEL_UNAME: Linux version 6.1.75-android14-OP-WILD (OnePlus@ubuntu-build) (Android (10087095, +pgo, +bolt, +lto, -mlgo, based on r487747c) clang version 17.0.2 (https://android.googlesource.com/toolchain/llvm-project d9f89f4d16663d5012e5c09495f3b30ece3d2362), LLD 17.0.2) #1 SMP PREEMPT Wed Aug 19 12:55:02 UTC 2026
2026-08-19T13:14:52.0684284Z   ZIP_NAME: AK3_OP-ACE-3-PRO_A15_android14-6.1.75_KSUN_33239_SuSFS_v2.2.0.zip
2026-08-19T13:14:52.0684668Z ##[endgroup]
2026-08-19T13:14:52.3003386Z With the provided path, there will be 1 file uploaded
2026-08-19T13:14:52.3009484Z Artifact name is valid!
2026-08-19T13:14:52.3010096Z Root directory input is valid!
2026-08-19T13:14:52.6029724Z Uploading artifact: AK3_OP-ACE-3-PRO_A15_android14-6.1.75_KSUN_33239_SuSFS_v2.2.0.zip
2026-08-19T13:14:52.6073788Z Beginning upload of artifact content to blob storage
2026-08-19T13:14:53.0591403Z Uploaded bytes 8388608
2026-08-19T13:14:53.1040626Z Uploaded bytes 16777216
2026-08-19T13:14:53.1697688Z Uploaded bytes 18503313
2026-08-19T13:14:53.2037722Z Finished uploading artifact content to blob storage!
2026-08-19T13:14:53.2038749Z SHA256 digest of uploaded artifact is f0f99dca51e41e7ca7204500d545866d464717b8f892521db3fa17948bab28f6
2026-08-19T13:14:53.2039838Z Finalizing artifact upload
2026-08-19T13:14:53.5165758Z Artifact AK3_OP-ACE-3-PRO_A15_android14-6.1.75_KSUN_33239_SuSFS_v2.2.0.zip successfully finalized. Artifact ID 9366667976
2026-08-19T13:14:53.5166834Z Artifact AK3_OP-ACE-3-PRO_A15_android14-6.1.75_KSUN_33239_SuSFS_v2.2.0.zip has been successfully uploaded! Final size is 18503313 bytes. Artifact ID is 9366667976
2026-08-19T13:14:53.5170261Z Artifact download URL: https://github.com/net00188/OnePlus_KernelSU_SUSFS/actions/runs/32255087305/artifacts/9366667976
2026-08-19T13:14:53.5274579Z ##[end-action id=build.__actions_upload-artifact_2;outcome=success;conclusion=success;duration_ms=1466]
2026-08-19T13:14:53.5276991Z ##[start-action display=Upload ccache log;id=build.__actions_upload-artifact_3]
2026-08-19T13:14:53.5281572Z ##[end-action id=build.__actions_upload-artifact_3;outcome=skipped;conclusion=skipped;duration_ms=0]
2026-08-19T13:14:53.5283473Z ##[start-action display=📥 Checkout Code;id=build.__actions_checkout_2]
2026-08-19T13:14:53.5285616Z ##[end-action id=build.__actions_checkout_2;outcome=skipped;conclusion=skipped;duration_ms=0]
2026-08-19T13:14:53.5287345Z ##[start-action display=Save ccache cache;id=build.__self]
2026-08-19T13:14:53.5289987Z ##[end-action id=build.__self;outcome=skipped;conclusion=skipped;duration_ms=0]
2026-08-19T13:14:53.5341055Z ##[group]Run set -euo pipefail
2026-08-19T13:14:53.5341375Z [36;1mset -euo pipefail[0m
2026-08-19T13:14:53.5341646Z [36;1mls -la "$ARTIFACTS_FOLDER"[0m
2026-08-19T13:14:53.5341982Z [36;1mTAG="custom-ace3pro-noWL-$(date -u +%Y%m%d-%H%M)"[0m
2026-08-19T13:14:53.5342391Z [36;1mgh release create "$TAG" "$ARTIFACTS_FOLDER/$ZIP_NAME" \[0m
2026-08-19T13:14:53.5342867Z [36;1m  --title "OP-ACE-3-PRO 6.1.75 KSUN 33239 (no wakelock timeout)" \[0m
2026-08-19T13:14:53.5343523Z [36;1m  --notes "WildKernels OnePlus_KernelSU_SUSFS build for SM8650 / Android 15 (OnePlus), config OP-ACE-3-PRO-6.1.75.[0m
2026-08-19T13:14:53.5344034Z [36;1m[0m
2026-08-19T13:14:53.5344243Z [36;1mChanges vs upstream:[0m
2026-08-19T13:14:53.5344839Z [36;1m- add_timeout_wakelocks_globally.patch reverted -> /sys/power/wake_lock wakelocks persist again (screen-off VPN/adbd reachability fix)[0m
2026-08-19T13:14:53.5345638Z [36;1m- toolchains fetched from upstream WildKernels release cache (fork has no mirror)[0m
2026-08-19T13:14:53.5346234Z [36;1m- KernelSU-Next v33239 + SUSFS v2.2.0 @ e287d59 (upstream v2.2.0-r4 combo)."[0m
2026-08-19T13:14:53.5389623Z shell: /usr/bin/bash -e {0}
2026-08-19T13:14:53.5389887Z env:
2026-08-19T13:14:53.5390246Z   CCACHE_DIR: /home/runner/work/OnePlus_KernelSU_SUSFS/OnePlus_KernelSU_SUSFS/.ccache
2026-08-19T13:14:53.5390687Z   CCACHE_MAXSIZE: 12G
2026-08-19T13:14:53.5390926Z   CCACHE_COMPILERCHECK: content
2026-08-19T13:14:53.5391339Z   CCACHE_BASEDIR: /home/runner/work/OnePlus_KernelSU_SUSFS/OnePlus_KernelSU_SUSFS
2026-08-19T13:14:53.5391748Z   CCACHE_NOHASHDIR: true
2026-08-19T13:14:53.5391993Z   CCACHE_IGNOREOPTIONS: --sysroot*
2026-08-19T13:14:53.5392263Z   CCACHE_COMPRESSION: true
2026-08-19T13:14:53.5392513Z   CCACHE_COMPRESSION_LEVEL: 3
2026-08-19T13:14:53.5392761Z   CCACHE_DIRECT: true
2026-08-19T13:14:53.5392980Z   CCACHE_FILE_CLONE: true
2026-08-19T13:14:53.5393214Z   CCACHE_INODE_CACHE: true
2026-08-19T13:14:53.5393448Z   CCACHE_IS_KERNEL_COMPILING: true
2026-08-19T13:14:53.5393704Z   CCACHE_UMASK: 002
2026-08-19T13:14:53.5394176Z   CCACHE_SLOPPINESS: file_macro,time_macros,include_file_mtime,include_file_ctime,pch_defines,system_headers,locale
2026-08-19T13:14:53.5394688Z   ACTION_REPO: 
2026-08-19T13:14:53.5394888Z   ACTION_REF: 
2026-08-19T13:14:53.5395106Z   OP_MODEL: OP-ACE-3-PRO-6.1.75
2026-08-19T13:14:53.5395355Z   OP_SOC: pineapple
2026-08-19T13:14:53.5395564Z   OP_BRANCH: wild/sm8650
2026-08-19T13:14:53.5395812Z   OP_MANIFEST: oneplus_ace3_pro_6.1.75_v.xml
2026-08-19T13:14:53.5396279Z   OP_ANDROID_VERSION: android14
2026-08-19T13:14:53.5396514Z   OP_KERNEL_VERSION: 6.1
2026-08-19T13:14:53.5396730Z   OP_OS_VERSION: A15
2026-08-19T13:14:53.5396940Z   OP_LTO: thin
2026-08-19T13:14:53.5397142Z   OP_ZYC_COMPILER: 
2026-08-19T13:14:53.5397495Z   OP_C_COMPILER: kernel_platform/prebuilts/clang/host/linux-x86/clang-r487747c/bin
2026-08-19T13:14:53.5397903Z   OP_RUST_COMPILER: 
2026-08-19T13:14:53.5398121Z   OP_BINDGEN: 
2026-08-19T13:14:53.5398330Z   OP_RUST_BUILD: false
2026-08-19T13:14:53.5398554Z   OP_DISK_CLEANUP: false
2026-08-19T13:14:53.5398976Z   OP_HMBIRD: false
2026-08-19T13:14:53.5399268Z   OP_SUSFS: true
2026-08-19T13:14:53.5399477Z   OP_OPT: true
2026-08-19T13:14:53.5399673Z   OP_DS: true
2026-08-19T13:14:53.5399864Z   OP_BBG: true
2026-08-19T13:14:53.5400056Z   OP_BBR: true
2026-08-19T13:14:53.5400245Z   OP_BBR3: true
2026-08-19T13:14:53.5400438Z   OP_TTL: true
2026-08-19T13:14:53.5400635Z   OP_IP_SET: true
2026-08-19T13:14:53.5400849Z   OP_UNICODE: true
2026-08-19T13:14:53.5401051Z   OP_NTSYNC: true
2026-08-19T13:14:53.5403134Z   OP_BLACKLIST_MODULES: kernelsu,oplus_security_guard,oplus_qr_scan,oplus_score,oplus_vip_task,oplus_dns_cache,oplus_network_linkpower_module,oplus_data_module,oplus_secure_harden,oplus_security_keventupload,oplus_secure_guard_new,oplus_secure_guard,coresight_tpda,coresight_tgu,coresight_trace_noc,coresight_cti,coresight_qmi,coresight_dummy,coresight_remote_etm,coresight_tpdm,coresight_uetm,coresight_stm,coresight_tmc_sec,f_fs_ipc_log,qcom_iommu_debug,qti_battery_debug,rdbg,stm_heartbeat,stm_p_ost,stm_core,stm_ftrace,stm_console,spmi_pmic_arb_debug
2026-08-19T13:14:53.5405097Z   OP_UNAME: OP-WILD
2026-08-19T13:14:53.5405325Z   CONFIG: OP-ACE-3-PRO-6.1.75
2026-08-19T13:14:53.5405579Z   REPO: /usr/local/bin/repo
2026-08-19T13:14:53.5406022Z   CONFIG_FOLDER: /home/runner/work/OnePlus_KernelSU_SUSFS/OnePlus_KernelSU_SUSFS/OP-ACE-3-PRO-6.1.75
2026-08-19T13:14:53.5406726Z   ARTIFACTS_FOLDER: /home/runner/work/OnePlus_KernelSU_SUSFS/OnePlus_KernelSU_SUSFS/OP-ACE-3-PRO-6.1.75/artifacts
2026-08-19T13:14:53.5407501Z   KERNEL_PLATFORM_FOLDER: /home/runner/work/OnePlus_KernelSU_SUSFS/OnePlus_KernelSU_SUSFS/OP-ACE-3-PRO-6.1.75/kernel_platform
2026-08-19T13:14:53.5408324Z   COMMON_KERNEL_FOLDER: /home/runner/work/OnePlus_KernelSU_SUSFS/OnePlus_KernelSU_SUSFS/OP-ACE-3-PRO-6.1.75/kernel_platform/common
2026-08-19T13:14:53.5409309Z   MSM_KERNEL_FOLDER: /home/runner/work/OnePlus_KernelSU_SUSFS/OnePlus_KernelSU_SUSFS/OP-ACE-3-PRO-6.1.75/kernel_platform/msm-kernel
2026-08-19T13:14:53.5410106Z   AK3_FOLDER: /home/runner/work/OnePlus_KernelSU_SUSFS/OnePlus_KernelSU_SUSFS/OP-ACE-3-PRO-6.1.75/AnyKernel3
2026-08-19T13:14:53.5410793Z   DEBUG_ARTIFACTS_FOLDER: /home/runner/work/OnePlus_KernelSU_SUSFS/OnePlus_KernelSU_SUSFS/debug_artifacts
2026-08-19T13:14:53.5411462Z   KERNEL_PATCHES_FOLDER: /home/runner/work/OnePlus_KernelSU_SUSFS/OnePlus_KernelSU_SUSFS/kernel_patches
2026-08-19T13:14:53.5412067Z   SUSFS_FOLDER: /home/runner/work/OnePlus_KernelSU_SUSFS/OnePlus_KernelSU_SUSFS/susfs4ksu
2026-08-19T13:14:53.5412750Z   KSU_FOLDER: /home/runner/work/OnePlus_KernelSU_SUSFS/OnePlus_KernelSU_SUSFS/OP-ACE-3-PRO-6.1.75/kernel_platform/KernelSU
2026-08-19T13:14:53.5413547Z   KSUN_FOLDER: /home/runner/work/OnePlus_KernelSU_SUSFS/OnePlus_KernelSU_SUSFS/OP-ACE-3-PRO-6.1.75/kernel_platform/KernelSU-Next
2026-08-19T13:14:53.5414127Z   DEBUG_ZIP_NAME: debug_OP-ACE-3-PRO-6.1.75_A15.zip
2026-08-19T13:14:53.5414434Z   ANDROID_VER: android14
2026-08-19T13:14:53.5414658Z   KERNEL_VER: 6.1
2026-08-19T13:14:53.5414869Z   TKERNEL_VER: 6.1.75
2026-08-19T13:14:53.5415099Z   KERNEL_FULL_VER: android14-6.1.75
2026-08-19T13:14:53.5415378Z   SUSFS_KERNEL_BRANCH: gki-android14-6.1
2026-08-19T13:14:53.5415644Z   BUILD_USER: OnePlus
2026-08-19T13:14:53.5415865Z   BUILD_HOST: ubuntu-build
2026-08-19T13:14:53.5416511Z   CLANG_BIN_PATH: /home/runner/work/OnePlus_KernelSU_SUSFS/OnePlus_KernelSU_SUSFS/OP-ACE-3-PRO-6.1.75/kernel_platform/prebuilts/clang/host/linux-x86/clang-r487747c/bin
2026-08-19T13:14:53.5417860Z   CLANG_VERSION: Android (10087095, +pgo, +bolt, +lto, -mlgo, based on r487747c) clang version 17.0.2 (https://android.googlesource.com/toolchain/llvm-project d9f89f4d16663d5012e5c09495f3b30ece3d2362)
2026-08-19T13:14:53.5418614Z   CLANG_VERSION_SHORT: 4e90edd6
2026-08-19T13:14:53.5419395Z   LIBCLANG_PATH: /home/runner/work/OnePlus_KernelSU_SUSFS/OnePlus_KernelSU_SUSFS/OP-ACE-3-PRO-6.1.75/kernel_platform/prebuilts/clang/host/linux-x86/clang-r487747c/bin/../lib
2026-08-19T13:14:53.5420175Z   SUSFS_COMMIT_SHA: e287d59066380bf6de4396532d4a42edf4408701
2026-08-19T13:14:53.5420491Z   NEED_HOOKS: false
2026-08-19T13:14:53.5420753Z   KSU_COMMIT_SHA: 234f6e040fcbca18b16d2398e1aa225712ec99ad
2026-08-19T13:14:53.5421059Z   KSUVER: 33239
2026-08-19T13:14:53.5421260Z   SUSVER: v2.2.0
2026-08-19T13:14:53.5421487Z   CUSTOM_LOCALVERSION: -android14-OP-WILD
2026-08-19T13:14:53.5421855Z   CONFIG_FAKE_DISABLE: CONFIG_TCP_CONG_ADVANCED CONFIG_IP6_NF_NAT
2026-08-19T13:14:53.5422254Z   EFFECTIVE_BUILD_TIMESTAMP: Wed Aug 19 12:55:02 UTC 2026
2026-08-19T13:14:53.5422563Z   BUILD_START: 1787144109
2026-08-19T13:14:53.5422787Z   BUILD_END: 1787145285
2026-08-19T13:14:53.5423003Z   BUILD_TIME: 1176
2026-08-19T13:14:53.5424224Z   KERNEL_UNAME: Linux version 6.1.75-android14-OP-WILD (OnePlus@ubuntu-build) (Android (10087095, +pgo, +bolt, +lto, -mlgo, based on r487747c) clang version 17.0.2 (https://android.googlesource.com/toolchain/llvm-project d9f89f4d16663d5012e5c09495f3b30ece3d2362), LLD 17.0.2) #1 SMP PREEMPT Wed Aug 19 12:55:02 UTC 2026
2026-08-19T13:14:53.5425509Z   ZIP_NAME: AK3_OP-ACE-3-PRO_A15_android14-6.1.75_KSUN_33239_SuSFS_v2.2.0.zip
2026-08-19T13:14:53.5428367Z   GH_TOKEN: ***
2026-08-19T13:14:53.5428601Z ##[endgroup]
2026-08-19T13:14:53.5508195Z total 18080
2026-08-19T13:14:53.5508572Z drwxr-xr-x 2 runner runner     4096 Aug 19 13:14 .
2026-08-19T13:14:53.5509147Z drwxr-xr-x 6 runner runner     4096 Aug 19 12:54 ..
2026-08-19T13:14:53.5509812Z -rw-r--r-- 1 runner runner 18503313 Aug 19 13:14 AK3_OP-ACE-3-PRO_A15_android14-6.1.75_KSUN_33239_SuSFS_v2.2.0.zip
2026-08-19T13:14:56.6009085Z https://github.com/net00188/OnePlus_KernelSU_SUSFS/releases/tag/custom-ace3pro-noWL-20260819-1314
2026-08-19T13:14:56.6921396Z Post job cleanup.
2026-08-19T13:14:56.6925897Z ##[start-action display=📥 Checkout Code;id=__876e8c65-72fd-40e4-a97f-c22c746fb444.__actions_checkout]
2026-08-19T13:14:56.6975085Z Post job cleanup.
2026-08-19T13:14:56.7911960Z [command]/usr/bin/git version
2026-08-19T13:14:56.7989989Z git version 2.55.0
2026-08-19T13:14:56.8023286Z Copying '/home/runner/.gitconfig' to '/home/runner/work/_temp/c171ad25-023a-4ea4-9c0b-7a42495f62a6/.gitconfig'
2026-08-19T13:14:56.8034633Z Temporarily overriding HOME='/home/runner/work/_temp/c171ad25-023a-4ea4-9c0b-7a42495f62a6' before making global git config changes
2026-08-19T13:14:56.8036221Z Adding repository directory to the temporary git global config as a safe directory
2026-08-19T13:14:56.8041634Z [command]/usr/bin/git config --global --add safe.directory /home/runner/work/OnePlus_KernelSU_SUSFS/OnePlus_KernelSU_SUSFS/action-source
2026-08-19T13:14:56.8084342Z Removing SSH command configuration
2026-08-19T13:14:56.8094762Z [command]/usr/bin/git config --local --name-only --get-regexp core\.sshCommand
2026-08-19T13:14:56.8210365Z [command]/usr/bin/git submodule foreach --recursive sh -c "git config --local --name-only --get-regexp 'core\.sshCommand' && git config --local --unset-all 'core.sshCommand' || :"
2026-08-19T13:14:56.8739556Z Removing HTTP extra header
2026-08-19T13:14:56.8740506Z [command]/usr/bin/git config --local --name-only --get-regexp http\.https\:\/\/github\.com\/\.extraheader
2026-08-19T13:14:56.8765782Z [command]/usr/bin/git submodule foreach --recursive sh -c "git config --local --name-only --get-regexp 'http\.https\:\/\/github\.com\/\.extraheader' && git config --local --unset-all 'http.https://github.com/.extraheader' || :"
2026-08-19T13:14:56.9116705Z Removing includeIf entries pointing to credentials config files
2026-08-19T13:14:56.9117786Z [command]/usr/bin/git config --local --name-only --get-regexp ^includeIf\.gitdir:
2026-08-19T13:14:56.9151925Z includeif.gitdir:/home/runner/work/OnePlus_KernelSU_SUSFS/OnePlus_KernelSU_SUSFS/action-source/.git.path
2026-08-19T13:14:56.9153444Z includeif.gitdir:/home/runner/work/OnePlus_KernelSU_SUSFS/OnePlus_KernelSU_SUSFS/action-source/.git/worktrees/*.path
2026-08-19T13:14:56.9154663Z includeif.gitdir:/github/workspace/action-source/.git.path
2026-08-19T13:14:56.9155711Z includeif.gitdir:/github/workspace/action-source/.git/worktrees/*.path
2026-08-19T13:14:56.9177395Z [command]/usr/bin/git config --local --get-all includeif.gitdir:/home/runner/work/OnePlus_KernelSU_SUSFS/OnePlus_KernelSU_SUSFS/action-source/.git.path
2026-08-19T13:14:56.9196868Z /home/runner/work/_temp/git-credentials-b2fc0d62-0b94-4acf-859a-b7bef67c6d8a.config
2026-08-19T13:14:56.9210336Z [command]/usr/bin/git config --local --unset includeif.gitdir:/home/runner/work/OnePlus_KernelSU_SUSFS/OnePlus_KernelSU_SUSFS/action-source/.git.path /home/runner/work/_temp/git-credentials-b2fc0d62-0b94-4acf-859a-b7bef67c6d8a.config
2026-08-19T13:14:56.9256556Z [command]/usr/bin/git config --local --get-all includeif.gitdir:/home/runner/work/OnePlus_KernelSU_SUSFS/OnePlus_KernelSU_SUSFS/action-source/.git/worktrees/*.path
2026-08-19T13:14:56.9286541Z /home/runner/work/_temp/git-credentials-b2fc0d62-0b94-4acf-859a-b7bef67c6d8a.config
2026-08-19T13:14:56.9300394Z [command]/usr/bin/git config --local --unset includeif.gitdir:/home/runner/work/OnePlus_KernelSU_SUSFS/OnePlus_KernelSU_SUSFS/action-source/.git/worktrees/*.path /home/runner/work/_temp/git-credentials-b2fc0d62-0b94-4acf-859a-b7bef67c6d8a.config
2026-08-19T13:14:56.9341993Z [command]/usr/bin/git config --local --get-all includeif.gitdir:/github/workspace/action-source/.git.path
2026-08-19T13:14:56.9370639Z /github/runner_temp/git-credentials-b2fc0d62-0b94-4acf-859a-b7bef67c6d8a.config
2026-08-19T13:14:56.9386805Z [command]/usr/bin/git config --local --unset includeif.gitdir:/github/workspace/action-source/.git.path /github/runner_temp/git-credentials-b2fc0d62-0b94-4acf-859a-b7bef67c6d8a.config
2026-08-19T13:14:56.9425272Z [command]/usr/bin/git config --local --get-all includeif.gitdir:/github/workspace/action-source/.git/worktrees/*.path
2026-08-19T13:14:56.9451619Z /github/runner_temp/git-credentials-b2fc0d62-0b94-4acf-859a-b7bef67c6d8a.config
2026-08-19T13:14:56.9460472Z [command]/usr/bin/git config --local --unset includeif.gitdir:/github/workspace/action-source/.git/worktrees/*.path /github/runner_temp/git-credentials-b2fc0d62-0b94-4acf-859a-b7bef67c6d8a.config
2026-08-19T13:14:56.9500282Z [command]/usr/bin/git submodule foreach --recursive git config --local --show-origin --name-only --get-regexp remote.origin.url
2026-08-19T13:14:56.9746290Z Removing credentials config '/home/runner/work/_temp/git-credentials-b2fc0d62-0b94-4acf-859a-b7bef67c6d8a.config'
2026-08-19T13:14:56.9855993Z ##[end-action id=__876e8c65-72fd-40e4-a97f-c22c746fb444.__actions_checkout;outcome=success;conclusion=success;duration_ms=292]
2026-08-19T13:14:56.9942004Z Post job cleanup.
2026-08-19T13:14:57.0807824Z [command]/usr/bin/git version
2026-08-19T13:14:57.0851948Z git version 2.55.0
2026-08-19T13:14:57.0936339Z Copying '/home/runner/.gitconfig' to '/home/runner/work/_temp/94c9cfc3-4916-4d7f-a1c3-02e8a98936ba/.gitconfig'
2026-08-19T13:14:57.0948069Z Temporarily overriding HOME='/home/runner/work/_temp/94c9cfc3-4916-4d7f-a1c3-02e8a98936ba' before making global git config changes
2026-08-19T13:14:57.0949837Z Adding repository directory to the temporary git global config as a safe directory
2026-08-19T13:14:57.0955853Z [command]/usr/bin/git config --global --add safe.directory /home/runner/work/OnePlus_KernelSU_SUSFS/OnePlus_KernelSU_SUSFS
2026-08-19T13:14:57.0995672Z Removing SSH command configuration
2026-08-19T13:14:57.1009673Z [command]/usr/bin/git config --local --name-only --get-regexp core\.sshCommand
2026-08-19T13:14:57.1066443Z [command]/usr/bin/git submodule foreach --recursive sh -c "git config --local --name-only --get-regexp 'core\.sshCommand' && git config --local --unset-all 'core.sshCommand' || :"
2026-08-19T13:14:57.1377232Z Removing HTTP extra header
2026-08-19T13:14:57.1385926Z [command]/usr/bin/git config --local --name-only --get-regexp http\.https\:\/\/github\.com\/\.extraheader
2026-08-19T13:14:57.1432289Z [command]/usr/bin/git submodule foreach --recursive sh -c "git config --local --name-only --get-regexp 'http\.https\:\/\/github\.com\/\.extraheader' && git config --local --unset-all 'http.https://github.com/.extraheader' || :"
2026-08-19T13:14:57.1712400Z Removing includeIf entries pointing to credentials config files
2026-08-19T13:14:57.1722506Z [command]/usr/bin/git config --local --name-only --get-regexp ^includeIf\.gitdir:
2026-08-19T13:14:57.1757031Z includeif.gitdir:/home/runner/work/OnePlus_KernelSU_SUSFS/OnePlus_KernelSU_SUSFS/.git.path
2026-08-19T13:14:57.1758557Z includeif.gitdir:/home/runner/work/OnePlus_KernelSU_SUSFS/OnePlus_KernelSU_SUSFS/.git/worktrees/*.path
2026-08-19T13:14:57.1760234Z includeif.gitdir:/github/workspace/.git.path
2026-08-19T13:14:57.1761292Z includeif.gitdir:/github/workspace/.git/worktrees/*.path
2026-08-19T13:14:57.1771385Z [command]/usr/bin/git config --local --get-all includeif.gitdir:/home/runner/work/OnePlus_KernelSU_SUSFS/OnePlus_KernelSU_SUSFS/.git.path
2026-08-19T13:14:57.1803343Z /home/runner/work/_temp/git-credentials-7296ef62-485d-435c-bd47-6f825e1de361.config
2026-08-19T13:14:57.1817501Z [command]/usr/bin/git config --local --unset includeif.gitdir:/home/runner/work/OnePlus_KernelSU_SUSFS/OnePlus_KernelSU_SUSFS/.git.path /home/runner/work/_temp/git-credentials-7296ef62-485d-435c-bd47-6f825e1de361.config
2026-08-19T13:14:57.1867078Z [command]/usr/bin/git config --local --get-all includeif.gitdir:/home/runner/work/OnePlus_KernelSU_SUSFS/OnePlus_KernelSU_SUSFS/.git/worktrees/*.path
2026-08-19T13:14:57.1900674Z /home/runner/work/_temp/git-credentials-7296ef62-485d-435c-bd47-6f825e1de361.config
2026-08-19T13:14:57.1914183Z [command]/usr/bin/git config --local --unset includeif.gitdir:/home/runner/work/OnePlus_KernelSU_SUSFS/OnePlus_KernelSU_SUSFS/.git/worktrees/*.path /home/runner/work/_temp/git-credentials-7296ef62-485d-435c-bd47-6f825e1de361.config
2026-08-19T13:14:57.1955693Z [command]/usr/bin/git config --local --get-all includeif.gitdir:/github/workspace/.git.path
2026-08-19T13:14:57.1984737Z /github/runner_temp/git-credentials-7296ef62-485d-435c-bd47-6f825e1de361.config
2026-08-19T13:14:57.1995303Z [command]/usr/bin/git config --local --unset includeif.gitdir:/github/workspace/.git.path /github/runner_temp/git-credentials-7296ef62-485d-435c-bd47-6f825e1de361.config
2026-08-19T13:14:57.2042728Z [command]/usr/bin/git config --local --get-all includeif.gitdir:/github/workspace/.git/worktrees/*.path
2026-08-19T13:14:57.2071017Z /github/runner_temp/git-credentials-7296ef62-485d-435c-bd47-6f825e1de361.config
2026-08-19T13:14:57.2082365Z [command]/usr/bin/git config --local --unset includeif.gitdir:/github/workspace/.git/worktrees/*.path /github/runner_temp/git-credentials-7296ef62-485d-435c-bd47-6f825e1de361.config
2026-08-19T13:14:57.2122625Z [command]/usr/bin/git submodule foreach --recursive git config --local --show-origin --name-only --get-regexp remote.origin.url
2026-08-19T13:14:57.2370057Z Removing credentials config '/home/runner/work/_temp/git-credentials-7296ef62-485d-435c-bd47-6f825e1de361.config'
2026-08-19T13:14:57.2534983Z Cleaning up orphan processes
2026-08-19T13:14:57.2931332Z Terminate orphan process: pid (3275) (git)
2026-08-19T13:14:57.2972045Z Terminate orphan process: pid (3337) (git)
2026-08-19T13:14:57.3147289Z Terminate orphan process: pid (110452) (git)
